WHORegionCode,WHORegion,CountryCode,Country,Year,Sex,Life expectancy at age 60,Life expectancy at birth
AFR,Africa,AGO,Angola,2000,Female,15.31,51.86
AFR,Africa,AGO,Angola,2000,Male,12.67,46.97
AFR,Africa,AGO,Angola,2001,Female,15.52,52.53
AFR,Africa,AGO,Angola,2001,Male,12.83,47.68
AFR,Africa,AGO,Angola,2002,Female,15.57,53.07
AFR,Africa,AGO,Angola,2002,Male,13.18,49.07
AFR,Africa,AGO,Angola,2003,Female,15.57,53.57
AFR,Africa,AGO,Angola,2003,Male,13.35,49.91
AFR,Africa,AGO,Angola,2004,Female,15.62,54.21
AFR,Africa,AGO,Angola,2004,Male,13.36,50.5
AFR,Africa,AGO,Angola,2005,Female,15.83,55.17
AFR,Africa,AGO,Angola,2005,Male,13.6,51.52
AFR,Africa,AGO,Angola,2006,Female,16.06,56.22
AFR,Africa,AGO,Angola,2006,Male,13.67,52.34
AFR,Africa,AGO,Angola,2007,Female,16.36,57.42
AFR,Africa,AGO,Angola,2007,Male,13.85,53.3
AFR,Africa,AGO,Angola,2008,Female,16.47,58.24
AFR,Africa,AGO,Angola,2008,Male,14.01,54.2
AFR,Africa,AGO,Angola,2009,Female,16.66,59.15
AFR,Africa,AGO,Angola,2009,Male,14.09,55.0
AFR,Africa,AGO,Angola,2010,Female,16.85,60.07
AFR,Africa,AGO,Angola,2010,Male,14.24,55.86
AFR,Africa,AGO,Angola,2011,Female,17.04,60.91
AFR,Africa,AGO,Angola,2011,Male,14.33,56.61
AFR,Africa,AGO,Angola,2012,Female,17.24,61.73
AFR,Africa,AGO,Angola,2012,Male,14.39,57.21
AFR,Africa,AGO,Angola,2013,Female,17.44,62.61
AFR,Africa,AGO,Angola,2013,Male,14.51,57.86
AFR,Africa,AGO,Angola,2014,Female,17.77,63.67
AFR,Africa,AGO,Angola,2014,Male,14.72,58.64
AFR,Africa,AGO,Angola,2015,Female,17.86,64.12
AFR,Africa,AGO,Angola,2015,Male,14.83,59.1
AFR,Africa,AGO,Angola,2016,Female,17.83,64.23
AFR,Africa,AGO,Angola,2016,Male,14.91,59.49
AFR,Africa,AGO,Angola,2017,Female,17.77,64.28
AFR,Africa,AGO,Angola,2017,Male,14.95,59.8
AFR,Africa,AGO,Angola,2018,Female,17.73,64.45
AFR,Africa,AGO,Angola,2018,Male,14.94,60.09
AFR,Africa,AGO,Angola,2019,Female,17.69,64.65
AFR,Africa,AGO,Angola,2019,Male,14.9,60.33
AFR,Africa,AGO,Angola,2020,Female,17.59,64.93
AFR,Africa,AGO,Angola,2020,Male,14.32,60.41
AFR,Africa,AGO,Angola,2021,Female,17.14,64.26
AFR,Africa,AGO,Angola,2021,Male,14.44,60.01
AFR,Africa,BDI,Burundi,2000,Female,13.45,47.01
AFR,Africa,BDI,Burundi,2000,Male,11.83,41.83
AFR,Africa,BDI,Burundi,2001,Female,13.78,48.1
AFR,Africa,BDI,Burundi,2001,Male,12.2,43.11
AFR,Africa,BDI,Burundi,2002,Female,14.11,49.29
AFR,Africa,BDI,Burundi,2002,Male,12.52,44.33
AFR,Africa,BDI,Burundi,2003,Female,14.44,50.53
AFR,Africa,BDI,Burundi,2003,Male,12.83,45.41
AFR,Africa,BDI,Burundi,2004,Female,14.73,51.97
AFR,Africa,BDI,Burundi,2004,Male,13.13,46.95
AFR,Africa,BDI,Burundi,2005,Female,15.1,53.55
AFR,Africa,BDI,Burundi,2005,Male,13.47,48.33
AFR,Africa,BDI,Burundi,2006,Female,15.59,55.87
AFR,Africa,BDI,Burundi,2006,Male,13.99,53.94
AFR,Africa,BDI,Burundi,2007,Female,16.03,57.45
AFR,Africa,BDI,Burundi,2007,Male,14.39,55.35
AFR,Africa,BDI,Burundi,2008,Female,16.39,58.93
AFR,Africa,BDI,Burundi,2008,Male,14.7,56.55
AFR,Africa,BDI,Burundi,2009,Female,16.5,59.96
AFR,Africa,BDI,Burundi,2009,Male,14.82,57.38
AFR,Africa,BDI,Burundi,2010,Female,16.61,60.87
AFR,Africa,BDI,Burundi,2010,Male,14.96,58.25
AFR,Africa,BDI,Burundi,2011,Female,16.75,61.79
AFR,Africa,BDI,Burundi,2011,Male,15.05,58.94
AFR,Africa,BDI,Burundi,2012,Female,16.9,62.69
AFR,Africa,BDI,Burundi,2012,Male,15.16,59.59
AFR,Africa,BDI,Burundi,2013,Female,17.02,63.47
AFR,Africa,BDI,Burundi,2013,Male,15.22,60.06
AFR,Africa,BDI,Burundi,2014,Female,17.13,64.07
AFR,Africa,BDI,Burundi,2014,Male,15.26,60.53
AFR,Africa,BDI,Burundi,2015,Female,17.29,64.59
AFR,Africa,BDI,Burundi,2015,Male,15.36,60.78
AFR,Africa,BDI,Burundi,2016,Female,17.39,65.14
AFR,Africa,BDI,Burundi,2016,Male,15.42,61.3
AFR,Africa,BDI,Burundi,2017,Female,17.43,65.59
AFR,Africa,BDI,Burundi,2017,Male,15.47,61.73
AFR,Africa,BDI,Burundi,2018,Female,17.43,65.97
AFR,Africa,BDI,Burundi,2018,Male,15.48,62.05
AFR,Africa,BDI,Burundi,2019,Female,17.42,66.23
AFR,Africa,BDI,Burundi,2019,Male,15.46,62.37
AFR,Africa,BDI,Burundi,2020,Female,17.39,66.67
AFR,Africa,BDI,Burundi,2020,Male,15.01,62.5
AFR,Africa,BDI,Burundi,2021,Female,16.94,65.95
AFR,Africa,BDI,Burundi,2021,Male,15.02,62.05
AFR,Africa,BEN,Benin,2000,Female,17.39,59.38
AFR,Africa,BEN,Benin,2000,Male,14.87,55.4
AFR,Africa,BEN,Benin,2001,Female,17.49,59.72
AFR,Africa,BEN,Benin,2001,Male,14.95,55.72
AFR,Africa,BEN,Benin,2002,Female,17.6,60.06
AFR,Africa,BEN,Benin,2002,Male,15.08,56.08
AFR,Africa,BEN,Benin,2003,Female,17.71,60.42
AFR,Africa,BEN,Benin,2003,Male,15.2,56.44
AFR,Africa,BEN,Benin,2004,Female,17.78,60.79
AFR,Africa,BEN,Benin,2004,Male,15.32,56.9
AFR,Africa,BEN,Benin,2005,Female,17.84,61.09
AFR,Africa,BEN,Benin,2005,Male,15.44,57.28
AFR,Africa,BEN,Benin,2006,Female,17.91,61.42
AFR,Africa,BEN,Benin,2006,Male,15.53,57.61
AFR,Africa,BEN,Benin,2007,Female,17.94,61.74
AFR,Africa,BEN,Benin,2007,Male,15.55,57.88
AFR,Africa,BEN,Benin,2008,Female,18.04,62.48
AFR,Africa,BEN,Benin,2008,Male,15.69,58.4
AFR,Africa,BEN,Benin,2009,Female,18.1,63.18
AFR,Africa,BEN,Benin,2009,Male,15.72,58.8
AFR,Africa,BEN,Benin,2010,Female,18.13,63.55
AFR,Africa,BEN,Benin,2010,Male,15.71,59.06
AFR,Africa,BEN,Benin,2011,Female,18.17,63.86
AFR,Africa,BEN,Benin,2011,Male,15.74,59.28
AFR,Africa,BEN,Benin,2012,Female,18.21,64.16
AFR,Africa,BEN,Benin,2012,Male,15.74,59.49
AFR,Africa,BEN,Benin,2013,Female,18.34,64.49
AFR,Africa,BEN,Benin,2013,Male,15.85,59.78
AFR,Africa,BEN,Benin,2014,Female,18.46,64.77
AFR,Africa,BEN,Benin,2014,Male,15.91,60.02
AFR,Africa,BEN,Benin,2015,Female,18.51,65.05
AFR,Africa,BEN,Benin,2015,Male,15.93,60.25
AFR,Africa,BEN,Benin,2016,Female,18.63,65.41
AFR,Africa,BEN,Benin,2016,Male,16.06,60.65
AFR,Africa,BEN,Benin,2017,Female,18.72,65.76
AFR,Africa,BEN,Benin,2017,Male,16.16,61.0
AFR,Africa,BEN,Benin,2018,Female,18.86,66.15
AFR,Africa,BEN,Benin,2018,Male,16.34,61.39
AFR,Africa,BEN,Benin,2019,Female,18.98,66.58
AFR,Africa,BEN,Benin,2019,Male,16.47,61.76
AFR,Africa,BEN,Benin,2020,Female,18.86,67.04
AFR,Africa,BEN,Benin,2020,Male,15.91,61.89
AFR,Africa,BEN,Benin,2021,Female,18.46,66.38
AFR,Africa,BEN,Benin,2021,Male,16.18,61.72
AFR,Africa,BFA,Burkina Faso,2000,Female,16.31,53.33
AFR,Africa,BFA,Burkina Faso,2000,Male,14.05,50.34
AFR,Africa,BFA,Burkina Faso,2001,Female,16.3,53.82
AFR,Africa,BFA,Burkina Faso,2001,Male,14.1,50.8
AFR,Africa,BFA,Burkina Faso,2002,Female,16.36,54.39
AFR,Africa,BFA,Burkina Faso,2002,Male,14.17,51.31
AFR,Africa,BFA,Burkina Faso,2003,Female,16.44,55.08
AFR,Africa,BFA,Burkina Faso,2003,Male,14.26,51.97
AFR,Africa,BFA,Burkina Faso,2004,Female,16.53,55.88
AFR,Africa,BFA,Burkina Faso,2004,Male,14.35,52.68
AFR,Africa,BFA,Burkina Faso,2005,Female,16.66,56.81
AFR,Africa,BFA,Burkina Faso,2005,Male,14.44,53.47
AFR,Africa,BFA,Burkina Faso,2006,Female,16.69,57.64
AFR,Africa,BFA,Burkina Faso,2006,Male,14.47,54.2
AFR,Africa,BFA,Burkina Faso,2007,Female,16.81,58.45
AFR,Africa,BFA,Burkina Faso,2007,Male,14.52,54.86
AFR,Africa,BFA,Burkina Faso,2008,Female,16.95,59.24
AFR,Africa,BFA,Burkina Faso,2008,Male,14.58,55.5
AFR,Africa,BFA,Burkina Faso,2009,Female,17.05,59.97
AFR,Africa,BFA,Burkina Faso,2009,Male,14.59,56.04
AFR,Africa,BFA,Burkina Faso,2010,Female,17.17,60.65
AFR,Africa,BFA,Burkina Faso,2010,Male,14.57,56.45
AFR,Africa,BFA,Burkina Faso,2011,Female,17.17,61.24
AFR,Africa,BFA,Burkina Faso,2011,Male,14.51,56.79
AFR,Africa,BFA,Burkina Faso,2012,Female,17.28,61.82
AFR,Africa,BFA,Burkina Faso,2012,Male,14.55,57.11
AFR,Africa,BFA,Burkina Faso,2013,Female,17.39,62.34
AFR,Africa,BFA,Burkina Faso,2013,Male,14.61,57.49
AFR,Africa,BFA,Burkina Faso,2014,Female,17.51,62.88
AFR,Africa,BFA,Burkina Faso,2014,Male,14.73,57.96
AFR,Africa,BFA,Burkina Faso,2015,Female,17.61,63.34
AFR,Africa,BFA,Burkina Faso,2015,Male,14.85,58.44
AFR,Africa,BFA,Burkina Faso,2016,Female,17.62,63.73
AFR,Africa,BFA,Burkina Faso,2016,Male,14.91,58.88
AFR,Africa,BFA,Burkina Faso,2017,Female,17.73,64.25
AFR,Africa,BFA,Burkina Faso,2017,Male,15.05,59.41
AFR,Africa,BFA,Burkina Faso,2018,Female,17.84,64.71
AFR,Africa,BFA,Burkina Faso,2018,Male,15.2,59.91
AFR,Africa,BFA,Burkina Faso,2019,Female,17.92,65.06
AFR,Africa,BFA,Burkina Faso,2019,Male,15.33,60.08
AFR,Africa,BFA,Burkina Faso,2020,Female,17.85,65.47
AFR,Africa,BFA,Burkina Faso,2020,Male,14.79,60.31
AFR,Africa,BFA,Burkina Faso,2021,Female,17.2,64.64
AFR,Africa,BFA,Burkina Faso,2021,Male,14.81,59.88
AFR,Africa,BWA,Botswana,2000,Female,17.52,49.28
AFR,Africa,BWA,Botswana,2000,Male,11.03,45.49
AFR,Africa,BWA,Botswana,2001,Female,17.15,48.49
AFR,Africa,BWA,Botswana,2001,Male,11.05,45.27
AFR,Africa,BWA,Botswana,2002,Female,16.97,48.6
AFR,Africa,BWA,Botswana,2002,Male,11.15,45.61
AFR,Africa,BWA,Botswana,2003,Female,17.27,50.04
AFR,Africa,BWA,Botswana,2003,Male,11.45,46.84
AFR,Africa,BWA,Botswana,2004,Female,18.0,52.82
AFR,Africa,BWA,Botswana,2004,Male,11.86,48.78
AFR,Africa,BWA,Botswana,2005,Female,18.79,55.87
AFR,Africa,BWA,Botswana,2005,Male,12.28,50.85
AFR,Africa,BWA,Botswana,2006,Female,19.51,58.06
AFR,Africa,BWA,Botswana,2006,Male,12.52,52.19
AFR,Africa,BWA,Botswana,2007,Female,18.77,58.37
AFR,Africa,BWA,Botswana,2007,Male,13.02,53.38
AFR,Africa,BWA,Botswana,2008,Female,18.01,58.26
AFR,Africa,BWA,Botswana,2008,Male,13.36,54.13
AFR,Africa,BWA,Botswana,2009,Female,17.5,58.62
AFR,Africa,BWA,Botswana,2009,Male,13.64,55.1
AFR,Africa,BWA,Botswana,2010,Female,17.23,59.41
AFR,Africa,BWA,Botswana,2010,Male,13.8,55.77
AFR,Africa,BWA,Botswana,2011,Female,17.18,60.35
AFR,Africa,BWA,Botswana,2011,Male,13.98,56.4
AFR,Africa,BWA,Botswana,2012,Female,17.44,61.68
AFR,Africa,BWA,Botswana,2012,Male,14.31,57.72
AFR,Africa,BWA,Botswana,2013,Female,17.47,62.5
AFR,Africa,BWA,Botswana,2013,Male,14.53,58.62
AFR,Africa,BWA,Botswana,2014,Female,17.62,63.2
AFR,Africa,BWA,Botswana,2014,Male,14.8,59.44
AFR,Africa,BWA,Botswana,2015,Female,17.89,63.9
AFR,Africa,BWA,Botswana,2015,Male,14.99,60.06
AFR,Africa,BWA,Botswana,2016,Female,18.51,64.97
AFR,Africa,BWA,Botswana,2016,Male,15.4,60.87
AFR,Africa,BWA,Botswana,2017,Female,19.04,66.06
AFR,Africa,BWA,Botswana,2017,Male,15.78,61.82
AFR,Africa,BWA,Botswana,2018,Female,19.33,66.6
AFR,Africa,BWA,Botswana,2018,Male,15.99,62.31
AFR,Africa,BWA,Botswana,2019,Female,19.42,66.95
AFR,Africa,BWA,Botswana,2019,Male,16.14,62.74
AFR,Africa,BWA,Botswana,2020,Female,19.29,67.56
AFR,Africa,BWA,Botswana,2020,Male,15.21,62.69
AFR,Africa,BWA,Botswana,2021,Female,15.61,63.18
AFR,Africa,BWA,Botswana,2021,Male,12.89,59.22
AFR,Africa,CAF,Central African Republic,2000,Female,12.7,45.44
AFR,Africa,CAF,Central African Republic,2000,Male,10.02,43.42
AFR,Africa,CAF,Central African Republic,2001,Female,12.76,45.69
AFR,Africa,CAF,Central African Republic,2001,Male,10.08,43.63
AFR,Africa,CAF,Central African Republic,2002,Female,12.8,46.04
AFR,Africa,CAF,Central African Republic,2002,Male,10.11,43.87
AFR,Africa,CAF,Central African Republic,2003,Female,12.84,46.45
AFR,Africa,CAF,Central African Republic,2003,Male,10.16,44.32
AFR,Africa,CAF,Central African Republic,2004,Female,12.9,46.91
AFR,Africa,CAF,Central African Republic,2004,Male,10.21,44.67
AFR,Africa,CAF,Central African Republic,2005,Female,12.99,47.51
AFR,Africa,CAF,Central African Republic,2005,Male,10.28,45.12
AFR,Africa,CAF,Central African Republic,2006,Female,13.09,48.21
AFR,Africa,CAF,Central African Republic,2006,Male,10.35,45.54
AFR,Africa,CAF,Central African Republic,2007,Female,13.23,49.06
AFR,Africa,CAF,Central African Republic,2007,Male,10.43,46.09
AFR,Africa,CAF,Central African Republic,2008,Female,13.41,50.13
AFR,Africa,CAF,Central African Republic,2008,Male,10.53,46.85
AFR,Africa,CAF,Central African Republic,2009,Female,13.54,50.83
AFR,Africa,CAF,Central African Republic,2009,Male,10.62,47.29
AFR,Africa,CAF,Central African Republic,2010,Female,13.6,51.16
AFR,Africa,CAF,Central African Republic,2010,Male,10.69,47.6
AFR,Africa,CAF,Central African Republic,2011,Female,13.63,51.39
AFR,Africa,CAF,Central African Republic,2011,Male,10.75,47.88
AFR,Africa,CAF,Central African Republic,2012,Female,13.68,51.73
AFR,Africa,CAF,Central African Republic,2012,Male,10.84,48.22
AFR,Africa,CAF,Central African Republic,2013,Female,13.64,51.72
AFR,Africa,CAF,Central African Republic,2013,Male,10.8,47.25
AFR,Africa,CAF,Central African Republic,2014,Female,13.7,52.09
AFR,Africa,CAF,Central African Republic,2014,Male,10.81,46.67
AFR,Africa,CAF,Central African Republic,2015,Female,13.87,53.34
AFR,Africa,CAF,Central African Republic,2015,Male,10.95,48.9
AFR,Africa,CAF,Central African Republic,2016,Female,13.99,54.2
AFR,Africa,CAF,Central African Republic,2016,Male,10.98,49.15
AFR,Africa,CAF,Central African Republic,2017,Female,14.08,54.69
AFR,Africa,CAF,Central African Republic,2017,Male,10.97,48.32
AFR,Africa,CAF,Central African Republic,2018,Female,14.16,55.29
AFR,Africa,CAF,Central African Republic,2018,Male,11.06,49.39
AFR,Africa,CAF,Central African Republic,2019,Female,14.27,55.89
AFR,Africa,CAF,Central African Republic,2019,Male,11.19,50.31
AFR,Africa,CAF,Central African Republic,2020,Female,13.81,56.03
AFR,Africa,CAF,Central African Republic,2020,Male,10.54,50.49
AFR,Africa,CAF,Central African Republic,2021,Female,13.63,55.38
AFR,Africa,CAF,Central African Republic,2021,Male,10.69,49.57
AFR,Africa,CIV,Cote d'Ivoire,2000,Female,17.07,53.25
AFR,Africa,CIV,Cote d'Ivoire,2000,Male,12.86,49.72
AFR,Africa,CIV,Cote d'Ivoire,2001,Female,16.91,53.46
AFR,Africa,CIV,Cote d'Ivoire,2001,Male,12.91,50.12
AFR,Africa,CIV,Cote d'Ivoire,2002,Female,16.85,53.8
AFR,Africa,CIV,Cote d'Ivoire,2002,Male,12.97,50.38
AFR,Africa,CIV,Cote d'Ivoire,2003,Female,16.78,54.16
AFR,Africa,CIV,Cote d'Ivoire,2003,Male,13.04,50.8
AFR,Africa,CIV,Cote d'Ivoire,2004,Female,16.81,54.8
AFR,Africa,CIV,Cote d'Ivoire,2004,Male,13.1,51.35
AFR,Africa,CIV,Cote d'Ivoire,2005,Female,16.87,55.92
AFR,Africa,CIV,Cote d'Ivoire,2005,Male,13.3,52.31
AFR,Africa,CIV,Cote d'Ivoire,2006,Female,16.96,57.1
AFR,Africa,CIV,Cote d'Ivoire,2006,Male,13.5,53.27
AFR,Africa,CIV,Cote d'Ivoire,2007,Female,17.06,57.97
AFR,Africa,CIV,Cote d'Ivoire,2007,Male,13.69,54.02
AFR,Africa,CIV,Cote d'Ivoire,2008,Female,17.18,58.9
AFR,Africa,CIV,Cote d'Ivoire,2008,Male,13.88,54.77
AFR,Africa,CIV,Cote d'Ivoire,2009,Female,17.27,59.43
AFR,Africa,CIV,Cote d'Ivoire,2009,Male,14.07,55.42
AFR,Africa,CIV,Cote d'Ivoire,2010,Female,17.32,59.41
AFR,Africa,CIV,Cote d'Ivoire,2010,Male,14.2,55.7
AFR,Africa,CIV,Cote d'Ivoire,2011,Female,17.38,59.83
AFR,Africa,CIV,Cote d'Ivoire,2011,Male,14.3,55.73
AFR,Africa,CIV,Cote d'Ivoire,2012,Female,17.56,61.14
AFR,Africa,CIV,Cote d'Ivoire,2012,Male,14.49,56.47
AFR,Africa,CIV,Cote d'Ivoire,2013,Female,17.72,62.13
AFR,Africa,CIV,Cote d'Ivoire,2013,Male,14.65,57.03
AFR,Africa,CIV,Cote d'Ivoire,2014,Female,17.86,62.83
AFR,Africa,CIV,Cote d'Ivoire,2014,Male,14.88,57.82
AFR,Africa,CIV,Cote d'Ivoire,2015,Female,18.02,63.67
AFR,Africa,CIV,Cote d'Ivoire,2015,Male,15.11,58.68
AFR,Africa,CIV,Cote d'Ivoire,2016,Female,18.16,64.37
AFR,Africa,CIV,Cote d'Ivoire,2016,Male,15.31,59.35
AFR,Africa,CIV,Cote d'Ivoire,2017,Female,18.3,65.04
AFR,Africa,CIV,Cote d'Ivoire,2017,Male,15.49,59.97
AFR,Africa,CIV,Cote d'Ivoire,2018,Female,18.42,65.66
AFR,Africa,CIV,Cote d'Ivoire,2018,Male,15.66,60.59
AFR,Africa,CIV,Cote d'Ivoire,2019,Female,18.55,66.19
AFR,Africa,CIV,Cote d'Ivoire,2019,Male,15.86,61.19
AFR,Africa,CIV,Cote d'Ivoire,2020,Female,18.01,66.08
AFR,Africa,CIV,Cote d'Ivoire,2020,Male,15.01,61.0
AFR,Africa,CIV,Cote d'Ivoire,2021,Female,18.1,65.98
AFR,Africa,CIV,Cote d'Ivoire,2021,Male,15.64,61.39
AFR,Africa,CMR,Cameroon,2000,Female,15.86,54.29
AFR,Africa,CMR,Cameroon,2000,Male,13.64,51.64
AFR,Africa,CMR,Cameroon,2001,Female,15.83,54.15
AFR,Africa,CMR,Cameroon,2001,Male,13.6,51.65
AFR,Africa,CMR,Cameroon,2002,Female,15.78,54.09
AFR,Africa,CMR,Cameroon,2002,Male,13.55,51.72
AFR,Africa,CMR,Cameroon,2003,Female,15.81,54.22
AFR,Africa,CMR,Cameroon,2003,Male,13.57,51.9
AFR,Africa,CMR,Cameroon,2004,Female,15.91,54.76
AFR,Africa,CMR,Cameroon,2004,Male,13.66,52.38
AFR,Africa,CMR,Cameroon,2005,Female,16.03,55.38
AFR,Africa,CMR,Cameroon,2005,Male,13.76,52.88
AFR,Africa,CMR,Cameroon,2006,Female,16.13,55.79
AFR,Africa,CMR,Cameroon,2006,Male,13.85,53.27
AFR,Africa,CMR,Cameroon,2007,Female,16.23,56.35
AFR,Africa,CMR,Cameroon,2007,Male,13.89,53.68
AFR,Africa,CMR,Cameroon,2008,Female,16.42,57.1
AFR,Africa,CMR,Cameroon,2008,Male,14.04,54.31
AFR,Africa,CMR,Cameroon,2009,Female,16.57,57.69
AFR,Africa,CMR,Cameroon,2009,Male,14.21,54.87
AFR,Africa,CMR,Cameroon,2010,Female,16.69,58.19
AFR,Africa,CMR,Cameroon,2010,Male,14.37,55.4
AFR,Africa,CMR,Cameroon,2011,Female,16.78,58.71
AFR,Africa,CMR,Cameroon,2011,Male,14.5,55.83
AFR,Africa,CMR,Cameroon,2012,Female,16.9,59.48
AFR,Africa,CMR,Cameroon,2012,Male,14.55,56.12
AFR,Africa,CMR,Cameroon,2013,Female,17.02,60.07
AFR,Africa,CMR,Cameroon,2013,Male,14.63,56.33
AFR,Africa,CMR,Cameroon,2014,Female,17.06,60.31
AFR,Africa,CMR,Cameroon,2014,Male,14.74,56.63
AFR,Africa,CMR,Cameroon,2015,Female,17.18,60.82
AFR,Africa,CMR,Cameroon,2015,Male,14.9,57.22
AFR,Africa,CMR,Cameroon,2016,Female,17.34,61.6
AFR,Africa,CMR,Cameroon,2016,Male,15.12,58.04
AFR,Africa,CMR,Cameroon,2017,Female,17.53,62.53
AFR,Africa,CMR,Cameroon,2017,Male,15.3,58.83
AFR,Africa,CMR,Cameroon,2018,Female,17.74,63.38
AFR,Africa,CMR,Cameroon,2018,Male,15.5,59.47
AFR,Africa,CMR,Cameroon,2019,Female,17.89,64.06
AFR,Africa,CMR,Cameroon,2019,Male,15.66,60.08
AFR,Africa,CMR,Cameroon,2020,Female,17.56,64.39
AFR,Africa,CMR,Cameroon,2020,Male,14.92,60.1
AFR,Africa,CMR,Cameroon,2021,Female,17.03,63.72
AFR,Africa,CMR,Cameroon,2021,Male,15.03,59.89
AFR,Africa,COD,Democratic Republic of the Congo,2000,Female,15.75,54.48
AFR,Africa,COD,Democratic Republic of the Congo,2000,Male,13.1,50.86
AFR,Africa,COD,Democratic Republic of the Congo,2001,Female,15.68,54.72
AFR,Africa,COD,Democratic Republic of the Congo,2001,Male,13.17,51.31
AFR,Africa,COD,Democratic Republic of the Congo,2002,Female,15.68,55.02
AFR,Africa,COD,Democratic Republic of the Congo,2002,Male,13.31,51.52
AFR,Africa,COD,Democratic Republic of the Congo,2003,Female,15.62,55.35
AFR,Africa,COD,Democratic Republic of the Congo,2003,Male,13.3,52.06
AFR,Africa,COD,Democratic Republic of the Congo,2004,Female,15.67,55.88
AFR,Africa,COD,Democratic Republic of the Congo,2004,Male,13.46,52.82
AFR,Africa,COD,Democratic Republic of the Congo,2005,Female,15.76,56.45
AFR,Africa,COD,Democratic Republic of the Congo,2005,Male,13.63,53.44
AFR,Africa,COD,Democratic Republic of the Congo,2006,Female,15.79,56.95
AFR,Africa,COD,Democratic Republic of the Congo,2006,Male,13.74,54.02
AFR,Africa,COD,Democratic Republic of the Congo,2007,Female,15.82,57.45
AFR,Africa,COD,Democratic Republic of the Congo,2007,Male,13.84,54.51
AFR,Africa,COD,Democratic Republic of the Congo,2008,Female,15.84,57.88
AFR,Africa,COD,Democratic Republic of the Congo,2008,Male,13.86,54.77
AFR,Africa,COD,Democratic Republic of the Congo,2009,Female,15.93,58.44
AFR,Africa,COD,Democratic Republic of the Congo,2009,Male,13.94,55.19
AFR,Africa,COD,Democratic Republic of the Congo,2010,Female,16.02,59.04
AFR,Africa,COD,Democratic Republic of the Congo,2010,Male,13.99,55.78
AFR,Africa,COD,Democratic Republic of the Congo,2011,Female,16.12,59.6
AFR,Africa,COD,Democratic Republic of the Congo,2011,Male,14.07,56.2
AFR,Africa,COD,Democratic Republic of the Congo,2012,Female,16.22,60.14
AFR,Africa,COD,Democratic Republic of the Congo,2012,Male,14.16,56.58
AFR,Africa,COD,Democratic Republic of the Congo,2013,Female,16.36,60.78
AFR,Africa,COD,Democratic Republic of the Congo,2013,Male,14.29,57.05
AFR,Africa,COD,Democratic Republic of the Congo,2014,Female,16.49,61.37
AFR,Africa,COD,Democratic Republic of the Congo,2014,Male,14.41,57.6
AFR,Africa,COD,Democratic Republic of the Congo,2015,Female,16.59,61.9
AFR,Africa,COD,Democratic Republic of the Congo,2015,Male,14.49,58.07
AFR,Africa,COD,Democratic Republic of the Congo,2016,Female,16.71,62.43
AFR,Africa,COD,Democratic Republic of the Congo,2016,Male,14.61,58.49
AFR,Africa,COD,Democratic Republic of the Congo,2017,Female,16.83,62.97
AFR,Africa,COD,Democratic Republic of the Congo,2017,Male,14.72,58.78
AFR,Africa,COD,Democratic Republic of the Congo,2018,Female,16.96,63.61
AFR,Africa,COD,Democratic Republic of the Congo,2018,Male,14.83,59.32
AFR,Africa,COD,Democratic Republic of the Congo,2019,Female,17.04,64.08
AFR,Africa,COD,Democratic Republic of the Congo,2019,Male,14.89,59.67
AFR,Africa,COD,Democratic Republic of the Congo,2020,Female,16.77,64.46
AFR,Africa,COD,Democratic Republic of the Congo,2020,Male,14.23,59.73
AFR,Africa,COD,Democratic Republic of the Congo,2021,Female,16.43,63.91
AFR,Africa,COD,Democratic Republic of the Congo,2021,Male,14.32,59.43
AFR,Africa,COG,Congo,2000,Female,13.52,52.67
AFR,Africa,COG,Congo,2000,Male,12.55,51.74
AFR,Africa,COG,Congo,2001,Female,13.69,53.31
AFR,Africa,COG,Congo,2001,Male,12.79,52.88
AFR,Africa,COG,Congo,2002,Female,13.87,53.94
AFR,Africa,COG,Congo,2002,Male,13.08,53.66
AFR,Africa,COG,Congo,2003,Female,13.93,54.45
AFR,Africa,COG,Congo,2003,Male,13.27,54.54
AFR,Africa,COG,Congo,2004,Female,14.02,55.24
AFR,Africa,COG,Congo,2004,Male,13.53,55.57
AFR,Africa,COG,Congo,2005,Female,14.18,56.23
AFR,Africa,COG,Congo,2005,Male,13.86,56.8
AFR,Africa,COG,Congo,2006,Female,14.32,57.2
AFR,Africa,COG,Congo,2006,Male,14.11,57.89
AFR,Africa,COG,Congo,2007,Female,14.42,57.93
AFR,Africa,COG,Congo,2007,Male,14.26,58.61
AFR,Africa,COG,Congo,2008,Female,14.6,58.99
AFR,Africa,COG,Congo,2008,Male,14.43,59.47
AFR,Africa,COG,Congo,2009,Female,14.81,59.98
AFR,Africa,COG,Congo,2009,Male,14.6,60.21
AFR,Africa,COG,Congo,2010,Female,14.89,60.43
AFR,Africa,COG,Congo,2010,Male,14.75,60.79
AFR,Africa,COG,Congo,2011,Female,15.08,61.1
AFR,Africa,COG,Congo,2011,Male,14.86,61.17
AFR,Africa,COG,Congo,2012,Female,15.18,61.44
AFR,Africa,COG,Congo,2012,Male,14.88,60.99
AFR,Africa,COG,Congo,2013,Female,15.23,61.57
AFR,Africa,COG,Congo,2013,Male,14.97,61.29
AFR,Africa,COG,Congo,2014,Female,15.27,61.74
AFR,Africa,COG,Congo,2014,Male,15.03,61.54
AFR,Africa,COG,Congo,2015,Female,15.39,62.22
AFR,Africa,COG,Congo,2015,Male,15.07,61.88
AFR,Africa,COG,Congo,2016,Female,15.58,62.89
AFR,Africa,COG,Congo,2016,Male,15.14,62.23
AFR,Africa,COG,Congo,2017,Female,15.66,63.19
AFR,Africa,COG,Congo,2017,Male,15.2,62.48
AFR,Africa,COG,Congo,2018,Female,15.71,63.4
AFR,Africa,COG,Congo,2018,Male,15.26,62.71
AFR,Africa,COG,Congo,2019,Female,15.79,63.08
AFR,Africa,COG,Congo,2019,Male,15.31,62.43
AFR,Africa,COG,Congo,2020,Female,15.59,64.0
AFR,Africa,COG,Congo,2020,Male,14.5,62.7
AFR,Africa,COG,Congo,2021,Female,15.53,63.79
AFR,Africa,COG,Congo,2021,Male,14.8,62.54
AFR,Africa,COM,Comoros,2000,Female,16.52,62.95
AFR,Africa,COM,Comoros,2000,Male,15.71,61.18
AFR,Africa,COM,Comoros,2001,Female,16.73,63.5
AFR,Africa,COM,Comoros,2001,Male,16.06,61.95
AFR,Africa,COM,Comoros,2002,Female,16.92,63.94
AFR,Africa,COM,Comoros,2002,Male,16.22,62.33
AFR,Africa,COM,Comoros,2003,Female,17.1,64.36
AFR,Africa,COM,Comoros,2003,Male,16.54,62.93
AFR,Africa,COM,Comoros,2004,Female,17.3,64.79
AFR,Africa,COM,Comoros,2004,Male,16.69,63.18
AFR,Africa,COM,Comoros,2005,Female,17.45,65.17
AFR,Africa,COM,Comoros,2005,Male,16.82,63.4
AFR,Africa,COM,Comoros,2006,Female,17.6,65.55
AFR,Africa,COM,Comoros,2006,Male,16.88,63.57
AFR,Africa,COM,Comoros,2007,Female,17.72,65.95
AFR,Africa,COM,Comoros,2007,Male,16.89,63.62
AFR,Africa,COM,Comoros,2008,Female,17.79,66.34
AFR,Africa,COM,Comoros,2008,Male,17.02,64.36
AFR,Africa,COM,Comoros,2009,Female,17.83,66.46
AFR,Africa,COM,Comoros,2009,Male,16.93,63.61
AFR,Africa,COM,Comoros,2010,Female,17.93,66.96
AFR,Africa,COM,Comoros,2010,Male,17.19,64.99
AFR,Africa,COM,Comoros,2011,Female,17.96,67.1
AFR,Africa,COM,Comoros,2011,Male,17.09,64.54
AFR,Africa,COM,Comoros,2012,Female,18.06,67.51
AFR,Africa,COM,Comoros,2012,Male,17.25,65.31
AFR,Africa,COM,Comoros,2013,Female,18.16,67.84
AFR,Africa,COM,Comoros,2013,Male,17.34,65.64
AFR,Africa,COM,Comoros,2014,Female,18.24,68.17
AFR,Africa,COM,Comoros,2014,Male,17.42,66.0
AFR,Africa,COM,Comoros,2015,Female,18.3,68.48
AFR,Africa,COM,Comoros,2015,Male,17.47,66.39
AFR,Africa,COM,Comoros,2016,Female,18.36,68.77
AFR,Africa,COM,Comoros,2016,Male,17.51,66.65
AFR,Africa,COM,Comoros,2017,Female,18.43,69.02
AFR,Africa,COM,Comoros,2017,Male,17.56,66.67
AFR,Africa,COM,Comoros,2018,Female,18.49,69.33
AFR,Africa,COM,Comoros,2018,Male,17.6,67.09
AFR,Africa,COM,Comoros,2019,Female,18.49,69.43
AFR,Africa,COM,Comoros,2019,Male,17.58,66.8
AFR,Africa,COM,Comoros,2020,Female,18.35,69.69
AFR,Africa,COM,Comoros,2020,Male,16.81,66.96
AFR,Africa,COM,Comoros,2021,Female,17.68,68.73
AFR,Africa,COM,Comoros,2021,Male,16.63,66.3
AFR,Africa,CPV,Cabo Verde,2000,Female,22.4,75.06
AFR,Africa,CPV,Cabo Verde,2000,Male,18.51,67.7
AFR,Africa,CPV,Cabo Verde,2001,Female,22.49,75.39
AFR,Africa,CPV,Cabo Verde,2001,Male,18.51,67.97
AFR,Africa,CPV,Cabo Verde,2002,Female,22.57,75.65
AFR,Africa,CPV,Cabo Verde,2002,Male,18.5,68.15
AFR,Africa,CPV,Cabo Verde,2003,Female,22.63,75.87
AFR,Africa,CPV,Cabo Verde,2003,Male,18.47,68.26
AFR,Africa,CPV,Cabo Verde,2004,Female,22.69,76.06
AFR,Africa,CPV,Cabo Verde,2004,Male,18.43,68.34
AFR,Africa,CPV,Cabo Verde,2005,Female,22.75,76.35
AFR,Africa,CPV,Cabo Verde,2005,Male,18.39,68.47
AFR,Africa,CPV,Cabo Verde,2006,Female,22.82,76.67
AFR,Africa,CPV,Cabo Verde,2006,Male,19.76,69.74
AFR,Africa,CPV,Cabo Verde,2007,Female,22.84,76.79
AFR,Africa,CPV,Cabo Verde,2007,Male,20.21,69.83
AFR,Africa,CPV,Cabo Verde,2008,Female,22.91,77.11
AFR,Africa,CPV,Cabo Verde,2008,Male,20.32,70.46
AFR,Africa,CPV,Cabo Verde,2009,Female,22.92,77.19
AFR,Africa,CPV,Cabo Verde,2009,Male,20.39,70.55
AFR,Africa,CPV,Cabo Verde,2010,Female,22.95,77.4
AFR,Africa,CPV,Cabo Verde,2010,Male,20.6,70.86
AFR,Africa,CPV,Cabo Verde,2011,Female,22.68,77.46
AFR,Africa,CPV,Cabo Verde,2011,Male,20.55,71.02
AFR,Africa,CPV,Cabo Verde,2012,Female,22.69,77.64
AFR,Africa,CPV,Cabo Verde,2012,Male,20.4,71.09
AFR,Africa,CPV,Cabo Verde,2013,Female,22.73,77.87
AFR,Africa,CPV,Cabo Verde,2013,Male,20.42,71.34
AFR,Africa,CPV,Cabo Verde,2014,Female,22.49,77.86
AFR,Africa,CPV,Cabo Verde,2014,Male,20.63,71.74
AFR,Africa,CPV,Cabo Verde,2015,Female,22.15,77.72
AFR,Africa,CPV,Cabo Verde,2015,Male,20.66,71.88
AFR,Africa,CPV,Cabo Verde,2016,Female,21.7,77.59
AFR,Africa,CPV,Cabo Verde,2016,Male,20.65,72.19
AFR,Africa,CPV,Cabo Verde,2017,Female,21.78,77.81
AFR,Africa,CPV,Cabo Verde,2017,Male,20.14,71.99
AFR,Africa,CPV,Cabo Verde,2018,Female,21.86,78.03
AFR,Africa,CPV,Cabo Verde,2018,Male,16.47,69.51
AFR,Africa,CPV,Cabo Verde,2019,Female,21.95,78.23
AFR,Africa,CPV,Cabo Verde,2019,Male,16.54,69.71
AFR,Africa,CPV,Cabo Verde,2020,Female,22.01,78.18
AFR,Africa,CPV,Cabo Verde,2020,Male,15.61,69.09
AFR,Africa,CPV,Cabo Verde,2021,Female,21.29,77.44
AFR,Africa,CPV,Cabo Verde,2021,Male,16.01,68.8
AFR,Africa,DZA,Algeria,2000,Female,20.47,73.81
AFR,Africa,DZA,Algeria,2000,Male,19.61,71.19
AFR,Africa,DZA,Algeria,2001,Female,20.5,73.97
AFR,Africa,DZA,Algeria,2001,Male,19.72,71.63
AFR,Africa,DZA,Algeria,2002,Female,20.58,74.25
AFR,Africa,DZA,Algeria,2002,Male,19.9,71.99
AFR,Africa,DZA,Algeria,2003,Female,20.56,74.29
AFR,Africa,DZA,Algeria,2003,Male,19.97,72.33
AFR,Africa,DZA,Algeria,2004,Female,20.67,74.73
AFR,Africa,DZA,Algeria,2004,Male,20.17,72.88
AFR,Africa,DZA,Algeria,2005,Female,20.72,74.96
AFR,Africa,DZA,Algeria,2005,Male,20.33,73.29
AFR,Africa,DZA,Algeria,2006,Female,20.77,75.17
AFR,Africa,DZA,Algeria,2006,Male,20.47,73.62
AFR,Africa,DZA,Algeria,2007,Female,20.83,75.37
AFR,Africa,DZA,Algeria,2007,Male,20.61,73.93
AFR,Africa,DZA,Algeria,2008,Female,20.86,75.55
AFR,Africa,DZA,Algeria,2008,Male,20.73,74.26
AFR,Africa,DZA,Algeria,2009,Female,20.92,75.74
AFR,Africa,DZA,Algeria,2009,Male,20.86,74.53
AFR,Africa,DZA,Algeria,2010,Female,20.94,75.89
AFR,Africa,DZA,Algeria,2010,Male,21.0,74.86
AFR,Africa,DZA,Algeria,2011,Female,20.99,76.04
AFR,Africa,DZA,Algeria,2011,Male,21.08,75.05
AFR,Africa,DZA,Algeria,2012,Female,21.09,76.23
AFR,Africa,DZA,Algeria,2012,Male,21.18,75.25
AFR,Africa,DZA,Algeria,2013,Female,21.13,76.34
AFR,Africa,DZA,Algeria,2013,Male,21.3,75.45
AFR,Africa,DZA,Algeria,2014,Female,21.18,76.46
AFR,Africa,DZA,Algeria,2014,Male,21.4,75.63
AFR,Africa,DZA,Algeria,2015,Female,21.25,76.59
AFR,Africa,DZA,Algeria,2015,Male,21.45,75.77
AFR,Africa,DZA,Algeria,2016,Female,21.42,76.83
AFR,Africa,DZA,Algeria,2016,Male,21.53,75.95
AFR,Africa,DZA,Algeria,2017,Female,21.51,76.98
AFR,Africa,DZA,Algeria,2017,Male,21.55,76.05
AFR,Africa,DZA,Algeria,2018,Female,21.44,76.97
AFR,Africa,DZA,Algeria,2018,Male,21.6,76.13
AFR,Africa,DZA,Algeria,2019,Female,21.47,77.08
AFR,Africa,DZA,Algeria,2019,Male,21.62,76.24
AFR,Africa,DZA,Algeria,2020,Female,19.86,75.16
AFR,Africa,DZA,Algeria,2020,Male,18.7,72.98
AFR,Africa,DZA,Algeria,2021,Female,21.09,76.64
AFR,Africa,DZA,Algeria,2021,Male,21.0,75.51
AFR,Africa,ERI,Eritrea,2000,Female,14.98,59.02
AFR,Africa,ERI,Eritrea,2000,Male,11.51,51.25
AFR,Africa,ERI,Eritrea,2001,Female,15.08,59.76
AFR,Africa,ERI,Eritrea,2001,Male,11.69,52.95
AFR,Africa,ERI,Eritrea,2002,Female,15.15,60.24
AFR,Africa,ERI,Eritrea,2002,Male,11.83,53.56
AFR,Africa,ERI,Eritrea,2003,Female,15.18,60.65
AFR,Africa,ERI,Eritrea,2003,Male,11.96,54.08
AFR,Africa,ERI,Eritrea,2004,Female,15.23,61.05
AFR,Africa,ERI,Eritrea,2004,Male,12.08,54.59
AFR,Africa,ERI,Eritrea,2005,Female,15.29,61.49
AFR,Africa,ERI,Eritrea,2005,Male,12.2,55.02
AFR,Africa,ERI,Eritrea,2006,Female,15.36,62.02
AFR,Africa,ERI,Eritrea,2006,Male,12.34,55.7
AFR,Africa,ERI,Eritrea,2007,Female,15.43,62.55
AFR,Africa,ERI,Eritrea,2007,Male,12.45,56.22
AFR,Africa,ERI,Eritrea,2008,Female,15.44,62.93
AFR,Africa,ERI,Eritrea,2008,Male,12.5,56.5
AFR,Africa,ERI,Eritrea,2009,Female,15.47,63.29
AFR,Africa,ERI,Eritrea,2009,Male,12.59,57.01
AFR,Africa,ERI,Eritrea,2010,Female,15.52,63.63
AFR,Africa,ERI,Eritrea,2010,Male,12.7,57.41
AFR,Africa,ERI,Eritrea,2011,Female,15.63,64.06
AFR,Africa,ERI,Eritrea,2011,Male,12.86,57.89
AFR,Africa,ERI,Eritrea,2012,Female,15.72,64.46
AFR,Africa,ERI,Eritrea,2012,Male,13.02,58.36
AFR,Africa,ERI,Eritrea,2013,Female,15.78,64.75
AFR,Africa,ERI,Eritrea,2013,Male,13.14,58.78
AFR,Africa,ERI,Eritrea,2014,Female,15.89,65.17
AFR,Africa,ERI,Eritrea,2014,Male,13.29,59.28
AFR,Africa,ERI,Eritrea,2015,Female,15.96,65.46
AFR,Africa,ERI,Eritrea,2015,Male,13.41,59.63
AFR,Africa,ERI,Eritrea,2016,Female,16.04,65.76
AFR,Africa,ERI,Eritrea,2016,Male,13.55,60.03
AFR,Africa,ERI,Eritrea,2017,Female,16.08,66.0
AFR,Africa,ERI,Eritrea,2017,Male,13.66,60.36
AFR,Africa,ERI,Eritrea,2018,Female,16.14,66.28
AFR,Africa,ERI,Eritrea,2018,Male,13.77,60.68
AFR,Africa,ERI,Eritrea,2019,Female,16.18,66.53
AFR,Africa,ERI,Eritrea,2019,Male,13.87,61.0
AFR,Africa,ERI,Eritrea,2020,Female,15.99,66.66
AFR,Africa,ERI,Eritrea,2020,Male,13.32,61.01
AFR,Africa,ERI,Eritrea,2021,Female,15.8,66.24
AFR,Africa,ERI,Eritrea,2021,Male,13.63,60.91
AFR,Africa,ETH,Ethiopia,2000,Female,13.83,52.13
AFR,Africa,ETH,Ethiopia,2000,Male,13.04,49.53
AFR,Africa,ETH,Ethiopia,2001,Female,14.2,53.43
AFR,Africa,ETH,Ethiopia,2001,Male,13.45,52.24
AFR,Africa,ETH,Ethiopia,2002,Female,14.53,54.45
AFR,Africa,ETH,Ethiopia,2002,Male,13.78,53.2
AFR,Africa,ETH,Ethiopia,2003,Female,14.82,55.46
AFR,Africa,ETH,Ethiopia,2003,Male,14.04,54.14
AFR,Africa,ETH,Ethiopia,2004,Female,15.12,56.55
AFR,Africa,ETH,Ethiopia,2004,Male,14.31,55.14
AFR,Africa,ETH,Ethiopia,2005,Female,15.53,57.83
AFR,Africa,ETH,Ethiopia,2005,Male,14.65,56.26
AFR,Africa,ETH,Ethiopia,2006,Female,15.97,59.28
AFR,Africa,ETH,Ethiopia,2006,Male,14.96,57.39
AFR,Africa,ETH,Ethiopia,2007,Female,16.47,60.88
AFR,Africa,ETH,Ethiopia,2007,Male,15.34,58.61
AFR,Africa,ETH,Ethiopia,2008,Female,16.93,62.32
AFR,Africa,ETH,Ethiopia,2008,Male,15.71,59.73
AFR,Africa,ETH,Ethiopia,2009,Female,17.35,63.59
AFR,Africa,ETH,Ethiopia,2009,Male,16.06,60.78
AFR,Africa,ETH,Ethiopia,2010,Female,17.74,64.75
AFR,Africa,ETH,Ethiopia,2010,Male,16.39,61.8
AFR,Africa,ETH,Ethiopia,2011,Female,18.12,65.84
AFR,Africa,ETH,Ethiopia,2011,Male,16.69,62.72
AFR,Africa,ETH,Ethiopia,2012,Female,18.45,66.78
AFR,Africa,ETH,Ethiopia,2012,Male,16.95,63.53
AFR,Africa,ETH,Ethiopia,2013,Female,18.72,67.59
AFR,Africa,ETH,Ethiopia,2013,Male,17.17,64.27
AFR,Africa,ETH,Ethiopia,2014,Female,18.9,68.27
AFR,Africa,ETH,Ethiopia,2014,Male,17.33,64.89
AFR,Africa,ETH,Ethiopia,2015,Female,19.0,68.82
AFR,Africa,ETH,Ethiopia,2015,Male,17.45,65.42
AFR,Africa,ETH,Ethiopia,2016,Female,19.13,69.32
AFR,Africa,ETH,Ethiopia,2016,Male,17.58,65.88
AFR,Africa,ETH,Ethiopia,2017,Female,19.24,69.8
AFR,Africa,ETH,Ethiopia,2017,Male,17.7,66.37
AFR,Africa,ETH,Ethiopia,2018,Female,19.33,70.18
AFR,Africa,ETH,Ethiopia,2018,Male,17.8,66.78
AFR,Africa,ETH,Ethiopia,2019,Female,19.39,70.54
AFR,Africa,ETH,Ethiopia,2019,Male,17.89,67.17
AFR,Africa,ETH,Ethiopia,2020,Female,19.19,70.7
AFR,Africa,ETH,Ethiopia,2020,Male,17.18,66.93
AFR,Africa,ETH,Ethiopia,2021,Female,18.54,69.75
AFR,Africa,ETH,Ethiopia,2021,Male,17.05,65.96
AFR,Africa,GAB,Gabon,2000,Female,15.85,59.46
AFR,Africa,GAB,Gabon,2000,Male,13.22,56.05
AFR,Africa,GAB,Gabon,2001,Female,15.77,59.26
AFR,Africa,GAB,Gabon,2001,Male,13.29,56.26
AFR,Africa,GAB,Gabon,2002,Female,15.91,59.5
AFR,Africa,GAB,Gabon,2002,Male,13.44,56.7
AFR,Africa,GAB,Gabon,2003,Female,15.84,59.51
AFR,Africa,GAB,Gabon,2003,Male,13.52,56.99
AFR,Africa,GAB,Gabon,2004,Female,15.93,60.03
AFR,Africa,GAB,Gabon,2004,Male,13.63,57.46
AFR,Africa,GAB,Gabon,2005,Female,16.33,61.33
AFR,Africa,GAB,Gabon,2005,Male,13.77,58.18
AFR,Africa,GAB,Gabon,2006,Female,16.49,61.99
AFR,Africa,GAB,Gabon,2006,Male,13.88,58.75
AFR,Africa,GAB,Gabon,2007,Female,16.69,62.33
AFR,Africa,GAB,Gabon,2007,Male,13.97,59.15
AFR,Africa,GAB,Gabon,2008,Female,16.7,62.47
AFR,Africa,GAB,Gabon,2008,Male,13.98,59.28
AFR,Africa,GAB,Gabon,2009,Female,16.9,63.06
AFR,Africa,GAB,Gabon,2009,Male,14.01,59.58
AFR,Africa,GAB,Gabon,2010,Female,17.13,63.69
AFR,Africa,GAB,Gabon,2010,Male,14.1,60.0
AFR,Africa,GAB,Gabon,2011,Female,17.22,64.04
AFR,Africa,GAB,Gabon,2011,Male,14.22,60.36
AFR,Africa,GAB,Gabon,2012,Female,17.44,64.91
AFR,Africa,GAB,Gabon,2012,Male,14.33,60.72
AFR,Africa,GAB,Gabon,2013,Female,17.72,66.01
AFR,Africa,GAB,Gabon,2013,Male,14.39,60.92
AFR,Africa,GAB,Gabon,2014,Female,17.87,66.71
AFR,Africa,GAB,Gabon,2014,Male,14.44,61.3
AFR,Africa,GAB,Gabon,2015,Female,17.86,66.88
AFR,Africa,GAB,Gabon,2015,Male,14.46,61.58
AFR,Africa,GAB,Gabon,2016,Female,17.92,67.15
AFR,Africa,GAB,Gabon,2016,Male,14.56,61.82
AFR,Africa,GAB,Gabon,2017,Female,17.97,67.44
AFR,Africa,GAB,Gabon,2017,Male,14.62,62.07
AFR,Africa,GAB,Gabon,2018,Female,17.97,67.57
AFR,Africa,GAB,Gabon,2018,Male,14.67,62.28
AFR,Africa,GAB,Gabon,2019,Female,17.96,67.75
AFR,Africa,GAB,Gabon,2019,Male,14.72,62.61
AFR,Africa,GAB,Gabon,2020,Female,17.77,68.06
AFR,Africa,GAB,Gabon,2020,Male,14.18,62.68
AFR,Africa,GAB,Gabon,2021,Female,17.69,67.92
AFR,Africa,GAB,Gabon,2021,Male,14.54,62.68
AFR,Africa,GHA,Ghana,2000,Female,16.73,60.42
AFR,Africa,GHA,Ghana,2000,Male,14.88,57.77
AFR,Africa,GHA,Ghana,2001,Female,16.7,60.53
AFR,Africa,GHA,Ghana,2001,Male,14.75,57.8
AFR,Africa,GHA,Ghana,2002,Female,16.73,60.77
AFR,Africa,GHA,Ghana,2002,Male,14.63,57.89
AFR,Africa,GHA,Ghana,2003,Female,16.82,61.1
AFR,Africa,GHA,Ghana,2003,Male,14.53,58.01
AFR,Africa,GHA,Ghana,2004,Female,16.93,61.51
AFR,Africa,GHA,Ghana,2004,Male,14.46,58.14
AFR,Africa,GHA,Ghana,2005,Female,17.02,61.91
AFR,Africa,GHA,Ghana,2005,Male,14.39,58.3
AFR,Africa,GHA,Ghana,2006,Female,17.12,62.33
AFR,Africa,GHA,Ghana,2006,Male,14.34,58.45
AFR,Africa,GHA,Ghana,2007,Female,17.18,62.74
AFR,Africa,GHA,Ghana,2007,Male,14.32,58.69
AFR,Africa,GHA,Ghana,2008,Female,17.27,63.26
AFR,Africa,GHA,Ghana,2008,Male,14.35,59.02
AFR,Africa,GHA,Ghana,2009,Female,17.35,63.78
AFR,Africa,GHA,Ghana,2009,Male,14.37,59.4
AFR,Africa,GHA,Ghana,2010,Female,17.42,64.28
AFR,Africa,GHA,Ghana,2010,Male,14.42,59.79
AFR,Africa,GHA,Ghana,2011,Female,17.61,65.04
AFR,Africa,GHA,Ghana,2011,Male,14.52,60.27
AFR,Africa,GHA,Ghana,2012,Female,17.77,65.75
AFR,Africa,GHA,Ghana,2012,Male,14.63,60.73
AFR,Africa,GHA,Ghana,2013,Female,17.89,66.2
AFR,Africa,GHA,Ghana,2013,Male,14.72,61.13
AFR,Africa,GHA,Ghana,2014,Female,17.99,66.56
AFR,Africa,GHA,Ghana,2014,Male,14.83,61.52
AFR,Africa,GHA,Ghana,2015,Female,18.1,66.97
AFR,Africa,GHA,Ghana,2015,Male,14.95,61.85
AFR,Africa,GHA,Ghana,2016,Female,18.21,67.39
AFR,Africa,GHA,Ghana,2016,Male,15.06,62.17
AFR,Africa,GHA,Ghana,2017,Female,18.31,67.78
AFR,Africa,GHA,Ghana,2017,Male,15.18,62.53
AFR,Africa,GHA,Ghana,2018,Female,18.41,68.18
AFR,Africa,GHA,Ghana,2018,Male,15.3,62.98
AFR,Africa,GHA,Ghana,2019,Female,18.52,68.59
AFR,Africa,GHA,Ghana,2019,Male,15.45,63.47
AFR,Africa,GHA,Ghana,2020,Female,18.37,68.9
AFR,Africa,GHA,Ghana,2020,Male,14.98,63.62
AFR,Africa,GHA,Ghana,2021,Female,18.18,68.6
AFR,Africa,GHA,Ghana,2021,Male,15.29,63.69
AFR,Africa,GIN,Guinea,2000,Female,15.86,55.12
AFR,Africa,GIN,Guinea,2000,Male,15.05,53.24
AFR,Africa,GIN,Guinea,2001,Female,15.86,55.54
AFR,Africa,GIN,Guinea,2001,Male,15.03,53.77
AFR,Africa,GIN,Guinea,2002,Female,15.85,55.98
AFR,Africa,GIN,Guinea,2002,Male,14.97,54.34
AFR,Africa,GIN,Guinea,2003,Female,15.91,56.45
AFR,Africa,GIN,Guinea,2003,Male,14.98,54.78
AFR,Africa,GIN,Guinea,2004,Female,15.97,56.88
AFR,Africa,GIN,Guinea,2004,Male,14.99,55.14
AFR,Africa,GIN,Guinea,2005,Female,16.04,57.33
AFR,Africa,GIN,Guinea,2005,Male,15.0,55.52
AFR,Africa,GIN,Guinea,2006,Female,16.06,57.78
AFR,Africa,GIN,Guinea,2006,Male,14.99,55.87
AFR,Africa,GIN,Guinea,2007,Female,16.08,58.14
AFR,Africa,GIN,Guinea,2007,Male,14.97,56.11
AFR,Africa,GIN,Guinea,2008,Female,16.12,58.53
AFR,Africa,GIN,Guinea,2008,Male,14.99,56.46
AFR,Africa,GIN,Guinea,2009,Female,16.18,58.98
AFR,Africa,GIN,Guinea,2009,Male,14.98,56.65
AFR,Africa,GIN,Guinea,2010,Female,16.27,59.43
AFR,Africa,GIN,Guinea,2010,Male,14.99,57.0
AFR,Africa,GIN,Guinea,2011,Female,16.33,59.76
AFR,Africa,GIN,Guinea,2011,Male,15.06,57.32
AFR,Africa,GIN,Guinea,2012,Female,16.38,60.09
AFR,Africa,GIN,Guinea,2012,Male,15.15,57.58
AFR,Africa,GIN,Guinea,2013,Female,16.44,60.41
AFR,Africa,GIN,Guinea,2013,Male,15.23,57.73
AFR,Africa,GIN,Guinea,2014,Female,16.36,59.83
AFR,Africa,GIN,Guinea,2014,Male,15.21,57.27
AFR,Africa,GIN,Guinea,2015,Female,16.5,60.46
AFR,Africa,GIN,Guinea,2015,Male,15.33,57.83
AFR,Africa,GIN,Guinea,2016,Female,16.64,61.1
AFR,Africa,GIN,Guinea,2016,Male,15.48,58.47
AFR,Africa,GIN,Guinea,2017,Female,16.76,61.44
AFR,Africa,GIN,Guinea,2017,Male,15.68,58.96
AFR,Africa,GIN,Guinea,2018,Female,16.87,61.82
AFR,Africa,GIN,Guinea,2018,Male,15.84,59.39
AFR,Africa,GIN,Guinea,2019,Female,17.01,62.36
AFR,Africa,GIN,Guinea,2019,Male,16.02,59.8
AFR,Africa,GIN,Guinea,2020,Female,16.75,62.54
AFR,Africa,GIN,Guinea,2020,Male,15.31,59.65
AFR,Africa,GIN,Guinea,2021,Female,16.74,62.48
AFR,Africa,GIN,Guinea,2021,Male,15.81,59.95
AFR,Africa,GMB,Gambia,2000,Female,17.15,61.16
AFR,Africa,GMB,Gambia,2000,Male,14.99,57.3
AFR,Africa,GMB,Gambia,2001,Female,17.13,61.35
AFR,Africa,GMB,Gambia,2001,Male,15.0,57.58
AFR,Africa,GMB,Gambia,2002,Female,17.07,61.51
AFR,Africa,GMB,Gambia,2002,Male,14.98,57.79
AFR,Africa,GMB,Gambia,2003,Female,17.04,61.72
AFR,Africa,GMB,Gambia,2003,Male,14.97,58.09
AFR,Africa,GMB,Gambia,2004,Female,17.01,61.98
AFR,Africa,GMB,Gambia,2004,Male,14.99,58.44
AFR,Africa,GMB,Gambia,2005,Female,17.01,62.34
AFR,Africa,GMB,Gambia,2005,Male,15.02,58.8
AFR,Africa,GMB,Gambia,2006,Female,17.02,62.68
AFR,Africa,GMB,Gambia,2006,Male,15.06,59.17
AFR,Africa,GMB,Gambia,2007,Female,17.02,62.92
AFR,Africa,GMB,Gambia,2007,Male,15.07,59.4
AFR,Africa,GMB,Gambia,2008,Female,17.05,63.28
AFR,Africa,GMB,Gambia,2008,Male,15.12,59.8
AFR,Africa,GMB,Gambia,2009,Female,17.1,63.65
AFR,Africa,GMB,Gambia,2009,Male,15.18,60.14
AFR,Africa,GMB,Gambia,2010,Female,17.16,64.17
AFR,Africa,GMB,Gambia,2010,Male,15.24,60.62
AFR,Africa,GMB,Gambia,2011,Female,17.21,64.79
AFR,Africa,GMB,Gambia,2011,Male,15.25,60.99
AFR,Africa,GMB,Gambia,2012,Female,17.25,65.27
AFR,Africa,GMB,Gambia,2012,Male,15.27,61.23
AFR,Africa,GMB,Gambia,2013,Female,17.25,65.47
AFR,Africa,GMB,Gambia,2013,Male,15.27,61.46
AFR,Africa,GMB,Gambia,2014,Female,17.24,65.58
AFR,Africa,GMB,Gambia,2014,Male,15.28,61.65
AFR,Africa,GMB,Gambia,2015,Female,17.26,65.79
AFR,Africa,GMB,Gambia,2015,Male,15.32,61.87
AFR,Africa,GMB,Gambia,2016,Female,17.27,66.05
AFR,Africa,GMB,Gambia,2016,Male,15.34,62.13
AFR,Africa,GMB,Gambia,2017,Female,17.31,66.36
AFR,Africa,GMB,Gambia,2017,Male,15.35,62.34
AFR,Africa,GMB,Gambia,2018,Female,17.37,66.67
AFR,Africa,GMB,Gambia,2018,Male,15.41,62.61
AFR,Africa,GMB,Gambia,2019,Female,17.44,66.98
AFR,Africa,GMB,Gambia,2019,Male,15.48,62.91
AFR,Africa,GMB,Gambia,2020,Female,17.13,66.99
AFR,Africa,GMB,Gambia,2020,Male,14.82,62.68
AFR,Africa,GMB,Gambia,2021,Female,16.69,66.26
AFR,Africa,GMB,Gambia,2021,Male,14.8,62.22
AFR,Africa,GNB,Guinea-Bissau,2000,Female,14.32,52.47
AFR,Africa,GNB,Guinea-Bissau,2000,Male,11.74,48.06
AFR,Africa,GNB,Guinea-Bissau,2001,Female,14.41,52.92
AFR,Africa,GNB,Guinea-Bissau,2001,Male,11.8,48.46
AFR,Africa,GNB,Guinea-Bissau,2002,Female,14.41,53.27
AFR,Africa,GNB,Guinea-Bissau,2002,Male,11.87,48.88
AFR,Africa,GNB,Guinea-Bissau,2003,Female,14.43,53.61
AFR,Africa,GNB,Guinea-Bissau,2003,Male,11.93,49.31
AFR,Africa,GNB,Guinea-Bissau,2004,Female,14.41,53.94
AFR,Africa,GNB,Guinea-Bissau,2004,Male,11.92,49.62
AFR,Africa,GNB,Guinea-Bissau,2005,Female,14.47,54.39
AFR,Africa,GNB,Guinea-Bissau,2005,Male,12.0,50.05
AFR,Africa,GNB,Guinea-Bissau,2006,Female,14.5,54.89
AFR,Africa,GNB,Guinea-Bissau,2006,Male,12.13,50.6
AFR,Africa,GNB,Guinea-Bissau,2007,Female,14.55,55.55
AFR,Africa,GNB,Guinea-Bissau,2007,Male,12.25,51.35
AFR,Africa,GNB,Guinea-Bissau,2008,Female,14.62,56.28
AFR,Africa,GNB,Guinea-Bissau,2008,Male,12.36,52.07
AFR,Africa,GNB,Guinea-Bissau,2009,Female,14.66,56.85
AFR,Africa,GNB,Guinea-Bissau,2009,Male,12.42,52.52
AFR,Africa,GNB,Guinea-Bissau,2010,Female,14.75,57.44
AFR,Africa,GNB,Guinea-Bissau,2010,Male,12.51,53.17
AFR,Africa,GNB,Guinea-Bissau,2011,Female,14.86,58.1
AFR,Africa,GNB,Guinea-Bissau,2011,Male,12.62,53.73
AFR,Africa,GNB,Guinea-Bissau,2012,Female,14.93,58.69
AFR,Africa,GNB,Guinea-Bissau,2012,Male,12.72,54.15
AFR,Africa,GNB,Guinea-Bissau,2013,Female,15.02,59.27
AFR,Africa,GNB,Guinea-Bissau,2013,Male,12.8,54.48
AFR,Africa,GNB,Guinea-Bissau,2014,Female,15.05,59.56
AFR,Africa,GNB,Guinea-Bissau,2014,Male,12.87,54.71
AFR,Africa,GNB,Guinea-Bissau,2015,Female,15.1,59.89
AFR,Africa,GNB,Guinea-Bissau,2015,Male,12.97,55.15
AFR,Africa,GNB,Guinea-Bissau,2016,Female,15.2,60.29
AFR,Africa,GNB,Guinea-Bissau,2016,Male,13.11,55.65
AFR,Africa,GNB,Guinea-Bissau,2017,Female,15.28,60.59
AFR,Africa,GNB,Guinea-Bissau,2017,Male,13.25,55.99
AFR,Africa,GNB,Guinea-Bissau,2018,Female,15.37,60.95
AFR,Africa,GNB,Guinea-Bissau,2018,Male,13.34,56.14
AFR,Africa,GNB,Guinea-Bissau,2019,Female,15.47,61.44
AFR,Africa,GNB,Guinea-Bissau,2019,Male,13.43,56.41
AFR,Africa,GNB,Guinea-Bissau,2020,Female,14.75,60.96
AFR,Africa,GNB,Guinea-Bissau,2020,Male,12.35,55.73
AFR,Africa,GNB,Guinea-Bissau,2021,Female,14.93,61.1
AFR,Africa,GNB,Guinea-Bissau,2021,Male,12.96,56.08
AFR,Africa,GNQ,Equatorial Guinea,2000,Female,16.33,55.76
AFR,Africa,GNQ,Equatorial Guinea,2000,Male,13.68,52.43
AFR,Africa,GNQ,Equatorial Guinea,2001,Female,16.68,56.25
AFR,Africa,GNQ,Equatorial Guinea,2001,Male,14.25,53.48
AFR,Africa,GNQ,Equatorial Guinea,2002,Female,16.95,56.57
AFR,Africa,GNQ,Equatorial Guinea,2002,Male,14.77,54.36
AFR,Africa,GNQ,Equatorial Guinea,2003,Female,16.99,56.55
AFR,Africa,GNQ,Equatorial Guinea,2003,Male,15.03,54.84
AFR,Africa,GNQ,Equatorial Guinea,2004,Female,17.1,56.79
AFR,Africa,GNQ,Equatorial Guinea,2004,Male,15.34,55.46
AFR,Africa,GNQ,Equatorial Guinea,2005,Female,17.32,57.41
AFR,Africa,GNQ,Equatorial Guinea,2005,Male,15.64,56.0
AFR,Africa,GNQ,Equatorial Guinea,2006,Female,17.51,58.18
AFR,Africa,GNQ,Equatorial Guinea,2006,Male,15.92,57.13
AFR,Africa,GNQ,Equatorial Guinea,2007,Female,17.73,59.11
AFR,Africa,GNQ,Equatorial Guinea,2007,Male,16.1,57.93
AFR,Africa,GNQ,Equatorial Guinea,2008,Female,17.81,59.74
AFR,Africa,GNQ,Equatorial Guinea,2008,Male,16.23,58.57
AFR,Africa,GNQ,Equatorial Guinea,2009,Female,17.8,59.81
AFR,Africa,GNQ,Equatorial Guinea,2009,Male,16.48,59.57
AFR,Africa,GNQ,Equatorial Guinea,2010,Female,17.6,59.32
AFR,Africa,GNQ,Equatorial Guinea,2010,Male,16.7,60.36
AFR,Africa,GNQ,Equatorial Guinea,2011,Female,17.6,59.25
AFR,Africa,GNQ,Equatorial Guinea,2011,Male,16.57,60.05
AFR,Africa,GNQ,Equatorial Guinea,2012,Female,17.9,60.17
AFR,Africa,GNQ,Equatorial Guinea,2012,Male,16.42,59.75
AFR,Africa,GNQ,Equatorial Guinea,2013,Female,18.29,61.66
AFR,Africa,GNQ,Equatorial Guinea,2013,Male,16.41,60.07
AFR,Africa,GNQ,Equatorial Guinea,2014,Female,18.57,62.65
AFR,Africa,GNQ,Equatorial Guinea,2014,Male,16.39,60.3
AFR,Africa,GNQ,Equatorial Guinea,2015,Female,18.34,62.16
AFR,Africa,GNQ,Equatorial Guinea,2015,Male,16.12,59.99
AFR,Africa,GNQ,Equatorial Guinea,2016,Female,18.22,62.09
AFR,Africa,GNQ,Equatorial Guinea,2016,Male,15.86,59.6
AFR,Africa,GNQ,Equatorial Guinea,2017,Female,18.33,62.76
AFR,Africa,GNQ,Equatorial Guinea,2017,Male,15.82,59.72
AFR,Africa,GNQ,Equatorial Guinea,2018,Female,18.35,63.11
AFR,Africa,GNQ,Equatorial Guinea,2018,Male,15.76,59.87
AFR,Africa,GNQ,Equatorial Guinea,2019,Female,18.23,63.05
AFR,Africa,GNQ,Equatorial Guinea,2019,Male,15.62,59.88
AFR,Africa,GNQ,Equatorial Guinea,2020,Female,17.66,62.92
AFR,Africa,GNQ,Equatorial Guinea,2020,Male,14.73,59.61
AFR,Africa,GNQ,Equatorial Guinea,2021,Female,17.83,63.21
AFR,Africa,GNQ,Equatorial Guinea,2021,Male,15.33,60.17
AFR,Africa,KEN,Kenya,2000,Female,18.73,55.22
AFR,Africa,KEN,Kenya,2000,Male,14.58,52.94
AFR,Africa,KEN,Kenya,2001,Female,18.68,55.45
AFR,Africa,KEN,Kenya,2001,Male,14.49,53.19
AFR,Africa,KEN,Kenya,2002,Female,18.53,55.7
AFR,Africa,KEN,Kenya,2002,Male,14.35,53.44
AFR,Africa,KEN,Kenya,2003,Female,18.33,56.06
AFR,Africa,KEN,Kenya,2003,Male,14.2,53.74
AFR,Africa,KEN,Kenya,2004,Female,18.24,56.76
AFR,Africa,KEN,Kenya,2004,Male,14.12,54.25
AFR,Africa,KEN,Kenya,2005,Female,18.22,57.78
AFR,Africa,KEN,Kenya,2005,Male,14.12,55.0
AFR,Africa,KEN,Kenya,2006,Female,18.23,59.01
AFR,Africa,KEN,Kenya,2006,Male,14.17,55.92
AFR,Africa,KEN,Kenya,2007,Female,18.23,60.21
AFR,Africa,KEN,Kenya,2007,Male,14.27,56.89
AFR,Africa,KEN,Kenya,2008,Female,18.22,61.28
AFR,Africa,KEN,Kenya,2008,Male,14.37,57.7
AFR,Africa,KEN,Kenya,2009,Female,18.18,62.31
AFR,Africa,KEN,Kenya,2009,Male,14.48,58.68
AFR,Africa,KEN,Kenya,2010,Female,18.14,63.13
AFR,Africa,KEN,Kenya,2010,Male,14.61,59.44
AFR,Africa,KEN,Kenya,2011,Female,18.16,64.12
AFR,Africa,KEN,Kenya,2011,Male,14.73,59.88
AFR,Africa,KEN,Kenya,2012,Female,18.22,65.11
AFR,Africa,KEN,Kenya,2012,Male,14.86,60.21
AFR,Africa,KEN,Kenya,2013,Female,18.25,65.65
AFR,Africa,KEN,Kenya,2013,Male,15.0,60.66
AFR,Africa,KEN,Kenya,2014,Female,18.31,66.14
AFR,Africa,KEN,Kenya,2014,Male,15.16,61.21
AFR,Africa,KEN,Kenya,2015,Female,18.4,66.8
AFR,Africa,KEN,Kenya,2015,Male,15.3,61.87
AFR,Africa,KEN,Kenya,2016,Female,18.53,67.53
AFR,Africa,KEN,Kenya,2016,Male,15.46,62.6
AFR,Africa,KEN,Kenya,2017,Female,18.63,68.14
AFR,Africa,KEN,Kenya,2017,Male,15.58,63.15
AFR,Africa,KEN,Kenya,2018,Female,18.71,68.57
AFR,Africa,KEN,Kenya,2018,Male,15.69,63.63
AFR,Africa,KEN,Kenya,2019,Female,18.8,68.99
AFR,Africa,KEN,Kenya,2019,Male,15.81,64.07
AFR,Africa,KEN,Kenya,2020,Female,18.67,69.67
AFR,Africa,KEN,Kenya,2020,Male,14.58,64.06
AFR,Africa,KEN,Kenya,2021,Female,17.58,69.22
AFR,Africa,KEN,Kenya,2021,Male,14.02,64.4
AFR,Africa,LBR,Liberia,2000,Female,15.62,53.98
AFR,Africa,LBR,Liberia,2000,Male,15.27,52.58
AFR,Africa,LBR,Liberia,2001,Female,15.77,54.74
AFR,Africa,LBR,Liberia,2001,Male,15.44,53.14
AFR,Africa,LBR,Liberia,2002,Female,15.82,55.11
AFR,Africa,LBR,Liberia,2002,Male,15.5,52.26
AFR,Africa,LBR,Liberia,2003,Female,15.85,55.4
AFR,Africa,LBR,Liberia,2003,Male,15.58,51.9
AFR,Africa,LBR,Liberia,2004,Female,15.95,56.86
AFR,Africa,LBR,Liberia,2004,Male,15.9,56.05
AFR,Africa,LBR,Liberia,2005,Female,16.06,57.9
AFR,Africa,LBR,Liberia,2005,Male,16.07,57.25
AFR,Africa,LBR,Liberia,2006,Female,16.19,58.93
AFR,Africa,LBR,Liberia,2006,Male,16.14,58.21
AFR,Africa,LBR,Liberia,2007,Female,16.28,59.69
AFR,Africa,LBR,Liberia,2007,Male,16.2,58.95
AFR,Africa,LBR,Liberia,2008,Female,16.27,60.1
AFR,Africa,LBR,Liberia,2008,Male,16.27,59.43
AFR,Africa,LBR,Liberia,2009,Female,16.21,60.41
AFR,Africa,LBR,Liberia,2009,Male,16.22,59.71
AFR,Africa,LBR,Liberia,2010,Female,16.24,60.78
AFR,Africa,LBR,Liberia,2010,Male,16.17,59.95
AFR,Africa,LBR,Liberia,2011,Female,16.35,61.23
AFR,Africa,LBR,Liberia,2011,Male,16.19,60.25
AFR,Africa,LBR,Liberia,2012,Female,16.47,61.58
AFR,Africa,LBR,Liberia,2012,Male,16.32,60.59
AFR,Africa,LBR,Liberia,2013,Female,16.58,61.93
AFR,Africa,LBR,Liberia,2013,Male,16.47,60.85
AFR,Africa,LBR,Liberia,2014,Female,15.84,58.23
AFR,Africa,LBR,Liberia,2014,Male,16.04,58.02
AFR,Africa,LBR,Liberia,2015,Female,16.38,60.71
AFR,Africa,LBR,Liberia,2015,Male,16.41,60.06
AFR,Africa,LBR,Liberia,2016,Female,16.81,62.77
AFR,Africa,LBR,Liberia,2016,Male,16.73,61.66
AFR,Africa,LBR,Liberia,2017,Female,16.96,63.32
AFR,Africa,LBR,Liberia,2017,Male,16.83,61.94
AFR,Africa,LBR,Liberia,2018,Female,17.08,63.85
AFR,Africa,LBR,Liberia,2018,Male,16.92,62.33
AFR,Africa,LBR,Liberia,2019,Female,17.11,64.2
AFR,Africa,LBR,Liberia,2019,Male,16.96,62.68
AFR,Africa,LBR,Liberia,2020,Female,16.92,64.42
AFR,Africa,LBR,Liberia,2020,Male,16.15,62.47
AFR,Africa,LBR,Liberia,2021,Female,16.85,64.27
AFR,Africa,LBR,Liberia,2021,Male,16.64,62.64
AFR,Africa,LSO,Lesotho,2000,Female,15.59,49.94
AFR,Africa,LSO,Lesotho,2000,Male,10.78,45.23
AFR,Africa,LSO,Lesotho,2001,Female,15.55,51.05
AFR,Africa,LSO,Lesotho,2001,Male,10.78,45.39
AFR,Africa,LSO,Lesotho,2002,Female,15.33,51.13
AFR,Africa,LSO,Lesotho,2002,Male,10.68,45.07
AFR,Africa,LSO,Lesotho,2003,Female,14.49,48.06
AFR,Africa,LSO,Lesotho,2003,Male,10.36,43.57
AFR,Africa,LSO,Lesotho,2004,Female,13.85,45.61
AFR,Africa,LSO,Lesotho,2004,Male,9.93,42.23
AFR,Africa,LSO,Lesotho,2005,Female,13.35,44.04
AFR,Africa,LSO,Lesotho,2005,Male,9.66,41.43
AFR,Africa,LSO,Lesotho,2006,Female,13.14,43.54
AFR,Africa,LSO,Lesotho,2006,Male,9.54,41.35
AFR,Africa,LSO,Lesotho,2007,Female,13.3,45.3
AFR,Africa,LSO,Lesotho,2007,Male,9.71,42.58
AFR,Africa,LSO,Lesotho,2008,Female,13.58,47.89
AFR,Africa,LSO,Lesotho,2008,Male,10.0,44.07
AFR,Africa,LSO,Lesotho,2009,Female,13.83,49.96
AFR,Africa,LSO,Lesotho,2009,Male,10.16,45.13
AFR,Africa,LSO,Lesotho,2010,Female,13.93,51.7
AFR,Africa,LSO,Lesotho,2010,Male,10.18,45.8
AFR,Africa,LSO,Lesotho,2011,Female,14.03,52.35
AFR,Africa,LSO,Lesotho,2011,Male,10.24,46.25
AFR,Africa,LSO,Lesotho,2012,Female,13.9,52.06
AFR,Africa,LSO,Lesotho,2012,Male,10.25,46.32
AFR,Africa,LSO,Lesotho,2013,Female,13.82,52.02
AFR,Africa,LSO,Lesotho,2013,Male,10.25,46.25
AFR,Africa,LSO,Lesotho,2014,Female,13.7,51.69
AFR,Africa,LSO,Lesotho,2014,Male,10.16,46.03
AFR,Africa,LSO,Lesotho,2015,Female,13.61,51.7
AFR,Africa,LSO,Lesotho,2015,Male,10.15,46.29
AFR,Africa,LSO,Lesotho,2016,Female,13.78,52.79
AFR,Africa,LSO,Lesotho,2016,Male,10.37,47.38
AFR,Africa,LSO,Lesotho,2017,Female,14.07,54.02
AFR,Africa,LSO,Lesotho,2017,Male,10.63,48.37
AFR,Africa,LSO,Lesotho,2018,Female,14.27,54.77
AFR,Africa,LSO,Lesotho,2018,Male,10.75,48.75
AFR,Africa,LSO,Lesotho,2019,Female,14.33,54.91
AFR,Africa,LSO,Lesotho,2019,Male,10.8,48.96
AFR,Africa,LSO,Lesotho,2020,Female,14.66,55.14
AFR,Africa,LSO,Lesotho,2020,Male,10.7,48.94
AFR,Africa,LSO,Lesotho,2021,Female,13.67,54.6
AFR,Africa,LSO,Lesotho,2021,Male,10.1,48.73
AFR,Africa,MDG,Madagascar,2000,Female,15.42,59.79
AFR,Africa,MDG,Madagascar,2000,Male,14.51,57.71
AFR,Africa,MDG,Madagascar,2001,Female,15.53,60.32
AFR,Africa,MDG,Madagascar,2001,Male,14.62,58.21
AFR,Africa,MDG,Madagascar,2002,Female,15.41,60.45
AFR,Africa,MDG,Madagascar,2002,Male,14.59,58.43
AFR,Africa,MDG,Madagascar,2003,Female,15.44,60.83
AFR,Africa,MDG,Madagascar,2003,Male,14.51,58.65
AFR,Africa,MDG,Madagascar,2004,Female,15.49,61.17
AFR,Africa,MDG,Madagascar,2004,Male,14.61,59.08
AFR,Africa,MDG,Madagascar,2005,Female,15.72,61.83
AFR,Africa,MDG,Madagascar,2005,Male,14.74,59.55
AFR,Africa,MDG,Madagascar,2006,Female,15.89,62.36
AFR,Africa,MDG,Madagascar,2006,Male,14.9,60.05
AFR,Africa,MDG,Madagascar,2007,Female,16.03,62.8
AFR,Africa,MDG,Madagascar,2007,Male,15.09,60.56
AFR,Africa,MDG,Madagascar,2008,Female,16.09,63.13
AFR,Africa,MDG,Madagascar,2008,Male,15.17,60.93
AFR,Africa,MDG,Madagascar,2009,Female,16.12,63.37
AFR,Africa,MDG,Madagascar,2009,Male,15.21,61.15
AFR,Africa,MDG,Madagascar,2010,Female,16.16,63.63
AFR,Africa,MDG,Madagascar,2010,Male,15.27,61.44
AFR,Africa,MDG,Madagascar,2011,Female,16.21,63.85
AFR,Africa,MDG,Madagascar,2011,Male,15.34,61.69
AFR,Africa,MDG,Madagascar,2012,Female,16.26,64.03
AFR,Africa,MDG,Madagascar,2012,Male,15.42,61.9
AFR,Africa,MDG,Madagascar,2013,Female,16.3,64.19
AFR,Africa,MDG,Madagascar,2013,Male,15.49,62.06
AFR,Africa,MDG,Madagascar,2014,Female,16.33,64.3
AFR,Africa,MDG,Madagascar,2014,Male,15.53,62.17
AFR,Africa,MDG,Madagascar,2015,Female,16.35,64.41
AFR,Africa,MDG,Madagascar,2015,Male,15.59,62.33
AFR,Africa,MDG,Madagascar,2016,Female,16.41,64.5
AFR,Africa,MDG,Madagascar,2016,Male,15.67,62.45
AFR,Africa,MDG,Madagascar,2017,Female,16.46,64.6
AFR,Africa,MDG,Madagascar,2017,Male,15.75,62.57
AFR,Africa,MDG,Madagascar,2018,Female,16.52,64.72
AFR,Africa,MDG,Madagascar,2018,Male,15.83,62.72
AFR,Africa,MDG,Madagascar,2019,Female,16.57,64.82
AFR,Africa,MDG,Madagascar,2019,Male,15.9,62.83
AFR,Africa,MDG,Madagascar,2020,Female,16.02,64.29
AFR,Africa,MDG,Madagascar,2020,Male,14.81,61.89
AFR,Africa,MDG,Madagascar,2021,Female,16.0,64.03
AFR,Africa,MDG,Madagascar,2021,Male,15.26,61.86
AFR,Africa,MLI,Mali,2000,Female,15.41,52.92
AFR,Africa,MLI,Mali,2000,Male,16.35,53.26
AFR,Africa,MLI,Mali,2001,Female,15.52,53.47
AFR,Africa,MLI,Mali,2001,Male,16.45,53.83
AFR,Africa,MLI,Mali,2002,Female,15.64,54.05
AFR,Africa,MLI,Mali,2002,Male,16.49,54.33
AFR,Africa,MLI,Mali,2003,Female,15.8,54.73
AFR,Africa,MLI,Mali,2003,Male,16.56,55.01
AFR,Africa,MLI,Mali,2004,Female,15.97,55.5
AFR,Africa,MLI,Mali,2004,Male,16.61,55.92
AFR,Africa,MLI,Mali,2005,Female,16.1,56.12
AFR,Africa,MLI,Mali,2005,Male,16.65,56.43
AFR,Africa,MLI,Mali,2006,Female,16.19,56.72
AFR,Africa,MLI,Mali,2006,Male,16.68,56.85
AFR,Africa,MLI,Mali,2007,Female,16.28,57.38
AFR,Africa,MLI,Mali,2007,Male,16.64,57.32
AFR,Africa,MLI,Mali,2008,Female,16.34,57.91
AFR,Africa,MLI,Mali,2008,Male,16.6,57.68
AFR,Africa,MLI,Mali,2009,Female,16.47,58.48
AFR,Africa,MLI,Mali,2009,Male,16.63,58.09
AFR,Africa,MLI,Mali,2010,Female,16.53,58.9
AFR,Africa,MLI,Mali,2010,Male,16.62,58.4
AFR,Africa,MLI,Mali,2011,Female,16.6,59.38
AFR,Africa,MLI,Mali,2011,Male,16.65,58.73
AFR,Africa,MLI,Mali,2012,Female,16.62,59.72
AFR,Africa,MLI,Mali,2012,Male,16.64,58.84
AFR,Africa,MLI,Mali,2013,Female,16.63,59.92
AFR,Africa,MLI,Mali,2013,Male,16.59,58.86
AFR,Africa,MLI,Mali,2014,Female,16.7,60.27
AFR,Africa,MLI,Mali,2014,Male,16.61,59.3
AFR,Africa,MLI,Mali,2015,Female,16.77,60.63
AFR,Africa,MLI,Mali,2015,Male,16.66,59.62
AFR,Africa,MLI,Mali,2016,Female,16.9,61.09
AFR,Africa,MLI,Mali,2016,Male,16.8,60.19
AFR,Africa,MLI,Mali,2017,Female,17.0,61.49
AFR,Africa,MLI,Mali,2017,Male,16.94,60.57
AFR,Africa,MLI,Mali,2018,Female,17.09,61.88
AFR,Africa,MLI,Mali,2018,Male,17.04,60.77
AFR,Africa,MLI,Mali,2019,Female,17.2,62.41
AFR,Africa,MLI,Mali,2019,Male,17.15,61.28
AFR,Africa,MLI,Mali,2020,Female,16.63,62.26
AFR,Africa,MLI,Mali,2020,Male,15.89,60.68
AFR,Africa,MLI,Mali,2021,Female,16.63,62.29
AFR,Africa,MLI,Mali,2021,Male,16.51,61.08
AFR,Africa,MOZ,Mozambique,2000,Female,16.65,53.04
AFR,Africa,MOZ,Mozambique,2000,Male,12.8,48.91
AFR,Africa,MOZ,Mozambique,2001,Female,16.81,53.45
AFR,Africa,MOZ,Mozambique,2001,Male,12.75,49.24
AFR,Africa,MOZ,Mozambique,2002,Female,16.84,53.59
AFR,Africa,MOZ,Mozambique,2002,Male,12.64,49.41
AFR,Africa,MOZ,Mozambique,2003,Female,16.88,53.76
AFR,Africa,MOZ,Mozambique,2003,Male,12.56,49.64
AFR,Africa,MOZ,Mozambique,2004,Female,16.87,53.9
AFR,Africa,MOZ,Mozambique,2004,Male,12.46,49.8
AFR,Africa,MOZ,Mozambique,2005,Female,16.79,54.01
AFR,Africa,MOZ,Mozambique,2005,Male,12.34,49.92
AFR,Africa,MOZ,Mozambique,2006,Female,16.76,54.3
AFR,Africa,MOZ,Mozambique,2006,Male,12.23,50.11
AFR,Africa,MOZ,Mozambique,2007,Female,16.67,54.8
AFR,Africa,MOZ,Mozambique,2007,Male,12.12,50.46
AFR,Africa,MOZ,Mozambique,2008,Female,16.62,55.37
AFR,Africa,MOZ,Mozambique,2008,Male,12.06,50.84
AFR,Africa,MOZ,Mozambique,2009,Female,16.45,55.65
AFR,Africa,MOZ,Mozambique,2009,Male,11.96,51.07
AFR,Africa,MOZ,Mozambique,2010,Female,16.21,55.66
AFR,Africa,MOZ,Mozambique,2010,Male,11.85,51.05
AFR,Africa,MOZ,Mozambique,2011,Female,16.1,55.87
AFR,Africa,MOZ,Mozambique,2011,Male,11.82,51.22
AFR,Africa,MOZ,Mozambique,2012,Female,16.04,56.13
AFR,Africa,MOZ,Mozambique,2012,Male,11.81,51.39
AFR,Africa,MOZ,Mozambique,2013,Female,16.07,56.75
AFR,Africa,MOZ,Mozambique,2013,Male,11.88,51.77
AFR,Africa,MOZ,Mozambique,2014,Female,16.2,57.76
AFR,Africa,MOZ,Mozambique,2014,Male,12.0,52.35
AFR,Africa,MOZ,Mozambique,2015,Female,16.38,58.81
AFR,Africa,MOZ,Mozambique,2015,Male,12.14,52.97
AFR,Africa,MOZ,Mozambique,2016,Female,16.58,59.76
AFR,Africa,MOZ,Mozambique,2016,Male,12.33,53.6
AFR,Africa,MOZ,Mozambique,2017,Female,16.76,60.54
AFR,Africa,MOZ,Mozambique,2017,Male,12.53,54.21
AFR,Africa,MOZ,Mozambique,2018,Female,16.93,61.13
AFR,Africa,MOZ,Mozambique,2018,Male,12.73,54.82
AFR,Africa,MOZ,Mozambique,2019,Female,17.06,61.67
AFR,Africa,MOZ,Mozambique,2019,Male,12.92,55.39
AFR,Africa,MOZ,Mozambique,2020,Female,16.72,61.81
AFR,Africa,MOZ,Mozambique,2020,Male,12.23,55.55
AFR,Africa,MOZ,Mozambique,2021,Female,15.73,60.55
AFR,Africa,MOZ,Mozambique,2021,Male,12.05,54.8
AFR,Africa,MRT,Mauritania,2000,Female,16.62,62.91
AFR,Africa,MRT,Mauritania,2000,Male,17.57,63.06
AFR,Africa,MRT,Mauritania,2001,Female,16.75,63.44
AFR,Africa,MRT,Mauritania,2001,Male,17.74,63.67
AFR,Africa,MRT,Mauritania,2002,Female,16.92,64.07
AFR,Africa,MRT,Mauritania,2002,Male,17.98,64.4
AFR,Africa,MRT,Mauritania,2003,Female,17.12,64.74
AFR,Africa,MRT,Mauritania,2003,Male,18.24,65.1
AFR,Africa,MRT,Mauritania,2004,Female,17.22,65.3
AFR,Africa,MRT,Mauritania,2004,Male,18.33,65.67
AFR,Africa,MRT,Mauritania,2005,Female,17.35,65.85
AFR,Africa,MRT,Mauritania,2005,Male,18.45,66.14
AFR,Africa,MRT,Mauritania,2006,Female,17.53,66.5
AFR,Africa,MRT,Mauritania,2006,Male,18.69,66.92
AFR,Africa,MRT,Mauritania,2007,Female,17.67,67.03
AFR,Africa,MRT,Mauritania,2007,Male,18.82,67.38
AFR,Africa,MRT,Mauritania,2008,Female,17.81,67.53
AFR,Africa,MRT,Mauritania,2008,Male,18.97,67.93
AFR,Africa,MRT,Mauritania,2009,Female,17.88,67.97
AFR,Africa,MRT,Mauritania,2009,Male,18.98,68.34
AFR,Africa,MRT,Mauritania,2010,Female,17.96,68.34
AFR,Africa,MRT,Mauritania,2010,Male,18.99,68.67
AFR,Africa,MRT,Mauritania,2011,Female,18.05,68.7
AFR,Africa,MRT,Mauritania,2011,Male,19.04,68.97
AFR,Africa,MRT,Mauritania,2012,Female,18.11,68.99
AFR,Africa,MRT,Mauritania,2012,Male,19.07,69.25
AFR,Africa,MRT,Mauritania,2013,Female,18.18,69.15
AFR,Africa,MRT,Mauritania,2013,Male,19.11,69.34
AFR,Africa,MRT,Mauritania,2014,Female,18.23,69.28
AFR,Africa,MRT,Mauritania,2014,Male,19.09,69.35
AFR,Africa,MRT,Mauritania,2015,Female,18.25,69.47
AFR,Africa,MRT,Mauritania,2015,Male,19.05,69.48
AFR,Africa,MRT,Mauritania,2016,Female,18.31,69.71
AFR,Africa,MRT,Mauritania,2016,Male,19.05,69.65
AFR,Africa,MRT,Mauritania,2017,Female,18.33,69.92
AFR,Africa,MRT,Mauritania,2017,Male,18.98,69.74
AFR,Africa,MRT,Mauritania,2018,Female,18.37,70.15
AFR,Africa,MRT,Mauritania,2018,Male,18.97,69.88
AFR,Africa,MRT,Mauritania,2019,Female,18.39,70.38
AFR,Africa,MRT,Mauritania,2019,Male,18.89,70.0
AFR,Africa,MRT,Mauritania,2020,Female,17.52,69.61
AFR,Africa,MRT,Mauritania,2020,Male,16.97,68.23
AFR,Africa,MRT,Mauritania,2021,Female,17.43,69.36
AFR,Africa,MRT,Mauritania,2021,Male,17.43,68.38
AFR,Africa,MUS,Mauritius,2000,Female,19.75,74.77
AFR,Africa,MUS,Mauritius,2000,Male,15.77,67.75
AFR,Africa,MUS,Mauritius,2001,Female,19.85,74.98
AFR,Africa,MUS,Mauritius,2001,Male,15.95,68.12
AFR,Africa,MUS,Mauritius,2002,Female,19.94,75.16
AFR,Africa,MUS,Mauritius,2002,Male,16.07,68.4
AFR,Africa,MUS,Mauritius,2003,Female,20.0,75.3
AFR,Africa,MUS,Mauritius,2003,Male,16.14,68.58
AFR,Africa,MUS,Mauritius,2004,Female,20.07,75.44
AFR,Africa,MUS,Mauritius,2004,Male,16.22,68.72
AFR,Africa,MUS,Mauritius,2005,Female,20.18,75.61
AFR,Africa,MUS,Mauritius,2005,Male,16.31,68.86
AFR,Africa,MUS,Mauritius,2006,Female,20.41,75.88
AFR,Africa,MUS,Mauritius,2006,Male,16.5,69.06
AFR,Africa,MUS,Mauritius,2007,Female,20.64,76.13
AFR,Africa,MUS,Mauritius,2007,Male,16.69,69.26
AFR,Africa,MUS,Mauritius,2008,Female,20.89,76.43
AFR,Africa,MUS,Mauritius,2008,Male,16.92,69.48
AFR,Africa,MUS,Mauritius,2009,Female,21.09,76.68
AFR,Africa,MUS,Mauritius,2009,Male,17.13,69.69
AFR,Africa,MUS,Mauritius,2010,Female,21.29,76.93
AFR,Africa,MUS,Mauritius,2010,Male,17.36,69.93
AFR,Africa,MUS,Mauritius,2011,Female,21.42,77.04
AFR,Africa,MUS,Mauritius,2011,Male,17.53,70.14
AFR,Africa,MUS,Mauritius,2012,Female,21.56,77.19
AFR,Africa,MUS,Mauritius,2012,Male,17.72,70.34
AFR,Africa,MUS,Mauritius,2013,Female,21.64,77.23
AFR,Africa,MUS,Mauritius,2013,Male,17.87,70.51
AFR,Africa,MUS,Mauritius,2014,Female,21.81,77.4
AFR,Africa,MUS,Mauritius,2014,Male,18.08,70.74
AFR,Africa,MUS,Mauritius,2015,Female,21.9,77.46
AFR,Africa,MUS,Mauritius,2015,Male,18.24,70.91
AFR,Africa,MUS,Mauritius,2016,Female,21.98,77.48
AFR,Africa,MUS,Mauritius,2016,Male,18.35,70.96
AFR,Africa,MUS,Mauritius,2017,Female,21.98,77.42
AFR,Africa,MUS,Mauritius,2017,Male,18.41,70.93
AFR,Africa,MUS,Mauritius,2018,Female,21.99,77.33
AFR,Africa,MUS,Mauritius,2018,Male,18.44,70.86
AFR,Africa,MUS,Mauritius,2019,Female,22.09,77.43
AFR,Africa,MUS,Mauritius,2019,Male,18.56,70.83
AFR,Africa,MUS,Mauritius,2020,Female,21.76,76.99
AFR,Africa,MUS,Mauritius,2020,Male,18.14,70.33
AFR,Africa,MUS,Mauritius,2021,Female,21.65,76.91
AFR,Africa,MUS,Mauritius,2021,Male,17.99,70.14
AFR,Africa,MWI,Malawi,2000,Female,14.47,45.35
AFR,Africa,MWI,Malawi,2000,Male,11.72,44.05
AFR,Africa,MWI,Malawi,2001,Female,14.58,46.07
AFR,Africa,MWI,Malawi,2001,Male,11.78,44.8
AFR,Africa,MWI,Malawi,2002,Female,14.66,46.89
AFR,Africa,MWI,Malawi,2002,Male,11.83,45.65
AFR,Africa,MWI,Malawi,2003,Female,14.7,47.74
AFR,Africa,MWI,Malawi,2003,Male,11.9,46.58
AFR,Africa,MWI,Malawi,2004,Female,14.77,48.74
AFR,Africa,MWI,Malawi,2004,Male,11.92,47.4
AFR,Africa,MWI,Malawi,2005,Female,15.03,50.25
AFR,Africa,MWI,Malawi,2005,Male,12.06,48.47
AFR,Africa,MWI,Malawi,2006,Female,15.35,52.15
AFR,Africa,MWI,Malawi,2006,Male,12.26,49.71
AFR,Africa,MWI,Malawi,2007,Female,15.66,54.15
AFR,Africa,MWI,Malawi,2007,Male,12.48,50.97
AFR,Africa,MWI,Malawi,2008,Female,15.91,56.18
AFR,Africa,MWI,Malawi,2008,Male,12.71,52.39
AFR,Africa,MWI,Malawi,2009,Female,16.18,57.86
AFR,Africa,MWI,Malawi,2009,Male,12.93,53.66
AFR,Africa,MWI,Malawi,2010,Female,16.44,59.15
AFR,Africa,MWI,Malawi,2010,Male,13.13,54.67
AFR,Africa,MWI,Malawi,2011,Female,16.75,60.59
AFR,Africa,MWI,Malawi,2011,Male,13.34,55.72
AFR,Africa,MWI,Malawi,2012,Female,17.03,62.13
AFR,Africa,MWI,Malawi,2012,Male,13.56,56.81
AFR,Africa,MWI,Malawi,2013,Female,17.23,63.46
AFR,Africa,MWI,Malawi,2013,Male,13.73,57.77
AFR,Africa,MWI,Malawi,2014,Female,17.39,64.37
AFR,Africa,MWI,Malawi,2014,Male,13.86,58.44
AFR,Africa,MWI,Malawi,2015,Female,17.43,64.87
AFR,Africa,MWI,Malawi,2015,Male,13.94,58.89
AFR,Africa,MWI,Malawi,2016,Female,17.46,65.24
AFR,Africa,MWI,Malawi,2016,Male,13.99,59.24
AFR,Africa,MWI,Malawi,2017,Female,17.45,65.55
AFR,Africa,MWI,Malawi,2017,Male,14.05,59.63
AFR,Africa,MWI,Malawi,2018,Female,17.41,65.82
AFR,Africa,MWI,Malawi,2018,Male,14.11,60.06
AFR,Africa,MWI,Malawi,2019,Female,17.44,66.05
AFR,Africa,MWI,Malawi,2019,Male,14.19,60.43
AFR,Africa,MWI,Malawi,2020,Female,17.31,66.29
AFR,Africa,MWI,Malawi,2020,Male,13.71,60.67
AFR,Africa,MWI,Malawi,2021,Female,16.77,65.27
AFR,Africa,MWI,Malawi,2021,Male,13.61,59.72
AFR,Africa,NAM,Namibia,2000,Female,15.54,55.09
AFR,Africa,NAM,Namibia,2000,Male,12.32,50.9
AFR,Africa,NAM,Namibia,2001,Female,15.42,54.21
AFR,Africa,NAM,Namibia,2001,Male,12.19,50.46
AFR,Africa,NAM,Namibia,2002,Female,15.28,53.44
AFR,Africa,NAM,Namibia,2002,Male,12.05,49.97
AFR,Africa,NAM,Namibia,2003,Female,15.28,53.03
AFR,Africa,NAM,Namibia,2003,Male,11.98,49.69
AFR,Africa,NAM,Namibia,2004,Female,15.47,53.42
AFR,Africa,NAM,Namibia,2004,Male,12.01,49.83
AFR,Africa,NAM,Namibia,2005,Female,15.83,54.93
AFR,Africa,NAM,Namibia,2005,Male,12.19,50.71
AFR,Africa,NAM,Namibia,2006,Female,16.28,57.16
AFR,Africa,NAM,Namibia,2006,Male,12.49,52.23
AFR,Africa,NAM,Namibia,2007,Female,16.77,59.72
AFR,Africa,NAM,Namibia,2007,Male,12.84,53.97
AFR,Africa,NAM,Namibia,2008,Female,17.16,61.82
AFR,Africa,NAM,Namibia,2008,Male,13.12,55.45
AFR,Africa,NAM,Namibia,2009,Female,17.32,62.68
AFR,Africa,NAM,Namibia,2009,Male,13.31,56.33
AFR,Africa,NAM,Namibia,2010,Female,17.48,63.4
AFR,Africa,NAM,Namibia,2010,Male,13.42,56.84
AFR,Africa,NAM,Namibia,2011,Female,17.73,64.25
AFR,Africa,NAM,Namibia,2011,Male,13.62,57.5
AFR,Africa,NAM,Namibia,2012,Female,17.92,64.85
AFR,Africa,NAM,Namibia,2012,Male,13.85,58.1
AFR,Africa,NAM,Namibia,2013,Female,18.01,65.16
AFR,Africa,NAM,Namibia,2013,Male,13.96,58.52
AFR,Africa,NAM,Namibia,2014,Female,17.96,65.01
AFR,Africa,NAM,Namibia,2014,Male,14.01,58.79
AFR,Africa,NAM,Namibia,2015,Female,17.91,64.79
AFR,Africa,NAM,Namibia,2015,Male,14.04,58.81
AFR,Africa,NAM,Namibia,2016,Female,17.94,65.01
AFR,Africa,NAM,Namibia,2016,Male,14.08,58.98
AFR,Africa,NAM,Namibia,2017,Female,18.03,65.54
AFR,Africa,NAM,Namibia,2017,Male,14.09,59.1
AFR,Africa,NAM,Namibia,2018,Female,18.16,66.22
AFR,Africa,NAM,Namibia,2018,Male,14.12,59.35
AFR,Africa,NAM,Namibia,2019,Female,18.26,66.9
AFR,Africa,NAM,Namibia,2019,Male,14.24,59.99
AFR,Africa,NAM,Namibia,2020,Female,17.92,67.11
AFR,Africa,NAM,Namibia,2020,Male,13.62,60.3
AFR,Africa,NAM,Namibia,2021,Female,15.47,63.44
AFR,Africa,NAM,Namibia,2021,Male,11.89,57.27
AFR,Africa,NER,Niger,2000,Female,16.03,50.63
AFR,Africa,NER,Niger,2000,Male,15.52,49.81
AFR,Africa,NER,Niger,2001,Female,16.03,51.31
AFR,Africa,NER,Niger,2001,Male,15.49,50.44
AFR,Africa,NER,Niger,2002,Female,16.2,52.31
AFR,Africa,NER,Niger,2002,Male,15.66,51.42
AFR,Africa,NER,Niger,2003,Female,16.34,53.26
AFR,Africa,NER,Niger,2003,Male,15.68,52.25
AFR,Africa,NER,Niger,2004,Female,16.5,54.37
AFR,Africa,NER,Niger,2004,Male,15.85,53.31
AFR,Africa,NER,Niger,2005,Female,16.56,55.31
AFR,Africa,NER,Niger,2005,Male,15.83,54.15
AFR,Africa,NER,Niger,2006,Female,16.73,56.31
AFR,Africa,NER,Niger,2006,Male,16.02,55.13
AFR,Africa,NER,Niger,2007,Female,16.84,57.1
AFR,Africa,NER,Niger,2007,Male,16.06,55.78
AFR,Africa,NER,Niger,2008,Female,17.06,57.96
AFR,Africa,NER,Niger,2008,Male,16.33,56.65
AFR,Africa,NER,Niger,2009,Female,17.09,58.53
AFR,Africa,NER,Niger,2009,Male,16.29,57.12
AFR,Africa,NER,Niger,2010,Female,17.16,59.08
AFR,Africa,NER,Niger,2010,Male,16.25,57.48
AFR,Africa,NER,Niger,2011,Female,17.15,59.43
AFR,Africa,NER,Niger,2011,Male,16.22,57.76
AFR,Africa,NER,Niger,2012,Female,17.23,59.78
AFR,Africa,NER,Niger,2012,Male,16.26,58.04
AFR,Africa,NER,Niger,2013,Female,17.27,60.1
AFR,Africa,NER,Niger,2013,Male,16.38,58.34
AFR,Africa,NER,Niger,2014,Female,17.3,60.33
AFR,Africa,NER,Niger,2014,Male,16.43,58.56
AFR,Africa,NER,Niger,2015,Female,17.41,60.57
AFR,Africa,NER,Niger,2015,Male,16.51,58.69
AFR,Africa,NER,Niger,2016,Female,17.44,60.8
AFR,Africa,NER,Niger,2016,Male,16.56,58.88
AFR,Africa,NER,Niger,2017,Female,17.55,61.12
AFR,Africa,NER,Niger,2017,Male,16.68,59.33
AFR,Africa,NER,Niger,2018,Female,17.56,61.32
AFR,Africa,NER,Niger,2018,Male,16.8,59.56
AFR,Africa,NER,Niger,2019,Female,17.58,61.52
AFR,Africa,NER,Niger,2019,Male,16.85,59.64
AFR,Africa,NER,Niger,2020,Female,17.3,61.56
AFR,Africa,NER,Niger,2020,Male,15.89,59.24
AFR,Africa,NER,Niger,2021,Female,16.84,60.94
AFR,Africa,NER,Niger,2021,Male,16.09,59.03
AFR,Africa,NGA,Nigeria,2000,Female,16.82,55.39
AFR,Africa,NGA,Nigeria,2000,Male,15.6,52.78
AFR,Africa,NGA,Nigeria,2001,Female,16.86,55.76
AFR,Africa,NGA,Nigeria,2001,Male,15.65,53.24
AFR,Africa,NGA,Nigeria,2002,Female,16.94,56.24
AFR,Africa,NGA,Nigeria,2002,Male,15.74,53.73
AFR,Africa,NGA,Nigeria,2003,Female,17.08,56.86
AFR,Africa,NGA,Nigeria,2003,Male,15.87,54.35
AFR,Africa,NGA,Nigeria,2004,Female,17.22,57.51
AFR,Africa,NGA,Nigeria,2004,Male,16.02,54.91
AFR,Africa,NGA,Nigeria,2005,Female,17.39,58.23
AFR,Africa,NGA,Nigeria,2005,Male,16.21,55.65
AFR,Africa,NGA,Nigeria,2006,Female,17.53,58.9
AFR,Africa,NGA,Nigeria,2006,Male,16.36,56.25
AFR,Africa,NGA,Nigeria,2007,Female,17.71,59.52
AFR,Africa,NGA,Nigeria,2007,Male,16.54,56.88
AFR,Africa,NGA,Nigeria,2008,Female,17.89,60.11
AFR,Africa,NGA,Nigeria,2008,Male,16.71,57.43
AFR,Africa,NGA,Nigeria,2009,Female,18.06,60.7
AFR,Africa,NGA,Nigeria,2009,Male,16.85,57.95
AFR,Africa,NGA,Nigeria,2010,Female,18.21,61.2
AFR,Africa,NGA,Nigeria,2010,Male,16.99,58.42
AFR,Africa,NGA,Nigeria,2011,Female,18.33,61.62
AFR,Africa,NGA,Nigeria,2011,Male,17.11,58.83
AFR,Africa,NGA,Nigeria,2012,Female,18.47,62.11
AFR,Africa,NGA,Nigeria,2012,Male,17.23,59.23
AFR,Africa,NGA,Nigeria,2013,Female,18.61,62.62
AFR,Africa,NGA,Nigeria,2013,Male,17.34,59.53
AFR,Africa,NGA,Nigeria,2014,Female,18.75,63.03
AFR,Africa,NGA,Nigeria,2014,Male,17.45,59.8
AFR,Africa,NGA,Nigeria,2015,Female,18.86,63.33
AFR,Africa,NGA,Nigeria,2015,Male,17.59,60.2
AFR,Africa,NGA,Nigeria,2016,Female,18.93,63.57
AFR,Africa,NGA,Nigeria,2016,Male,17.69,60.59
AFR,Africa,NGA,Nigeria,2017,Female,19.05,63.86
AFR,Africa,NGA,Nigeria,2017,Male,17.82,60.93
AFR,Africa,NGA,Nigeria,2018,Female,19.14,64.17
AFR,Africa,NGA,Nigeria,2018,Male,17.91,61.26
AFR,Africa,NGA,Nigeria,2019,Female,19.21,64.51
AFR,Africa,NGA,Nigeria,2019,Male,18.0,61.68
AFR,Africa,NGA,Nigeria,2020,Female,18.77,64.44
AFR,Africa,NGA,Nigeria,2020,Male,17.1,61.32
AFR,Africa,NGA,Nigeria,2021,Female,19.11,64.78
AFR,Africa,NGA,Nigeria,2021,Male,17.97,62.07
AFR,Africa,RWA,Rwanda,2000,Female,13.77,48.39
AFR,Africa,RWA,Rwanda,2000,Male,11.49,45.37
AFR,Africa,RWA,Rwanda,2001,Female,14.23,49.93
AFR,Africa,RWA,Rwanda,2001,Male,11.93,46.67
AFR,Africa,RWA,Rwanda,2002,Female,14.77,51.92
AFR,Africa,RWA,Rwanda,2002,Male,12.48,49.21
AFR,Africa,RWA,Rwanda,2003,Female,15.3,53.75
AFR,Africa,RWA,Rwanda,2003,Male,13.05,51.09
AFR,Africa,RWA,Rwanda,2004,Female,15.89,55.92
AFR,Africa,RWA,Rwanda,2004,Male,13.62,53.26
AFR,Africa,RWA,Rwanda,2005,Female,16.5,58.48
AFR,Africa,RWA,Rwanda,2005,Male,14.17,55.43
AFR,Africa,RWA,Rwanda,2006,Female,17.01,60.77
AFR,Africa,RWA,Rwanda,2006,Male,14.63,57.37
AFR,Africa,RWA,Rwanda,2007,Female,17.42,62.52
AFR,Africa,RWA,Rwanda,2007,Male,15.01,58.94
AFR,Africa,RWA,Rwanda,2008,Female,17.7,63.86
AFR,Africa,RWA,Rwanda,2008,Male,15.33,60.21
AFR,Africa,RWA,Rwanda,2009,Female,17.94,64.94
AFR,Africa,RWA,Rwanda,2009,Male,15.6,60.8
AFR,Africa,RWA,Rwanda,2010,Female,18.1,65.97
AFR,Africa,RWA,Rwanda,2010,Male,15.81,62.21
AFR,Africa,RWA,Rwanda,2011,Female,18.23,66.81
AFR,Africa,RWA,Rwanda,2011,Male,15.98,63.06
AFR,Africa,RWA,Rwanda,2012,Female,18.37,67.46
AFR,Africa,RWA,Rwanda,2012,Male,16.11,63.68
AFR,Africa,RWA,Rwanda,2013,Female,18.47,68.06
AFR,Africa,RWA,Rwanda,2013,Male,16.21,64.27
AFR,Africa,RWA,Rwanda,2014,Female,18.56,68.48
AFR,Africa,RWA,Rwanda,2014,Male,16.28,64.63
AFR,Africa,RWA,Rwanda,2015,Female,18.65,68.78
AFR,Africa,RWA,Rwanda,2015,Male,16.37,64.91
AFR,Africa,RWA,Rwanda,2016,Female,18.73,69.01
AFR,Africa,RWA,Rwanda,2016,Male,16.46,65.11
AFR,Africa,RWA,Rwanda,2017,Female,18.77,69.26
AFR,Africa,RWA,Rwanda,2017,Male,16.48,65.36
AFR,Africa,RWA,Rwanda,2018,Female,18.79,69.46
AFR,Africa,RWA,Rwanda,2018,Male,16.48,65.55
AFR,Africa,RWA,Rwanda,2019,Female,18.83,69.62
AFR,Africa,RWA,Rwanda,2019,Male,16.5,65.65
AFR,Africa,RWA,Rwanda,2020,Female,19.08,70.25
AFR,Africa,RWA,Rwanda,2020,Male,16.25,66.03
AFR,Africa,RWA,Rwanda,2021,Female,18.52,69.4
AFR,Africa,RWA,Rwanda,2021,Male,16.21,65.45
AFR,Africa,SEN,Senegal,2000,Female,17.39,60.15
AFR,Africa,SEN,Senegal,2000,Male,15.65,57.05
AFR,Africa,SEN,Senegal,2001,Female,17.51,60.8
AFR,Africa,SEN,Senegal,2001,Male,15.81,57.75
AFR,Africa,SEN,Senegal,2002,Female,17.56,61.43
AFR,Africa,SEN,Senegal,2002,Male,15.87,58.13
AFR,Africa,SEN,Senegal,2003,Female,17.65,62.25
AFR,Africa,SEN,Senegal,2003,Male,16.02,59.28
AFR,Africa,SEN,Senegal,2004,Female,17.76,63.03
AFR,Africa,SEN,Senegal,2004,Male,16.14,60.06
AFR,Africa,SEN,Senegal,2005,Female,17.89,63.81
AFR,Africa,SEN,Senegal,2005,Male,16.28,60.85
AFR,Africa,SEN,Senegal,2006,Female,18.01,64.57
AFR,Africa,SEN,Senegal,2006,Male,16.41,61.5
AFR,Africa,SEN,Senegal,2007,Female,18.08,65.44
AFR,Africa,SEN,Senegal,2007,Male,16.5,62.27
AFR,Africa,SEN,Senegal,2008,Female,18.11,66.17
AFR,Africa,SEN,Senegal,2008,Male,16.55,62.9
AFR,Africa,SEN,Senegal,2009,Female,18.2,66.71
AFR,Africa,SEN,Senegal,2009,Male,16.64,63.43
AFR,Africa,SEN,Senegal,2010,Female,18.28,67.15
AFR,Africa,SEN,Senegal,2010,Male,16.72,63.88
AFR,Africa,SEN,Senegal,2011,Female,18.37,67.54
AFR,Africa,SEN,Senegal,2011,Male,16.81,64.29
AFR,Africa,SEN,Senegal,2012,Female,18.37,67.82
AFR,Africa,SEN,Senegal,2012,Male,16.86,64.65
AFR,Africa,SEN,Senegal,2013,Female,18.33,68.07
AFR,Africa,SEN,Senegal,2013,Male,16.85,64.97
AFR,Africa,SEN,Senegal,2014,Female,18.37,68.45
AFR,Africa,SEN,Senegal,2014,Male,16.91,65.37
AFR,Africa,SEN,Senegal,2015,Female,18.46,68.84
AFR,Africa,SEN,Senegal,2015,Male,16.99,65.74
AFR,Africa,SEN,Senegal,2016,Female,18.54,69.24
AFR,Africa,SEN,Senegal,2016,Male,17.07,66.14
AFR,Africa,SEN,Senegal,2017,Female,18.55,69.61
AFR,Africa,SEN,Senegal,2017,Male,17.09,66.47
AFR,Africa,SEN,Senegal,2018,Female,18.5,69.93
AFR,Africa,SEN,Senegal,2018,Male,17.06,66.79
AFR,Africa,SEN,Senegal,2019,Female,18.55,70.28
AFR,Africa,SEN,Senegal,2019,Male,17.08,67.08
AFR,Africa,SEN,Senegal,2020,Female,18.31,70.35
AFR,Africa,SEN,Senegal,2020,Male,16.1,66.59
AFR,Africa,SEN,Senegal,2021,Female,17.58,69.47
AFR,Africa,SEN,Senegal,2021,Male,15.9,65.94
AFR,Africa,SLE,Sierra Leone,2000,Female,15.94,51.58
AFR,Africa,SLE,Sierra Leone,2000,Male,14.33,48.03
AFR,Africa,SLE,Sierra Leone,2001,Female,15.79,52.26
AFR,Africa,SLE,Sierra Leone,2001,Male,14.29,49.62
AFR,Africa,SLE,Sierra Leone,2002,Female,15.63,52.47
AFR,Africa,SLE,Sierra Leone,2002,Male,14.2,50.07
AFR,Africa,SLE,Sierra Leone,2003,Female,15.57,52.69
AFR,Africa,SLE,Sierra Leone,2003,Male,14.17,50.34
AFR,Africa,SLE,Sierra Leone,2004,Female,15.55,52.88
AFR,Africa,SLE,Sierra Leone,2004,Male,14.19,50.69
AFR,Africa,SLE,Sierra Leone,2005,Female,15.52,53.14
AFR,Africa,SLE,Sierra Leone,2005,Male,14.25,51.06
AFR,Africa,SLE,Sierra Leone,2006,Female,15.52,53.47
AFR,Africa,SLE,Sierra Leone,2006,Male,14.33,51.48
AFR,Africa,SLE,Sierra Leone,2007,Female,15.49,53.82
AFR,Africa,SLE,Sierra Leone,2007,Male,14.4,51.91
AFR,Africa,SLE,Sierra Leone,2008,Female,15.54,54.42
AFR,Africa,SLE,Sierra Leone,2008,Male,14.52,52.66
AFR,Africa,SLE,Sierra Leone,2009,Female,15.57,55.04
AFR,Africa,SLE,Sierra Leone,2009,Male,14.62,53.31
AFR,Africa,SLE,Sierra Leone,2010,Female,15.66,55.75
AFR,Africa,SLE,Sierra Leone,2010,Male,14.85,54.17
AFR,Africa,SLE,Sierra Leone,2011,Female,15.77,56.44
AFR,Africa,SLE,Sierra Leone,2011,Male,15.02,54.86
AFR,Africa,SLE,Sierra Leone,2012,Female,15.93,57.16
AFR,Africa,SLE,Sierra Leone,2012,Male,15.23,55.56
AFR,Africa,SLE,Sierra Leone,2013,Female,16.13,57.88
AFR,Africa,SLE,Sierra Leone,2013,Male,15.47,56.21
AFR,Africa,SLE,Sierra Leone,2014,Female,15.94,56.52
AFR,Africa,SLE,Sierra Leone,2014,Male,15.42,55.14
AFR,Africa,SLE,Sierra Leone,2015,Female,16.23,57.66
AFR,Africa,SLE,Sierra Leone,2015,Male,15.72,56.1
AFR,Africa,SLE,Sierra Leone,2016,Female,16.49,59.62
AFR,Africa,SLE,Sierra Leone,2016,Male,15.95,57.87
AFR,Africa,SLE,Sierra Leone,2017,Female,16.55,59.98
AFR,Africa,SLE,Sierra Leone,2017,Male,16.01,58.33
AFR,Africa,SLE,Sierra Leone,2018,Female,16.76,60.77
AFR,Africa,SLE,Sierra Leone,2018,Male,16.21,58.96
AFR,Africa,SLE,Sierra Leone,2019,Female,16.87,61.3
AFR,Africa,SLE,Sierra Leone,2019,Male,16.32,59.5
AFR,Africa,SLE,Sierra Leone,2020,Female,16.67,61.6
AFR,Africa,SLE,Sierra Leone,2020,Male,15.53,59.42
AFR,Africa,SLE,Sierra Leone,2021,Female,16.87,61.89
AFR,Africa,SLE,Sierra Leone,2021,Male,16.36,60.15
AFR,Africa,SSD,South Sudan,2000,Female,16.39,53.85
AFR,Africa,SSD,South Sudan,2000,Male,13.85,49.83
AFR,Africa,SSD,South Sudan,2001,Female,16.49,54.74
AFR,Africa,SSD,South Sudan,2001,Male,13.98,51.03
AFR,Africa,SSD,South Sudan,2002,Female,16.57,55.47
AFR,Africa,SSD,South Sudan,2002,Male,14.08,51.86
AFR,Africa,SSD,South Sudan,2003,Female,16.63,56.14
AFR,Africa,SSD,South Sudan,2003,Male,14.18,52.56
AFR,Africa,SSD,South Sudan,2004,Female,16.7,56.86
AFR,Africa,SSD,South Sudan,2004,Male,14.27,53.53
AFR,Africa,SSD,South Sudan,2005,Female,16.79,57.49
AFR,Africa,SSD,South Sudan,2005,Male,14.37,54.22
AFR,Africa,SSD,South Sudan,2006,Female,16.85,58.02
AFR,Africa,SSD,South Sudan,2006,Male,14.44,54.61
AFR,Africa,SSD,South Sudan,2007,Female,16.95,58.67
AFR,Africa,SSD,South Sudan,2007,Male,14.55,55.34
AFR,Africa,SSD,South Sudan,2008,Female,17.01,59.28
AFR,Africa,SSD,South Sudan,2008,Male,14.63,56.01
AFR,Africa,SSD,South Sudan,2009,Female,17.07,59.74
AFR,Africa,SSD,South Sudan,2009,Male,14.69,55.87
AFR,Africa,SSD,South Sudan,2010,Female,17.15,60.45
AFR,Africa,SSD,South Sudan,2010,Male,14.81,57.02
AFR,Africa,SSD,South Sudan,2011,Female,17.2,60.89
AFR,Africa,SSD,South Sudan,2011,Male,14.87,57.01
AFR,Africa,SSD,South Sudan,2012,Female,17.13,61.15
AFR,Africa,SSD,South Sudan,2012,Male,14.82,57.46
AFR,Africa,SSD,South Sudan,2013,Female,17.07,61.19
AFR,Africa,SSD,South Sudan,2013,Male,14.75,56.91
AFR,Africa,SSD,South Sudan,2014,Female,17.06,61.31
AFR,Africa,SSD,South Sudan,2014,Male,14.73,56.9
AFR,Africa,SSD,South Sudan,2015,Female,17.05,61.42
AFR,Africa,SSD,South Sudan,2015,Male,14.7,57.13
AFR,Africa,SSD,South Sudan,2016,Female,16.94,61.28
AFR,Africa,SSD,South Sudan,2016,Male,14.61,57.08
AFR,Africa,SSD,South Sudan,2017,Female,16.83,61.04
AFR,Africa,SSD,South Sudan,2017,Male,14.52,56.69
AFR,Africa,SSD,South Sudan,2018,Female,16.73,60.97
AFR,Africa,SSD,South Sudan,2018,Male,14.42,56.7
AFR,Africa,SSD,South Sudan,2019,Female,16.65,61.16
AFR,Africa,SSD,South Sudan,2019,Male,14.35,56.78
AFR,Africa,SSD,South Sudan,2020,Female,16.35,61.25
AFR,Africa,SSD,South Sudan,2020,Male,13.7,56.62
AFR,Africa,SSD,South Sudan,2021,Female,16.07,60.61
AFR,Africa,SSD,South Sudan,2021,Male,13.9,56.48
AFR,Africa,STP,Sao Tome and Principe,2000,Female,17.07,63.73
AFR,Africa,STP,Sao Tome and Principe,2000,Male,16.81,62.52
AFR,Africa,STP,Sao Tome and Principe,2001,Female,17.18,64.62
AFR,Africa,STP,Sao Tome and Principe,2001,Male,16.78,63.23
AFR,Africa,STP,Sao Tome and Principe,2002,Female,17.23,65.41
AFR,Africa,STP,Sao Tome and Principe,2002,Male,16.73,63.87
AFR,Africa,STP,Sao Tome and Principe,2003,Female,17.33,66.11
AFR,Africa,STP,Sao Tome and Principe,2003,Male,16.68,64.32
AFR,Africa,STP,Sao Tome and Principe,2004,Female,17.32,66.66
AFR,Africa,STP,Sao Tome and Principe,2004,Male,16.61,64.73
AFR,Africa,STP,Sao Tome and Principe,2005,Female,17.45,67.38
AFR,Africa,STP,Sao Tome and Principe,2005,Male,16.55,65.14
AFR,Africa,STP,Sao Tome and Principe,2006,Female,17.53,67.93
AFR,Africa,STP,Sao Tome and Principe,2006,Male,16.54,65.61
AFR,Africa,STP,Sao Tome and Principe,2007,Female,17.62,68.48
AFR,Africa,STP,Sao Tome and Principe,2007,Male,16.64,65.95
AFR,Africa,STP,Sao Tome and Principe,2008,Female,17.76,69.08
AFR,Africa,STP,Sao Tome and Principe,2008,Male,16.66,66.28
AFR,Africa,STP,Sao Tome and Principe,2009,Female,17.83,69.62
AFR,Africa,STP,Sao Tome and Principe,2009,Male,16.72,67.16
AFR,Africa,STP,Sao Tome and Principe,2010,Female,17.88,69.98
AFR,Africa,STP,Sao Tome and Principe,2010,Male,16.83,67.63
AFR,Africa,STP,Sao Tome and Principe,2011,Female,18.0,70.43
AFR,Africa,STP,Sao Tome and Principe,2011,Male,16.86,67.95
AFR,Africa,STP,Sao Tome and Principe,2012,Female,18.06,70.85
AFR,Africa,STP,Sao Tome and Principe,2012,Male,16.76,68.21
AFR,Africa,STP,Sao Tome and Principe,2013,Female,18.15,71.3
AFR,Africa,STP,Sao Tome and Principe,2013,Male,16.79,68.59
AFR,Africa,STP,Sao Tome and Principe,2014,Female,18.18,71.64
AFR,Africa,STP,Sao Tome and Principe,2014,Male,16.77,68.88
AFR,Africa,STP,Sao Tome and Principe,2015,Female,18.23,71.96
AFR,Africa,STP,Sao Tome and Principe,2015,Male,16.74,69.16
AFR,Africa,STP,Sao Tome and Principe,2016,Female,18.34,72.33
AFR,Africa,STP,Sao Tome and Principe,2016,Male,16.73,69.48
AFR,Africa,STP,Sao Tome and Principe,2017,Female,18.54,72.74
AFR,Africa,STP,Sao Tome and Principe,2017,Male,16.77,69.79
AFR,Africa,STP,Sao Tome and Principe,2018,Female,18.58,72.93
AFR,Africa,STP,Sao Tome and Principe,2018,Male,16.78,69.97
AFR,Africa,STP,Sao Tome and Principe,2019,Female,18.69,73.18
AFR,Africa,STP,Sao Tome and Principe,2019,Male,16.82,70.16
AFR,Africa,STP,Sao Tome and Principe,2020,Female,18.47,73.06
AFR,Africa,STP,Sao Tome and Principe,2020,Male,15.98,69.52
AFR,Africa,STP,Sao Tome and Principe,2021,Female,18.52,72.81
AFR,Africa,STP,Sao Tome and Principe,2021,Male,16.5,69.59
AFR,Africa,SWZ,Eswatini,2000,Female,14.55,48.86
AFR,Africa,SWZ,Eswatini,2000,Male,10.68,44.74
AFR,Africa,SWZ,Eswatini,2001,Female,14.07,46.79
AFR,Africa,SWZ,Eswatini,2001,Male,10.2,43.22
AFR,Africa,SWZ,Eswatini,2002,Female,13.57,45.07
AFR,Africa,SWZ,Eswatini,2002,Male,9.89,42.24
AFR,Africa,SWZ,Eswatini,2003,Female,13.29,43.83
AFR,Africa,SWZ,Eswatini,2003,Male,9.61,41.4
AFR,Africa,SWZ,Eswatini,2004,Female,13.02,42.95
AFR,Africa,SWZ,Eswatini,2004,Male,9.43,40.86
AFR,Africa,SWZ,Eswatini,2005,Female,12.88,42.74
AFR,Africa,SWZ,Eswatini,2005,Male,9.42,40.87
AFR,Africa,SWZ,Eswatini,2006,Female,13.0,43.78
AFR,Africa,SWZ,Eswatini,2006,Male,9.53,41.76
AFR,Africa,SWZ,Eswatini,2007,Female,13.2,45.08
AFR,Africa,SWZ,Eswatini,2007,Male,9.59,42.24
AFR,Africa,SWZ,Eswatini,2008,Female,13.52,46.36
AFR,Africa,SWZ,Eswatini,2008,Male,9.64,42.44
AFR,Africa,SWZ,Eswatini,2009,Female,13.75,47.46
AFR,Africa,SWZ,Eswatini,2009,Male,9.73,42.96
AFR,Africa,SWZ,Eswatini,2010,Female,14.05,49.12
AFR,Africa,SWZ,Eswatini,2010,Male,9.93,44.04
AFR,Africa,SWZ,Eswatini,2011,Female,14.4,51.13
AFR,Africa,SWZ,Eswatini,2011,Male,10.2,45.45
AFR,Africa,SWZ,Eswatini,2012,Female,14.62,52.31
AFR,Africa,SWZ,Eswatini,2012,Male,10.4,46.34
AFR,Africa,SWZ,Eswatini,2013,Female,14.81,53.2
AFR,Africa,SWZ,Eswatini,2013,Male,10.6,47.17
AFR,Africa,SWZ,Eswatini,2014,Female,15.03,54.16
AFR,Africa,SWZ,Eswatini,2014,Male,10.88,48.09
AFR,Africa,SWZ,Eswatini,2015,Female,15.31,55.48
AFR,Africa,SWZ,Eswatini,2015,Male,11.15,49.12
AFR,Africa,SWZ,Eswatini,2016,Female,15.56,56.7
AFR,Africa,SWZ,Eswatini,2016,Male,11.34,49.97
AFR,Africa,SWZ,Eswatini,2017,Female,15.76,57.48
AFR,Africa,SWZ,Eswatini,2017,Male,11.52,50.55
AFR,Africa,SWZ,Eswatini,2018,Female,15.94,58.39
AFR,Africa,SWZ,Eswatini,2018,Male,11.72,51.47
AFR,Africa,SWZ,Eswatini,2019,Female,16.13,59.38
AFR,Africa,SWZ,Eswatini,2019,Male,11.96,52.47
AFR,Africa,SWZ,Eswatini,2020,Female,15.59,59.47
AFR,Africa,SWZ,Eswatini,2020,Male,11.26,52.8
AFR,Africa,SWZ,Eswatini,2021,Female,14.67,57.87
AFR,Africa,SWZ,Eswatini,2021,Male,11.05,51.64
AFR,Africa,SYC,Seychelles,2000,Female,21.1,76.46
AFR,Africa,SYC,Seychelles,2000,Male,16.58,67.89
AFR,Africa,SYC,Seychelles,2001,Female,21.1,76.46
AFR,Africa,SYC,Seychelles,2001,Male,16.78,68.16
AFR,Africa,SYC,Seychelles,2002,Female,21.07,76.44
AFR,Africa,SYC,Seychelles,2002,Male,16.34,67.98
AFR,Africa,SYC,Seychelles,2003,Female,21.09,76.47
AFR,Africa,SYC,Seychelles,2003,Male,15.9,67.79
AFR,Africa,SYC,Seychelles,2004,Female,21.15,76.49
AFR,Africa,SYC,Seychelles,2004,Male,16.05,68.14
AFR,Africa,SYC,Seychelles,2005,Female,21.3,76.66
AFR,Africa,SYC,Seychelles,2005,Male,15.84,68.25
AFR,Africa,SYC,Seychelles,2006,Female,21.16,76.48
AFR,Africa,SYC,Seychelles,2006,Male,15.94,68.43
AFR,Africa,SYC,Seychelles,2007,Female,21.01,76.38
AFR,Africa,SYC,Seychelles,2007,Male,16.23,68.77
AFR,Africa,SYC,Seychelles,2008,Female,20.97,76.4
AFR,Africa,SYC,Seychelles,2008,Male,16.42,69.16
AFR,Africa,SYC,Seychelles,2009,Female,21.28,76.68
AFR,Africa,SYC,Seychelles,2009,Male,16.5,69.27
AFR,Africa,SYC,Seychelles,2010,Female,21.45,76.83
AFR,Africa,SYC,Seychelles,2010,Male,17.1,69.66
AFR,Africa,SYC,Seychelles,2011,Female,21.45,76.84
AFR,Africa,SYC,Seychelles,2011,Male,17.6,70.05
AFR,Africa,SYC,Seychelles,2012,Female,21.41,76.79
AFR,Africa,SYC,Seychelles,2012,Male,17.34,70.01
AFR,Africa,SYC,Seychelles,2013,Female,21.38,76.74
AFR,Africa,SYC,Seychelles,2013,Male,17.5,70.13
AFR,Africa,SYC,Seychelles,2014,Female,21.31,76.66
AFR,Africa,SYC,Seychelles,2014,Male,17.72,70.16
AFR,Africa,SYC,Seychelles,2015,Female,21.31,76.67
AFR,Africa,SYC,Seychelles,2015,Male,17.64,70.08
AFR,Africa,SYC,Seychelles,2016,Female,21.22,76.6
AFR,Africa,SYC,Seychelles,2016,Male,17.5,69.98
AFR,Africa,SYC,Seychelles,2017,Female,21.2,76.59
AFR,Africa,SYC,Seychelles,2017,Male,17.46,70.01
AFR,Africa,SYC,Seychelles,2018,Female,21.2,76.59
AFR,Africa,SYC,Seychelles,2018,Male,17.46,70.01
AFR,Africa,SYC,Seychelles,2019,Female,21.23,76.65
AFR,Africa,SYC,Seychelles,2019,Male,17.51,70.08
AFR,Africa,SYC,Seychelles,2020,Female,25.46,80.52
AFR,Africa,SYC,Seychelles,2020,Male,22.21,75.29
AFR,Africa,SYC,Seychelles,2021,Female,20.72,75.62
AFR,Africa,SYC,Seychelles,2021,Male,18.26,72.57
AFR,Africa,TCD,Chad,2000,Female,15.57,52.86
AFR,Africa,TCD,Chad,2000,Male,13.63,49.52
AFR,Africa,TCD,Chad,2001,Female,15.57,53.14
AFR,Africa,TCD,Chad,2001,Male,13.66,50.07
AFR,Africa,TCD,Chad,2002,Female,15.52,53.3
AFR,Africa,TCD,Chad,2002,Male,13.65,50.31
AFR,Africa,TCD,Chad,2003,Female,15.47,53.53
AFR,Africa,TCD,Chad,2003,Male,13.68,50.71
AFR,Africa,TCD,Chad,2004,Female,15.56,53.89
AFR,Africa,TCD,Chad,2004,Male,13.84,51.1
AFR,Africa,TCD,Chad,2005,Female,15.68,54.36
AFR,Africa,TCD,Chad,2005,Male,14.01,51.56
AFR,Africa,TCD,Chad,2006,Female,15.75,54.75
AFR,Africa,TCD,Chad,2006,Male,14.08,51.48
AFR,Africa,TCD,Chad,2007,Female,15.82,55.41
AFR,Africa,TCD,Chad,2007,Male,14.18,52.57
AFR,Africa,TCD,Chad,2008,Female,15.84,55.92
AFR,Africa,TCD,Chad,2008,Male,14.22,52.92
AFR,Africa,TCD,Chad,2009,Female,15.96,56.65
AFR,Africa,TCD,Chad,2009,Male,14.37,53.77
AFR,Africa,TCD,Chad,2010,Female,16.05,57.21
AFR,Africa,TCD,Chad,2010,Male,14.47,54.27
AFR,Africa,TCD,Chad,2011,Female,16.15,57.69
AFR,Africa,TCD,Chad,2011,Male,14.58,54.7
AFR,Africa,TCD,Chad,2012,Female,16.24,58.1
AFR,Africa,TCD,Chad,2012,Male,14.7,55.13
AFR,Africa,TCD,Chad,2013,Female,16.33,58.5
AFR,Africa,TCD,Chad,2013,Male,14.82,55.56
AFR,Africa,TCD,Chad,2014,Female,16.43,58.91
AFR,Africa,TCD,Chad,2014,Male,14.99,56.04
AFR,Africa,TCD,Chad,2015,Female,16.49,59.37
AFR,Africa,TCD,Chad,2015,Male,15.06,56.35
AFR,Africa,TCD,Chad,2016,Female,16.57,59.76
AFR,Africa,TCD,Chad,2016,Male,15.16,56.89
AFR,Africa,TCD,Chad,2017,Female,16.6,60.05
AFR,Africa,TCD,Chad,2017,Male,15.2,57.19
AFR,Africa,TCD,Chad,2018,Female,16.64,60.46
AFR,Africa,TCD,Chad,2018,Male,15.25,57.48
AFR,Africa,TCD,Chad,2019,Female,16.71,60.94
AFR,Africa,TCD,Chad,2019,Male,15.34,57.84
AFR,Africa,TCD,Chad,2020,Female,16.18,60.87
AFR,Africa,TCD,Chad,2020,Male,14.39,57.6
AFR,Africa,TCD,Chad,2021,Female,16.1,60.67
AFR,Africa,TCD,Chad,2021,Male,14.76,57.53
AFR,Africa,TGO,Togo,2000,Female,16.67,58.02
AFR,Africa,TGO,Togo,2000,Male,13.86,54.25
AFR,Africa,TGO,Togo,2001,Female,16.62,58.02
AFR,Africa,TGO,Togo,2001,Male,13.79,54.32
AFR,Africa,TGO,Togo,2002,Female,16.59,58.09
AFR,Africa,TGO,Togo,2002,Male,13.77,54.46
AFR,Africa,TGO,Togo,2003,Female,16.62,58.32
AFR,Africa,TGO,Togo,2003,Male,13.65,54.53
AFR,Africa,TGO,Togo,2004,Female,16.7,58.73
AFR,Africa,TGO,Togo,2004,Male,13.7,54.91
AFR,Africa,TGO,Togo,2005,Female,16.7,59.06
AFR,Africa,TGO,Togo,2005,Male,13.68,55.02
AFR,Africa,TGO,Togo,2006,Female,16.71,59.54
AFR,Africa,TGO,Togo,2006,Male,13.68,55.65
AFR,Africa,TGO,Togo,2007,Female,16.67,59.73
AFR,Africa,TGO,Togo,2007,Male,13.63,55.82
AFR,Africa,TGO,Togo,2008,Female,16.71,60.12
AFR,Africa,TGO,Togo,2008,Male,13.57,56.02
AFR,Africa,TGO,Togo,2009,Female,16.78,60.69
AFR,Africa,TGO,Togo,2009,Male,13.7,56.53
AFR,Africa,TGO,Togo,2010,Female,16.89,61.38
AFR,Africa,TGO,Togo,2010,Male,13.84,57.14
AFR,Africa,TGO,Togo,2011,Female,16.98,62.02
AFR,Africa,TGO,Togo,2011,Male,13.99,57.77
AFR,Africa,TGO,Togo,2012,Female,17.12,62.61
AFR,Africa,TGO,Togo,2012,Male,14.1,58.22
AFR,Africa,TGO,Togo,2013,Female,17.24,63.21
AFR,Africa,TGO,Togo,2013,Male,14.14,58.46
AFR,Africa,TGO,Togo,2014,Female,17.33,63.72
AFR,Africa,TGO,Togo,2014,Male,14.29,58.73
AFR,Africa,TGO,Togo,2015,Female,17.4,64.12
AFR,Africa,TGO,Togo,2015,Male,14.47,59.18
AFR,Africa,TGO,Togo,2016,Female,17.49,64.63
AFR,Africa,TGO,Togo,2016,Male,14.61,59.65
AFR,Africa,TGO,Togo,2017,Female,17.63,65.31
AFR,Africa,TGO,Togo,2017,Male,14.72,60.08
AFR,Africa,TGO,Togo,2018,Female,17.75,65.86
AFR,Africa,TGO,Togo,2018,Male,14.82,60.58
AFR,Africa,TGO,Togo,2019,Female,17.84,66.34
AFR,Africa,TGO,Togo,2019,Male,15.0,61.21
AFR,Africa,TGO,Togo,2020,Female,17.61,66.68
AFR,Africa,TGO,Togo,2020,Male,14.49,61.33
AFR,Africa,TGO,Togo,2021,Female,17.4,66.42
AFR,Africa,TGO,Togo,2021,Male,14.83,61.54
AFR,Africa,TZA,United Republic of Tanzania,2000,Female,16.75,53.84
AFR,Africa,TZA,United Republic of Tanzania,2000,Male,14.13,51.77
AFR,Africa,TZA,United Republic of Tanzania,2001,Female,16.93,54.56
AFR,Africa,TZA,United Republic of Tanzania,2001,Male,14.31,52.51
AFR,Africa,TZA,United Republic of Tanzania,2002,Female,17.08,55.27
AFR,Africa,TZA,United Republic of Tanzania,2002,Male,14.48,53.25
AFR,Africa,TZA,United Republic of Tanzania,2003,Female,17.14,55.92
AFR,Africa,TZA,United Republic of Tanzania,2003,Male,14.67,54.06
AFR,Africa,TZA,United Republic of Tanzania,2004,Female,17.19,56.56
AFR,Africa,TZA,United Republic of Tanzania,2004,Male,14.83,54.82
AFR,Africa,TZA,United Republic of Tanzania,2005,Female,17.25,57.41
AFR,Africa,TZA,United Republic of Tanzania,2005,Male,15.0,55.69
AFR,Africa,TZA,United Republic of Tanzania,2006,Female,17.38,58.75
AFR,Africa,TZA,United Republic of Tanzania,2006,Male,15.22,56.88
AFR,Africa,TZA,United Republic of Tanzania,2007,Female,17.57,60.43
AFR,Africa,TZA,United Republic of Tanzania,2007,Male,15.49,58.32
AFR,Africa,TZA,United Republic of Tanzania,2008,Female,17.73,61.5
AFR,Africa,TZA,United Republic of Tanzania,2008,Male,15.73,59.38
AFR,Africa,TZA,United Republic of Tanzania,2009,Female,17.81,62.07
AFR,Africa,TZA,United Republic of Tanzania,2009,Male,15.92,60.01
AFR,Africa,TZA,United Republic of Tanzania,2010,Female,17.94,62.95
AFR,Africa,TZA,United Republic of Tanzania,2010,Male,16.11,60.44
AFR,Africa,TZA,United Republic of Tanzania,2011,Female,18.08,63.7
AFR,Africa,TZA,United Republic of Tanzania,2011,Male,16.34,60.86
AFR,Africa,TZA,United Republic of Tanzania,2012,Female,18.21,64.5
AFR,Africa,TZA,United Republic of Tanzania,2012,Male,16.55,61.69
AFR,Africa,TZA,United Republic of Tanzania,2013,Female,18.32,65.55
AFR,Africa,TZA,United Republic of Tanzania,2013,Male,16.72,62.55
AFR,Africa,TZA,United Republic of Tanzania,2014,Female,18.41,66.27
AFR,Africa,TZA,United Republic of Tanzania,2014,Male,16.84,63.15
AFR,Africa,TZA,United Republic of Tanzania,2015,Female,18.47,66.8
AFR,Africa,TZA,United Republic of Tanzania,2015,Male,16.91,63.54
AFR,Africa,TZA,United Republic of Tanzania,2016,Female,18.56,67.25
AFR,Africa,TZA,United Republic of Tanzania,2016,Male,17.01,63.98
AFR,Africa,TZA,United Republic of Tanzania,2017,Female,18.65,67.6
AFR,Africa,TZA,United Republic of Tanzania,2017,Male,17.11,64.37
AFR,Africa,TZA,United Republic of Tanzania,2018,Female,18.73,68.0
AFR,Africa,TZA,United Republic of Tanzania,2018,Male,17.18,64.79
AFR,Africa,TZA,United Republic of Tanzania,2019,Female,18.79,68.37
AFR,Africa,TZA,United Republic of Tanzania,2019,Male,17.23,65.2
AFR,Africa,TZA,United Republic of Tanzania,2020,Female,19.0,69.13
AFR,Africa,TZA,United Republic of Tanzania,2020,Male,16.97,65.68
AFR,Africa,TZA,United Republic of Tanzania,2021,Female,18.42,68.38
AFR,Africa,TZA,United Republic of Tanzania,2021,Male,16.83,65.24
AFR,Africa,UGA,Uganda,2000,Female,15.69,50.7
AFR,Africa,UGA,Uganda,2000,Male,12.01,47.08
AFR,Africa,UGA,Uganda,2001,Female,15.79,51.54
AFR,Africa,UGA,Uganda,2001,Male,12.14,48.01
AFR,Africa,UGA,Uganda,2002,Female,15.96,52.51
AFR,Africa,UGA,Uganda,2002,Male,12.33,48.76
AFR,Africa,UGA,Uganda,2003,Female,16.2,53.62
AFR,Africa,UGA,Uganda,2003,Male,12.54,49.71
AFR,Africa,UGA,Uganda,2004,Female,16.52,55.16
AFR,Africa,UGA,Uganda,2004,Male,12.81,51.07
AFR,Africa,UGA,Uganda,2005,Female,16.92,56.93
AFR,Africa,UGA,Uganda,2005,Male,13.15,52.63
AFR,Africa,UGA,Uganda,2006,Female,17.31,58.12
AFR,Africa,UGA,Uganda,2006,Male,13.44,53.79
AFR,Africa,UGA,Uganda,2007,Female,17.66,59.01
AFR,Africa,UGA,Uganda,2007,Male,13.66,54.58
AFR,Africa,UGA,Uganda,2008,Female,18.02,60.31
AFR,Africa,UGA,Uganda,2008,Male,13.89,55.57
AFR,Africa,UGA,Uganda,2009,Female,18.32,61.51
AFR,Africa,UGA,Uganda,2009,Male,14.11,56.53
AFR,Africa,UGA,Uganda,2010,Female,18.52,62.46
AFR,Africa,UGA,Uganda,2010,Male,14.29,57.37
AFR,Africa,UGA,Uganda,2011,Female,18.76,63.43
AFR,Africa,UGA,Uganda,2011,Male,14.52,58.22
AFR,Africa,UGA,Uganda,2012,Female,18.97,64.62
AFR,Africa,UGA,Uganda,2012,Male,14.71,58.9
AFR,Africa,UGA,Uganda,2013,Female,19.08,65.93
AFR,Africa,UGA,Uganda,2013,Male,14.85,59.46
AFR,Africa,UGA,Uganda,2014,Female,19.18,66.97
AFR,Africa,UGA,Uganda,2014,Male,14.99,60.0
AFR,Africa,UGA,Uganda,2015,Female,19.25,67.71
AFR,Africa,UGA,Uganda,2015,Male,15.08,60.7
AFR,Africa,UGA,Uganda,2016,Female,19.29,68.13
AFR,Africa,UGA,Uganda,2016,Male,15.16,61.2
AFR,Africa,UGA,Uganda,2017,Female,19.41,68.59
AFR,Africa,UGA,Uganda,2017,Male,15.35,61.82
AFR,Africa,UGA,Uganda,2018,Female,19.48,69.02
AFR,Africa,UGA,Uganda,2018,Male,15.48,62.38
AFR,Africa,UGA,Uganda,2019,Female,19.52,69.31
AFR,Africa,UGA,Uganda,2019,Male,15.57,62.82
AFR,Africa,UGA,Uganda,2020,Female,19.43,69.64
AFR,Africa,UGA,Uganda,2020,Male,14.99,62.98
AFR,Africa,UGA,Uganda,2021,Female,19.01,68.98
AFR,Africa,UGA,Uganda,2021,Male,15.32,62.93
AFR,Africa,ZAF,South Africa,2000,Female,18.46,59.62
AFR,Africa,ZAF,South Africa,2000,Male,14.89,54.15
AFR,Africa,ZAF,South Africa,2001,Female,18.31,57.98
AFR,Africa,ZAF,South Africa,2001,Male,14.84,53.29
AFR,Africa,ZAF,South Africa,2002,Female,18.02,56.05
AFR,Africa,ZAF,South Africa,2002,Male,14.63,52.14
AFR,Africa,ZAF,South Africa,2003,Female,17.76,54.34
AFR,Africa,ZAF,South Africa,2003,Male,14.4,51.09
AFR,Africa,ZAF,South Africa,2004,Female,17.78,53.41
AFR,Africa,ZAF,South Africa,2004,Male,14.48,50.64
AFR,Africa,ZAF,South Africa,2005,Female,17.75,53.22
AFR,Africa,ZAF,South Africa,2005,Male,14.49,50.4
AFR,Africa,ZAF,South Africa,2006,Female,17.68,53.43
AFR,Africa,ZAF,South Africa,2006,Male,14.39,50.36
AFR,Africa,ZAF,South Africa,2007,Female,17.78,54.43
AFR,Africa,ZAF,South Africa,2007,Male,14.46,50.96
AFR,Africa,ZAF,South Africa,2008,Female,17.88,55.63
AFR,Africa,ZAF,South Africa,2008,Male,14.48,51.78
AFR,Africa,ZAF,South Africa,2009,Female,17.94,57.16
AFR,Africa,ZAF,South Africa,2009,Male,14.51,52.96
AFR,Africa,ZAF,South Africa,2010,Female,18.11,59.13
AFR,Africa,ZAF,South Africa,2010,Male,14.65,54.64
AFR,Africa,ZAF,South Africa,2011,Female,18.41,61.36
AFR,Africa,ZAF,South Africa,2011,Male,14.93,56.41
AFR,Africa,ZAF,South Africa,2012,Female,18.75,63.43
AFR,Africa,ZAF,South Africa,2012,Male,15.23,57.78
AFR,Africa,ZAF,South Africa,2013,Female,18.98,64.92
AFR,Africa,ZAF,South Africa,2013,Male,15.5,58.85
AFR,Africa,ZAF,South Africa,2014,Female,18.97,65.65
AFR,Africa,ZAF,South Africa,2014,Male,15.61,59.54
AFR,Africa,ZAF,South Africa,2015,Female,18.92,66.18
AFR,Africa,ZAF,South Africa,2015,Male,15.65,60.01
AFR,Africa,ZAF,South Africa,2016,Female,19.06,66.86
AFR,Africa,ZAF,South Africa,2016,Male,15.77,60.56
AFR,Africa,ZAF,South Africa,2017,Female,19.35,67.73
AFR,Africa,ZAF,South Africa,2017,Male,16.08,61.41
AFR,Africa,ZAF,South Africa,2018,Female,19.56,68.31
AFR,Africa,ZAF,South Africa,2018,Male,16.33,61.98
AFR,Africa,ZAF,South Africa,2019,Female,19.92,68.85
AFR,Africa,ZAF,South Africa,2019,Male,16.78,62.5
AFR,Africa,ZAF,South Africa,2020,Female,17.46,66.59
AFR,Africa,ZAF,South Africa,2020,Male,16.31,61.88
AFR,Africa,ZAF,South Africa,2021,Female,15.81,64.02
AFR,Africa,ZAF,South Africa,2021,Male,14.38,58.9
AFR,Africa,ZMB,Zambia,2000,Female,13.92,45.14
AFR,Africa,ZMB,Zambia,2000,Male,11.27,43.78
AFR,Africa,ZMB,Zambia,2001,Female,14.08,45.63
AFR,Africa,ZMB,Zambia,2001,Male,11.28,44.21
AFR,Africa,ZMB,Zambia,2002,Female,14.35,46.52
AFR,Africa,ZMB,Zambia,2002,Male,11.35,44.93
AFR,Africa,ZMB,Zambia,2003,Female,14.7,48.04
AFR,Africa,ZMB,Zambia,2003,Male,11.48,46.0
AFR,Africa,ZMB,Zambia,2004,Female,15.15,49.98
AFR,Africa,ZMB,Zambia,2004,Male,11.73,47.39
AFR,Africa,ZMB,Zambia,2005,Female,15.5,51.68
AFR,Africa,ZMB,Zambia,2005,Male,11.98,48.66
AFR,Africa,ZMB,Zambia,2006,Female,15.72,53.34
AFR,Africa,ZMB,Zambia,2006,Male,12.25,50.0
AFR,Africa,ZMB,Zambia,2007,Female,16.01,55.41
AFR,Africa,ZMB,Zambia,2007,Male,12.59,51.55
AFR,Africa,ZMB,Zambia,2008,Female,16.27,57.4
AFR,Africa,ZMB,Zambia,2008,Male,12.91,53.12
AFR,Africa,ZMB,Zambia,2009,Female,16.42,58.73
AFR,Africa,ZMB,Zambia,2009,Male,13.17,54.31
AFR,Africa,ZMB,Zambia,2010,Female,16.42,59.56
AFR,Africa,ZMB,Zambia,2010,Male,13.27,55.11
AFR,Africa,ZMB,Zambia,2011,Female,16.49,60.19
AFR,Africa,ZMB,Zambia,2011,Male,13.41,55.67
AFR,Africa,ZMB,Zambia,2012,Female,16.6,60.83
AFR,Africa,ZMB,Zambia,2012,Male,13.6,56.35
AFR,Africa,ZMB,Zambia,2013,Female,16.7,61.37
AFR,Africa,ZMB,Zambia,2013,Male,13.8,57.14
AFR,Africa,ZMB,Zambia,2014,Female,16.79,61.92
AFR,Africa,ZMB,Zambia,2014,Male,13.97,57.84
AFR,Africa,ZMB,Zambia,2015,Female,16.88,62.45
AFR,Africa,ZMB,Zambia,2015,Male,14.07,58.19
AFR,Africa,ZMB,Zambia,2016,Female,17.0,63.07
AFR,Africa,ZMB,Zambia,2016,Male,14.2,58.68
AFR,Africa,ZMB,Zambia,2017,Female,17.08,63.42
AFR,Africa,ZMB,Zambia,2017,Male,14.3,58.98
AFR,Africa,ZMB,Zambia,2018,Female,17.14,63.6
AFR,Africa,ZMB,Zambia,2018,Male,14.35,59.07
AFR,Africa,ZMB,Zambia,2019,Female,17.22,63.95
AFR,Africa,ZMB,Zambia,2019,Male,14.43,59.43
AFR,Africa,ZMB,Zambia,2020,Female,16.83,64.07
AFR,Africa,ZMB,Zambia,2020,Male,13.66,59.46
AFR,Africa,ZMB,Zambia,2021,Female,16.08,63.11
AFR,Africa,ZMB,Zambia,2021,Male,13.52,58.72
AFR,Africa,ZWE,Zimbabwe,2000,Female,15.25,46.66
AFR,Africa,ZWE,Zimbabwe,2000,Male,11.94,45.07
AFR,Africa,ZWE,Zimbabwe,2001,Female,14.8,46.16
AFR,Africa,ZWE,Zimbabwe,2001,Male,11.87,44.91
AFR,Africa,ZWE,Zimbabwe,2002,Female,14.29,45.7
AFR,Africa,ZWE,Zimbabwe,2002,Male,11.71,44.71
AFR,Africa,ZWE,Zimbabwe,2003,Female,13.9,45.47
AFR,Africa,ZWE,Zimbabwe,2003,Male,11.6,44.73
AFR,Africa,ZWE,Zimbabwe,2004,Female,13.6,45.55
AFR,Africa,ZWE,Zimbabwe,2004,Male,11.51,44.9
AFR,Africa,ZWE,Zimbabwe,2005,Female,13.6,46.22
AFR,Africa,ZWE,Zimbabwe,2005,Male,11.51,45.31
AFR,Africa,ZWE,Zimbabwe,2006,Female,13.59,46.98
AFR,Africa,ZWE,Zimbabwe,2006,Male,11.62,45.92
AFR,Africa,ZWE,Zimbabwe,2007,Female,13.62,48.03
AFR,Africa,ZWE,Zimbabwe,2007,Male,11.69,46.73
AFR,Africa,ZWE,Zimbabwe,2008,Female,13.58,49.09
AFR,Africa,ZWE,Zimbabwe,2008,Male,11.76,47.59
AFR,Africa,ZWE,Zimbabwe,2009,Female,13.63,50.56
AFR,Africa,ZWE,Zimbabwe,2009,Male,11.91,48.75
AFR,Africa,ZWE,Zimbabwe,2010,Female,13.93,52.8
AFR,Africa,ZWE,Zimbabwe,2010,Male,12.07,49.97
AFR,Africa,ZWE,Zimbabwe,2011,Female,14.34,55.19
AFR,Africa,ZWE,Zimbabwe,2011,Male,12.29,51.27
AFR,Africa,ZWE,Zimbabwe,2012,Female,14.66,57.12
AFR,Africa,ZWE,Zimbabwe,2012,Male,12.49,52.57
AFR,Africa,ZWE,Zimbabwe,2013,Female,14.86,58.34
AFR,Africa,ZWE,Zimbabwe,2013,Male,12.66,53.68
AFR,Africa,ZWE,Zimbabwe,2014,Female,14.9,58.89
AFR,Africa,ZWE,Zimbabwe,2014,Male,12.87,54.86
AFR,Africa,ZWE,Zimbabwe,2015,Female,14.96,59.36
AFR,Africa,ZWE,Zimbabwe,2015,Male,12.94,55.45
AFR,Africa,ZWE,Zimbabwe,2016,Female,15.05,59.85
AFR,Africa,ZWE,Zimbabwe,2016,Male,12.98,55.8
AFR,Africa,ZWE,Zimbabwe,2017,Female,15.12,60.18
AFR,Africa,ZWE,Zimbabwe,2017,Male,13.02,56.09
AFR,Africa,ZWE,Zimbabwe,2018,Female,15.21,60.67
AFR,Africa,ZWE,Zimbabwe,2018,Male,13.08,56.51
AFR,Africa,ZWE,Zimbabwe,2019,Female,15.27,61.02
AFR,Africa,ZWE,Zimbabwe,2019,Male,13.12,56.9
AFR,Africa,ZWE,Zimbabwe,2020,Female,15.11,61.48
AFR,Africa,ZWE,Zimbabwe,2020,Male,12.55,57.11
AFR,Africa,ZWE,Zimbabwe,2021,Female,14.63,60.53
AFR,Africa,ZWE,Zimbabwe,2021,Male,12.38,56.19
AMR,Americas,ARG,Argentina,2000,Female,22.69,78.01
AMR,Americas,ARG,Argentina,2000,Male,17.65,70.59
AMR,Americas,ARG,Argentina,2001,Female,22.58,77.94
AMR,Americas,ARG,Argentina,2001,Male,17.58,70.62
AMR,Americas,ARG,Argentina,2002,Female,22.68,78.01
AMR,Americas,ARG,Argentina,2002,Male,17.57,70.55
AMR,Americas,ARG,Argentina,2003,Female,22.5,77.83
AMR,Americas,ARG,Argentina,2003,Male,17.44,70.7
AMR,Americas,ARG,Argentina,2004,Female,22.74,78.3
AMR,Americas,ARG,Argentina,2004,Male,17.9,71.48
AMR,Americas,ARG,Argentina,2005,Female,22.95,78.69
AMR,Americas,ARG,Argentina,2005,Male,18.06,71.78
AMR,Americas,ARG,Argentina,2006,Female,23.17,78.92
AMR,Americas,ARG,Argentina,2006,Male,18.35,72.09
AMR,Americas,ARG,Argentina,2007,Female,22.72,78.44
AMR,Americas,ARG,Argentina,2007,Male,17.94,71.65
AMR,Americas,ARG,Argentina,2008,Female,23.38,79.11
AMR,Americas,ARG,Argentina,2008,Male,18.56,72.22
AMR,Americas,ARG,Argentina,2009,Female,23.5,79.13
AMR,Americas,ARG,Argentina,2009,Male,18.73,72.49
AMR,Americas,ARG,Argentina,2010,Female,23.11,78.95
AMR,Americas,ARG,Argentina,2010,Male,18.55,72.52
AMR,Americas,ARG,Argentina,2011,Female,23.26,79.12
AMR,Americas,ARG,Argentina,2011,Male,18.76,72.7
AMR,Americas,ARG,Argentina,2012,Female,23.51,79.44
AMR,Americas,ARG,Argentina,2012,Male,18.83,72.84
AMR,Americas,ARG,Argentina,2013,Female,23.45,79.42
AMR,Americas,ARG,Argentina,2013,Male,18.9,72.92
AMR,Americas,ARG,Argentina,2014,Female,23.61,79.65
AMR,Americas,ARG,Argentina,2014,Male,19.12,73.28
AMR,Americas,ARG,Argentina,2015,Female,23.51,79.64
AMR,Americas,ARG,Argentina,2015,Male,18.97,73.33
AMR,Americas,ARG,Argentina,2016,Female,23.09,79.19
AMR,Americas,ARG,Argentina,2016,Male,18.66,72.99
AMR,Americas,ARG,Argentina,2017,Female,23.4,79.59
AMR,Americas,ARG,Argentina,2017,Male,19.04,73.59
AMR,Americas,ARG,Argentina,2018,Female,23.72,79.93
AMR,Americas,ARG,Argentina,2018,Male,19.16,73.74
AMR,Americas,ARG,Argentina,2019,Female,23.64,79.91
AMR,Americas,ARG,Argentina,2019,Male,19.24,74.0
AMR,Americas,ARG,Argentina,2020,Female,23.06,79.38
AMR,Americas,ARG,Argentina,2020,Male,18.22,73.06
AMR,Americas,ARG,Argentina,2021,Female,21.73,77.58
AMR,Americas,ARG,Argentina,2021,Male,17.25,71.59
AMR,Americas,ATG,Antigua and Barbuda,2000,Female,20.84,76.61
AMR,Americas,ATG,Antigua and Barbuda,2000,Male,18.91,71.99
AMR,Americas,ATG,Antigua and Barbuda,2001,Female,20.99,76.84
AMR,Americas,ATG,Antigua and Barbuda,2001,Male,19.14,72.36
AMR,Americas,ATG,Antigua and Barbuda,2002,Female,21.13,77.06
AMR,Americas,ATG,Antigua and Barbuda,2002,Male,19.36,72.73
AMR,Americas,ATG,Antigua and Barbuda,2003,Female,21.26,77.26
AMR,Americas,ATG,Antigua and Barbuda,2003,Male,19.48,72.96
AMR,Americas,ATG,Antigua and Barbuda,2004,Female,21.34,77.4
AMR,Americas,ATG,Antigua and Barbuda,2004,Male,19.57,73.15
AMR,Americas,ATG,Antigua and Barbuda,2005,Female,21.43,77.55
AMR,Americas,ATG,Antigua and Barbuda,2005,Male,19.64,73.32
AMR,Americas,ATG,Antigua and Barbuda,2006,Female,21.49,77.65
AMR,Americas,ATG,Antigua and Barbuda,2006,Male,19.41,73.22
AMR,Americas,ATG,Antigua and Barbuda,2007,Female,21.55,77.77
AMR,Americas,ATG,Antigua and Barbuda,2007,Male,17.56,71.99
AMR,Americas,ATG,Antigua and Barbuda,2008,Female,21.59,77.84
AMR,Americas,ATG,Antigua and Barbuda,2008,Male,17.62,72.1
AMR,Americas,ATG,Antigua and Barbuda,2009,Female,21.62,77.9
AMR,Americas,ATG,Antigua and Barbuda,2009,Male,18.59,72.89
AMR,Americas,ATG,Antigua and Barbuda,2010,Female,21.57,77.83
AMR,Americas,ATG,Antigua and Barbuda,2010,Male,18.76,73.08
AMR,Americas,ATG,Antigua and Barbuda,2011,Female,21.5,77.76
AMR,Americas,ATG,Antigua and Barbuda,2011,Male,18.87,73.24
AMR,Americas,ATG,Antigua and Barbuda,2012,Female,21.42,77.67
AMR,Americas,ATG,Antigua and Barbuda,2012,Male,18.99,73.41
AMR,Americas,ATG,Antigua and Barbuda,2013,Female,21.3,77.54
AMR,Americas,ATG,Antigua and Barbuda,2013,Male,19.16,73.65
AMR,Americas,ATG,Antigua and Barbuda,2014,Female,21.11,77.31
AMR,Americas,ATG,Antigua and Barbuda,2014,Male,19.14,73.65
AMR,Americas,ATG,Antigua and Barbuda,2015,Female,21.03,77.21
AMR,Americas,ATG,Antigua and Barbuda,2015,Male,19.24,73.79
AMR,Americas,ATG,Antigua and Barbuda,2016,Female,20.92,77.07
AMR,Americas,ATG,Antigua and Barbuda,2016,Male,19.23,73.8
AMR,Americas,ATG,Antigua and Barbuda,2017,Female,20.89,77.04
AMR,Americas,ATG,Antigua and Barbuda,2017,Male,19.27,73.88
AMR,Americas,ATG,Antigua and Barbuda,2018,Female,20.85,77.02
AMR,Americas,ATG,Antigua and Barbuda,2018,Male,19.35,74.02
AMR,Americas,ATG,Antigua and Barbuda,2019,Female,20.79,77.07
AMR,Americas,ATG,Antigua and Barbuda,2019,Male,19.28,74.05
AMR,Americas,ATG,Antigua and Barbuda,2020,Female,22.98,79.43
AMR,Americas,ATG,Antigua and Barbuda,2020,Male,20.63,75.6
AMR,Americas,ATG,Antigua and Barbuda,2021,Female,21.93,78.42
AMR,Americas,ATG,Antigua and Barbuda,2021,Male,19.59,75.21
AMR,Americas,BHS,Bahamas,2000,Female,21.4,74.23
AMR,Americas,BHS,Bahamas,2000,Male,18.45,67.68
AMR,Americas,BHS,Bahamas,2001,Female,21.47,74.51
AMR,Americas,BHS,Bahamas,2001,Male,18.22,67.71
AMR,Americas,BHS,Bahamas,2002,Female,21.5,74.84
AMR,Americas,BHS,Bahamas,2002,Male,18.37,68.29
AMR,Americas,BHS,Bahamas,2003,Female,21.53,75.03
AMR,Americas,BHS,Bahamas,2003,Male,18.55,68.93
AMR,Americas,BHS,Bahamas,2004,Female,21.56,75.11
AMR,Americas,BHS,Bahamas,2004,Male,18.61,69.09
AMR,Americas,BHS,Bahamas,2005,Female,22.06,75.71
AMR,Americas,BHS,Bahamas,2005,Male,18.97,69.51
AMR,Americas,BHS,Bahamas,2006,Female,22.31,75.89
AMR,Americas,BHS,Bahamas,2006,Male,18.93,69.36
AMR,Americas,BHS,Bahamas,2007,Female,22.52,76.36
AMR,Americas,BHS,Bahamas,2007,Male,19.18,69.73
AMR,Americas,BHS,Bahamas,2008,Female,22.47,76.37
AMR,Americas,BHS,Bahamas,2008,Male,19.0,69.51
AMR,Americas,BHS,Bahamas,2009,Female,22.2,76.11
AMR,Americas,BHS,Bahamas,2009,Male,18.9,69.44
AMR,Americas,BHS,Bahamas,2010,Female,22.18,76.06
AMR,Americas,BHS,Bahamas,2010,Male,18.86,69.37
AMR,Americas,BHS,Bahamas,2011,Female,22.16,75.94
AMR,Americas,BHS,Bahamas,2011,Male,18.98,69.46
AMR,Americas,BHS,Bahamas,2012,Female,22.26,76.09
AMR,Americas,BHS,Bahamas,2012,Male,19.08,69.53
AMR,Americas,BHS,Bahamas,2013,Female,22.2,76.06
AMR,Americas,BHS,Bahamas,2013,Male,19.38,69.87
AMR,Americas,BHS,Bahamas,2014,Female,21.67,75.69
AMR,Americas,BHS,Bahamas,2014,Male,19.14,69.55
AMR,Americas,BHS,Bahamas,2015,Female,21.84,75.97
AMR,Americas,BHS,Bahamas,2015,Male,19.15,69.8
AMR,Americas,BHS,Bahamas,2016,Female,21.87,76.09
AMR,Americas,BHS,Bahamas,2016,Male,19.05,69.74
AMR,Americas,BHS,Bahamas,2017,Female,22.09,76.31
AMR,Americas,BHS,Bahamas,2017,Male,19.3,70.04
AMR,Americas,BHS,Bahamas,2018,Female,22.22,76.49
AMR,Americas,BHS,Bahamas,2018,Male,19.35,70.17
AMR,Americas,BHS,Bahamas,2019,Female,21.5,73.26
AMR,Americas,BHS,Bahamas,2019,Male,18.68,68.08
AMR,Americas,BHS,Bahamas,2020,Female,21.69,75.96
AMR,Americas,BHS,Bahamas,2020,Male,18.08,69.21
AMR,Americas,BHS,Bahamas,2021,Female,20.01,73.47
AMR,Americas,BHS,Bahamas,2021,Male,16.95,67.33
AMR,Americas,BLZ,Belize,2000,Female,20.49,73.73
AMR,Americas,BLZ,Belize,2000,Male,16.91,67.06
AMR,Americas,BLZ,Belize,2001,Female,20.75,73.96
AMR,Americas,BLZ,Belize,2001,Male,17.8,67.73
AMR,Americas,BLZ,Belize,2002,Female,21.1,74.49
AMR,Americas,BLZ,Belize,2002,Male,18.76,68.56
AMR,Americas,BLZ,Belize,2003,Female,21.17,74.73
AMR,Americas,BLZ,Belize,2003,Male,19.16,69.18
AMR,Americas,BLZ,Belize,2004,Female,21.17,74.88
AMR,Americas,BLZ,Belize,2004,Male,19.14,69.47
AMR,Americas,BLZ,Belize,2005,Female,21.32,75.12
AMR,Americas,BLZ,Belize,2005,Male,19.32,69.94
AMR,Americas,BLZ,Belize,2006,Female,21.17,75.1
AMR,Americas,BLZ,Belize,2006,Male,19.59,70.36
AMR,Americas,BLZ,Belize,2007,Female,21.55,75.56
AMR,Americas,BLZ,Belize,2007,Male,19.91,70.77
AMR,Americas,BLZ,Belize,2008,Female,22.23,76.21
AMR,Americas,BLZ,Belize,2008,Male,20.29,71.11
AMR,Americas,BLZ,Belize,2009,Female,22.37,76.38
AMR,Americas,BLZ,Belize,2009,Male,20.58,71.21
AMR,Americas,BLZ,Belize,2010,Female,22.27,76.31
AMR,Americas,BLZ,Belize,2010,Male,20.75,71.13
AMR,Americas,BLZ,Belize,2011,Female,22.47,76.55
AMR,Americas,BLZ,Belize,2011,Male,21.06,71.36
AMR,Americas,BLZ,Belize,2012,Female,22.76,76.9
AMR,Americas,BLZ,Belize,2012,Male,21.25,71.66
AMR,Americas,BLZ,Belize,2013,Female,22.77,77.03
AMR,Americas,BLZ,Belize,2013,Male,21.18,71.8
AMR,Americas,BLZ,Belize,2014,Female,22.65,76.99
AMR,Americas,BLZ,Belize,2014,Male,20.9,71.67
AMR,Americas,BLZ,Belize,2015,Female,22.98,77.41
AMR,Americas,BLZ,Belize,2015,Male,20.65,71.51
AMR,Americas,BLZ,Belize,2016,Female,23.08,77.55
AMR,Americas,BLZ,Belize,2016,Male,20.67,71.55
AMR,Americas,BLZ,Belize,2017,Female,22.88,77.46
AMR,Americas,BLZ,Belize,2017,Male,20.67,71.93
AMR,Americas,BLZ,Belize,2018,Female,22.62,77.27
AMR,Americas,BLZ,Belize,2018,Male,20.6,72.12
AMR,Americas,BLZ,Belize,2019,Female,22.65,77.38
AMR,Americas,BLZ,Belize,2019,Male,20.81,72.55
AMR,Americas,BLZ,Belize,2020,Female,21.66,76.65
AMR,Americas,BLZ,Belize,2020,Male,20.05,72.88
AMR,Americas,BLZ,Belize,2021,Female,20.97,75.44
AMR,Americas,BLZ,Belize,2021,Male,19.37,71.36
AMR,Americas,BOL,Bolivia (Plurinational State of),2000,Female,18.15,67.14
AMR,Americas,BOL,Bolivia (Plurinational State of),2000,Male,17.4,65.06
AMR,Americas,BOL,Bolivia (Plurinational State of),2001,Female,18.36,67.82
AMR,Americas,BOL,Bolivia (Plurinational State of),2001,Male,17.57,65.68
AMR,Americas,BOL,Bolivia (Plurinational State of),2002,Female,18.4,68.22
AMR,Americas,BOL,Bolivia (Plurinational State of),2002,Male,17.7,66.16
AMR,Americas,BOL,Bolivia (Plurinational State of),2003,Female,18.56,68.8
AMR,Americas,BOL,Bolivia (Plurinational State of),2003,Male,17.83,66.68
AMR,Americas,BOL,Bolivia (Plurinational State of),2004,Female,18.67,69.29
AMR,Americas,BOL,Bolivia (Plurinational State of),2004,Male,18.04,67.28
AMR,Americas,BOL,Bolivia (Plurinational State of),2005,Female,18.73,69.66
AMR,Americas,BOL,Bolivia (Plurinational State of),2005,Male,18.19,67.81
AMR,Americas,BOL,Bolivia (Plurinational State of),2006,Female,18.86,70.13
AMR,Americas,BOL,Bolivia (Plurinational State of),2006,Male,18.28,68.2
AMR,Americas,BOL,Bolivia (Plurinational State of),2007,Female,18.82,70.34
AMR,Americas,BOL,Bolivia (Plurinational State of),2007,Male,18.36,68.61
AMR,Americas,BOL,Bolivia (Plurinational State of),2008,Female,18.87,70.67
AMR,Americas,BOL,Bolivia (Plurinational State of),2008,Male,18.4,68.91
AMR,Americas,BOL,Bolivia (Plurinational State of),2009,Female,18.93,71.01
AMR,Americas,BOL,Bolivia (Plurinational State of),2009,Male,18.44,69.27
AMR,Americas,BOL,Bolivia (Plurinational State of),2010,Female,18.96,71.3
AMR,Americas,BOL,Bolivia (Plurinational State of),2010,Male,18.46,69.56
AMR,Americas,BOL,Bolivia (Plurinational State of),2011,Female,19.01,71.6
AMR,Americas,BOL,Bolivia (Plurinational State of),2011,Male,18.48,69.84
AMR,Americas,BOL,Bolivia (Plurinational State of),2012,Female,19.07,71.92
AMR,Americas,BOL,Bolivia (Plurinational State of),2012,Male,18.52,70.15
AMR,Americas,BOL,Bolivia (Plurinational State of),2013,Female,19.17,72.22
AMR,Americas,BOL,Bolivia (Plurinational State of),2013,Male,18.6,70.45
AMR,Americas,BOL,Bolivia (Plurinational State of),2014,Female,19.26,72.53
AMR,Americas,BOL,Bolivia (Plurinational State of),2014,Male,18.67,70.76
AMR,Americas,BOL,Bolivia (Plurinational State of),2015,Female,19.36,72.84
AMR,Americas,BOL,Bolivia (Plurinational State of),2015,Male,18.74,71.05
AMR,Americas,BOL,Bolivia (Plurinational State of),2016,Female,19.46,73.11
AMR,Americas,BOL,Bolivia (Plurinational State of),2016,Male,18.83,71.32
AMR,Americas,BOL,Bolivia (Plurinational State of),2017,Female,19.53,73.33
AMR,Americas,BOL,Bolivia (Plurinational State of),2017,Male,18.89,71.55
AMR,Americas,BOL,Bolivia (Plurinational State of),2018,Female,19.63,73.58
AMR,Americas,BOL,Bolivia (Plurinational State of),2018,Male,18.98,71.78
AMR,Americas,BOL,Bolivia (Plurinational State of),2019,Female,19.71,73.79
AMR,Americas,BOL,Bolivia (Plurinational State of),2019,Male,19.07,72.03
AMR,Americas,BOL,Bolivia (Plurinational State of),2020,Female,17.22,70.37
AMR,Americas,BOL,Bolivia (Plurinational State of),2020,Male,12.55,64.4
AMR,Americas,BOL,Bolivia (Plurinational State of),2021,Female,16.03,68.39
AMR,Americas,BOL,Bolivia (Plurinational State of),2021,Male,11.91,62.87
AMR,Americas,BRA,Brazil,2000,Female,21.11,74.98
AMR,Americas,BRA,Brazil,2000,Male,18.34,68.16
AMR,Americas,BRA,Brazil,2001,Female,21.27,75.33
AMR,Americas,BRA,Brazil,2001,Male,18.35,68.41
AMR,Americas,BRA,Brazil,2002,Female,21.3,75.55
AMR,Americas,BRA,Brazil,2002,Male,18.41,68.64
AMR,Americas,BRA,Brazil,2003,Female,21.4,75.85
AMR,Americas,BRA,Brazil,2003,Male,18.36,68.88
AMR,Americas,BRA,Brazil,2004,Female,21.42,76.03
AMR,Americas,BRA,Brazil,2004,Male,18.36,69.08
AMR,Americas,BRA,Brazil,2005,Female,21.81,76.62
AMR,Americas,BRA,Brazil,2005,Male,18.74,69.76
AMR,Americas,BRA,Brazil,2006,Female,21.83,76.77
AMR,Americas,BRA,Brazil,2006,Male,18.75,69.96
AMR,Americas,BRA,Brazil,2007,Female,21.95,77.03
AMR,Americas,BRA,Brazil,2007,Male,18.85,70.19
AMR,Americas,BRA,Brazil,2008,Female,22.05,77.2
AMR,Americas,BRA,Brazil,2008,Male,18.86,70.29
AMR,Americas,BRA,Brazil,2009,Female,22.12,77.32
AMR,Americas,BRA,Brazil,2009,Male,18.96,70.42
AMR,Americas,BRA,Brazil,2010,Female,22.11,77.43
AMR,Americas,BRA,Brazil,2010,Male,18.9,70.48
AMR,Americas,BRA,Brazil,2011,Female,22.11,77.48
AMR,Americas,BRA,Brazil,2011,Male,18.93,70.6
AMR,Americas,BRA,Brazil,2012,Female,22.32,77.78
AMR,Americas,BRA,Brazil,2012,Male,19.14,70.84
AMR,Americas,BRA,Brazil,2013,Female,22.4,77.92
AMR,Americas,BRA,Brazil,2013,Male,19.16,70.97
AMR,Americas,BRA,Brazil,2014,Female,22.52,78.15
AMR,Americas,BRA,Brazil,2014,Male,19.33,71.17
AMR,Americas,BRA,Brazil,2015,Female,22.47,78.14
AMR,Americas,BRA,Brazil,2015,Male,19.29,71.32
AMR,Americas,BRA,Brazil,2016,Female,22.5,78.07
AMR,Americas,BRA,Brazil,2016,Male,19.18,71.1
AMR,Americas,BRA,Brazil,2017,Female,22.67,78.47
AMR,Americas,BRA,Brazil,2017,Male,19.41,71.54
AMR,Americas,BRA,Brazil,2018,Female,22.85,78.71
AMR,Americas,BRA,Brazil,2018,Male,19.56,71.94
AMR,Americas,BRA,Brazil,2019,Female,22.84,78.73
AMR,Americas,BRA,Brazil,2019,Male,19.58,72.22
AMR,Americas,BRA,Brazil,2020,Female,22.07,77.65
AMR,Americas,BRA,Brazil,2020,Male,18.37,70.67
AMR,Americas,BRA,Brazil,2021,Female,21.07,75.85
AMR,Americas,BRA,Brazil,2021,Male,17.59,69.04
AMR,Americas,BRB,Barbados,2000,Female,21.36,76.74
AMR,Americas,BRB,Barbados,2000,Male,19.71,72.32
AMR,Americas,BRB,Barbados,2001,Female,21.5,76.93
AMR,Americas,BRB,Barbados,2001,Male,20.01,73.03
AMR,Americas,BRB,Barbados,2002,Female,21.34,76.73
AMR,Americas,BRB,Barbados,2002,Male,19.57,72.81
AMR,Americas,BRB,Barbados,2003,Female,21.16,76.46
AMR,Americas,BRB,Barbados,2003,Male,19.16,72.46
AMR,Americas,BRB,Barbados,2004,Female,21.21,76.56
AMR,Americas,BRB,Barbados,2004,Male,19.11,72.49
AMR,Americas,BRB,Barbados,2005,Female,21.39,76.82
AMR,Americas,BRB,Barbados,2005,Male,19.52,72.93
AMR,Americas,BRB,Barbados,2006,Female,21.52,77.01
AMR,Americas,BRB,Barbados,2006,Male,19.51,72.92
AMR,Americas,BRB,Barbados,2007,Female,21.53,77.06
AMR,Americas,BRB,Barbados,2007,Male,19.69,73.25
AMR,Americas,BRB,Barbados,2008,Female,21.55,77.15
AMR,Americas,BRB,Barbados,2008,Male,19.96,73.7
AMR,Americas,BRB,Barbados,2009,Female,21.57,77.19
AMR,Americas,BRB,Barbados,2009,Male,20.72,74.51
AMR,Americas,BRB,Barbados,2010,Female,21.61,77.19
AMR,Americas,BRB,Barbados,2010,Male,20.84,74.62
AMR,Americas,BRB,Barbados,2011,Female,21.55,77.11
AMR,Americas,BRB,Barbados,2011,Male,20.98,74.86
AMR,Americas,BRB,Barbados,2012,Female,21.69,77.33
AMR,Americas,BRB,Barbados,2012,Male,21.05,75.05
AMR,Americas,BRB,Barbados,2013,Female,21.66,77.31
AMR,Americas,BRB,Barbados,2013,Male,21.04,75.1
AMR,Americas,BRB,Barbados,2014,Female,21.66,77.33
AMR,Americas,BRB,Barbados,2014,Male,21.0,75.08
AMR,Americas,BRB,Barbados,2015,Female,21.67,77.38
AMR,Americas,BRB,Barbados,2015,Male,21.03,75.12
AMR,Americas,BRB,Barbados,2016,Female,21.68,77.43
AMR,Americas,BRB,Barbados,2016,Male,21.01,75.14
AMR,Americas,BRB,Barbados,2017,Female,21.69,77.47
AMR,Americas,BRB,Barbados,2017,Male,20.94,75.12
AMR,Americas,BRB,Barbados,2018,Female,21.72,77.54
AMR,Americas,BRB,Barbados,2018,Male,20.67,74.92
AMR,Americas,BRB,Barbados,2019,Female,21.74,77.61
AMR,Americas,BRB,Barbados,2019,Male,19.97,74.33
AMR,Americas,BRB,Barbados,2020,Female,22.51,78.59
AMR,Americas,BRB,Barbados,2020,Male,20.6,75.15
AMR,Americas,BRB,Barbados,2021,Female,22.2,78.41
AMR,Americas,BRB,Barbados,2021,Male,20.29,75.12
AMR,Americas,CAN,Canada,2000,Female,24.23,81.54
AMR,Americas,CAN,Canada,2000,Male,20.48,76.53
AMR,Americas,CAN,Canada,2001,Female,24.37,81.71
AMR,Americas,CAN,Canada,2001,Male,20.75,76.8
AMR,Americas,CAN,Canada,2002,Female,24.37,81.7
AMR,Americas,CAN,Canada,2002,Male,20.88,77.03
AMR,Americas,CAN,Canada,2003,Female,24.51,81.89
AMR,Americas,CAN,Canada,2003,Male,21.05,77.16
AMR,Americas,CAN,Canada,2004,Female,24.66,82.08
AMR,Americas,CAN,Canada,2004,Male,21.31,77.51
AMR,Americas,CAN,Canada,2005,Female,24.76,82.15
AMR,Americas,CAN,Canada,2005,Male,21.52,77.64
AMR,Americas,CAN,Canada,2006,Female,25.09,82.53
AMR,Americas,CAN,Canada,2006,Male,21.89,78.1
AMR,Americas,CAN,Canada,2007,Female,25.09,82.54
AMR,Americas,CAN,Canada,2007,Male,21.91,78.13
AMR,Americas,CAN,Canada,2008,Female,25.23,82.66
AMR,Americas,CAN,Canada,2008,Male,22.08,78.36
AMR,Americas,CAN,Canada,2009,Female,25.47,82.92
AMR,Americas,CAN,Canada,2009,Male,22.37,78.74
AMR,Americas,CAN,Canada,2010,Female,25.59,83.14
AMR,Americas,CAN,Canada,2010,Male,22.65,79.05
AMR,Americas,CAN,Canada,2011,Female,25.71,83.3
AMR,Americas,CAN,Canada,2011,Male,22.86,79.41
AMR,Americas,CAN,Canada,2012,Female,25.86,83.39
AMR,Americas,CAN,Canada,2012,Male,22.97,79.51
AMR,Americas,CAN,Canada,2013,Female,25.85,83.42
AMR,Americas,CAN,Canada,2013,Male,23.08,79.62
AMR,Americas,CAN,Canada,2014,Female,25.89,83.47
AMR,Americas,CAN,Canada,2014,Male,23.11,79.65
AMR,Americas,CAN,Canada,2015,Female,25.87,83.48
AMR,Americas,CAN,Canada,2015,Male,23.23,79.76
AMR,Americas,CAN,Canada,2016,Female,26.04,83.59
AMR,Americas,CAN,Canada,2016,Male,23.4,79.85
AMR,Americas,CAN,Canada,2017,Female,26.02,83.62
AMR,Americas,CAN,Canada,2017,Male,23.4,79.76
AMR,Americas,CAN,Canada,2018,Female,26.02,83.61
AMR,Americas,CAN,Canada,2018,Male,23.47,79.84
AMR,Americas,CAN,Canada,2019,Female,26.23,83.9
AMR,Americas,CAN,Canada,2019,Male,23.66,80.12
AMR,Americas,CAN,Canada,2020,Female,25.9,83.32
AMR,Americas,CAN,Canada,2020,Male,23.3,79.28
AMR,Americas,CAN,Canada,2021,Female,26.21,83.81
AMR,Americas,CAN,Canada,2021,Male,23.26,79.37
AMR,Americas,CHL,Chile,2000,Female,22.97,79.64
AMR,Americas,CHL,Chile,2000,Male,19.42,73.88
AMR,Americas,CHL,Chile,2001,Female,23.02,79.63
AMR,Americas,CHL,Chile,2001,Male,19.45,73.82
AMR,Americas,CHL,Chile,2002,Female,23.39,80.24
AMR,Americas,CHL,Chile,2002,Male,19.78,74.37
AMR,Americas,CHL,Chile,2003,Female,23.42,80.27
AMR,Americas,CHL,Chile,2003,Male,19.85,74.55
AMR,Americas,CHL,Chile,2004,Female,23.44,80.32
AMR,Americas,CHL,Chile,2004,Male,19.99,74.71
AMR,Americas,CHL,Chile,2005,Female,23.76,80.74
AMR,Americas,CHL,Chile,2005,Male,20.29,75.19
AMR,Americas,CHL,Chile,2006,Female,24.19,81.15
AMR,Americas,CHL,Chile,2006,Male,20.73,75.71
AMR,Americas,CHL,Chile,2007,Female,24.15,81.14
AMR,Americas,CHL,Chile,2007,Male,20.73,75.75
AMR,Americas,CHL,Chile,2008,Female,24.87,81.88
AMR,Americas,CHL,Chile,2008,Male,21.43,76.44
AMR,Americas,CHL,Chile,2009,Female,24.82,81.78
AMR,Americas,CHL,Chile,2009,Male,21.34,76.18
AMR,Americas,CHL,Chile,2010,Female,24.49,81.47
AMR,Americas,CHL,Chile,2010,Male,21.12,76.14
AMR,Americas,CHL,Chile,2011,Female,25.08,82.1
AMR,Americas,CHL,Chile,2011,Male,21.77,76.93
AMR,Americas,CHL,Chile,2012,Female,24.91,82.01
AMR,Americas,CHL,Chile,2012,Male,21.82,77.09
AMR,Americas,CHL,Chile,2013,Female,25.26,82.39
AMR,Americas,CHL,Chile,2013,Male,21.94,77.21
AMR,Americas,CHL,Chile,2014,Female,25.34,82.48
AMR,Americas,CHL,Chile,2014,Male,22.05,77.34
AMR,Americas,CHL,Chile,2015,Female,25.55,82.65
AMR,Americas,CHL,Chile,2015,Male,22.22,77.55
AMR,Americas,CHL,Chile,2016,Female,25.69,82.88
AMR,Americas,CHL,Chile,2016,Male,22.5,77.97
AMR,Americas,CHL,Chile,2017,Female,25.74,83.02
AMR,Americas,CHL,Chile,2017,Male,22.62,78.22
AMR,Americas,CHL,Chile,2018,Female,25.95,83.29
AMR,Americas,CHL,Chile,2018,Male,22.92,78.57
AMR,Americas,CHL,Chile,2019,Female,25.97,83.34
AMR,Americas,CHL,Chile,2019,Male,23.01,78.66
AMR,Americas,CHL,Chile,2020,Female,25.12,82.5
AMR,Americas,CHL,Chile,2020,Male,21.74,77.32
AMR,Americas,CHL,Chile,2021,Female,24.22,81.42
AMR,Americas,CHL,Chile,2021,Male,21.51,76.69
AMR,Americas,COL,Colombia,2000,Female,21.73,76.63
AMR,Americas,COL,Colombia,2000,Male,18.73,68.64
AMR,Americas,COL,Colombia,2001,Female,21.7,76.68
AMR,Americas,COL,Colombia,2001,Male,18.78,68.75
AMR,Americas,COL,Colombia,2002,Female,21.83,76.91
AMR,Americas,COL,Colombia,2002,Male,18.98,68.92
AMR,Americas,COL,Colombia,2003,Female,21.71,76.99
AMR,Americas,COL,Colombia,2003,Male,18.89,70.19
AMR,Americas,COL,Colombia,2004,Female,22.0,77.43
AMR,Americas,COL,Colombia,2004,Male,19.12,70.62
AMR,Americas,COL,Colombia,2005,Female,22.1,77.67
AMR,Americas,COL,Colombia,2005,Male,19.16,71.27
AMR,Americas,COL,Colombia,2006,Female,22.15,77.85
AMR,Americas,COL,Colombia,2006,Male,19.29,71.59
AMR,Americas,COL,Colombia,2007,Female,22.42,78.23
AMR,Americas,COL,Colombia,2007,Male,19.58,72.19
AMR,Americas,COL,Colombia,2008,Female,22.5,78.4
AMR,Americas,COL,Colombia,2008,Male,19.72,72.44
AMR,Americas,COL,Colombia,2009,Female,23.04,78.94
AMR,Americas,COL,Colombia,2009,Male,20.14,72.61
AMR,Americas,COL,Colombia,2010,Female,23.0,79.0
AMR,Americas,COL,Colombia,2010,Male,20.21,72.94
AMR,Americas,COL,Colombia,2011,Female,23.5,79.63
AMR,Americas,COL,Colombia,2011,Male,20.63,73.74
AMR,Americas,COL,Colombia,2012,Female,23.65,79.86
AMR,Americas,COL,Colombia,2012,Male,20.72,74.03
AMR,Americas,COL,Colombia,2013,Female,23.82,80.11
AMR,Americas,COL,Colombia,2013,Male,20.85,74.34
AMR,Americas,COL,Colombia,2014,Female,23.65,80.0
AMR,Americas,COL,Colombia,2014,Male,20.88,74.7
AMR,Americas,COL,Colombia,2015,Female,23.6,79.99
AMR,Americas,COL,Colombia,2015,Male,20.8,74.68
AMR,Americas,COL,Colombia,2016,Female,23.86,80.26
AMR,Americas,COL,Colombia,2016,Male,20.91,74.87
AMR,Americas,COL,Colombia,2017,Female,23.88,80.38
AMR,Americas,COL,Colombia,2017,Male,21.07,75.17
AMR,Americas,COL,Colombia,2018,Female,23.99,80.46
AMR,Americas,COL,Colombia,2018,Male,21.13,75.16
AMR,Americas,COL,Colombia,2019,Female,24.03,80.55
AMR,Americas,COL,Colombia,2019,Male,21.2,75.33
AMR,Americas,COL,Colombia,2020,Female,23.0,79.28
AMR,Americas,COL,Colombia,2020,Male,19.31,73.18
AMR,Americas,COL,Colombia,2021,Female,21.73,77.62
AMR,Americas,COL,Colombia,2021,Male,18.5,71.55
AMR,Americas,CRI,Costa Rica,2000,Female,23.92,80.6
AMR,Americas,CRI,Costa Rica,2000,Male,21.17,75.84
AMR,Americas,CRI,Costa Rica,2001,Female,23.76,80.38
AMR,Americas,CRI,Costa Rica,2001,Male,21.25,75.85
AMR,Americas,CRI,Costa Rica,2002,Female,24.76,81.37
AMR,Americas,CRI,Costa Rica,2002,Male,21.86,76.45
AMR,Americas,CRI,Costa Rica,2003,Female,24.34,81.02
AMR,Americas,CRI,Costa Rica,2003,Male,21.78,76.47
AMR,Americas,CRI,Costa Rica,2004,Female,24.27,81.05
AMR,Americas,CRI,Costa Rica,2004,Male,21.67,76.38
AMR,Americas,CRI,Costa Rica,2005,Female,25.13,81.99
AMR,Americas,CRI,Costa Rica,2005,Male,22.44,77.49
AMR,Americas,CRI,Costa Rica,2006,Female,25.29,81.99
AMR,Americas,CRI,Costa Rica,2006,Male,22.15,76.84
AMR,Americas,CRI,Costa Rica,2007,Female,25.56,82.67
AMR,Americas,CRI,Costa Rica,2007,Male,22.8,77.84
AMR,Americas,CRI,Costa Rica,2008,Female,25.73,82.7
AMR,Americas,CRI,Costa Rica,2008,Male,22.98,77.92
AMR,Americas,CRI,Costa Rica,2009,Female,25.98,83.0
AMR,Americas,CRI,Costa Rica,2009,Male,23.06,78.25
AMR,Americas,CRI,Costa Rica,2010,Female,25.31,82.15
AMR,Americas,CRI,Costa Rica,2010,Male,22.38,76.96
AMR,Americas,CRI,Costa Rica,2011,Female,25.78,82.67
AMR,Americas,CRI,Costa Rica,2011,Male,22.93,77.89
AMR,Americas,CRI,Costa Rica,2012,Female,25.83,82.76
AMR,Americas,CRI,Costa Rica,2012,Male,23.09,78.11
AMR,Americas,CRI,Costa Rica,2013,Female,25.97,82.96
AMR,Americas,CRI,Costa Rica,2013,Male,23.18,78.26
AMR,Americas,CRI,Costa Rica,2014,Female,25.91,82.92
AMR,Americas,CRI,Costa Rica,2014,Male,22.99,78.08
AMR,Americas,CRI,Costa Rica,2015,Female,26.16,83.28
AMR,Americas,CRI,Costa Rica,2015,Male,23.05,77.94
AMR,Americas,CRI,Costa Rica,2016,Female,25.69,82.71
AMR,Americas,CRI,Costa Rica,2016,Male,22.99,77.57
AMR,Americas,CRI,Costa Rica,2017,Female,25.78,82.67
AMR,Americas,CRI,Costa Rica,2017,Male,22.95,77.76
AMR,Americas,CRI,Costa Rica,2018,Female,26.09,82.97
AMR,Americas,CRI,Costa Rica,2018,Male,22.97,77.68
AMR,Americas,CRI,Costa Rica,2019,Female,25.85,82.71
AMR,Americas,CRI,Costa Rica,2019,Male,23.11,77.93
AMR,Americas,CRI,Costa Rica,2020,Female,25.94,82.8
AMR,Americas,CRI,Costa Rica,2020,Male,22.4,77.29
AMR,Americas,CRI,Costa Rica,2021,Female,24.96,81.51
AMR,Americas,CRI,Costa Rica,2021,Male,21.97,75.88
AMR,Americas,CUB,Cuba,2000,Female,22.93,78.96
AMR,Americas,CUB,Cuba,2000,Male,20.32,74.65
AMR,Americas,CUB,Cuba,2001,Female,22.54,78.7
AMR,Americas,CUB,Cuba,2001,Male,20.21,74.82
AMR,Americas,CUB,Cuba,2002,Female,23.57,79.89
AMR,Americas,CUB,Cuba,2002,Male,21.01,75.7
AMR,Americas,CUB,Cuba,2003,Female,23.06,79.37
AMR,Americas,CUB,Cuba,2003,Male,20.7,75.58
AMR,Americas,CUB,Cuba,2004,Female,22.99,79.49
AMR,Americas,CUB,Cuba,2004,Male,20.51,75.48
AMR,Americas,CUB,Cuba,2005,Female,22.81,79.26
AMR,Americas,CUB,Cuba,2005,Male,20.29,75.24
AMR,Americas,CUB,Cuba,2006,Female,23.38,80.1
AMR,Americas,CUB,Cuba,2006,Male,20.74,76.03
AMR,Americas,CUB,Cuba,2007,Female,23.35,80.07
AMR,Americas,CUB,Cuba,2007,Male,20.93,76.18
AMR,Americas,CUB,Cuba,2008,Female,23.07,79.79
AMR,Americas,CUB,Cuba,2008,Male,20.6,76.03
AMR,Americas,CUB,Cuba,2009,Female,23.24,80.02
AMR,Americas,CUB,Cuba,2009,Male,20.76,76.08
AMR,Americas,CUB,Cuba,2010,Female,23.01,79.9
AMR,Americas,CUB,Cuba,2010,Male,20.44,75.84
AMR,Americas,CUB,Cuba,2011,Female,23.53,80.48
AMR,Americas,CUB,Cuba,2011,Male,21.14,76.64
AMR,Americas,CUB,Cuba,2012,Female,23.62,80.54
AMR,Americas,CUB,Cuba,2012,Male,21.05,76.37
AMR,Americas,CUB,Cuba,2013,Female,23.45,80.4
AMR,Americas,CUB,Cuba,2013,Male,20.91,76.29
AMR,Americas,CUB,Cuba,2014,Female,23.2,80.25
AMR,Americas,CUB,Cuba,2014,Male,20.65,76.1
AMR,Americas,CUB,Cuba,2015,Female,23.18,80.11
AMR,Americas,CUB,Cuba,2015,Male,20.49,75.82
AMR,Americas,CUB,Cuba,2016,Female,23.45,80.44
AMR,Americas,CUB,Cuba,2016,Male,20.52,75.93
AMR,Americas,CUB,Cuba,2017,Female,22.91,80.0
AMR,Americas,CUB,Cuba,2017,Male,19.93,75.4
AMR,Americas,CUB,Cuba,2018,Female,23.17,80.24
AMR,Americas,CUB,Cuba,2018,Male,20.08,75.55
AMR,Americas,CUB,Cuba,2019,Female,23.15,80.12
AMR,Americas,CUB,Cuba,2019,Male,19.96,75.3
AMR,Americas,CUB,Cuba,2020,Female,23.07,80.1
AMR,Americas,CUB,Cuba,2020,Male,19.76,75.26
AMR,Americas,CUB,Cuba,2021,Female,20.16,76.51
AMR,Americas,CUB,Cuba,2021,Male,16.22,71.13
AMR,Americas,DOM,Dominican Republic,2000,Female,24.13,76.56
AMR,Americas,DOM,Dominican Republic,2000,Male,20.87,70.5
AMR,Americas,DOM,Dominican Republic,2001,Female,24.06,76.59
AMR,Americas,DOM,Dominican Republic,2001,Male,21.05,70.86
AMR,Americas,DOM,Dominican Republic,2002,Female,23.94,76.55
AMR,Americas,DOM,Dominican Republic,2002,Male,21.0,70.89
AMR,Americas,DOM,Dominican Republic,2003,Female,23.43,76.08
AMR,Americas,DOM,Dominican Republic,2003,Male,20.74,70.62
AMR,Americas,DOM,Dominican Republic,2004,Female,22.93,75.54
AMR,Americas,DOM,Dominican Republic,2004,Male,20.38,70.19
AMR,Americas,DOM,Dominican Republic,2005,Female,22.86,75.6
AMR,Americas,DOM,Dominican Republic,2005,Male,20.34,70.24
AMR,Americas,DOM,Dominican Republic,2006,Female,22.75,75.57
AMR,Americas,DOM,Dominican Republic,2006,Male,20.28,70.27
AMR,Americas,DOM,Dominican Republic,2007,Female,22.8,75.74
AMR,Americas,DOM,Dominican Republic,2007,Male,20.33,70.45
AMR,Americas,DOM,Dominican Republic,2008,Female,22.94,76.07
AMR,Americas,DOM,Dominican Republic,2008,Male,20.47,70.72
AMR,Americas,DOM,Dominican Republic,2009,Female,23.09,76.34
AMR,Americas,DOM,Dominican Republic,2009,Male,20.63,70.97
AMR,Americas,DOM,Dominican Republic,2010,Female,23.26,76.6
AMR,Americas,DOM,Dominican Republic,2010,Male,20.84,71.21
AMR,Americas,DOM,Dominican Republic,2011,Female,23.47,76.88
AMR,Americas,DOM,Dominican Republic,2011,Male,21.03,71.38
AMR,Americas,DOM,Dominican Republic,2012,Female,23.44,76.79
AMR,Americas,DOM,Dominican Republic,2012,Male,20.75,70.88
AMR,Americas,DOM,Dominican Republic,2013,Female,23.38,76.65
AMR,Americas,DOM,Dominican Republic,2013,Male,20.36,70.2
AMR,Americas,DOM,Dominican Republic,2014,Female,23.72,76.84
AMR,Americas,DOM,Dominican Republic,2014,Male,20.61,70.0
AMR,Americas,DOM,Dominican Republic,2015,Female,23.83,76.97
AMR,Americas,DOM,Dominican Republic,2015,Male,20.6,69.95
AMR,Americas,DOM,Dominican Republic,2016,Female,23.84,76.96
AMR,Americas,DOM,Dominican Republic,2016,Male,20.71,70.02
AMR,Americas,DOM,Dominican Republic,2017,Female,23.84,76.93
AMR,Americas,DOM,Dominican Republic,2017,Male,20.85,70.17
AMR,Americas,DOM,Dominican Republic,2018,Female,23.8,76.92
AMR,Americas,DOM,Dominican Republic,2018,Male,20.95,70.38
AMR,Americas,DOM,Dominican Republic,2019,Female,23.94,77.18
AMR,Americas,DOM,Dominican Republic,2019,Male,21.24,70.87
AMR,Americas,DOM,Dominican Republic,2020,Female,23.65,77.52
AMR,Americas,DOM,Dominican Republic,2020,Male,18.98,70.07
AMR,Americas,DOM,Dominican Republic,2021,Female,22.86,76.76
AMR,Americas,DOM,Dominican Republic,2021,Male,19.56,70.16
AMR,Americas,ECU,Ecuador,2000,Female,22.16,75.94
AMR,Americas,ECU,Ecuador,2000,Male,18.89,69.41
AMR,Americas,ECU,Ecuador,2001,Female,22.38,76.25
AMR,Americas,ECU,Ecuador,2001,Male,19.14,70.02
AMR,Americas,ECU,Ecuador,2002,Female,22.51,76.59
AMR,Americas,ECU,Ecuador,2002,Male,19.08,69.94
AMR,Americas,ECU,Ecuador,2003,Female,22.9,77.16
AMR,Americas,ECU,Ecuador,2003,Male,19.6,70.82
AMR,Americas,ECU,Ecuador,2004,Female,22.89,77.27
AMR,Americas,ECU,Ecuador,2004,Male,19.52,70.83
AMR,Americas,ECU,Ecuador,2005,Female,22.75,77.17
AMR,Americas,ECU,Ecuador,2005,Male,19.42,70.53
AMR,Americas,ECU,Ecuador,2006,Female,22.64,77.18
AMR,Americas,ECU,Ecuador,2006,Male,19.49,70.93
AMR,Americas,ECU,Ecuador,2007,Female,22.91,77.66
AMR,Americas,ECU,Ecuador,2007,Male,19.73,71.21
AMR,Americas,ECU,Ecuador,2008,Female,22.95,77.78
AMR,Americas,ECU,Ecuador,2008,Male,19.69,71.22
AMR,Americas,ECU,Ecuador,2009,Female,23.18,78.12
AMR,Americas,ECU,Ecuador,2009,Male,20.17,71.89
AMR,Americas,ECU,Ecuador,2010,Female,23.12,78.26
AMR,Americas,ECU,Ecuador,2010,Male,20.18,72.17
AMR,Americas,ECU,Ecuador,2011,Female,23.43,78.65
AMR,Americas,ECU,Ecuador,2011,Male,20.26,72.65
AMR,Americas,ECU,Ecuador,2012,Female,23.24,78.6
AMR,Americas,ECU,Ecuador,2012,Male,20.36,73.1
AMR,Americas,ECU,Ecuador,2013,Female,23.52,79.08
AMR,Americas,ECU,Ecuador,2013,Male,20.64,73.8
AMR,Americas,ECU,Ecuador,2014,Female,23.74,79.45
AMR,Americas,ECU,Ecuador,2014,Male,20.96,74.39
AMR,Americas,ECU,Ecuador,2015,Female,23.73,79.66
AMR,Americas,ECU,Ecuador,2015,Male,21.05,74.69
AMR,Americas,ECU,Ecuador,2016,Female,23.71,79.56
AMR,Americas,ECU,Ecuador,2016,Male,21.08,74.83
AMR,Americas,ECU,Ecuador,2017,Female,23.77,79.77
AMR,Americas,ECU,Ecuador,2017,Male,21.05,74.9
AMR,Americas,ECU,Ecuador,2018,Female,23.89,79.94
AMR,Americas,ECU,Ecuador,2018,Male,21.26,75.05
AMR,Americas,ECU,Ecuador,2019,Female,24.12,80.23
AMR,Americas,ECU,Ecuador,2019,Male,21.46,75.32
AMR,Americas,ECU,Ecuador,2020,Female,20.86,76.36
AMR,Americas,ECU,Ecuador,2020,Male,16.54,69.52
AMR,Americas,ECU,Ecuador,2021,Female,21.73,77.2
AMR,Americas,ECU,Ecuador,2021,Male,18.31,70.95
AMR,Americas,GRD,Grenada,2000,Female,21.63,76.45
AMR,Americas,GRD,Grenada,2000,Male,14.26,67.93
AMR,Americas,GRD,Grenada,2001,Female,21.71,76.54
AMR,Americas,GRD,Grenada,2001,Male,14.19,67.94
AMR,Americas,GRD,Grenada,2002,Female,21.71,76.5
AMR,Americas,GRD,Grenada,2002,Male,13.78,67.57
AMR,Americas,GRD,Grenada,2003,Female,21.77,76.61
AMR,Americas,GRD,Grenada,2003,Male,13.48,67.36
AMR,Americas,GRD,Grenada,2004,Female,21.64,76.32
AMR,Americas,GRD,Grenada,2004,Male,13.3,67.14
AMR,Americas,GRD,Grenada,2005,Female,21.71,76.62
AMR,Americas,GRD,Grenada,2005,Male,13.64,67.54
AMR,Americas,GRD,Grenada,2006,Female,21.59,76.59
AMR,Americas,GRD,Grenada,2006,Male,14.1,67.95
AMR,Americas,GRD,Grenada,2007,Female,21.46,76.46
AMR,Americas,GRD,Grenada,2007,Male,14.27,68.12
AMR,Americas,GRD,Grenada,2008,Female,21.26,76.27
AMR,Americas,GRD,Grenada,2008,Male,14.02,67.94
AMR,Americas,GRD,Grenada,2009,Female,21.04,76.05
AMR,Americas,GRD,Grenada,2009,Male,14.15,68.06
AMR,Americas,GRD,Grenada,2010,Female,20.91,75.88
AMR,Americas,GRD,Grenada,2010,Male,14.45,68.27
AMR,Americas,GRD,Grenada,2011,Female,20.81,75.73
AMR,Americas,GRD,Grenada,2011,Male,15.73,69.4
AMR,Americas,GRD,Grenada,2012,Female,20.74,75.63
AMR,Americas,GRD,Grenada,2012,Male,16.62,70.24
AMR,Americas,GRD,Grenada,2013,Female,20.71,75.59
AMR,Americas,GRD,Grenada,2013,Male,16.56,70.18
AMR,Americas,GRD,Grenada,2014,Female,20.67,75.53
AMR,Americas,GRD,Grenada,2014,Male,16.49,70.1
AMR,Americas,GRD,Grenada,2015,Female,20.69,75.57
AMR,Americas,GRD,Grenada,2015,Male,16.46,70.08
AMR,Americas,GRD,Grenada,2016,Female,20.42,75.35
AMR,Americas,GRD,Grenada,2016,Male,16.48,70.1
AMR,Americas,GRD,Grenada,2017,Female,20.48,75.43
AMR,Americas,GRD,Grenada,2017,Male,16.57,70.24
AMR,Americas,GRD,Grenada,2018,Female,20.55,75.54
AMR,Americas,GRD,Grenada,2018,Male,16.71,70.43
AMR,Americas,GRD,Grenada,2019,Female,20.26,75.32
AMR,Americas,GRD,Grenada,2019,Male,16.72,70.46
AMR,Americas,GRD,Grenada,2020,Female,22.56,78.17
AMR,Americas,GRD,Grenada,2020,Male,18.47,72.85
AMR,Americas,GRD,Grenada,2021,Female,20.21,75.2
AMR,Americas,GRD,Grenada,2021,Male,16.95,70.52
AMR,Americas,GTM,Guatemala,2000,Female,20.74,71.4
AMR,Americas,GTM,Guatemala,2000,Male,18.76,65.32
AMR,Americas,GTM,Guatemala,2001,Female,20.78,71.97
AMR,Americas,GTM,Guatemala,2001,Male,18.69,65.45
AMR,Americas,GTM,Guatemala,2002,Female,21.13,72.45
AMR,Americas,GTM,Guatemala,2002,Male,19.14,66.33
AMR,Americas,GTM,Guatemala,2003,Female,21.07,72.63
AMR,Americas,GTM,Guatemala,2003,Male,19.27,66.24
AMR,Americas,GTM,Guatemala,2004,Female,21.24,72.92
AMR,Americas,GTM,Guatemala,2004,Male,19.23,66.49
AMR,Americas,GTM,Guatemala,2005,Female,21.08,72.72
AMR,Americas,GTM,Guatemala,2005,Male,19.15,66.0
AMR,Americas,GTM,Guatemala,2006,Female,21.32,73.32
AMR,Americas,GTM,Guatemala,2006,Male,19.5,66.49
AMR,Americas,GTM,Guatemala,2007,Female,21.52,73.77
AMR,Americas,GTM,Guatemala,2007,Male,19.85,67.65
AMR,Americas,GTM,Guatemala,2008,Female,21.88,74.38
AMR,Americas,GTM,Guatemala,2008,Male,19.88,67.73
AMR,Americas,GTM,Guatemala,2009,Female,21.66,74.11
AMR,Americas,GTM,Guatemala,2009,Male,19.88,67.64
AMR,Americas,GTM,Guatemala,2010,Female,21.52,74.17
AMR,Americas,GTM,Guatemala,2010,Male,19.78,68.01
AMR,Americas,GTM,Guatemala,2011,Female,21.67,74.54
AMR,Americas,GTM,Guatemala,2011,Male,19.95,68.6
AMR,Americas,GTM,Guatemala,2012,Female,21.7,74.78
AMR,Americas,GTM,Guatemala,2012,Male,19.86,69.07
AMR,Americas,GTM,Guatemala,2013,Female,21.35,74.59
AMR,Americas,GTM,Guatemala,2013,Male,19.76,68.92
AMR,Americas,GTM,Guatemala,2014,Female,21.46,74.77
AMR,Americas,GTM,Guatemala,2014,Male,19.64,69.2
AMR,Americas,GTM,Guatemala,2015,Female,21.42,74.82
AMR,Americas,GTM,Guatemala,2015,Male,19.66,69.28
AMR,Americas,GTM,Guatemala,2016,Female,21.48,74.94
AMR,Americas,GTM,Guatemala,2016,Male,19.75,69.53
AMR,Americas,GTM,Guatemala,2017,Female,21.7,75.35
AMR,Americas,GTM,Guatemala,2017,Male,19.89,70.04
AMR,Americas,GTM,Guatemala,2018,Female,21.51,75.22
AMR,Americas,GTM,Guatemala,2018,Male,19.92,70.22
AMR,Americas,GTM,Guatemala,2019,Female,21.45,75.2
AMR,Americas,GTM,Guatemala,2019,Male,19.76,70.19
AMR,Americas,GTM,Guatemala,2020,Female,20.64,74.31
AMR,Americas,GTM,Guatemala,2020,Male,17.18,67.76
AMR,Americas,GTM,Guatemala,2021,Female,18.81,71.9
AMR,Americas,GTM,Guatemala,2021,Male,15.77,65.65
AMR,Americas,GUY,Guyana,2000,Female,17.74,67.83
AMR,Americas,GUY,Guyana,2000,Male,15.17,61.74
AMR,Americas,GUY,Guyana,2001,Female,17.65,67.85
AMR,Americas,GUY,Guyana,2001,Male,15.12,61.75
AMR,Americas,GUY,Guyana,2002,Female,17.46,67.76
AMR,Americas,GUY,Guyana,2002,Male,15.06,61.75
AMR,Americas,GUY,Guyana,2003,Female,17.31,67.73
AMR,Americas,GUY,Guyana,2003,Male,15.06,61.87
AMR,Americas,GUY,Guyana,2004,Female,17.3,67.81
AMR,Americas,GUY,Guyana,2004,Male,15.16,62.12
AMR,Americas,GUY,Guyana,2005,Female,17.41,68.02
AMR,Americas,GUY,Guyana,2005,Male,15.2,62.3
AMR,Americas,GUY,Guyana,2006,Female,17.56,68.32
AMR,Americas,GUY,Guyana,2006,Male,15.26,62.51
AMR,Americas,GUY,Guyana,2007,Female,17.77,68.67
AMR,Americas,GUY,Guyana,2007,Male,15.43,62.88
AMR,Americas,GUY,Guyana,2008,Female,17.86,68.85
AMR,Americas,GUY,Guyana,2008,Male,15.56,62.88
AMR,Americas,GUY,Guyana,2009,Female,18.03,69.2
AMR,Americas,GUY,Guyana,2009,Male,15.62,63.2
AMR,Americas,GUY,Guyana,2010,Female,18.18,69.41
AMR,Americas,GUY,Guyana,2010,Male,15.62,63.13
AMR,Americas,GUY,Guyana,2011,Female,18.24,69.47
AMR,Americas,GUY,Guyana,2011,Male,15.65,63.06
AMR,Americas,GUY,Guyana,2012,Female,18.31,69.55
AMR,Americas,GUY,Guyana,2012,Male,15.69,63.05
AMR,Americas,GUY,Guyana,2013,Female,18.38,69.67
AMR,Americas,GUY,Guyana,2013,Male,15.68,63.06
AMR,Americas,GUY,Guyana,2014,Female,18.52,69.97
AMR,Americas,GUY,Guyana,2014,Male,15.8,63.34
AMR,Americas,GUY,Guyana,2015,Female,18.68,70.36
AMR,Americas,GUY,Guyana,2015,Male,15.92,63.72
AMR,Americas,GUY,Guyana,2016,Female,18.96,70.91
AMR,Americas,GUY,Guyana,2016,Male,16.23,64.35
AMR,Americas,GUY,Guyana,2017,Female,19.31,71.52
AMR,Americas,GUY,Guyana,2017,Male,16.53,64.96
AMR,Americas,GUY,Guyana,2018,Female,19.56,72.01
AMR,Americas,GUY,Guyana,2018,Male,16.87,65.57
AMR,Americas,GUY,Guyana,2019,Female,19.4,71.99
AMR,Americas,GUY,Guyana,2019,Male,16.52,65.58
AMR,Americas,GUY,Guyana,2020,Female,18.02,70.19
AMR,Americas,GUY,Guyana,2020,Male,15.14,63.81
AMR,Americas,GUY,Guyana,2021,Female,17.31,69.31
AMR,Americas,GUY,Guyana,2021,Male,14.33,62.98
AMR,Americas,HND,Honduras,2000,Female,19.29,70.83
AMR,Americas,HND,Honduras,2000,Male,19.42,68.82
AMR,Americas,HND,Honduras,2001,Female,19.27,70.96
AMR,Americas,HND,Honduras,2001,Male,19.39,68.99
AMR,Americas,HND,Honduras,2002,Female,19.27,71.11
AMR,Americas,HND,Honduras,2002,Male,19.39,69.18
AMR,Americas,HND,Honduras,2003,Female,19.25,71.22
AMR,Americas,HND,Honduras,2003,Male,19.36,69.28
AMR,Americas,HND,Honduras,2004,Female,19.22,71.36
AMR,Americas,HND,Honduras,2004,Male,19.3,69.45
AMR,Americas,HND,Honduras,2005,Female,19.24,71.51
AMR,Americas,HND,Honduras,2005,Male,19.33,69.71
AMR,Americas,HND,Honduras,2006,Female,19.27,71.69
AMR,Americas,HND,Honduras,2006,Male,19.37,69.93
AMR,Americas,HND,Honduras,2007,Female,19.32,71.88
AMR,Americas,HND,Honduras,2007,Male,19.41,70.14
AMR,Americas,HND,Honduras,2008,Female,19.2,71.92
AMR,Americas,HND,Honduras,2008,Male,19.25,70.19
AMR,Americas,HND,Honduras,2009,Female,19.02,71.93
AMR,Americas,HND,Honduras,2009,Male,18.97,70.2
AMR,Americas,HND,Honduras,2010,Female,18.74,71.82
AMR,Americas,HND,Honduras,2010,Male,18.5,69.98
AMR,Americas,HND,Honduras,2011,Female,18.38,71.72
AMR,Americas,HND,Honduras,2011,Male,17.84,69.74
AMR,Americas,HND,Honduras,2012,Female,18.12,71.36
AMR,Americas,HND,Honduras,2012,Male,16.73,66.77
AMR,Americas,HND,Honduras,2013,Female,18.23,71.6
AMR,Americas,HND,Honduras,2013,Male,16.83,67.22
AMR,Americas,HND,Honduras,2014,Female,18.31,71.76
AMR,Americas,HND,Honduras,2014,Male,16.9,67.4
AMR,Americas,HND,Honduras,2015,Female,18.38,71.89
AMR,Americas,HND,Honduras,2015,Male,16.93,67.3
AMR,Americas,HND,Honduras,2016,Female,18.49,72.38
AMR,Americas,HND,Honduras,2016,Male,17.06,69.81
AMR,Americas,HND,Honduras,2017,Female,18.58,72.55
AMR,Americas,HND,Honduras,2017,Male,17.12,70.0
AMR,Americas,HND,Honduras,2018,Female,18.73,72.74
AMR,Americas,HND,Honduras,2018,Male,17.24,69.9
AMR,Americas,HND,Honduras,2019,Female,18.84,72.9
AMR,Americas,HND,Honduras,2019,Male,17.36,69.99
AMR,Americas,HND,Honduras,2020,Female,18.04,72.07
AMR,Americas,HND,Honduras,2020,Male,15.69,68.65
AMR,Americas,HND,Honduras,2021,Female,17.04,70.53
AMR,Americas,HND,Honduras,2021,Male,15.17,67.44
AMR,Americas,HTI,Haiti,2000,Female,15.01,56.52
AMR,Americas,HTI,Haiti,2000,Male,15.46,56.99
AMR,Americas,HTI,Haiti,2001,Female,15.0,56.84
AMR,Americas,HTI,Haiti,2001,Male,15.58,57.5
AMR,Americas,HTI,Haiti,2002,Female,15.02,57.24
AMR,Americas,HTI,Haiti,2002,Male,15.7,58.01
AMR,Americas,HTI,Haiti,2003,Female,14.99,57.52
AMR,Americas,HTI,Haiti,2003,Male,15.75,58.42
AMR,Americas,HTI,Haiti,2004,Female,14.73,56.95
AMR,Americas,HTI,Haiti,2004,Male,15.57,58.24
AMR,Americas,HTI,Haiti,2005,Female,14.94,58.15
AMR,Americas,HTI,Haiti,2005,Male,15.86,59.26
AMR,Americas,HTI,Haiti,2006,Female,15.05,58.85
AMR,Americas,HTI,Haiti,2006,Male,15.9,59.76
AMR,Americas,HTI,Haiti,2007,Female,15.2,59.54
AMR,Americas,HTI,Haiti,2007,Male,15.96,60.27
AMR,Americas,HTI,Haiti,2008,Female,15.29,60.03
AMR,Americas,HTI,Haiti,2008,Male,15.96,60.57
AMR,Americas,HTI,Haiti,2009,Female,15.43,60.61
AMR,Americas,HTI,Haiti,2009,Male,16.03,60.97
AMR,Americas,HTI,Haiti,2010,Female,10.75,36.6
AMR,Americas,HTI,Haiti,2010,Male,11.1,43.93
AMR,Americas,HTI,Haiti,2011,Female,15.48,61.04
AMR,Americas,HTI,Haiti,2011,Male,15.99,61.24
AMR,Americas,HTI,Haiti,2012,Female,15.65,61.55
AMR,Americas,HTI,Haiti,2012,Male,16.11,61.58
AMR,Americas,HTI,Haiti,2013,Female,15.77,62.08
AMR,Americas,HTI,Haiti,2013,Male,16.13,61.81
AMR,Americas,HTI,Haiti,2014,Female,15.86,62.5
AMR,Americas,HTI,Haiti,2014,Male,16.14,62.05
AMR,Americas,HTI,Haiti,2015,Female,15.91,62.8
AMR,Americas,HTI,Haiti,2015,Male,16.14,62.27
AMR,Americas,HTI,Haiti,2016,Female,15.98,63.11
AMR,Americas,HTI,Haiti,2016,Male,16.15,62.51
AMR,Americas,HTI,Haiti,2017,Female,16.13,63.65
AMR,Americas,HTI,Haiti,2017,Male,16.25,62.87
AMR,Americas,HTI,Haiti,2018,Female,16.2,63.92
AMR,Americas,HTI,Haiti,2018,Male,16.28,63.05
AMR,Americas,HTI,Haiti,2019,Female,16.24,64.16
AMR,Americas,HTI,Haiti,2019,Male,16.28,63.18
AMR,Americas,HTI,Haiti,2020,Female,15.9,64.21
AMR,Americas,HTI,Haiti,2020,Male,15.07,62.58
AMR,Americas,HTI,Haiti,2021,Female,15.34,63.21
AMR,Americas,HTI,Haiti,2021,Male,14.97,61.7
AMR,Americas,JAM,Jamaica,2000,Female,20.0,74.52
AMR,Americas,JAM,Jamaica,2000,Male,17.14,69.97
AMR,Americas,JAM,Jamaica,2001,Female,19.76,74.34
AMR,Americas,JAM,Jamaica,2001,Male,17.15,69.94
AMR,Americas,JAM,Jamaica,2002,Female,20.44,75.13
AMR,Americas,JAM,Jamaica,2002,Male,17.44,70.93
AMR,Americas,JAM,Jamaica,2003,Female,20.55,75.43
AMR,Americas,JAM,Jamaica,2003,Male,17.6,71.48
AMR,Americas,JAM,Jamaica,2004,Female,20.41,75.46
AMR,Americas,JAM,Jamaica,2004,Male,17.73,71.94
AMR,Americas,JAM,Jamaica,2005,Female,20.16,74.86
AMR,Americas,JAM,Jamaica,2005,Male,16.97,68.06
AMR,Americas,JAM,Jamaica,2006,Female,21.15,76.38
AMR,Americas,JAM,Jamaica,2006,Male,18.26,72.49
AMR,Americas,JAM,Jamaica,2007,Female,19.78,74.15
AMR,Americas,JAM,Jamaica,2007,Male,15.8,65.52
AMR,Americas,JAM,Jamaica,2008,Female,20.18,74.59
AMR,Americas,JAM,Jamaica,2008,Male,16.53,67.02
AMR,Americas,JAM,Jamaica,2009,Female,20.59,75.56
AMR,Americas,JAM,Jamaica,2009,Male,17.38,69.03
AMR,Americas,JAM,Jamaica,2010,Female,20.77,76.06
AMR,Americas,JAM,Jamaica,2010,Male,17.63,71.92
AMR,Americas,JAM,Jamaica,2011,Female,20.69,75.76
AMR,Americas,JAM,Jamaica,2011,Male,17.47,70.11
AMR,Americas,JAM,Jamaica,2012,Female,20.69,75.96
AMR,Americas,JAM,Jamaica,2012,Male,17.88,72.43
AMR,Americas,JAM,Jamaica,2013,Female,20.76,76.14
AMR,Americas,JAM,Jamaica,2013,Male,17.82,72.33
AMR,Americas,JAM,Jamaica,2014,Female,20.03,75.12
AMR,Americas,JAM,Jamaica,2014,Male,16.98,71.41
AMR,Americas,JAM,Jamaica,2015,Female,20.23,75.01
AMR,Americas,JAM,Jamaica,2015,Male,17.22,69.69
AMR,Americas,JAM,Jamaica,2016,Female,20.38,75.23
AMR,Americas,JAM,Jamaica,2016,Male,16.93,69.59
AMR,Americas,JAM,Jamaica,2017,Female,20.57,75.43
AMR,Americas,JAM,Jamaica,2017,Male,16.98,69.42
AMR,Americas,JAM,Jamaica,2018,Female,20.63,75.61
AMR,Americas,JAM,Jamaica,2018,Male,17.1,69.63
AMR,Americas,JAM,Jamaica,2019,Female,20.39,75.14
AMR,Americas,JAM,Jamaica,2019,Male,16.94,69.48
AMR,Americas,JAM,Jamaica,2020,Female,20.4,75.27
AMR,Americas,JAM,Jamaica,2020,Male,17.1,70.1
AMR,Americas,JAM,Jamaica,2021,Female,18.25,72.77
AMR,Americas,JAM,Jamaica,2021,Male,15.24,67.64
AMR,Americas,LCA,Saint Lucia,2000,Female,21.49,76.27
AMR,Americas,LCA,Saint Lucia,2000,Male,18.32,70.21
AMR,Americas,LCA,Saint Lucia,2001,Female,21.61,76.46
AMR,Americas,LCA,Saint Lucia,2001,Male,18.27,70.28
AMR,Americas,LCA,Saint Lucia,2002,Female,21.75,76.69
AMR,Americas,LCA,Saint Lucia,2002,Male,18.35,70.41
AMR,Americas,LCA,Saint Lucia,2003,Female,21.95,77.03
AMR,Americas,LCA,Saint Lucia,2003,Male,18.43,70.62
AMR,Americas,LCA,Saint Lucia,2004,Female,22.11,77.27
AMR,Americas,LCA,Saint Lucia,2004,Male,18.51,70.82
AMR,Americas,LCA,Saint Lucia,2005,Female,22.29,77.49
AMR,Americas,LCA,Saint Lucia,2005,Male,18.88,71.28
AMR,Americas,LCA,Saint Lucia,2006,Female,22.57,77.78
AMR,Americas,LCA,Saint Lucia,2006,Male,19.26,71.69
AMR,Americas,LCA,Saint Lucia,2007,Female,23.72,78.77
AMR,Americas,LCA,Saint Lucia,2007,Male,19.33,71.82
AMR,Americas,LCA,Saint Lucia,2008,Female,24.17,79.21
AMR,Americas,LCA,Saint Lucia,2008,Male,19.45,72.04
AMR,Americas,LCA,Saint Lucia,2009,Female,24.59,79.63
AMR,Americas,LCA,Saint Lucia,2009,Male,19.65,72.25
AMR,Americas,LCA,Saint Lucia,2010,Female,24.99,79.79
AMR,Americas,LCA,Saint Lucia,2010,Male,19.98,72.41
AMR,Americas,LCA,Saint Lucia,2011,Female,25.07,79.87
AMR,Americas,LCA,Saint Lucia,2011,Male,20.48,72.75
AMR,Americas,LCA,Saint Lucia,2012,Female,25.04,79.88
AMR,Americas,LCA,Saint Lucia,2012,Male,20.69,73.01
AMR,Americas,LCA,Saint Lucia,2013,Female,24.78,79.69
AMR,Americas,LCA,Saint Lucia,2013,Male,20.34,72.78
AMR,Americas,LCA,Saint Lucia,2014,Female,24.93,79.95
AMR,Americas,LCA,Saint Lucia,2014,Male,20.28,72.75
AMR,Americas,LCA,Saint Lucia,2015,Female,25.02,80.08
AMR,Americas,LCA,Saint Lucia,2015,Male,20.32,72.84
AMR,Americas,LCA,Saint Lucia,2016,Female,25.04,80.18
AMR,Americas,LCA,Saint Lucia,2016,Male,19.72,72.48
AMR,Americas,LCA,Saint Lucia,2017,Female,24.86,80.04
AMR,Americas,LCA,Saint Lucia,2017,Male,19.67,72.49
AMR,Americas,LCA,Saint Lucia,2018,Female,24.75,79.97
AMR,Americas,LCA,Saint Lucia,2018,Male,19.63,72.5
AMR,Americas,LCA,Saint Lucia,2019,Female,24.67,79.93
AMR,Americas,LCA,Saint Lucia,2019,Male,19.63,72.53
AMR,Americas,LCA,Saint Lucia,2020,Female,24.21,79.55
AMR,Americas,LCA,Saint Lucia,2020,Male,19.25,71.96
AMR,Americas,LCA,Saint Lucia,2021,Female,19.59,74.47
AMR,Americas,LCA,Saint Lucia,2021,Male,15.81,68.0
AMR,Americas,MEX,Mexico,2000,Female,22.28,76.69
AMR,Americas,MEX,Mexico,2000,Male,20.56,71.73
AMR,Americas,MEX,Mexico,2001,Female,22.35,76.92
AMR,Americas,MEX,Mexico,2001,Male,20.69,72.16
AMR,Americas,MEX,Mexico,2002,Female,22.32,76.99
AMR,Americas,MEX,Mexico,2002,Male,20.55,72.18
AMR,Americas,MEX,Mexico,2003,Female,22.21,77.0
AMR,Americas,MEX,Mexico,2003,Male,20.47,72.24
AMR,Americas,MEX,Mexico,2004,Female,22.45,77.37
AMR,Americas,MEX,Mexico,2004,Male,20.7,72.69
AMR,Americas,MEX,Mexico,2005,Female,22.28,77.26
AMR,Americas,MEX,Mexico,2005,Male,20.54,72.58
AMR,Americas,MEX,Mexico,2006,Female,22.65,77.71
AMR,Americas,MEX,Mexico,2006,Male,20.82,72.94
AMR,Americas,MEX,Mexico,2007,Female,22.71,77.88
AMR,Americas,MEX,Mexico,2007,Male,20.95,73.15
AMR,Americas,MEX,Mexico,2008,Female,22.44,77.63
AMR,Americas,MEX,Mexico,2008,Male,20.57,72.53
AMR,Americas,MEX,Mexico,2009,Female,22.67,77.74
AMR,Americas,MEX,Mexico,2009,Male,20.75,72.53
AMR,Americas,MEX,Mexico,2010,Female,22.35,77.66
AMR,Americas,MEX,Mexico,2010,Male,20.42,72.23
AMR,Americas,MEX,Mexico,2011,Female,22.8,78.18
AMR,Americas,MEX,Mexico,2011,Male,20.78,72.66
AMR,Americas,MEX,Mexico,2012,Female,22.95,78.36
AMR,Americas,MEX,Mexico,2012,Male,20.85,72.92
AMR,Americas,MEX,Mexico,2013,Female,23.04,78.57
AMR,Americas,MEX,Mexico,2013,Male,20.95,73.27
AMR,Americas,MEX,Mexico,2014,Female,22.98,78.48
AMR,Americas,MEX,Mexico,2014,Male,20.89,73.32
AMR,Americas,MEX,Mexico,2015,Female,22.95,78.54
AMR,Americas,MEX,Mexico,2015,Male,20.84,73.32
AMR,Americas,MEX,Mexico,2016,Female,22.98,78.52
AMR,Americas,MEX,Mexico,2016,Male,20.79,73.0
AMR,Americas,MEX,Mexico,2017,Female,23.2,78.77
AMR,Americas,MEX,Mexico,2017,Male,21.04,72.98
AMR,Americas,MEX,Mexico,2018,Female,23.36,78.93
AMR,Americas,MEX,Mexico,2018,Male,21.13,72.92
AMR,Americas,MEX,Mexico,2019,Female,23.3,78.89
AMR,Americas,MEX,Mexico,2019,Male,21.03,72.8
AMR,Americas,MEX,Mexico,2020,Female,20.47,75.09
AMR,Americas,MEX,Mexico,2020,Male,16.63,67.12
AMR,Americas,MEX,Mexico,2021,Female,20.24,74.69
AMR,Americas,MEX,Mexico,2021,Male,16.8,67.2
AMR,Americas,NIC,Nicaragua,2000,Female,25.57,79.12
AMR,Americas,NIC,Nicaragua,2000,Male,22.06,72.97
AMR,Americas,NIC,Nicaragua,2001,Female,25.17,78.84
AMR,Americas,NIC,Nicaragua,2001,Male,21.86,73.06
AMR,Americas,NIC,Nicaragua,2002,Female,24.87,78.73
AMR,Americas,NIC,Nicaragua,2002,Male,21.58,72.87
AMR,Americas,NIC,Nicaragua,2003,Female,24.68,78.84
AMR,Americas,NIC,Nicaragua,2003,Male,21.25,72.58
AMR,Americas,NIC,Nicaragua,2004,Female,24.43,78.69
AMR,Americas,NIC,Nicaragua,2004,Male,21.35,72.87
AMR,Americas,NIC,Nicaragua,2005,Female,24.26,78.63
AMR,Americas,NIC,Nicaragua,2005,Male,21.07,72.61
AMR,Americas,NIC,Nicaragua,2006,Female,24.91,79.64
AMR,Americas,NIC,Nicaragua,2006,Male,21.69,73.6
AMR,Americas,NIC,Nicaragua,2007,Female,24.43,79.11
AMR,Americas,NIC,Nicaragua,2007,Male,21.54,73.5
AMR,Americas,NIC,Nicaragua,2008,Female,24.35,79.15
AMR,Americas,NIC,Nicaragua,2008,Male,21.38,73.35
AMR,Americas,NIC,Nicaragua,2009,Female,24.37,79.26
AMR,Americas,NIC,Nicaragua,2009,Male,21.55,73.64
AMR,Americas,NIC,Nicaragua,2010,Female,24.61,79.66
AMR,Americas,NIC,Nicaragua,2010,Male,21.94,74.24
AMR,Americas,NIC,Nicaragua,2011,Female,24.6,79.73
AMR,Americas,NIC,Nicaragua,2011,Male,21.71,73.94
AMR,Americas,NIC,Nicaragua,2012,Female,24.76,79.98
AMR,Americas,NIC,Nicaragua,2012,Male,21.68,73.92
AMR,Americas,NIC,Nicaragua,2013,Female,24.86,80.15
AMR,Americas,NIC,Nicaragua,2013,Male,21.86,74.16
AMR,Americas,NIC,Nicaragua,2014,Female,24.9,80.16
AMR,Americas,NIC,Nicaragua,2014,Male,22.44,74.68
AMR,Americas,NIC,Nicaragua,2015,Female,25.25,80.7
AMR,Americas,NIC,Nicaragua,2015,Male,23.0,75.62
AMR,Americas,NIC,Nicaragua,2016,Female,25.11,80.55
AMR,Americas,NIC,Nicaragua,2016,Male,22.64,75.11
AMR,Americas,NIC,Nicaragua,2017,Female,25.36,80.89
AMR,Americas,NIC,Nicaragua,2017,Male,23.32,75.95
AMR,Americas,NIC,Nicaragua,2018,Female,25.55,81.14
AMR,Americas,NIC,Nicaragua,2018,Male,23.05,75.59
AMR,Americas,NIC,Nicaragua,2019,Female,25.51,81.27
AMR,Americas,NIC,Nicaragua,2019,Male,23.23,76.3
AMR,Americas,NIC,Nicaragua,2020,Female,22.66,78.45
AMR,Americas,NIC,Nicaragua,2020,Male,18.06,71.71
AMR,Americas,NIC,Nicaragua,2021,Female,22.36,77.68
AMR,Americas,NIC,Nicaragua,2021,Male,19.74,72.26
AMR,Americas,PAN,Panama,2000,Female,24.17,79.36
AMR,Americas,PAN,Panama,2000,Male,20.16,73.18
AMR,Americas,PAN,Panama,2001,Female,23.95,79.23
AMR,Americas,PAN,Panama,2001,Male,20.02,73.14
AMR,Americas,PAN,Panama,2002,Female,23.94,79.29
AMR,Americas,PAN,Panama,2002,Male,20.25,73.44
AMR,Americas,PAN,Panama,2003,Female,23.92,79.33
AMR,Americas,PAN,Panama,2003,Male,20.06,73.28
AMR,Americas,PAN,Panama,2004,Female,23.88,79.38
AMR,Americas,PAN,Panama,2004,Male,20.27,73.76
AMR,Americas,PAN,Panama,2005,Female,23.57,79.21
AMR,Americas,PAN,Panama,2005,Male,20.35,73.82
AMR,Americas,PAN,Panama,2006,Female,24.16,79.74
AMR,Americas,PAN,Panama,2006,Male,20.55,73.88
AMR,Americas,PAN,Panama,2007,Female,24.54,80.13
AMR,Americas,PAN,Panama,2007,Male,20.68,74.05
AMR,Americas,PAN,Panama,2008,Female,24.61,80.25
AMR,Americas,PAN,Panama,2008,Male,20.92,73.91
AMR,Americas,PAN,Panama,2009,Female,24.87,80.55
AMR,Americas,PAN,Panama,2009,Male,21.11,74.0
AMR,Americas,PAN,Panama,2010,Female,24.54,80.33
AMR,Americas,PAN,Panama,2010,Male,20.69,73.88
AMR,Americas,PAN,Panama,2011,Female,24.99,80.72
AMR,Americas,PAN,Panama,2011,Male,21.27,74.49
AMR,Americas,PAN,Panama,2012,Female,24.91,80.74
AMR,Americas,PAN,Panama,2012,Male,21.19,74.35
AMR,Americas,PAN,Panama,2013,Female,24.9,80.67
AMR,Americas,PAN,Panama,2013,Male,21.38,74.78
AMR,Americas,PAN,Panama,2014,Female,24.88,80.77
AMR,Americas,PAN,Panama,2014,Male,21.5,74.89
AMR,Americas,PAN,Panama,2015,Female,25.07,81.0
AMR,Americas,PAN,Panama,2015,Male,21.73,75.4
AMR,Americas,PAN,Panama,2016,Female,25.29,81.23
AMR,Americas,PAN,Panama,2016,Male,21.52,75.39
AMR,Americas,PAN,Panama,2017,Female,25.25,81.17
AMR,Americas,PAN,Panama,2017,Male,21.65,75.6
AMR,Americas,PAN,Panama,2018,Female,25.56,81.64
AMR,Americas,PAN,Panama,2018,Male,21.84,75.79
AMR,Americas,PAN,Panama,2019,Female,25.8,81.86
AMR,Americas,PAN,Panama,2019,Male,22.14,76.2
AMR,Americas,PAN,Panama,2020,Female,24.64,80.59
AMR,Americas,PAN,Panama,2020,Male,20.27,74.35
AMR,Americas,PAN,Panama,2021,Female,24.37,80.29
AMR,Americas,PAN,Panama,2021,Male,20.79,74.35
AMR,Americas,PER,Peru,2000,Female,23.63,77.0
AMR,Americas,PER,Peru,2000,Male,21.93,73.25
AMR,Americas,PER,Peru,2001,Female,23.89,77.62
AMR,Americas,PER,Peru,2001,Male,22.41,74.29
AMR,Americas,PER,Peru,2002,Female,23.62,77.5
AMR,Americas,PER,Peru,2002,Male,22.58,74.79
AMR,Americas,PER,Peru,2003,Female,23.58,77.69
AMR,Americas,PER,Peru,2003,Male,22.62,75.05
AMR,Americas,PER,Peru,2004,Female,24.01,78.46
AMR,Americas,PER,Peru,2004,Male,22.84,75.55
AMR,Americas,PER,Peru,2005,Female,24.32,78.94
AMR,Americas,PER,Peru,2005,Male,23.18,76.16
AMR,Americas,PER,Peru,2006,Female,24.76,79.63
AMR,Americas,PER,Peru,2006,Male,23.39,76.61
AMR,Americas,PER,Peru,2007,Female,25.16,80.31
AMR,Americas,PER,Peru,2007,Male,23.61,77.07
AMR,Americas,PER,Peru,2008,Female,25.19,80.42
AMR,Americas,PER,Peru,2008,Male,23.8,77.34
AMR,Americas,PER,Peru,2009,Female,24.56,79.65
AMR,Americas,PER,Peru,2009,Male,23.23,76.61
AMR,Americas,PER,Peru,2010,Female,24.58,79.79
AMR,Americas,PER,Peru,2010,Male,23.13,76.66
AMR,Americas,PER,Peru,2011,Female,24.83,80.23
AMR,Americas,PER,Peru,2011,Male,23.31,77.08
AMR,Americas,PER,Peru,2012,Female,25.01,80.57
AMR,Americas,PER,Peru,2012,Male,23.54,77.48
AMR,Americas,PER,Peru,2013,Female,25.24,80.98
AMR,Americas,PER,Peru,2013,Male,23.84,77.98
AMR,Americas,PER,Peru,2014,Female,25.65,81.51
AMR,Americas,PER,Peru,2014,Male,24.19,78.47
AMR,Americas,PER,Peru,2015,Female,25.98,81.95
AMR,Americas,PER,Peru,2015,Male,24.25,78.71
AMR,Americas,PER,Peru,2016,Female,25.83,81.84
AMR,Americas,PER,Peru,2016,Male,23.91,78.48
AMR,Americas,PER,Peru,2017,Female,24.93,80.84
AMR,Americas,PER,Peru,2017,Male,23.43,77.85
AMR,Americas,PER,Peru,2018,Female,24.59,80.45
AMR,Americas,PER,Peru,2018,Male,23.24,77.51
AMR,Americas,PER,Peru,2019,Female,24.1,79.88
AMR,Americas,PER,Peru,2019,Male,22.59,76.69
AMR,Americas,PER,Peru,2020,Female,21.36,76.7
AMR,Americas,PER,Peru,2020,Male,16.33,69.46
AMR,Americas,PER,Peru,2021,Female,20.23,74.81
AMR,Americas,PER,Peru,2021,Male,16.69,68.82
AMR,Americas,PRI,Puerto Rico,2000,Female,23.7,79.92
AMR,Americas,PRI,Puerto Rico,2000,Male,20.34,72.51
AMR,Americas,PRI,Puerto Rico,2001,Female,23.89,80.2
AMR,Americas,PRI,Puerto Rico,2001,Male,20.2,72.26
AMR,Americas,PRI,Puerto Rico,2002,Female,24.36,80.82
AMR,Americas,PRI,Puerto Rico,2002,Male,20.86,73.35
AMR,Americas,PRI,Puerto Rico,2003,Female,24.37,80.85
AMR,Americas,PRI,Puerto Rico,2003,Male,21.07,73.84
AMR,Americas,PRI,Puerto Rico,2004,Female,24.37,80.92
AMR,Americas,PRI,Puerto Rico,2004,Male,21.05,73.93
AMR,Americas,PRI,Puerto Rico,2005,Female,24.66,81.29
AMR,Americas,PRI,Puerto Rico,2005,Male,21.07,73.85
AMR,Americas,PRI,Puerto Rico,2006,Female,25.01,81.76
AMR,Americas,PRI,Puerto Rico,2006,Male,21.42,74.28
AMR,Americas,PRI,Puerto Rico,2007,Female,25.15,81.91
AMR,Americas,PRI,Puerto Rico,2007,Male,21.67,74.62
AMR,Americas,PRI,Puerto Rico,2008,Female,25.29,81.99
AMR,Americas,PRI,Puerto Rico,2008,Male,21.93,74.94
AMR,Americas,PRI,Puerto Rico,2009,Female,25.45,82.14
AMR,Americas,PRI,Puerto Rico,2009,Male,21.76,74.64
AMR,Americas,PRI,Puerto Rico,2010,Female,25.75,82.54
AMR,Americas,PRI,Puerto Rico,2010,Male,22.32,75.47
AMR,Americas,PRI,Puerto Rico,2011,Female,25.5,82.18
AMR,Americas,PRI,Puerto Rico,2011,Male,22.01,74.94
AMR,Americas,PRI,Puerto Rico,2012,Female,26.06,82.91
AMR,Americas,PRI,Puerto Rico,2012,Male,22.49,75.69
AMR,Americas,PRI,Puerto Rico,2013,Female,25.94,82.83
AMR,Americas,PRI,Puerto Rico,2013,Male,22.42,75.83
AMR,Americas,PRI,Puerto Rico,2014,Female,26.12,83.08
AMR,Americas,PRI,Puerto Rico,2014,Male,22.79,76.58
AMR,Americas,PRI,Puerto Rico,2015,Female,26.67,83.79
AMR,Americas,PRI,Puerto Rico,2015,Male,23.14,77.12
AMR,Americas,PRI,Puerto Rico,2016,Female,26.4,83.38
AMR,Americas,PRI,Puerto Rico,2016,Male,23.16,76.97
AMR,Americas,PRI,Puerto Rico,2017,Female,26.02,81.77
AMR,Americas,PRI,Puerto Rico,2017,Male,22.22,75.02
AMR,Americas,PRI,Puerto Rico,2018,Female,27.19,84.39
AMR,Americas,PRI,Puerto Rico,2018,Male,23.42,76.96
AMR,Americas,PRI,Puerto Rico,2019,Female,26.98,84.04
AMR,Americas,PRI,Puerto Rico,2019,Male,23.46,76.86
AMR,Americas,PRI,Puerto Rico,2020,Female,26.7,83.65
AMR,Americas,PRI,Puerto Rico,2020,Male,22.83,76.14
AMR,Americas,PRI,Puerto Rico,2021,Female,26.39,83.51
AMR,Americas,PRI,Puerto Rico,2021,Male,22.63,76.2
AMR,Americas,PRY,Paraguay,2000,Female,23.43,77.15
AMR,Americas,PRY,Paraguay,2000,Male,20.72,72.31
AMR,Americas,PRY,Paraguay,2001,Female,23.68,77.49
AMR,Americas,PRY,Paraguay,2001,Male,20.86,72.59
AMR,Americas,PRY,Paraguay,2002,Female,23.75,77.59
AMR,Americas,PRY,Paraguay,2002,Male,20.98,72.72
AMR,Americas,PRY,Paraguay,2003,Female,23.66,77.51
AMR,Americas,PRY,Paraguay,2003,Male,20.88,72.57
AMR,Americas,PRY,Paraguay,2004,Female,23.33,77.17
AMR,Americas,PRY,Paraguay,2004,Male,20.57,72.04
AMR,Americas,PRY,Paraguay,2005,Female,23.32,77.34
AMR,Americas,PRY,Paraguay,2005,Male,20.61,72.42
AMR,Americas,PRY,Paraguay,2006,Female,23.22,77.33
AMR,Americas,PRY,Paraguay,2006,Male,20.55,72.38
AMR,Americas,PRY,Paraguay,2007,Female,23.25,77.58
AMR,Americas,PRY,Paraguay,2007,Male,20.46,72.41
AMR,Americas,PRY,Paraguay,2008,Female,23.21,77.63
AMR,Americas,PRY,Paraguay,2008,Male,20.52,72.46
AMR,Americas,PRY,Paraguay,2009,Female,23.08,77.57
AMR,Americas,PRY,Paraguay,2009,Male,20.22,72.12
AMR,Americas,PRY,Paraguay,2010,Female,22.91,77.53
AMR,Americas,PRY,Paraguay,2010,Male,19.96,72.07
AMR,Americas,PRY,Paraguay,2011,Female,22.94,77.67
AMR,Americas,PRY,Paraguay,2011,Male,20.0,72.31
AMR,Americas,PRY,Paraguay,2012,Female,23.03,77.87
AMR,Americas,PRY,Paraguay,2012,Male,20.04,72.48
AMR,Americas,PRY,Paraguay,2013,Female,22.89,77.76
AMR,Americas,PRY,Paraguay,2013,Male,19.94,72.44
AMR,Americas,PRY,Paraguay,2014,Female,23.09,78.12
AMR,Americas,PRY,Paraguay,2014,Male,20.09,72.64
AMR,Americas,PRY,Paraguay,2015,Female,22.93,78.09
AMR,Americas,PRY,Paraguay,2015,Male,19.82,72.39
AMR,Americas,PRY,Paraguay,2016,Female,22.62,77.76
AMR,Americas,PRY,Paraguay,2016,Male,19.49,72.12
AMR,Americas,PRY,Paraguay,2017,Female,22.89,78.17
AMR,Americas,PRY,Paraguay,2017,Male,19.75,72.65
AMR,Americas,PRY,Paraguay,2018,Female,22.82,78.17
AMR,Americas,PRY,Paraguay,2018,Male,19.46,72.43
AMR,Americas,PRY,Paraguay,2019,Female,22.82,78.16
AMR,Americas,PRY,Paraguay,2019,Male,19.22,72.18
AMR,Americas,PRY,Paraguay,2020,Female,22.76,78.23
AMR,Americas,PRY,Paraguay,2020,Male,19.0,72.44
AMR,Americas,PRY,Paraguay,2021,Female,18.94,73.16
AMR,Americas,PRY,Paraguay,2021,Male,15.59,67.63
AMR,Americas,SLV,El Salvador,2000,Female,22.34,75.89
AMR,Americas,SLV,El Salvador,2000,Male,19.12,67.29
AMR,Americas,SLV,El Salvador,2001,Female,22.1,75.48
AMR,Americas,SLV,El Salvador,2001,Male,19.4,67.78
AMR,Americas,SLV,El Salvador,2002,Female,23.21,77.16
AMR,Americas,SLV,El Salvador,2002,Male,20.29,69.2
AMR,Americas,SLV,El Salvador,2003,Female,22.87,77.02
AMR,Americas,SLV,El Salvador,2003,Male,20.21,68.89
AMR,Americas,SLV,El Salvador,2004,Female,23.36,77.49
AMR,Americas,SLV,El Salvador,2004,Male,20.77,68.89
AMR,Americas,SLV,El Salvador,2005,Female,23.5,77.67
AMR,Americas,SLV,El Salvador,2005,Male,21.0,68.92
AMR,Americas,SLV,El Salvador,2006,Female,23.82,78.06
AMR,Americas,SLV,El Salvador,2006,Male,21.45,69.12
AMR,Americas,SLV,El Salvador,2007,Female,23.99,78.4
AMR,Americas,SLV,El Salvador,2007,Male,21.52,69.67
AMR,Americas,SLV,El Salvador,2008,Female,23.82,78.5
AMR,Americas,SLV,El Salvador,2008,Male,21.28,70.05
AMR,Americas,SLV,El Salvador,2009,Female,23.79,78.21
AMR,Americas,SLV,El Salvador,2009,Male,21.16,69.52
AMR,Americas,SLV,El Salvador,2010,Female,23.44,78.26
AMR,Americas,SLV,El Salvador,2010,Male,21.24,70.57
AMR,Americas,SLV,El Salvador,2011,Female,23.79,78.51
AMR,Americas,SLV,El Salvador,2011,Male,21.11,70.35
AMR,Americas,SLV,El Salvador,2012,Female,23.55,78.74
AMR,Americas,SLV,El Salvador,2012,Male,21.14,71.46
AMR,Americas,SLV,El Salvador,2013,Female,23.02,78.27
AMR,Americas,SLV,El Salvador,2013,Male,20.58,70.96
AMR,Americas,SLV,El Salvador,2014,Female,22.65,77.97
AMR,Americas,SLV,El Salvador,2014,Male,19.89,69.46
AMR,Americas,SLV,El Salvador,2015,Female,22.53,77.6
AMR,Americas,SLV,El Salvador,2015,Male,19.8,67.63
AMR,Americas,SLV,El Salvador,2016,Female,23.14,78.2
AMR,Americas,SLV,El Salvador,2016,Male,20.11,68.71
AMR,Americas,SLV,El Salvador,2017,Female,22.84,77.97
AMR,Americas,SLV,El Salvador,2017,Male,19.8,69.13
AMR,Americas,SLV,El Salvador,2018,Female,23.79,79.11
AMR,Americas,SLV,El Salvador,2018,Male,20.45,69.84
AMR,Americas,SLV,El Salvador,2019,Female,23.48,78.73
AMR,Americas,SLV,El Salvador,2019,Male,20.2,69.48
AMR,Americas,SLV,El Salvador,2020,Female,21.67,76.75
AMR,Americas,SLV,El Salvador,2020,Male,17.88,67.13
AMR,Americas,SLV,El Salvador,2021,Female,21.4,76.25
AMR,Americas,SLV,El Salvador,2021,Male,18.12,66.77
AMR,Americas,SUR,Suriname,2000,Female,20.98,73.53
AMR,Americas,SUR,Suriname,2000,Male,18.1,67.71
AMR,Americas,SUR,Suriname,2001,Female,20.85,73.45
AMR,Americas,SUR,Suriname,2001,Male,17.94,67.65
AMR,Americas,SUR,Suriname,2002,Female,20.73,73.46
AMR,Americas,SUR,Suriname,2002,Male,17.67,67.56
AMR,Americas,SUR,Suriname,2003,Female,20.81,73.77
AMR,Americas,SUR,Suriname,2003,Male,17.58,67.49
AMR,Americas,SUR,Suriname,2004,Female,20.8,73.91
AMR,Americas,SUR,Suriname,2004,Male,17.85,67.91
AMR,Americas,SUR,Suriname,2005,Female,20.98,74.32
AMR,Americas,SUR,Suriname,2005,Male,18.08,68.34
AMR,Americas,SUR,Suriname,2006,Female,21.35,74.71
AMR,Americas,SUR,Suriname,2006,Male,18.44,68.84
AMR,Americas,SUR,Suriname,2007,Female,21.76,75.13
AMR,Americas,SUR,Suriname,2007,Male,18.69,69.15
AMR,Americas,SUR,Suriname,2008,Female,21.81,75.31
AMR,Americas,SUR,Suriname,2008,Male,18.83,69.24
AMR,Americas,SUR,Suriname,2009,Female,21.84,75.53
AMR,Americas,SUR,Suriname,2009,Male,19.21,69.81
AMR,Americas,SUR,Suriname,2010,Female,22.18,75.95
AMR,Americas,SUR,Suriname,2010,Male,19.14,69.77
AMR,Americas,SUR,Suriname,2011,Female,22.39,76.23
AMR,Americas,SUR,Suriname,2011,Male,19.3,70.1
AMR,Americas,SUR,Suriname,2012,Female,22.48,76.38
AMR,Americas,SUR,Suriname,2012,Male,19.39,70.38
AMR,Americas,SUR,Suriname,2013,Female,22.48,76.39
AMR,Americas,SUR,Suriname,2013,Male,18.56,69.99
AMR,Americas,SUR,Suriname,2014,Female,22.36,76.21
AMR,Americas,SUR,Suriname,2014,Male,18.52,69.96
AMR,Americas,SUR,Suriname,2015,Female,22.26,76.01
AMR,Americas,SUR,Suriname,2015,Male,18.74,69.98
AMR,Americas,SUR,Suriname,2016,Female,22.37,76.07
AMR,Americas,SUR,Suriname,2016,Male,19.02,70.14
AMR,Americas,SUR,Suriname,2017,Female,22.42,76.15
AMR,Americas,SUR,Suriname,2017,Male,19.05,70.29
AMR,Americas,SUR,Suriname,2018,Female,22.34,76.11
AMR,Americas,SUR,Suriname,2018,Male,18.84,70.09
AMR,Americas,SUR,Suriname,2019,Female,22.31,76.1
AMR,Americas,SUR,Suriname,2019,Male,18.8,69.99
AMR,Americas,SUR,Suriname,2020,Female,22.62,76.31
AMR,Americas,SUR,Suriname,2020,Male,18.34,69.39
AMR,Americas,SUR,Suriname,2021,Female,19.94,72.7
AMR,Americas,SUR,Suriname,2021,Male,15.75,66.96
AMR,Americas,TTO,Trinidad and Tobago,2000,Female,20.03,72.9
AMR,Americas,TTO,Trinidad and Tobago,2000,Male,17.41,67.88
AMR,Americas,TTO,Trinidad and Tobago,2001,Female,20.32,73.28
AMR,Americas,TTO,Trinidad and Tobago,2001,Male,17.4,67.79
AMR,Americas,TTO,Trinidad and Tobago,2002,Female,20.73,73.98
AMR,Americas,TTO,Trinidad and Tobago,2002,Male,17.57,68.16
AMR,Americas,TTO,Trinidad and Tobago,2003,Female,20.62,73.88
AMR,Americas,TTO,Trinidad and Tobago,2003,Male,17.43,68.02
AMR,Americas,TTO,Trinidad and Tobago,2004,Female,20.88,74.3
AMR,Americas,TTO,Trinidad and Tobago,2004,Male,17.73,68.37
AMR,Americas,TTO,Trinidad and Tobago,2005,Female,21.25,74.9
AMR,Americas,TTO,Trinidad and Tobago,2005,Male,17.94,68.44
AMR,Americas,TTO,Trinidad and Tobago,2006,Female,21.4,75.14
AMR,Americas,TTO,Trinidad and Tobago,2006,Male,18.56,69.22
AMR,Americas,TTO,Trinidad and Tobago,2007,Female,21.55,75.43
AMR,Americas,TTO,Trinidad and Tobago,2007,Male,18.73,69.32
AMR,Americas,TTO,Trinidad and Tobago,2008,Female,21.6,75.45
AMR,Americas,TTO,Trinidad and Tobago,2008,Male,18.38,68.63
AMR,Americas,TTO,Trinidad and Tobago,2009,Female,22.07,76.01
AMR,Americas,TTO,Trinidad and Tobago,2009,Male,18.99,69.63
AMR,Americas,TTO,Trinidad and Tobago,2010,Female,22.28,76.4
AMR,Americas,TTO,Trinidad and Tobago,2010,Male,19.19,70.19
AMR,Americas,TTO,Trinidad and Tobago,2011,Female,22.69,76.95
AMR,Americas,TTO,Trinidad and Tobago,2011,Male,19.64,71.0
AMR,Americas,TTO,Trinidad and Tobago,2012,Female,23.03,77.43
AMR,Americas,TTO,Trinidad and Tobago,2012,Male,20.1,71.76
AMR,Americas,TTO,Trinidad and Tobago,2013,Female,22.78,77.19
AMR,Americas,TTO,Trinidad and Tobago,2013,Male,19.8,71.37
AMR,Americas,TTO,Trinidad and Tobago,2014,Female,22.86,77.28
AMR,Americas,TTO,Trinidad and Tobago,2014,Male,19.72,71.31
AMR,Americas,TTO,Trinidad and Tobago,2015,Female,22.83,77.25
AMR,Americas,TTO,Trinidad and Tobago,2015,Male,19.77,71.42
AMR,Americas,TTO,Trinidad and Tobago,2016,Female,22.61,76.91
AMR,Americas,TTO,Trinidad and Tobago,2016,Male,19.38,70.74
AMR,Americas,TTO,Trinidad and Tobago,2017,Female,22.92,77.28
AMR,Americas,TTO,Trinidad and Tobago,2017,Male,19.44,70.73
AMR,Americas,TTO,Trinidad and Tobago,2018,Female,23.04,77.45
AMR,Americas,TTO,Trinidad and Tobago,2018,Male,19.55,70.59
AMR,Americas,TTO,Trinidad and Tobago,2019,Female,23.05,77.54
AMR,Americas,TTO,Trinidad and Tobago,2019,Male,19.58,70.71
AMR,Americas,TTO,Trinidad and Tobago,2020,Female,22.73,77.27
AMR,Americas,TTO,Trinidad and Tobago,2020,Male,18.99,70.1
AMR,Americas,TTO,Trinidad and Tobago,2021,Female,21.05,75.15
AMR,Americas,TTO,Trinidad and Tobago,2021,Male,17.63,68.41
AMR,Americas,URY,Uruguay,2000,Female,23.48,79.07
AMR,Americas,URY,Uruguay,2000,Male,17.56,70.69
AMR,Americas,URY,Uruguay,2001,Female,23.28,78.87
AMR,Americas,URY,Uruguay,2001,Male,17.43,70.94
AMR,Americas,URY,Uruguay,2002,Female,23.51,79.16
AMR,Americas,URY,Uruguay,2002,Male,17.62,71.01
AMR,Americas,URY,Uruguay,2003,Female,23.33,78.77
AMR,Americas,URY,Uruguay,2003,Male,17.33,70.81
AMR,Americas,URY,Uruguay,2004,Female,23.47,79.1
AMR,Americas,URY,Uruguay,2004,Male,17.59,71.32
AMR,Americas,URY,Uruguay,2005,Female,23.65,79.38
AMR,Americas,URY,Uruguay,2005,Male,17.92,71.77
AMR,Americas,URY,Uruguay,2006,Female,24.16,80.28
AMR,Americas,URY,Uruguay,2006,Male,18.16,72.23
AMR,Americas,URY,Uruguay,2007,Female,23.43,79.31
AMR,Americas,URY,Uruguay,2007,Male,17.59,71.38
AMR,Americas,URY,Uruguay,2008,Female,24.1,80.07
AMR,Americas,URY,Uruguay,2008,Male,18.51,72.5
AMR,Americas,URY,Uruguay,2009,Female,24.41,80.54
AMR,Americas,URY,Uruguay,2009,Male,18.55,72.62
AMR,Americas,URY,Uruguay,2010,Female,24.01,80.26
AMR,Americas,URY,Uruguay,2010,Male,18.37,72.54
AMR,Americas,URY,Uruguay,2011,Female,24.17,80.37
AMR,Americas,URY,Uruguay,2011,Male,18.53,72.65
AMR,Americas,URY,Uruguay,2012,Female,24.09,80.32
AMR,Americas,URY,Uruguay,2012,Male,18.48,72.36
AMR,Americas,URY,Uruguay,2013,Female,24.27,80.42
AMR,Americas,URY,Uruguay,2013,Male,18.82,72.8
AMR,Americas,URY,Uruguay,2014,Female,24.52,80.92
AMR,Americas,URY,Uruguay,2014,Male,19.02,73.18
AMR,Americas,URY,Uruguay,2015,Female,24.32,80.68
AMR,Americas,URY,Uruguay,2015,Male,19.04,73.31
AMR,Americas,URY,Uruguay,2016,Female,23.96,80.46
AMR,Americas,URY,Uruguay,2016,Male,18.62,73.07
AMR,Americas,URY,Uruguay,2017,Female,24.46,80.8
AMR,Americas,URY,Uruguay,2017,Male,19.06,73.66
AMR,Americas,URY,Uruguay,2018,Female,24.24,80.68
AMR,Americas,URY,Uruguay,2018,Male,18.95,73.23
AMR,Americas,URY,Uruguay,2019,Female,24.04,80.5
AMR,Americas,URY,Uruguay,2019,Male,18.95,73.36
AMR,Americas,URY,Uruguay,2020,Female,24.65,81.17
AMR,Americas,URY,Uruguay,2020,Male,19.57,74.19
AMR,Americas,URY,Uruguay,2021,Female,22.62,78.74
AMR,Americas,URY,Uruguay,2021,Male,17.44,71.25
AMR,Americas,USA,United States of America,2000,Female,22.65,79.06
AMR,Americas,USA,United States of America,2000,Male,19.8,74.16
AMR,Americas,USA,United States of America,2001,Female,22.76,79.14
AMR,Americas,USA,United States of America,2001,Male,19.99,74.28
AMR,Americas,USA,United States of America,2002,Female,22.82,79.22
AMR,Americas,USA,United States of America,2002,Male,20.09,74.4
AMR,Americas,USA,United States of America,2003,Female,22.92,79.33
AMR,Americas,USA,United States of America,2003,Male,20.28,74.57
AMR,Americas,USA,United States of America,2004,Female,23.25,79.7
AMR,Americas,USA,United States of America,2004,Male,20.66,75.02
AMR,Americas,USA,United States of America,2005,Female,23.27,79.7
AMR,Americas,USA,United States of America,2005,Male,20.73,75.01
AMR,Americas,USA,United States of America,2006,Female,23.57,79.99
AMR,Americas,USA,United States of America,2006,Male,21.05,75.31
AMR,Americas,USA,United States of America,2007,Female,23.76,80.23
AMR,Americas,USA,United States of America,2007,Male,21.26,75.59
AMR,Americas,USA,United States of America,2008,Female,23.76,80.28
AMR,Americas,USA,United States of America,2008,Male,21.3,75.76
AMR,Americas,USA,United States of America,2009,Female,24.12,80.63
AMR,Americas,USA,United States of America,2009,Male,21.62,76.16
AMR,Americas,USA,United States of America,2010,Female,24.15,80.79
AMR,Americas,USA,United States of America,2010,Male,21.66,76.37
AMR,Americas,USA,United States of America,2011,Female,24.18,80.8
AMR,Americas,USA,United States of America,2011,Male,21.75,76.47
AMR,Americas,USA,United States of America,2012,Female,24.28,80.91
AMR,Americas,USA,United States of America,2012,Male,21.86,76.6
AMR,Americas,USA,United States of America,2013,Female,24.26,80.89
AMR,Americas,USA,United States of America,2013,Male,21.83,76.61
AMR,Americas,USA,United States of America,2014,Female,24.34,80.93
AMR,Americas,USA,United States of America,2014,Male,21.91,76.67
AMR,Americas,USA,United States of America,2015,Female,24.22,80.76
AMR,Americas,USA,United States of America,2015,Male,21.83,76.48
AMR,Americas,USA,United States of America,2016,Female,24.32,80.77
AMR,Americas,USA,United States of America,2016,Male,21.93,76.37
AMR,Americas,USA,United States of America,2017,Female,24.25,80.73
AMR,Americas,USA,United States of America,2017,Male,21.88,76.31
AMR,Americas,USA,United States of America,2018,Female,24.31,80.86
AMR,Americas,USA,United States of America,2018,Male,21.9,76.44
AMR,Americas,USA,United States of America,2019,Female,24.41,80.98
AMR,Americas,USA,United States of America,2019,Male,21.99,76.53
AMR,Americas,USA,United States of America,2020,Female,23.28,79.51
AMR,Americas,USA,United States of America,2020,Male,20.59,74.38
AMR,Americas,USA,United States of America,2021,Female,23.39,79.15
AMR,Americas,USA,United States of America,2021,Male,20.58,73.72
AMR,Americas,VCT,Saint Vincent and the Grenadines,2000,Female,20.55,73.92
AMR,Americas,VCT,Saint Vincent and the Grenadines,2000,Male,18.27,69.53
AMR,Americas,VCT,Saint Vincent and the Grenadines,2001,Female,20.97,74.34
AMR,Americas,VCT,Saint Vincent and the Grenadines,2001,Male,18.41,69.62
AMR,Americas,VCT,Saint Vincent and the Grenadines,2002,Female,21.07,74.5
AMR,Americas,VCT,Saint Vincent and the Grenadines,2002,Male,18.53,69.7
AMR,Americas,VCT,Saint Vincent and the Grenadines,2003,Female,21.13,74.8
AMR,Americas,VCT,Saint Vincent and the Grenadines,2003,Male,18.79,69.89
AMR,Americas,VCT,Saint Vincent and the Grenadines,2004,Female,21.09,74.94
AMR,Americas,VCT,Saint Vincent and the Grenadines,2004,Male,19.05,70.02
AMR,Americas,VCT,Saint Vincent and the Grenadines,2005,Female,21.27,75.11
AMR,Americas,VCT,Saint Vincent and the Grenadines,2005,Male,19.36,70.23
AMR,Americas,VCT,Saint Vincent and the Grenadines,2006,Female,21.51,75.39
AMR,Americas,VCT,Saint Vincent and the Grenadines,2006,Male,19.72,70.68
AMR,Americas,VCT,Saint Vincent and the Grenadines,2007,Female,21.73,75.64
AMR,Americas,VCT,Saint Vincent and the Grenadines,2007,Male,19.96,71.07
AMR,Americas,VCT,Saint Vincent and the Grenadines,2008,Female,21.83,75.78
AMR,Americas,VCT,Saint Vincent and the Grenadines,2008,Male,20.17,71.45
AMR,Americas,VCT,Saint Vincent and the Grenadines,2009,Female,21.86,75.77
AMR,Americas,VCT,Saint Vincent and the Grenadines,2009,Male,20.14,71.56
AMR,Americas,VCT,Saint Vincent and the Grenadines,2010,Female,21.78,75.67
AMR,Americas,VCT,Saint Vincent and the Grenadines,2010,Male,20.12,71.52
AMR,Americas,VCT,Saint Vincent and the Grenadines,2011,Female,21.67,75.51
AMR,Americas,VCT,Saint Vincent and the Grenadines,2011,Male,19.95,71.16
AMR,Americas,VCT,Saint Vincent and the Grenadines,2012,Female,21.62,75.4
AMR,Americas,VCT,Saint Vincent and the Grenadines,2012,Male,19.87,70.85
AMR,Americas,VCT,Saint Vincent and the Grenadines,2013,Female,21.52,75.06
AMR,Americas,VCT,Saint Vincent and the Grenadines,2013,Male,19.68,70.45
AMR,Americas,VCT,Saint Vincent and the Grenadines,2014,Female,21.71,75.28
AMR,Americas,VCT,Saint Vincent and the Grenadines,2014,Male,19.78,70.51
AMR,Americas,VCT,Saint Vincent and the Grenadines,2015,Female,21.68,75.29
AMR,Americas,VCT,Saint Vincent and the Grenadines,2015,Male,19.84,70.6
AMR,Americas,VCT,Saint Vincent and the Grenadines,2016,Female,21.69,75.42
AMR,Americas,VCT,Saint Vincent and the Grenadines,2016,Male,19.9,70.84
AMR,Americas,VCT,Saint Vincent and the Grenadines,2017,Female,21.62,75.5
AMR,Americas,VCT,Saint Vincent and the Grenadines,2017,Male,19.85,70.97
AMR,Americas,VCT,Saint Vincent and the Grenadines,2018,Female,21.71,75.67
AMR,Americas,VCT,Saint Vincent and the Grenadines,2018,Male,19.74,71.0
AMR,Americas,VCT,Saint Vincent and the Grenadines,2019,Female,21.71,75.82
AMR,Americas,VCT,Saint Vincent and the Grenadines,2019,Male,19.45,70.76
AMR,Americas,VCT,Saint Vincent and the Grenadines,2020,Female,21.45,75.57
AMR,Americas,VCT,Saint Vincent and the Grenadines,2020,Male,18.96,70.33
AMR,Americas,VCT,Saint Vincent and the Grenadines,2021,Female,21.39,75.52
AMR,Americas,VCT,Saint Vincent and the Grenadines,2021,Male,18.67,70.02
AMR,Americas,VEN,Venezuela (Bolivarian Republic of),2000,Female,22.57,77.65
AMR,Americas,VEN,Venezuela (Bolivarian Republic of),2000,Male,19.77,70.61
AMR,Americas,VEN,Venezuela (Bolivarian Republic of),2001,Female,22.44,77.55
AMR,Americas,VEN,Venezuela (Bolivarian Republic of),2001,Male,19.65,70.43
AMR,Americas,VEN,Venezuela (Bolivarian Republic of),2002,Female,22.84,77.71
AMR,Americas,VEN,Venezuela (Bolivarian Republic of),2002,Male,20.16,70.94
AMR,Americas,VEN,Venezuela (Bolivarian Republic of),2003,Female,22.54,77.57
AMR,Americas,VEN,Venezuela (Bolivarian Republic of),2003,Male,19.54,69.94
AMR,Americas,VEN,Venezuela (Bolivarian Republic of),2004,Female,22.98,78.2
AMR,Americas,VEN,Venezuela (Bolivarian Republic of),2004,Male,19.91,70.79
AMR,Americas,VEN,Venezuela (Bolivarian Republic of),2005,Female,23.18,78.48
AMR,Americas,VEN,Venezuela (Bolivarian Republic of),2005,Male,20.01,71.1
AMR,Americas,VEN,Venezuela (Bolivarian Republic of),2006,Female,23.45,78.75
AMR,Americas,VEN,Venezuela (Bolivarian Republic of),2006,Male,20.12,70.83
AMR,Americas,VEN,Venezuela (Bolivarian Republic of),2007,Female,23.54,78.93
AMR,Americas,VEN,Venezuela (Bolivarian Republic of),2007,Male,20.0,70.38
AMR,Americas,VEN,Venezuela (Bolivarian Republic of),2008,Female,23.45,78.81
AMR,Americas,VEN,Venezuela (Bolivarian Republic of),2008,Male,19.81,70.02
AMR,Americas,VEN,Venezuela (Bolivarian Republic of),2009,Female,23.7,79.04
AMR,Americas,VEN,Venezuela (Bolivarian Republic of),2009,Male,20.05,70.33
AMR,Americas,VEN,Venezuela (Bolivarian Republic of),2010,Female,23.45,78.86
AMR,Americas,VEN,Venezuela (Bolivarian Republic of),2010,Male,19.81,70.66
AMR,Americas,VEN,Venezuela (Bolivarian Republic of),2011,Female,23.35,78.78
AMR,Americas,VEN,Venezuela (Bolivarian Republic of),2011,Male,19.7,70.59
AMR,Americas,VEN,Venezuela (Bolivarian Republic of),2012,Female,23.56,78.96
AMR,Americas,VEN,Venezuela (Bolivarian Republic of),2012,Male,19.74,70.17
AMR,Americas,VEN,Venezuela (Bolivarian Republic of),2013,Female,23.59,78.96
AMR,Americas,VEN,Venezuela (Bolivarian Republic of),2013,Male,19.82,70.44
AMR,Americas,VEN,Venezuela (Bolivarian Republic of),2014,Female,22.99,78.36
AMR,Americas,VEN,Venezuela (Bolivarian Republic of),2014,Male,19.18,69.98
AMR,Americas,VEN,Venezuela (Bolivarian Republic of),2015,Female,22.99,78.28
AMR,Americas,VEN,Venezuela (Bolivarian Republic of),2015,Male,19.29,69.82
AMR,Americas,VEN,Venezuela (Bolivarian Republic of),2016,Female,22.63,77.2
AMR,Americas,VEN,Venezuela (Bolivarian Republic of),2016,Male,18.59,67.93
AMR,Americas,VEN,Venezuela (Bolivarian Republic of),2017,Female,22.8,77.55
AMR,Americas,VEN,Venezuela (Bolivarian Republic of),2017,Male,18.81,68.7
AMR,Americas,VEN,Venezuela (Bolivarian Republic of),2018,Female,22.73,77.43
AMR,Americas,VEN,Venezuela (Bolivarian Republic of),2018,Male,18.67,68.5
AMR,Americas,VEN,Venezuela (Bolivarian Republic of),2019,Female,22.64,77.35
AMR,Americas,VEN,Venezuela (Bolivarian Republic of),2019,Male,18.52,68.38
AMR,Americas,VEN,Venezuela (Bolivarian Republic of),2020,Female,22.36,77.16
AMR,Americas,VEN,Venezuela (Bolivarian Republic of),2020,Male,17.77,68.02
AMR,Americas,VEN,Venezuela (Bolivarian Republic of),2021,Female,21.51,75.95
AMR,Americas,VEN,Venezuela (Bolivarian Republic of),2021,Male,17.44,66.86
EMR,Eastern Mediterranean,AFG,Afghanistan,2000,Female,13.21,54.43
EMR,Eastern Mediterranean,AFG,Afghanistan,2000,Male,13.07,53.25
EMR,Eastern Mediterranean,AFG,Afghanistan,2001,Female,13.2,54.57
EMR,Eastern Mediterranean,AFG,Afghanistan,2001,Male,13.07,53.28
EMR,Eastern Mediterranean,AFG,Afghanistan,2002,Female,13.26,55.4
EMR,Eastern Mediterranean,AFG,Afghanistan,2002,Male,13.18,54.92
EMR,Eastern Mediterranean,AFG,Afghanistan,2003,Female,13.42,56.24
EMR,Eastern Mediterranean,AFG,Afghanistan,2003,Male,13.4,55.95
EMR,Eastern Mediterranean,AFG,Afghanistan,2004,Female,13.52,56.65
EMR,Eastern Mediterranean,AFG,Afghanistan,2004,Male,13.56,56.33
EMR,Eastern Mediterranean,AFG,Afghanistan,2005,Female,13.61,57.01
EMR,Eastern Mediterranean,AFG,Afghanistan,2005,Male,13.7,56.6
EMR,Eastern Mediterranean,AFG,Afghanistan,2006,Female,13.72,57.44
EMR,Eastern Mediterranean,AFG,Afghanistan,2006,Male,13.86,56.59
EMR,Eastern Mediterranean,AFG,Afghanistan,2007,Female,13.85,57.84
EMR,Eastern Mediterranean,AFG,Afghanistan,2007,Male,14.04,56.73
EMR,Eastern Mediterranean,AFG,Afghanistan,2008,Female,13.98,58.35
EMR,Eastern Mediterranean,AFG,Afghanistan,2008,Male,14.22,57.51
EMR,Eastern Mediterranean,AFG,Afghanistan,2009,Female,14.16,59.02
EMR,Eastern Mediterranean,AFG,Afghanistan,2009,Male,14.42,58.1
EMR,Eastern Mediterranean,AFG,Afghanistan,2010,Female,14.28,59.51
EMR,Eastern Mediterranean,AFG,Afghanistan,2010,Male,14.61,58.57
EMR,Eastern Mediterranean,AFG,Afghanistan,2011,Female,14.41,60.05
EMR,Eastern Mediterranean,AFG,Afghanistan,2011,Male,14.8,59.12
EMR,Eastern Mediterranean,AFG,Afghanistan,2012,Female,14.51,60.5
EMR,Eastern Mediterranean,AFG,Afghanistan,2012,Male,14.95,59.42
EMR,Eastern Mediterranean,AFG,Afghanistan,2013,Female,14.64,61.0
EMR,Eastern Mediterranean,AFG,Afghanistan,2013,Male,15.11,59.95
EMR,Eastern Mediterranean,AFG,Afghanistan,2014,Female,14.74,61.29
EMR,Eastern Mediterranean,AFG,Afghanistan,2014,Male,15.16,59.66
EMR,Eastern Mediterranean,AFG,Afghanistan,2015,Female,14.74,61.49
EMR,Eastern Mediterranean,AFG,Afghanistan,2015,Male,15.19,59.29
EMR,Eastern Mediterranean,AFG,Afghanistan,2016,Female,14.8,61.73
EMR,Eastern Mediterranean,AFG,Afghanistan,2016,Male,15.26,59.2
EMR,Eastern Mediterranean,AFG,Afghanistan,2017,Female,14.85,62.05
EMR,Eastern Mediterranean,AFG,Afghanistan,2017,Male,15.36,59.83
EMR,Eastern Mediterranean,AFG,Afghanistan,2018,Female,14.89,62.14
EMR,Eastern Mediterranean,AFG,Afghanistan,2018,Male,15.31,59.01
EMR,Eastern Mediterranean,AFG,Afghanistan,2019,Female,14.99,62.55
EMR,Eastern Mediterranean,AFG,Afghanistan,2019,Male,15.41,60.04
EMR,Eastern Mediterranean,AFG,Afghanistan,2020,Female,13.97,61.69
EMR,Eastern Mediterranean,AFG,Afghanistan,2020,Male,13.56,59.34
EMR,Eastern Mediterranean,AFG,Afghanistan,2021,Female,13.75,60.99
EMR,Eastern Mediterranean,AFG,Afghanistan,2021,Male,13.62,57.4
EMR,Eastern Mediterranean,ARE,United Arab Emirates,2000,Female,20.36,78.03
EMR,Eastern Mediterranean,ARE,United Arab Emirates,2000,Male,22.3,78.58
EMR,Eastern Mediterranean,ARE,United Arab Emirates,2001,Female,20.46,78.18
EMR,Eastern Mediterranean,ARE,United Arab Emirates,2001,Male,22.41,78.72
EMR,Eastern Mediterranean,ARE,United Arab Emirates,2002,Female,20.44,78.24
EMR,Eastern Mediterranean,ARE,United Arab Emirates,2002,Male,22.42,78.79
EMR,Eastern Mediterranean,ARE,United Arab Emirates,2003,Female,20.65,78.5
EMR,Eastern Mediterranean,ARE,United Arab Emirates,2003,Male,22.54,78.94
EMR,Eastern Mediterranean,ARE,United Arab Emirates,2004,Female,21.02,78.89
EMR,Eastern Mediterranean,ARE,United Arab Emirates,2004,Male,22.79,79.2
EMR,Eastern Mediterranean,ARE,United Arab Emirates,2005,Female,21.61,79.52
EMR,Eastern Mediterranean,ARE,United Arab Emirates,2005,Male,23.16,79.57
EMR,Eastern Mediterranean,ARE,United Arab Emirates,2006,Female,22.51,80.46
EMR,Eastern Mediterranean,ARE,United Arab Emirates,2006,Male,23.62,80.09
EMR,Eastern Mediterranean,ARE,United Arab Emirates,2007,Female,23.14,81.12
EMR,Eastern Mediterranean,ARE,United Arab Emirates,2007,Male,23.94,80.45
EMR,Eastern Mediterranean,ARE,United Arab Emirates,2008,Female,23.36,81.35
EMR,Eastern Mediterranean,ARE,United Arab Emirates,2008,Male,24.06,80.57
EMR,Eastern Mediterranean,ARE,United Arab Emirates,2009,Female,23.4,81.38
EMR,Eastern Mediterranean,ARE,United Arab Emirates,2009,Male,24.0,80.51
EMR,Eastern Mediterranean,ARE,United Arab Emirates,2010,Female,23.22,81.19
EMR,Eastern Mediterranean,ARE,United Arab Emirates,2010,Male,23.73,80.25
EMR,Eastern Mediterranean,ARE,United Arab Emirates,2011,Female,22.94,80.93
EMR,Eastern Mediterranean,ARE,United Arab Emirates,2011,Male,23.47,80.06
EMR,Eastern Mediterranean,ARE,United Arab Emirates,2012,Female,22.9,80.99
EMR,Eastern Mediterranean,ARE,United Arab Emirates,2012,Male,23.38,80.09
EMR,Eastern Mediterranean,ARE,United Arab Emirates,2013,Female,23.07,81.25
EMR,Eastern Mediterranean,ARE,United Arab Emirates,2013,Male,23.48,80.32
EMR,Eastern Mediterranean,ARE,United Arab Emirates,2014,Female,23.09,81.38
EMR,Eastern Mediterranean,ARE,United Arab Emirates,2014,Male,23.36,80.35
EMR,Eastern Mediterranean,ARE,United Arab Emirates,2015,Female,23.12,81.49
EMR,Eastern Mediterranean,ARE,United Arab Emirates,2015,Male,23.32,80.38
EMR,Eastern Mediterranean,ARE,United Arab Emirates,2016,Female,23.17,81.63
EMR,Eastern Mediterranean,ARE,United Arab Emirates,2016,Male,23.21,80.43
EMR,Eastern Mediterranean,ARE,United Arab Emirates,2017,Female,23.31,81.82
EMR,Eastern Mediterranean,ARE,United Arab Emirates,2017,Male,23.23,80.53
EMR,Eastern Mediterranean,ARE,United Arab Emirates,2018,Female,23.49,82.05
EMR,Eastern Mediterranean,ARE,United Arab Emirates,2018,Male,23.36,80.76
EMR,Eastern Mediterranean,ARE,United Arab Emirates,2019,Female,23.68,82.29
EMR,Eastern Mediterranean,ARE,United Arab Emirates,2019,Male,23.52,80.98
EMR,Eastern Mediterranean,ARE,United Arab Emirates,2020,Female,23.6,82.16
EMR,Eastern Mediterranean,ARE,United Arab Emirates,2020,Male,21.94,78.94
EMR,Eastern Mediterranean,ARE,United Arab Emirates,2021,Female,21.49,80.02
EMR,Eastern Mediterranean,ARE,United Arab Emirates,2021,Male,19.61,77.18
EMR,Eastern Mediterranean,BHR,Bahrain,2000,Female,15.43,71.27
EMR,Eastern Mediterranean,BHR,Bahrain,2000,Male,14.44,68.71
EMR,Eastern Mediterranean,BHR,Bahrain,2001,Female,15.61,71.58
EMR,Eastern Mediterranean,BHR,Bahrain,2001,Male,14.65,69.61
EMR,Eastern Mediterranean,BHR,Bahrain,2002,Female,15.75,71.79
EMR,Eastern Mediterranean,BHR,Bahrain,2002,Male,14.72,69.85
EMR,Eastern Mediterranean,BHR,Bahrain,2003,Female,15.66,71.93
EMR,Eastern Mediterranean,BHR,Bahrain,2003,Male,14.53,69.87
EMR,Eastern Mediterranean,BHR,Bahrain,2004,Female,15.65,72.15
EMR,Eastern Mediterranean,BHR,Bahrain,2004,Male,14.63,70.18
EMR,Eastern Mediterranean,BHR,Bahrain,2005,Female,15.86,72.5
EMR,Eastern Mediterranean,BHR,Bahrain,2005,Male,14.85,70.58
EMR,Eastern Mediterranean,BHR,Bahrain,2006,Female,16.3,72.98
EMR,Eastern Mediterranean,BHR,Bahrain,2006,Male,15.19,70.87
EMR,Eastern Mediterranean,BHR,Bahrain,2007,Female,16.72,73.54
EMR,Eastern Mediterranean,BHR,Bahrain,2007,Male,15.6,71.61
EMR,Eastern Mediterranean,BHR,Bahrain,2008,Female,17.14,74.03
EMR,Eastern Mediterranean,BHR,Bahrain,2008,Male,15.96,72.09
EMR,Eastern Mediterranean,BHR,Bahrain,2009,Female,17.59,74.5
EMR,Eastern Mediterranean,BHR,Bahrain,2009,Male,16.36,72.6
EMR,Eastern Mediterranean,BHR,Bahrain,2010,Female,17.97,74.94
EMR,Eastern Mediterranean,BHR,Bahrain,2010,Male,16.67,73.04
EMR,Eastern Mediterranean,BHR,Bahrain,2011,Female,18.22,75.21
EMR,Eastern Mediterranean,BHR,Bahrain,2011,Male,17.05,73.41
EMR,Eastern Mediterranean,BHR,Bahrain,2012,Female,18.43,75.44
EMR,Eastern Mediterranean,BHR,Bahrain,2012,Male,17.52,73.89
EMR,Eastern Mediterranean,BHR,Bahrain,2013,Female,18.65,75.72
EMR,Eastern Mediterranean,BHR,Bahrain,2013,Male,18.08,74.51
EMR,Eastern Mediterranean,BHR,Bahrain,2014,Female,19.34,76.43
EMR,Eastern Mediterranean,BHR,Bahrain,2014,Male,18.57,75.06
EMR,Eastern Mediterranean,BHR,Bahrain,2015,Female,19.4,76.54
EMR,Eastern Mediterranean,BHR,Bahrain,2015,Male,18.57,75.16
EMR,Eastern Mediterranean,BHR,Bahrain,2016,Female,19.32,76.5
EMR,Eastern Mediterranean,BHR,Bahrain,2016,Male,18.34,75.03
EMR,Eastern Mediterranean,BHR,Bahrain,2017,Female,19.6,76.78
EMR,Eastern Mediterranean,BHR,Bahrain,2017,Male,18.23,74.92
EMR,Eastern Mediterranean,BHR,Bahrain,2018,Female,19.81,77.03
EMR,Eastern Mediterranean,BHR,Bahrain,2018,Male,18.35,75.12
EMR,Eastern Mediterranean,BHR,Bahrain,2019,Female,19.58,76.86
EMR,Eastern Mediterranean,BHR,Bahrain,2019,Male,18.58,75.39
EMR,Eastern Mediterranean,BHR,Bahrain,2020,Female,19.2,76.77
EMR,Eastern Mediterranean,BHR,Bahrain,2020,Male,17.37,73.61
EMR,Eastern Mediterranean,BHR,Bahrain,2021,Female,18.2,75.09
EMR,Eastern Mediterranean,BHR,Bahrain,2021,Male,17.35,73.82
EMR,Eastern Mediterranean,DJI,Djibouti,2000,Female,17.13,61.4
EMR,Eastern Mediterranean,DJI,Djibouti,2000,Male,14.77,57.7
EMR,Eastern Mediterranean,DJI,Djibouti,2001,Female,17.16,61.28
EMR,Eastern Mediterranean,DJI,Djibouti,2001,Male,14.82,57.75
EMR,Eastern Mediterranean,DJI,Djibouti,2002,Female,17.2,61.24
EMR,Eastern Mediterranean,DJI,Djibouti,2002,Male,14.86,57.81
EMR,Eastern Mediterranean,DJI,Djibouti,2003,Female,17.25,61.34
EMR,Eastern Mediterranean,DJI,Djibouti,2003,Male,14.93,58.02
EMR,Eastern Mediterranean,DJI,Djibouti,2004,Female,17.26,61.38
EMR,Eastern Mediterranean,DJI,Djibouti,2004,Male,14.96,58.17
EMR,Eastern Mediterranean,DJI,Djibouti,2005,Female,17.4,61.73
EMR,Eastern Mediterranean,DJI,Djibouti,2005,Male,15.09,58.5
EMR,Eastern Mediterranean,DJI,Djibouti,2006,Female,17.5,62.07
EMR,Eastern Mediterranean,DJI,Djibouti,2006,Male,15.13,58.43
EMR,Eastern Mediterranean,DJI,Djibouti,2007,Female,17.66,62.65
EMR,Eastern Mediterranean,DJI,Djibouti,2007,Male,15.33,59.37
EMR,Eastern Mediterranean,DJI,Djibouti,2008,Female,17.78,63.06
EMR,Eastern Mediterranean,DJI,Djibouti,2008,Male,15.46,59.76
EMR,Eastern Mediterranean,DJI,Djibouti,2009,Female,17.84,63.36
EMR,Eastern Mediterranean,DJI,Djibouti,2009,Male,15.54,60.11
EMR,Eastern Mediterranean,DJI,Djibouti,2010,Female,17.9,63.62
EMR,Eastern Mediterranean,DJI,Djibouti,2010,Male,15.59,60.44
EMR,Eastern Mediterranean,DJI,Djibouti,2011,Female,17.96,63.92
EMR,Eastern Mediterranean,DJI,Djibouti,2011,Male,15.67,60.78
EMR,Eastern Mediterranean,DJI,Djibouti,2012,Female,18.05,64.35
EMR,Eastern Mediterranean,DJI,Djibouti,2012,Male,15.78,61.18
EMR,Eastern Mediterranean,DJI,Djibouti,2013,Female,18.13,64.75
EMR,Eastern Mediterranean,DJI,Djibouti,2013,Male,15.87,61.55
EMR,Eastern Mediterranean,DJI,Djibouti,2014,Female,18.2,65.16
EMR,Eastern Mediterranean,DJI,Djibouti,2014,Male,15.97,61.9
EMR,Eastern Mediterranean,DJI,Djibouti,2015,Female,18.28,65.57
EMR,Eastern Mediterranean,DJI,Djibouti,2015,Male,16.01,62.2
EMR,Eastern Mediterranean,DJI,Djibouti,2016,Female,18.34,65.98
EMR,Eastern Mediterranean,DJI,Djibouti,2016,Male,16.1,62.71
EMR,Eastern Mediterranean,DJI,Djibouti,2017,Female,18.4,66.44
EMR,Eastern Mediterranean,DJI,Djibouti,2017,Male,16.15,63.04
EMR,Eastern Mediterranean,DJI,Djibouti,2018,Female,18.47,66.88
EMR,Eastern Mediterranean,DJI,Djibouti,2018,Male,16.22,63.38
EMR,Eastern Mediterranean,DJI,Djibouti,2019,Female,18.54,67.27
EMR,Eastern Mediterranean,DJI,Djibouti,2019,Male,16.3,63.63
EMR,Eastern Mediterranean,DJI,Djibouti,2020,Female,18.11,67.23
EMR,Eastern Mediterranean,DJI,Djibouti,2020,Male,15.42,63.36
EMR,Eastern Mediterranean,DJI,Djibouti,2021,Female,17.73,66.73
EMR,Eastern Mediterranean,DJI,Djibouti,2021,Male,15.52,63.04
EMR,Eastern Mediterranean,EGY,Egypt,2000,Female,19.5,71.94
EMR,Eastern Mediterranean,EGY,Egypt,2000,Male,15.98,66.39
EMR,Eastern Mediterranean,EGY,Egypt,2001,Female,19.01,71.63
EMR,Eastern Mediterranean,EGY,Egypt,2001,Male,15.49,66.11
EMR,Eastern Mediterranean,EGY,Egypt,2002,Female,18.72,71.62
EMR,Eastern Mediterranean,EGY,Egypt,2002,Male,15.32,66.16
EMR,Eastern Mediterranean,EGY,Egypt,2003,Female,18.39,71.53
EMR,Eastern Mediterranean,EGY,Egypt,2003,Male,15.0,66.12
EMR,Eastern Mediterranean,EGY,Egypt,2004,Female,18.61,71.94
EMR,Eastern Mediterranean,EGY,Egypt,2004,Male,15.23,66.5
EMR,Eastern Mediterranean,EGY,Egypt,2005,Female,18.77,72.2
EMR,Eastern Mediterranean,EGY,Egypt,2005,Male,15.46,66.9
EMR,Eastern Mediterranean,EGY,Egypt,2006,Female,18.68,72.28
EMR,Eastern Mediterranean,EGY,Egypt,2006,Male,15.4,66.93
EMR,Eastern Mediterranean,EGY,Egypt,2007,Female,18.71,72.51
EMR,Eastern Mediterranean,EGY,Egypt,2007,Male,15.36,67.07
EMR,Eastern Mediterranean,EGY,Egypt,2008,Female,18.6,72.51
EMR,Eastern Mediterranean,EGY,Egypt,2008,Male,15.32,67.12
EMR,Eastern Mediterranean,EGY,Egypt,2009,Female,18.62,72.57
EMR,Eastern Mediterranean,EGY,Egypt,2009,Male,15.26,67.12
EMR,Eastern Mediterranean,EGY,Egypt,2010,Female,18.54,72.57
EMR,Eastern Mediterranean,EGY,Egypt,2010,Male,15.22,67.2
EMR,Eastern Mediterranean,EGY,Egypt,2011,Female,18.79,73.06
EMR,Eastern Mediterranean,EGY,Egypt,2011,Male,15.29,67.25
EMR,Eastern Mediterranean,EGY,Egypt,2012,Female,18.25,72.65
EMR,Eastern Mediterranean,EGY,Egypt,2012,Male,14.86,67.14
EMR,Eastern Mediterranean,EGY,Egypt,2013,Female,18.89,73.44
EMR,Eastern Mediterranean,EGY,Egypt,2013,Male,15.35,67.65
EMR,Eastern Mediterranean,EGY,Egypt,2014,Female,18.53,73.24
EMR,Eastern Mediterranean,EGY,Egypt,2014,Male,15.15,67.78
EMR,Eastern Mediterranean,EGY,Egypt,2015,Female,17.91,72.71
EMR,Eastern Mediterranean,EGY,Egypt,2015,Male,14.69,67.5
EMR,Eastern Mediterranean,EGY,Egypt,2016,Female,18.48,73.46
EMR,Eastern Mediterranean,EGY,Egypt,2016,Male,14.97,68.04
EMR,Eastern Mediterranean,EGY,Egypt,2017,Female,18.74,73.96
EMR,Eastern Mediterranean,EGY,Egypt,2017,Male,15.3,68.62
EMR,Eastern Mediterranean,EGY,Egypt,2018,Female,18.69,73.97
EMR,Eastern Mediterranean,EGY,Egypt,2018,Male,15.26,68.81
EMR,Eastern Mediterranean,EGY,Egypt,2019,Female,18.94,74.3
EMR,Eastern Mediterranean,EGY,Egypt,2019,Male,15.3,68.97
EMR,Eastern Mediterranean,EGY,Egypt,2020,Female,17.41,72.6
EMR,Eastern Mediterranean,EGY,Egypt,2020,Male,14.24,67.75
EMR,Eastern Mediterranean,EGY,Egypt,2021,Female,16.63,71.71
EMR,Eastern Mediterranean,EGY,Egypt,2021,Male,13.24,66.69
EMR,Eastern Mediterranean,IRN,Iran (Islamic Republic of),2000,Female,21.09,75.22
EMR,Eastern Mediterranean,IRN,Iran (Islamic Republic of),2000,Male,20.07,71.92
EMR,Eastern Mediterranean,IRN,Iran (Islamic Republic of),2001,Female,21.19,75.5
EMR,Eastern Mediterranean,IRN,Iran (Islamic Republic of),2001,Male,20.16,72.19
EMR,Eastern Mediterranean,IRN,Iran (Islamic Republic of),2002,Female,21.32,75.83
EMR,Eastern Mediterranean,IRN,Iran (Islamic Republic of),2002,Male,20.2,72.38
EMR,Eastern Mediterranean,IRN,Iran (Islamic Republic of),2003,Female,21.26,75.04
EMR,Eastern Mediterranean,IRN,Iran (Islamic Republic of),2003,Male,20.01,71.81
EMR,Eastern Mediterranean,IRN,Iran (Islamic Republic of),2004,Female,21.66,76.58
EMR,Eastern Mediterranean,IRN,Iran (Islamic Republic of),2004,Male,20.27,72.74
EMR,Eastern Mediterranean,IRN,Iran (Islamic Republic of),2005,Female,21.85,76.97
EMR,Eastern Mediterranean,IRN,Iran (Islamic Republic of),2005,Male,20.35,72.99
EMR,Eastern Mediterranean,IRN,Iran (Islamic Republic of),2006,Female,22.05,77.36
EMR,Eastern Mediterranean,IRN,Iran (Islamic Republic of),2006,Male,20.46,73.24
EMR,Eastern Mediterranean,IRN,Iran (Islamic Republic of),2007,Female,22.27,77.75
EMR,Eastern Mediterranean,IRN,Iran (Islamic Republic of),2007,Male,20.68,73.58
EMR,Eastern Mediterranean,IRN,Iran (Islamic Republic of),2008,Female,22.49,78.1
EMR,Eastern Mediterranean,IRN,Iran (Islamic Republic of),2008,Male,20.9,73.95
EMR,Eastern Mediterranean,IRN,Iran (Islamic Republic of),2009,Female,22.61,78.36
EMR,Eastern Mediterranean,IRN,Iran (Islamic Republic of),2009,Male,21.1,74.32
EMR,Eastern Mediterranean,IRN,Iran (Islamic Republic of),2010,Female,22.7,78.57
EMR,Eastern Mediterranean,IRN,Iran (Islamic Republic of),2010,Male,21.38,74.75
EMR,Eastern Mediterranean,IRN,Iran (Islamic Republic of),2011,Female,22.79,78.76
EMR,Eastern Mediterranean,IRN,Iran (Islamic Republic of),2011,Male,21.62,75.18
EMR,Eastern Mediterranean,IRN,Iran (Islamic Republic of),2012,Female,22.84,78.9
EMR,Eastern Mediterranean,IRN,Iran (Islamic Republic of),2012,Male,21.76,75.48
EMR,Eastern Mediterranean,IRN,Iran (Islamic Republic of),2013,Female,22.76,78.94
EMR,Eastern Mediterranean,IRN,Iran (Islamic Republic of),2013,Male,21.77,75.66
EMR,Eastern Mediterranean,IRN,Iran (Islamic Republic of),2014,Female,22.7,79.0
EMR,Eastern Mediterranean,IRN,Iran (Islamic Republic of),2014,Male,21.74,75.8
EMR,Eastern Mediterranean,IRN,Iran (Islamic Republic of),2015,Female,22.57,78.97
EMR,Eastern Mediterranean,IRN,Iran (Islamic Republic of),2015,Male,21.58,75.78
EMR,Eastern Mediterranean,IRN,Iran (Islamic Republic of),2016,Female,22.52,79.01
EMR,Eastern Mediterranean,IRN,Iran (Islamic Republic of),2016,Male,21.61,75.94
EMR,Eastern Mediterranean,IRN,Iran (Islamic Republic of),2017,Female,22.53,79.09
EMR,Eastern Mediterranean,IRN,Iran (Islamic Republic of),2017,Male,21.67,76.07
EMR,Eastern Mediterranean,IRN,Iran (Islamic Republic of),2018,Female,22.68,79.31
EMR,Eastern Mediterranean,IRN,Iran (Islamic Republic of),2018,Male,21.79,76.27
EMR,Eastern Mediterranean,IRN,Iran (Islamic Republic of),2019,Female,22.71,79.4
EMR,Eastern Mediterranean,IRN,Iran (Islamic Republic of),2019,Male,21.79,76.36
EMR,Eastern Mediterranean,IRN,Iran (Islamic Republic of),2020,Female,20.62,77.14
EMR,Eastern Mediterranean,IRN,Iran (Islamic Republic of),2020,Male,18.97,73.32
EMR,Eastern Mediterranean,IRN,Iran (Islamic Republic of),2021,Female,20.47,76.4
EMR,Eastern Mediterranean,IRN,Iran (Islamic Republic of),2021,Male,19.21,73.08
EMR,Eastern Mediterranean,IRQ,Iraq,2000,Female,20.18,71.91
EMR,Eastern Mediterranean,IRQ,Iraq,2000,Male,17.46,66.87
EMR,Eastern Mediterranean,IRQ,Iraq,2001,Female,20.32,72.21
EMR,Eastern Mediterranean,IRQ,Iraq,2001,Male,17.61,67.22
EMR,Eastern Mediterranean,IRQ,Iraq,2002,Female,20.41,72.43
EMR,Eastern Mediterranean,IRQ,Iraq,2002,Male,17.71,67.47
EMR,Eastern Mediterranean,IRQ,Iraq,2003,Female,20.34,72.06
EMR,Eastern Mediterranean,IRQ,Iraq,2003,Male,17.6,65.69
EMR,Eastern Mediterranean,IRQ,Iraq,2004,Female,20.43,72.26
EMR,Eastern Mediterranean,IRQ,Iraq,2004,Male,17.71,65.79
EMR,Eastern Mediterranean,IRQ,Iraq,2005,Female,20.49,72.27
EMR,Eastern Mediterranean,IRQ,Iraq,2005,Male,17.74,65.08
EMR,Eastern Mediterranean,IRQ,Iraq,2006,Female,20.51,71.98
EMR,Eastern Mediterranean,IRQ,Iraq,2006,Male,17.74,63.46
EMR,Eastern Mediterranean,IRQ,Iraq,2007,Female,20.44,72.07
EMR,Eastern Mediterranean,IRQ,Iraq,2007,Male,17.71,63.63
EMR,Eastern Mediterranean,IRQ,Iraq,2008,Female,20.47,72.89
EMR,Eastern Mediterranean,IRQ,Iraq,2008,Male,17.86,66.61
EMR,Eastern Mediterranean,IRQ,Iraq,2009,Female,20.58,73.35
EMR,Eastern Mediterranean,IRQ,Iraq,2009,Male,18.01,67.72
EMR,Eastern Mediterranean,IRQ,Iraq,2010,Female,20.7,73.67
EMR,Eastern Mediterranean,IRQ,Iraq,2010,Male,18.14,68.28
EMR,Eastern Mediterranean,IRQ,Iraq,2011,Female,20.82,73.97
EMR,Eastern Mediterranean,IRQ,Iraq,2011,Male,18.25,68.64
EMR,Eastern Mediterranean,IRQ,Iraq,2012,Female,20.95,74.26
EMR,Eastern Mediterranean,IRQ,Iraq,2012,Male,18.36,68.84
EMR,Eastern Mediterranean,IRQ,Iraq,2013,Female,21.05,74.31
EMR,Eastern Mediterranean,IRQ,Iraq,2013,Male,18.42,68.05
EMR,Eastern Mediterranean,IRQ,Iraq,2014,Female,21.09,74.07
EMR,Eastern Mediterranean,IRQ,Iraq,2014,Male,18.4,66.39
EMR,Eastern Mediterranean,IRQ,Iraq,2015,Female,21.21,74.5
EMR,Eastern Mediterranean,IRQ,Iraq,2015,Male,18.52,67.47
EMR,Eastern Mediterranean,IRQ,Iraq,2016,Female,21.3,74.69
EMR,Eastern Mediterranean,IRQ,Iraq,2016,Male,18.59,67.54
EMR,Eastern Mediterranean,IRQ,Iraq,2017,Female,21.39,74.99
EMR,Eastern Mediterranean,IRQ,Iraq,2017,Male,18.66,68.16
EMR,Eastern Mediterranean,IRQ,Iraq,2018,Female,21.25,75.52
EMR,Eastern Mediterranean,IRQ,Iraq,2018,Male,18.47,70.42
EMR,Eastern Mediterranean,IRQ,Iraq,2019,Female,20.91,75.37
EMR,Eastern Mediterranean,IRQ,Iraq,2019,Male,18.02,70.26
EMR,Eastern Mediterranean,IRQ,Iraq,2020,Female,18.97,73.83
EMR,Eastern Mediterranean,IRQ,Iraq,2020,Male,14.56,67.09
EMR,Eastern Mediterranean,IRQ,Iraq,2021,Female,19.38,73.91
EMR,Eastern Mediterranean,IRQ,Iraq,2021,Male,16.25,68.89
EMR,Eastern Mediterranean,JOR,Jordan,2000,Female,17.72,72.3
EMR,Eastern Mediterranean,JOR,Jordan,2000,Male,20.81,74.08
EMR,Eastern Mediterranean,JOR,Jordan,2001,Female,17.4,72.15
EMR,Eastern Mediterranean,JOR,Jordan,2001,Male,21.05,74.4
EMR,Eastern Mediterranean,JOR,Jordan,2002,Female,17.45,72.31
EMR,Eastern Mediterranean,JOR,Jordan,2002,Male,21.3,74.83
EMR,Eastern Mediterranean,JOR,Jordan,2003,Female,18.05,72.92
EMR,Eastern Mediterranean,JOR,Jordan,2003,Male,21.55,75.19
EMR,Eastern Mediterranean,JOR,Jordan,2004,Female,17.83,72.84
EMR,Eastern Mediterranean,JOR,Jordan,2004,Male,21.79,75.58
EMR,Eastern Mediterranean,JOR,Jordan,2005,Female,17.44,72.71
EMR,Eastern Mediterranean,JOR,Jordan,2005,Male,21.99,75.82
EMR,Eastern Mediterranean,JOR,Jordan,2006,Female,17.61,73.2
EMR,Eastern Mediterranean,JOR,Jordan,2006,Male,22.15,76.26
EMR,Eastern Mediterranean,JOR,Jordan,2007,Female,18.86,74.62
EMR,Eastern Mediterranean,JOR,Jordan,2007,Male,22.34,76.56
EMR,Eastern Mediterranean,JOR,Jordan,2008,Female,19.88,75.76
EMR,Eastern Mediterranean,JOR,Jordan,2008,Male,22.54,76.81
EMR,Eastern Mediterranean,JOR,Jordan,2009,Female,20.5,76.56
EMR,Eastern Mediterranean,JOR,Jordan,2009,Male,22.48,76.91
EMR,Eastern Mediterranean,JOR,Jordan,2010,Female,20.85,77.04
EMR,Eastern Mediterranean,JOR,Jordan,2010,Male,22.56,77.11
EMR,Eastern Mediterranean,JOR,Jordan,2011,Female,20.98,77.31
EMR,Eastern Mediterranean,JOR,Jordan,2011,Male,22.65,77.31
EMR,Eastern Mediterranean,JOR,Jordan,2012,Female,21.13,77.55
EMR,Eastern Mediterranean,JOR,Jordan,2012,Male,22.76,77.52
EMR,Eastern Mediterranean,JOR,Jordan,2013,Female,21.34,77.95
EMR,Eastern Mediterranean,JOR,Jordan,2013,Male,22.95,77.91
EMR,Eastern Mediterranean,JOR,Jordan,2014,Female,21.57,78.35
EMR,Eastern Mediterranean,JOR,Jordan,2014,Male,23.18,78.39
EMR,Eastern Mediterranean,JOR,Jordan,2015,Female,22.15,78.99
EMR,Eastern Mediterranean,JOR,Jordan,2015,Male,23.4,78.71
EMR,Eastern Mediterranean,JOR,Jordan,2016,Female,22.37,79.23
EMR,Eastern Mediterranean,JOR,Jordan,2016,Male,23.63,78.97
EMR,Eastern Mediterranean,JOR,Jordan,2017,Female,22.68,79.58
EMR,Eastern Mediterranean,JOR,Jordan,2017,Male,23.9,79.34
EMR,Eastern Mediterranean,JOR,Jordan,2018,Female,23.18,80.14
EMR,Eastern Mediterranean,JOR,Jordan,2018,Male,24.1,79.68
EMR,Eastern Mediterranean,JOR,Jordan,2019,Female,23.36,80.34
EMR,Eastern Mediterranean,JOR,Jordan,2019,Male,24.08,79.73
EMR,Eastern Mediterranean,JOR,Jordan,2020,Female,21.93,78.8
EMR,Eastern Mediterranean,JOR,Jordan,2020,Male,20.99,76.57
EMR,Eastern Mediterranean,JOR,Jordan,2021,Female,20.54,76.98
EMR,Eastern Mediterranean,JOR,Jordan,2021,Male,19.54,74.57
EMR,Eastern Mediterranean,KWT,Kuwait,2000,Female,23.67,80.0
EMR,Eastern Mediterranean,KWT,Kuwait,2000,Male,20.94,75.9
EMR,Eastern Mediterranean,KWT,Kuwait,2001,Female,23.8,80.18
EMR,Eastern Mediterranean,KWT,Kuwait,2001,Male,22.31,77.81
EMR,Eastern Mediterranean,KWT,Kuwait,2002,Female,23.69,80.02
EMR,Eastern Mediterranean,KWT,Kuwait,2002,Male,21.63,76.9
EMR,Eastern Mediterranean,KWT,Kuwait,2003,Female,23.95,80.37
EMR,Eastern Mediterranean,KWT,Kuwait,2003,Male,22.1,77.57
EMR,Eastern Mediterranean,KWT,Kuwait,2004,Female,24.02,80.44
EMR,Eastern Mediterranean,KWT,Kuwait,2004,Male,21.78,77.09
EMR,Eastern Mediterranean,KWT,Kuwait,2005,Female,24.33,80.91
EMR,Eastern Mediterranean,KWT,Kuwait,2005,Male,21.39,76.59
EMR,Eastern Mediterranean,KWT,Kuwait,2006,Female,24.55,81.33
EMR,Eastern Mediterranean,KWT,Kuwait,2006,Male,21.43,76.63
EMR,Eastern Mediterranean,KWT,Kuwait,2007,Female,24.1,81.03
EMR,Eastern Mediterranean,KWT,Kuwait,2007,Male,22.11,77.6
EMR,Eastern Mediterranean,KWT,Kuwait,2008,Female,24.15,81.12
EMR,Eastern Mediterranean,KWT,Kuwait,2008,Male,20.98,76.24
EMR,Eastern Mediterranean,KWT,Kuwait,2009,Female,24.49,81.5
EMR,Eastern Mediterranean,KWT,Kuwait,2009,Male,21.9,77.49
EMR,Eastern Mediterranean,KWT,Kuwait,2010,Female,25.16,82.41
EMR,Eastern Mediterranean,KWT,Kuwait,2010,Male,22.97,79.0
EMR,Eastern Mediterranean,KWT,Kuwait,2011,Female,25.91,83.34
EMR,Eastern Mediterranean,KWT,Kuwait,2011,Male,23.72,79.96
EMR,Eastern Mediterranean,KWT,Kuwait,2012,Female,26.32,83.89
EMR,Eastern Mediterranean,KWT,Kuwait,2012,Male,23.3,79.45
EMR,Eastern Mediterranean,KWT,Kuwait,2013,Female,26.76,84.44
EMR,Eastern Mediterranean,KWT,Kuwait,2013,Male,23.52,79.77
EMR,Eastern Mediterranean,KWT,Kuwait,2014,Female,26.83,84.54
EMR,Eastern Mediterranean,KWT,Kuwait,2014,Male,23.65,79.99
EMR,Eastern Mediterranean,KWT,Kuwait,2015,Female,27.14,84.9
EMR,Eastern Mediterranean,KWT,Kuwait,2015,Male,23.04,79.23
EMR,Eastern Mediterranean,KWT,Kuwait,2016,Female,27.75,85.63
EMR,Eastern Mediterranean,KWT,Kuwait,2016,Male,24.06,80.56
EMR,Eastern Mediterranean,KWT,Kuwait,2017,Female,28.27,86.26
EMR,Eastern Mediterranean,KWT,Kuwait,2017,Male,23.89,80.38
EMR,Eastern Mediterranean,KWT,Kuwait,2018,Female,28.47,86.52
EMR,Eastern Mediterranean,KWT,Kuwait,2018,Male,24.21,80.78
EMR,Eastern Mediterranean,KWT,Kuwait,2019,Female,28.37,86.43
EMR,Eastern Mediterranean,KWT,Kuwait,2019,Male,23.77,80.27
EMR,Eastern Mediterranean,KWT,Kuwait,2020,Female,25.22,83.1
EMR,Eastern Mediterranean,KWT,Kuwait,2020,Male,20.82,76.52
EMR,Eastern Mediterranean,KWT,Kuwait,2021,Female,24.0,81.75
EMR,Eastern Mediterranean,KWT,Kuwait,2021,Male,21.47,77.32
EMR,Eastern Mediterranean,LBN,Lebanon,2000,Female,21.37,77.0
EMR,Eastern Mediterranean,LBN,Lebanon,2000,Male,19.93,74.3
EMR,Eastern Mediterranean,LBN,Lebanon,2001,Female,21.57,77.41
EMR,Eastern Mediterranean,LBN,Lebanon,2001,Male,20.11,74.77
EMR,Eastern Mediterranean,LBN,Lebanon,2002,Female,21.81,77.83
EMR,Eastern Mediterranean,LBN,Lebanon,2002,Male,20.3,75.13
EMR,Eastern Mediterranean,LBN,Lebanon,2003,Female,21.91,78.04
EMR,Eastern Mediterranean,LBN,Lebanon,2003,Male,20.45,75.42
EMR,Eastern Mediterranean,LBN,Lebanon,2004,Female,22.22,78.55
EMR,Eastern Mediterranean,LBN,Lebanon,2004,Male,20.39,75.47
EMR,Eastern Mediterranean,LBN,Lebanon,2005,Female,22.32,78.74
EMR,Eastern Mediterranean,LBN,Lebanon,2005,Male,20.31,75.42
EMR,Eastern Mediterranean,LBN,Lebanon,2006,Female,22.43,78.82
EMR,Eastern Mediterranean,LBN,Lebanon,2006,Male,20.22,74.62
EMR,Eastern Mediterranean,LBN,Lebanon,2007,Female,22.61,79.25
EMR,Eastern Mediterranean,LBN,Lebanon,2007,Male,20.24,75.47
EMR,Eastern Mediterranean,LBN,Lebanon,2008,Female,22.78,79.48
EMR,Eastern Mediterranean,LBN,Lebanon,2008,Male,20.23,75.37
EMR,Eastern Mediterranean,LBN,Lebanon,2009,Female,23.0,79.79
EMR,Eastern Mediterranean,LBN,Lebanon,2009,Male,20.27,75.57
EMR,Eastern Mediterranean,LBN,Lebanon,2010,Female,23.2,80.05
EMR,Eastern Mediterranean,LBN,Lebanon,2010,Male,20.35,75.67
EMR,Eastern Mediterranean,LBN,Lebanon,2011,Female,23.23,80.1
EMR,Eastern Mediterranean,LBN,Lebanon,2011,Male,20.25,75.63
EMR,Eastern Mediterranean,LBN,Lebanon,2012,Female,23.38,80.27
EMR,Eastern Mediterranean,LBN,Lebanon,2012,Male,20.28,75.63
EMR,Eastern Mediterranean,LBN,Lebanon,2013,Female,23.55,80.5
EMR,Eastern Mediterranean,LBN,Lebanon,2013,Male,20.3,75.63
EMR,Eastern Mediterranean,LBN,Lebanon,2014,Female,23.69,80.63
EMR,Eastern Mediterranean,LBN,Lebanon,2014,Male,20.39,75.63
EMR,Eastern Mediterranean,LBN,Lebanon,2015,Female,23.89,80.8
EMR,Eastern Mediterranean,LBN,Lebanon,2015,Male,20.6,75.88
EMR,Eastern Mediterranean,LBN,Lebanon,2016,Female,24.17,81.09
EMR,Eastern Mediterranean,LBN,Lebanon,2016,Male,20.94,76.35
EMR,Eastern Mediterranean,LBN,Lebanon,2017,Female,24.42,81.32
EMR,Eastern Mediterranean,LBN,Lebanon,2017,Male,21.26,76.55
EMR,Eastern Mediterranean,LBN,Lebanon,2018,Female,24.6,81.51
EMR,Eastern Mediterranean,LBN,Lebanon,2018,Male,21.47,77.04
EMR,Eastern Mediterranean,LBN,Lebanon,2019,Female,24.66,81.47
EMR,Eastern Mediterranean,LBN,Lebanon,2019,Male,21.46,76.92
EMR,Eastern Mediterranean,LBN,Lebanon,2020,Female,24.06,80.39
EMR,Eastern Mediterranean,LBN,Lebanon,2020,Male,20.2,74.88
EMR,Eastern Mediterranean,LBN,Lebanon,2021,Female,21.49,77.5
EMR,Eastern Mediterranean,LBN,Lebanon,2021,Male,17.17,71.25
EMR,Eastern Mediterranean,LBY,Libya,2000,Female,21.85,75.89
EMR,Eastern Mediterranean,LBY,Libya,2000,Male,19.98,72.37
EMR,Eastern Mediterranean,LBY,Libya,2001,Female,21.66,75.81
EMR,Eastern Mediterranean,LBY,Libya,2001,Male,19.36,71.86
EMR,Eastern Mediterranean,LBY,Libya,2002,Female,21.51,75.76
EMR,Eastern Mediterranean,LBY,Libya,2002,Male,18.81,71.36
EMR,Eastern Mediterranean,LBY,Libya,2003,Female,21.53,75.9
EMR,Eastern Mediterranean,LBY,Libya,2003,Male,18.73,71.35
EMR,Eastern Mediterranean,LBY,Libya,2004,Female,21.29,75.84
EMR,Eastern Mediterranean,LBY,Libya,2004,Male,19.35,72.0
EMR,Eastern Mediterranean,LBY,Libya,2005,Female,20.99,75.71
EMR,Eastern Mediterranean,LBY,Libya,2005,Male,19.65,72.37
EMR,Eastern Mediterranean,LBY,Libya,2006,Female,21.21,76.04
EMR,Eastern Mediterranean,LBY,Libya,2006,Male,20.38,73.18
EMR,Eastern Mediterranean,LBY,Libya,2007,Female,21.15,75.98
EMR,Eastern Mediterranean,LBY,Libya,2007,Male,20.13,73.03
EMR,Eastern Mediterranean,LBY,Libya,2008,Female,20.89,75.82
EMR,Eastern Mediterranean,LBY,Libya,2008,Male,19.59,72.62
EMR,Eastern Mediterranean,LBY,Libya,2009,Female,20.64,75.59
EMR,Eastern Mediterranean,LBY,Libya,2009,Male,19.49,72.71
EMR,Eastern Mediterranean,LBY,Libya,2010,Female,20.45,75.47
EMR,Eastern Mediterranean,LBY,Libya,2010,Male,19.56,72.78
EMR,Eastern Mediterranean,LBY,Libya,2011,Female,20.17,74.02
EMR,Eastern Mediterranean,LBY,Libya,2011,Male,19.32,69.04
EMR,Eastern Mediterranean,LBY,Libya,2012,Female,20.55,75.54
EMR,Eastern Mediterranean,LBY,Libya,2012,Male,19.57,72.36
EMR,Eastern Mediterranean,LBY,Libya,2013,Female,20.59,75.68
EMR,Eastern Mediterranean,LBY,Libya,2013,Male,19.56,72.79
EMR,Eastern Mediterranean,LBY,Libya,2014,Female,20.42,75.12
EMR,Eastern Mediterranean,LBY,Libya,2014,Male,19.32,70.25
EMR,Eastern Mediterranean,LBY,Libya,2015,Female,20.54,75.26
EMR,Eastern Mediterranean,LBY,Libya,2015,Male,19.18,70.21
EMR,Eastern Mediterranean,LBY,Libya,2016,Female,20.43,75.18
EMR,Eastern Mediterranean,LBY,Libya,2016,Male,19.03,70.24
EMR,Eastern Mediterranean,LBY,Libya,2017,Female,20.45,75.36
EMR,Eastern Mediterranean,LBY,Libya,2017,Male,19.0,71.04
EMR,Eastern Mediterranean,LBY,Libya,2018,Female,20.54,75.6
EMR,Eastern Mediterranean,LBY,Libya,2018,Male,19.06,71.54
EMR,Eastern Mediterranean,LBY,Libya,2019,Female,20.63,75.7
EMR,Eastern Mediterranean,LBY,Libya,2019,Male,19.1,71.47
EMR,Eastern Mediterranean,LBY,Libya,2020,Female,19.94,75.04
EMR,Eastern Mediterranean,LBY,Libya,2020,Male,17.62,70.37
EMR,Eastern Mediterranean,LBY,Libya,2021,Female,19.28,74.21
EMR,Eastern Mediterranean,LBY,Libya,2021,Male,17.32,70.23
EMR,Eastern Mediterranean,MAR,Morocco,2000,Female,19.31,71.11
EMR,Eastern Mediterranean,MAR,Morocco,2000,Male,18.81,69.29
EMR,Eastern Mediterranean,MAR,Morocco,2001,Female,19.3,71.32
EMR,Eastern Mediterranean,MAR,Morocco,2001,Male,18.86,69.6
EMR,Eastern Mediterranean,MAR,Morocco,2002,Female,19.25,71.42
EMR,Eastern Mediterranean,MAR,Morocco,2002,Male,19.07,70.07
EMR,Eastern Mediterranean,MAR,Morocco,2003,Female,19.25,71.59
EMR,Eastern Mediterranean,MAR,Morocco,2003,Male,19.0,70.17
EMR,Eastern Mediterranean,MAR,Morocco,2004,Female,19.21,71.74
EMR,Eastern Mediterranean,MAR,Morocco,2004,Male,18.95,70.32
EMR,Eastern Mediterranean,MAR,Morocco,2005,Female,19.2,71.95
EMR,Eastern Mediterranean,MAR,Morocco,2005,Male,18.92,70.52
EMR,Eastern Mediterranean,MAR,Morocco,2006,Female,19.18,72.13
EMR,Eastern Mediterranean,MAR,Morocco,2006,Male,18.89,70.73
EMR,Eastern Mediterranean,MAR,Morocco,2007,Female,19.15,72.29
EMR,Eastern Mediterranean,MAR,Morocco,2007,Male,18.85,70.93
EMR,Eastern Mediterranean,MAR,Morocco,2008,Female,19.23,72.58
EMR,Eastern Mediterranean,MAR,Morocco,2008,Male,18.88,71.2
EMR,Eastern Mediterranean,MAR,Morocco,2009,Female,19.29,72.84
EMR,Eastern Mediterranean,MAR,Morocco,2009,Male,18.91,71.48
EMR,Eastern Mediterranean,MAR,Morocco,2010,Female,19.32,73.06
EMR,Eastern Mediterranean,MAR,Morocco,2010,Male,18.9,71.69
EMR,Eastern Mediterranean,MAR,Morocco,2011,Female,19.36,73.28
EMR,Eastern Mediterranean,MAR,Morocco,2011,Male,18.85,71.87
EMR,Eastern Mediterranean,MAR,Morocco,2012,Female,19.41,73.51
EMR,Eastern Mediterranean,MAR,Morocco,2012,Male,18.81,72.05
EMR,Eastern Mediterranean,MAR,Morocco,2013,Female,19.45,73.72
EMR,Eastern Mediterranean,MAR,Morocco,2013,Male,18.74,72.21
EMR,Eastern Mediterranean,MAR,Morocco,2014,Female,19.47,73.9
EMR,Eastern Mediterranean,MAR,Morocco,2014,Male,18.65,72.34
EMR,Eastern Mediterranean,MAR,Morocco,2015,Female,19.48,74.08
EMR,Eastern Mediterranean,MAR,Morocco,2015,Male,18.54,72.44
EMR,Eastern Mediterranean,MAR,Morocco,2016,Female,19.52,74.26
EMR,Eastern Mediterranean,MAR,Morocco,2016,Male,18.44,72.55
EMR,Eastern Mediterranean,MAR,Morocco,2017,Female,19.55,74.41
EMR,Eastern Mediterranean,MAR,Morocco,2017,Male,18.36,72.65
EMR,Eastern Mediterranean,MAR,Morocco,2018,Female,19.53,74.46
EMR,Eastern Mediterranean,MAR,Morocco,2018,Male,18.33,72.74
EMR,Eastern Mediterranean,MAR,Morocco,2019,Female,19.59,74.64
EMR,Eastern Mediterranean,MAR,Morocco,2019,Male,18.32,72.85
EMR,Eastern Mediterranean,MAR,Morocco,2020,Female,18.82,73.87
EMR,Eastern Mediterranean,MAR,Morocco,2020,Male,16.64,71.19
EMR,Eastern Mediterranean,MAR,Morocco,2021,Female,18.81,73.71
EMR,Eastern Mediterranean,MAR,Morocco,2021,Male,17.24,71.54
EMR,Eastern Mediterranean,OMN,Oman,2000,Female,20.08,75.37
EMR,Eastern Mediterranean,OMN,Oman,2000,Male,16.14,69.36
EMR,Eastern Mediterranean,OMN,Oman,2001,Female,20.62,76.0
EMR,Eastern Mediterranean,OMN,Oman,2001,Male,16.41,69.81
EMR,Eastern Mediterranean,OMN,Oman,2002,Female,20.85,76.33
EMR,Eastern Mediterranean,OMN,Oman,2002,Male,16.57,70.02
EMR,Eastern Mediterranean,OMN,Oman,2003,Female,21.02,76.56
EMR,Eastern Mediterranean,OMN,Oman,2003,Male,16.75,70.32
EMR,Eastern Mediterranean,OMN,Oman,2004,Female,21.57,77.14
EMR,Eastern Mediterranean,OMN,Oman,2004,Male,16.96,70.59
EMR,Eastern Mediterranean,OMN,Oman,2005,Female,21.63,77.33
EMR,Eastern Mediterranean,OMN,Oman,2005,Male,17.03,70.82
EMR,Eastern Mediterranean,OMN,Oman,2006,Female,21.48,77.32
EMR,Eastern Mediterranean,OMN,Oman,2006,Male,17.15,71.0
EMR,Eastern Mediterranean,OMN,Oman,2007,Female,21.38,77.28
EMR,Eastern Mediterranean,OMN,Oman,2007,Male,17.14,70.95
EMR,Eastern Mediterranean,OMN,Oman,2008,Female,21.45,77.55
EMR,Eastern Mediterranean,OMN,Oman,2008,Male,16.8,70.8
EMR,Eastern Mediterranean,OMN,Oman,2009,Female,21.07,77.25
EMR,Eastern Mediterranean,OMN,Oman,2009,Male,16.44,70.62
EMR,Eastern Mediterranean,OMN,Oman,2010,Female,20.6,76.9
EMR,Eastern Mediterranean,OMN,Oman,2010,Male,16.4,70.68
EMR,Eastern Mediterranean,OMN,Oman,2011,Female,20.48,76.9
EMR,Eastern Mediterranean,OMN,Oman,2011,Male,16.69,71.01
EMR,Eastern Mediterranean,OMN,Oman,2012,Female,20.71,77.22
EMR,Eastern Mediterranean,OMN,Oman,2012,Male,17.07,71.46
EMR,Eastern Mediterranean,OMN,Oman,2013,Female,21.08,77.62
EMR,Eastern Mediterranean,OMN,Oman,2013,Male,17.26,71.76
EMR,Eastern Mediterranean,OMN,Oman,2014,Female,20.92,77.57
EMR,Eastern Mediterranean,OMN,Oman,2014,Male,17.14,71.82
EMR,Eastern Mediterranean,OMN,Oman,2015,Female,20.7,77.44
EMR,Eastern Mediterranean,OMN,Oman,2015,Male,16.79,71.66
EMR,Eastern Mediterranean,OMN,Oman,2016,Female,20.65,77.46
EMR,Eastern Mediterranean,OMN,Oman,2016,Male,16.6,71.6
EMR,Eastern Mediterranean,OMN,Oman,2017,Female,20.95,77.82
EMR,Eastern Mediterranean,OMN,Oman,2017,Male,16.9,72.02
EMR,Eastern Mediterranean,OMN,Oman,2018,Female,21.61,78.52
EMR,Eastern Mediterranean,OMN,Oman,2018,Male,17.64,72.82
EMR,Eastern Mediterranean,OMN,Oman,2019,Female,21.9,78.85
EMR,Eastern Mediterranean,OMN,Oman,2019,Male,17.83,73.09
EMR,Eastern Mediterranean,OMN,Oman,2020,Female,19.7,76.8
EMR,Eastern Mediterranean,OMN,Oman,2020,Male,16.44,72.04
EMR,Eastern Mediterranean,OMN,Oman,2021,Female,18.5,74.86
EMR,Eastern Mediterranean,OMN,Oman,2021,Male,16.2,70.9
EMR,Eastern Mediterranean,PAK,Pakistan,2000,Female,16.49,61.89
EMR,Eastern Mediterranean,PAK,Pakistan,2000,Male,16.22,60.98
EMR,Eastern Mediterranean,PAK,Pakistan,2001,Female,16.51,62.18
EMR,Eastern Mediterranean,PAK,Pakistan,2001,Male,16.25,61.23
EMR,Eastern Mediterranean,PAK,Pakistan,2002,Female,16.55,62.46
EMR,Eastern Mediterranean,PAK,Pakistan,2002,Male,16.3,61.45
EMR,Eastern Mediterranean,PAK,Pakistan,2003,Female,16.6,62.7
EMR,Eastern Mediterranean,PAK,Pakistan,2003,Male,16.33,61.64
EMR,Eastern Mediterranean,PAK,Pakistan,2004,Female,16.72,63.09
EMR,Eastern Mediterranean,PAK,Pakistan,2004,Male,16.39,61.86
EMR,Eastern Mediterranean,PAK,Pakistan,2005,Female,16.7,62.53
EMR,Eastern Mediterranean,PAK,Pakistan,2005,Male,16.29,61.5
EMR,Eastern Mediterranean,PAK,Pakistan,2006,Female,16.99,63.83
EMR,Eastern Mediterranean,PAK,Pakistan,2006,Male,16.59,62.38
EMR,Eastern Mediterranean,PAK,Pakistan,2007,Female,17.11,64.16
EMR,Eastern Mediterranean,PAK,Pakistan,2007,Male,16.73,62.67
EMR,Eastern Mediterranean,PAK,Pakistan,2008,Female,17.22,64.47
EMR,Eastern Mediterranean,PAK,Pakistan,2008,Male,16.84,62.91
EMR,Eastern Mediterranean,PAK,Pakistan,2009,Female,17.31,64.77
EMR,Eastern Mediterranean,PAK,Pakistan,2009,Male,16.94,63.14
EMR,Eastern Mediterranean,PAK,Pakistan,2010,Female,17.39,65.04
EMR,Eastern Mediterranean,PAK,Pakistan,2010,Male,17.03,63.32
EMR,Eastern Mediterranean,PAK,Pakistan,2011,Female,17.49,65.37
EMR,Eastern Mediterranean,PAK,Pakistan,2011,Male,17.15,63.77
EMR,Eastern Mediterranean,PAK,Pakistan,2012,Female,17.57,65.66
EMR,Eastern Mediterranean,PAK,Pakistan,2012,Male,17.25,64.03
EMR,Eastern Mediterranean,PAK,Pakistan,2013,Female,17.63,65.93
EMR,Eastern Mediterranean,PAK,Pakistan,2013,Male,17.32,64.33
EMR,Eastern Mediterranean,PAK,Pakistan,2014,Female,17.71,66.23
EMR,Eastern Mediterranean,PAK,Pakistan,2014,Male,17.4,64.6
EMR,Eastern Mediterranean,PAK,Pakistan,2015,Female,17.79,66.54
EMR,Eastern Mediterranean,PAK,Pakistan,2015,Male,17.49,64.9
EMR,Eastern Mediterranean,PAK,Pakistan,2016,Female,17.87,66.86
EMR,Eastern Mediterranean,PAK,Pakistan,2016,Male,17.59,65.28
EMR,Eastern Mediterranean,PAK,Pakistan,2017,Female,17.95,67.16
EMR,Eastern Mediterranean,PAK,Pakistan,2017,Male,17.7,65.63
EMR,Eastern Mediterranean,PAK,Pakistan,2018,Female,18.04,67.5
EMR,Eastern Mediterranean,PAK,Pakistan,2018,Male,17.81,66.0
EMR,Eastern Mediterranean,PAK,Pakistan,2019,Female,18.11,67.79
EMR,Eastern Mediterranean,PAK,Pakistan,2019,Male,17.9,66.3
EMR,Eastern Mediterranean,PAK,Pakistan,2020,Female,17.19,67.03
EMR,Eastern Mediterranean,PAK,Pakistan,2020,Male,16.02,64.7
EMR,Eastern Mediterranean,PAK,Pakistan,2021,Female,17.14,66.93
EMR,Eastern Mediterranean,PAK,Pakistan,2021,Male,16.7,65.08
EMR,Eastern Mediterranean,PSE,"occupied Palestinian territory, including east Jerusalem",2000,Female,18.57,73.25
EMR,Eastern Mediterranean,PSE,"occupied Palestinian territory, including east Jerusalem",2000,Male,16.03,66.74
EMR,Eastern Mediterranean,PSE,"occupied Palestinian territory, including east Jerusalem",2001,Female,18.63,73.22
EMR,Eastern Mediterranean,PSE,"occupied Palestinian territory, including east Jerusalem",2001,Male,15.93,65.75
EMR,Eastern Mediterranean,PSE,"occupied Palestinian territory, including east Jerusalem",2002,Female,18.64,73.09
EMR,Eastern Mediterranean,PSE,"occupied Palestinian territory, including east Jerusalem",2002,Male,15.78,64.59
EMR,Eastern Mediterranean,PSE,"occupied Palestinian territory, including east Jerusalem",2003,Female,18.73,73.55
EMR,Eastern Mediterranean,PSE,"occupied Palestinian territory, including east Jerusalem",2003,Male,15.86,66.03
EMR,Eastern Mediterranean,PSE,"occupied Palestinian territory, including east Jerusalem",2004,Female,18.61,73.47
EMR,Eastern Mediterranean,PSE,"occupied Palestinian territory, including east Jerusalem",2004,Male,15.89,65.84
EMR,Eastern Mediterranean,PSE,"occupied Palestinian territory, including east Jerusalem",2005,Female,18.72,73.93
EMR,Eastern Mediterranean,PSE,"occupied Palestinian territory, including east Jerusalem",2005,Male,15.99,67.44
EMR,Eastern Mediterranean,PSE,"occupied Palestinian territory, including east Jerusalem",2006,Female,18.64,73.5
EMR,Eastern Mediterranean,PSE,"occupied Palestinian territory, including east Jerusalem",2006,Male,15.92,65.33
EMR,Eastern Mediterranean,PSE,"occupied Palestinian territory, including east Jerusalem",2007,Female,18.64,74.03
EMR,Eastern Mediterranean,PSE,"occupied Palestinian territory, including east Jerusalem",2007,Male,16.23,67.8
EMR,Eastern Mediterranean,PSE,"occupied Palestinian territory, including east Jerusalem",2008,Female,18.65,73.48
EMR,Eastern Mediterranean,PSE,"occupied Palestinian territory, including east Jerusalem",2008,Male,16.25,64.9
EMR,Eastern Mediterranean,PSE,"occupied Palestinian territory, including east Jerusalem",2009,Female,18.78,73.76
EMR,Eastern Mediterranean,PSE,"occupied Palestinian territory, including east Jerusalem",2009,Male,16.26,65.5
EMR,Eastern Mediterranean,PSE,"occupied Palestinian territory, including east Jerusalem",2010,Female,18.79,74.81
EMR,Eastern Mediterranean,PSE,"occupied Palestinian territory, including east Jerusalem",2010,Male,16.49,70.56
EMR,Eastern Mediterranean,PSE,"occupied Palestinian territory, including east Jerusalem",2011,Female,18.83,74.92
EMR,Eastern Mediterranean,PSE,"occupied Palestinian territory, including east Jerusalem",2011,Male,16.61,70.71
EMR,Eastern Mediterranean,PSE,"occupied Palestinian territory, including east Jerusalem",2012,Female,19.4,75.45
EMR,Eastern Mediterranean,PSE,"occupied Palestinian territory, including east Jerusalem",2012,Male,17.05,70.8
EMR,Eastern Mediterranean,PSE,"occupied Palestinian territory, including east Jerusalem",2013,Female,19.72,76.02
EMR,Eastern Mediterranean,PSE,"occupied Palestinian territory, including east Jerusalem",2013,Male,17.78,72.36
EMR,Eastern Mediterranean,PSE,"occupied Palestinian territory, including east Jerusalem",2014,Female,19.81,75.95
EMR,Eastern Mediterranean,PSE,"occupied Palestinian territory, including east Jerusalem",2014,Male,18.15,72.41
EMR,Eastern Mediterranean,PSE,"occupied Palestinian territory, including east Jerusalem",2015,Female,19.92,76.37
EMR,Eastern Mediterranean,PSE,"occupied Palestinian territory, including east Jerusalem",2015,Male,17.99,72.73
EMR,Eastern Mediterranean,PSE,"occupied Palestinian territory, including east Jerusalem",2016,Female,20.16,76.68
EMR,Eastern Mediterranean,PSE,"occupied Palestinian territory, including east Jerusalem",2016,Male,18.32,73.25
EMR,Eastern Mediterranean,PSE,"occupied Palestinian territory, including east Jerusalem",2017,Female,20.59,77.17
EMR,Eastern Mediterranean,PSE,"occupied Palestinian territory, including east Jerusalem",2017,Male,18.63,73.68
EMR,Eastern Mediterranean,PSE,"occupied Palestinian territory, including east Jerusalem",2018,Female,20.85,77.46
EMR,Eastern Mediterranean,PSE,"occupied Palestinian territory, including east Jerusalem",2018,Male,18.83,73.9
EMR,Eastern Mediterranean,PSE,"occupied Palestinian territory, including east Jerusalem",2019,Female,20.9,77.6
EMR,Eastern Mediterranean,PSE,"occupied Palestinian territory, including east Jerusalem",2019,Male,18.78,74.0
EMR,Eastern Mediterranean,PSE,"occupied Palestinian territory, including east Jerusalem",2020,Female,20.47,77.08
EMR,Eastern Mediterranean,PSE,"occupied Palestinian territory, including east Jerusalem",2020,Male,18.05,73.14
EMR,Eastern Mediterranean,PSE,"occupied Palestinian territory, including east Jerusalem",2021,Female,19.57,75.88
EMR,Eastern Mediterranean,PSE,"occupied Palestinian territory, including east Jerusalem",2021,Male,16.81,71.14
EMR,Eastern Mediterranean,QAT,Qatar,2000,Female,17.09,73.61
EMR,Eastern Mediterranean,QAT,Qatar,2000,Male,14.34,69.0
EMR,Eastern Mediterranean,QAT,Qatar,2001,Female,16.66,73.31
EMR,Eastern Mediterranean,QAT,Qatar,2001,Male,14.36,68.99
EMR,Eastern Mediterranean,QAT,Qatar,2002,Female,16.13,72.96
EMR,Eastern Mediterranean,QAT,Qatar,2002,Male,14.44,69.15
EMR,Eastern Mediterranean,QAT,Qatar,2003,Female,15.75,72.75
EMR,Eastern Mediterranean,QAT,Qatar,2003,Male,14.72,69.57
EMR,Eastern Mediterranean,QAT,Qatar,2004,Female,15.81,72.92
EMR,Eastern Mediterranean,QAT,Qatar,2004,Male,14.95,69.89
EMR,Eastern Mediterranean,QAT,Qatar,2005,Female,15.86,73.1
EMR,Eastern Mediterranean,QAT,Qatar,2005,Male,15.2,70.17
EMR,Eastern Mediterranean,QAT,Qatar,2006,Female,16.01,73.33
EMR,Eastern Mediterranean,QAT,Qatar,2006,Male,15.72,70.79
EMR,Eastern Mediterranean,QAT,Qatar,2007,Female,16.22,73.62
EMR,Eastern Mediterranean,QAT,Qatar,2007,Male,16.05,71.29
EMR,Eastern Mediterranean,QAT,Qatar,2008,Female,16.74,74.21
EMR,Eastern Mediterranean,QAT,Qatar,2008,Male,16.28,71.7
EMR,Eastern Mediterranean,QAT,Qatar,2009,Female,17.3,74.83
EMR,Eastern Mediterranean,QAT,Qatar,2009,Male,16.42,71.96
EMR,Eastern Mediterranean,QAT,Qatar,2010,Female,17.86,75.45
EMR,Eastern Mediterranean,QAT,Qatar,2010,Male,16.86,72.62
EMR,Eastern Mediterranean,QAT,Qatar,2011,Female,18.72,76.35
EMR,Eastern Mediterranean,QAT,Qatar,2011,Male,17.45,73.38
EMR,Eastern Mediterranean,QAT,Qatar,2012,Female,19.63,77.26
EMR,Eastern Mediterranean,QAT,Qatar,2012,Male,17.95,74.02
EMR,Eastern Mediterranean,QAT,Qatar,2013,Female,20.11,77.8
EMR,Eastern Mediterranean,QAT,Qatar,2013,Male,18.73,74.92
EMR,Eastern Mediterranean,QAT,Qatar,2014,Female,20.34,78.08
EMR,Eastern Mediterranean,QAT,Qatar,2014,Male,19.67,75.91
EMR,Eastern Mediterranean,QAT,Qatar,2015,Female,21.08,78.84
EMR,Eastern Mediterranean,QAT,Qatar,2015,Male,21.1,77.41
EMR,Eastern Mediterranean,QAT,Qatar,2016,Female,21.37,79.21
EMR,Eastern Mediterranean,QAT,Qatar,2016,Male,21.45,77.88
EMR,Eastern Mediterranean,QAT,Qatar,2017,Female,21.55,79.44
EMR,Eastern Mediterranean,QAT,Qatar,2017,Male,21.66,78.18
EMR,Eastern Mediterranean,QAT,Qatar,2018,Female,21.68,79.62
EMR,Eastern Mediterranean,QAT,Qatar,2018,Male,21.62,78.23
EMR,Eastern Mediterranean,QAT,Qatar,2019,Female,21.86,79.84
EMR,Eastern Mediterranean,QAT,Qatar,2019,Male,21.76,78.49
EMR,Eastern Mediterranean,QAT,Qatar,2020,Female,20.66,78.78
EMR,Eastern Mediterranean,QAT,Qatar,2020,Male,19.66,76.58
EMR,Eastern Mediterranean,QAT,Qatar,2021,Female,19.96,77.98
EMR,Eastern Mediterranean,QAT,Qatar,2021,Male,19.09,76.03
EMR,Eastern Mediterranean,SAU,Saudi Arabia,2000,Female,18.04,71.93
EMR,Eastern Mediterranean,SAU,Saudi Arabia,2000,Male,16.57,69.43
EMR,Eastern Mediterranean,SAU,Saudi Arabia,2001,Female,18.12,72.14
EMR,Eastern Mediterranean,SAU,Saudi Arabia,2001,Male,16.71,69.72
EMR,Eastern Mediterranean,SAU,Saudi Arabia,2002,Female,18.19,72.36
EMR,Eastern Mediterranean,SAU,Saudi Arabia,2002,Male,16.92,70.06
EMR,Eastern Mediterranean,SAU,Saudi Arabia,2003,Female,18.21,72.6
EMR,Eastern Mediterranean,SAU,Saudi Arabia,2003,Male,17.12,70.32
EMR,Eastern Mediterranean,SAU,Saudi Arabia,2004,Female,18.31,72.93
EMR,Eastern Mediterranean,SAU,Saudi Arabia,2004,Male,17.38,70.64
EMR,Eastern Mediterranean,SAU,Saudi Arabia,2005,Female,18.37,73.12
EMR,Eastern Mediterranean,SAU,Saudi Arabia,2005,Male,17.56,70.9
EMR,Eastern Mediterranean,SAU,Saudi Arabia,2006,Female,18.54,73.41
EMR,Eastern Mediterranean,SAU,Saudi Arabia,2006,Male,17.73,71.11
EMR,Eastern Mediterranean,SAU,Saudi Arabia,2007,Female,18.81,73.73
EMR,Eastern Mediterranean,SAU,Saudi Arabia,2007,Male,18.02,71.45
EMR,Eastern Mediterranean,SAU,Saudi Arabia,2008,Female,19.29,74.39
EMR,Eastern Mediterranean,SAU,Saudi Arabia,2008,Male,18.48,72.1
EMR,Eastern Mediterranean,SAU,Saudi Arabia,2009,Female,19.93,75.28
EMR,Eastern Mediterranean,SAU,Saudi Arabia,2009,Male,19.1,73.02
EMR,Eastern Mediterranean,SAU,Saudi Arabia,2010,Female,20.64,76.28
EMR,Eastern Mediterranean,SAU,Saudi Arabia,2010,Male,19.78,74.02
EMR,Eastern Mediterranean,SAU,Saudi Arabia,2011,Female,21.45,77.48
EMR,Eastern Mediterranean,SAU,Saudi Arabia,2011,Male,20.65,75.3
EMR,Eastern Mediterranean,SAU,Saudi Arabia,2012,Female,21.91,78.27
EMR,Eastern Mediterranean,SAU,Saudi Arabia,2012,Male,21.29,76.28
EMR,Eastern Mediterranean,SAU,Saudi Arabia,2013,Female,21.86,78.46
EMR,Eastern Mediterranean,SAU,Saudi Arabia,2013,Male,21.43,76.68
EMR,Eastern Mediterranean,SAU,Saudi Arabia,2014,Female,21.55,78.3
EMR,Eastern Mediterranean,SAU,Saudi Arabia,2014,Male,21.25,76.62
EMR,Eastern Mediterranean,SAU,Saudi Arabia,2015,Female,21.06,77.84
EMR,Eastern Mediterranean,SAU,Saudi Arabia,2015,Male,20.97,76.36
EMR,Eastern Mediterranean,SAU,Saudi Arabia,2016,Female,20.62,77.44
EMR,Eastern Mediterranean,SAU,Saudi Arabia,2016,Male,20.86,76.38
EMR,Eastern Mediterranean,SAU,Saudi Arabia,2017,Female,20.44,77.31
EMR,Eastern Mediterranean,SAU,Saudi Arabia,2017,Male,20.78,76.44
EMR,Eastern Mediterranean,SAU,Saudi Arabia,2018,Female,20.52,77.49
EMR,Eastern Mediterranean,SAU,Saudi Arabia,2018,Male,20.7,76.42
EMR,Eastern Mediterranean,SAU,Saudi Arabia,2019,Female,20.69,77.75
EMR,Eastern Mediterranean,SAU,Saudi Arabia,2019,Male,20.67,76.45
EMR,Eastern Mediterranean,SAU,Saudi Arabia,2020,Female,20.81,77.92
EMR,Eastern Mediterranean,SAU,Saudi Arabia,2020,Male,19.49,74.9
EMR,Eastern Mediterranean,SAU,Saudi Arabia,2021,Female,20.48,77.37
EMR,Eastern Mediterranean,SAU,Saudi Arabia,2021,Male,19.73,75.73
EMR,Eastern Mediterranean,SDN,Sudan,2000,Female,17.71,63.79
EMR,Eastern Mediterranean,SDN,Sudan,2000,Male,17.02,61.25
EMR,Eastern Mediterranean,SDN,Sudan,2001,Female,17.82,64.28
EMR,Eastern Mediterranean,SDN,Sudan,2001,Male,17.14,61.74
EMR,Eastern Mediterranean,SDN,Sudan,2002,Female,17.93,64.67
EMR,Eastern Mediterranean,SDN,Sudan,2002,Male,17.25,61.85
EMR,Eastern Mediterranean,SDN,Sudan,2003,Female,18.04,65.1
EMR,Eastern Mediterranean,SDN,Sudan,2003,Male,17.37,62.32
EMR,Eastern Mediterranean,SDN,Sudan,2004,Female,18.14,65.39
EMR,Eastern Mediterranean,SDN,Sudan,2004,Male,17.45,62.07
EMR,Eastern Mediterranean,SDN,Sudan,2005,Female,18.29,66.05
EMR,Eastern Mediterranean,SDN,Sudan,2005,Male,17.64,63.72
EMR,Eastern Mediterranean,SDN,Sudan,2006,Female,18.41,66.47
EMR,Eastern Mediterranean,SDN,Sudan,2006,Male,17.77,64.12
EMR,Eastern Mediterranean,SDN,Sudan,2007,Female,18.53,66.9
EMR,Eastern Mediterranean,SDN,Sudan,2007,Male,17.9,64.63
EMR,Eastern Mediterranean,SDN,Sudan,2008,Female,18.65,67.25
EMR,Eastern Mediterranean,SDN,Sudan,2008,Male,18.03,64.97
EMR,Eastern Mediterranean,SDN,Sudan,2009,Female,18.75,67.69
EMR,Eastern Mediterranean,SDN,Sudan,2009,Male,18.13,65.2
EMR,Eastern Mediterranean,SDN,Sudan,2010,Female,18.86,68.09
EMR,Eastern Mediterranean,SDN,Sudan,2010,Male,18.25,65.8
EMR,Eastern Mediterranean,SDN,Sudan,2011,Female,18.97,68.37
EMR,Eastern Mediterranean,SDN,Sudan,2011,Male,18.34,65.78
EMR,Eastern Mediterranean,SDN,Sudan,2012,Female,19.05,68.71
EMR,Eastern Mediterranean,SDN,Sudan,2012,Male,18.43,66.45
EMR,Eastern Mediterranean,SDN,Sudan,2013,Female,19.11,68.94
EMR,Eastern Mediterranean,SDN,Sudan,2013,Male,18.48,66.56
EMR,Eastern Mediterranean,SDN,Sudan,2014,Female,19.18,69.25
EMR,Eastern Mediterranean,SDN,Sudan,2014,Male,18.54,66.92
EMR,Eastern Mediterranean,SDN,Sudan,2015,Female,19.22,69.51
EMR,Eastern Mediterranean,SDN,Sudan,2015,Male,18.6,67.13
EMR,Eastern Mediterranean,SDN,Sudan,2016,Female,19.28,69.79
EMR,Eastern Mediterranean,SDN,Sudan,2016,Male,18.63,67.49
EMR,Eastern Mediterranean,SDN,Sudan,2017,Female,19.34,70.12
EMR,Eastern Mediterranean,SDN,Sudan,2017,Male,18.66,67.94
EMR,Eastern Mediterranean,SDN,Sudan,2018,Female,19.36,70.33
EMR,Eastern Mediterranean,SDN,Sudan,2018,Male,18.66,68.14
EMR,Eastern Mediterranean,SDN,Sudan,2019,Female,19.39,70.55
EMR,Eastern Mediterranean,SDN,Sudan,2019,Male,18.65,68.35
EMR,Eastern Mediterranean,SDN,Sudan,2020,Female,18.55,69.81
EMR,Eastern Mediterranean,SDN,Sudan,2020,Male,17.12,67.04
EMR,Eastern Mediterranean,SDN,Sudan,2021,Female,17.98,68.89
EMR,Eastern Mediterranean,SDN,Sudan,2021,Male,16.94,66.25
EMR,Eastern Mediterranean,SOM,Somalia,2000,Female,13.56,51.57
EMR,Eastern Mediterranean,SOM,Somalia,2000,Male,11.16,47.19
EMR,Eastern Mediterranean,SOM,Somalia,2001,Female,13.62,51.65
EMR,Eastern Mediterranean,SOM,Somalia,2001,Male,11.23,47.2
EMR,Eastern Mediterranean,SOM,Somalia,2002,Female,13.69,51.72
EMR,Eastern Mediterranean,SOM,Somalia,2002,Male,11.29,47.27
EMR,Eastern Mediterranean,SOM,Somalia,2003,Female,13.74,51.82
EMR,Eastern Mediterranean,SOM,Somalia,2003,Male,11.36,47.37
EMR,Eastern Mediterranean,SOM,Somalia,2004,Female,13.79,51.87
EMR,Eastern Mediterranean,SOM,Somalia,2004,Male,11.42,47.23
EMR,Eastern Mediterranean,SOM,Somalia,2005,Female,13.89,52.08
EMR,Eastern Mediterranean,SOM,Somalia,2005,Male,11.52,47.69
EMR,Eastern Mediterranean,SOM,Somalia,2006,Female,13.95,52.2
EMR,Eastern Mediterranean,SOM,Somalia,2006,Male,11.58,47.65
EMR,Eastern Mediterranean,SOM,Somalia,2007,Female,14.02,52.46
EMR,Eastern Mediterranean,SOM,Somalia,2007,Male,11.64,47.7
EMR,Eastern Mediterranean,SOM,Somalia,2008,Female,14.08,52.79
EMR,Eastern Mediterranean,SOM,Somalia,2008,Male,11.71,48.04
EMR,Eastern Mediterranean,SOM,Somalia,2009,Female,14.13,53.17
EMR,Eastern Mediterranean,SOM,Somalia,2009,Male,11.76,48.38
EMR,Eastern Mediterranean,SOM,Somalia,2010,Female,13.31,52.17
EMR,Eastern Mediterranean,SOM,Somalia,2010,Male,11.0,47.14
EMR,Eastern Mediterranean,SOM,Somalia,2011,Female,11.1,46.3
EMR,Eastern Mediterranean,SOM,Somalia,2011,Male,9.08,41.64
EMR,Eastern Mediterranean,SOM,Somalia,2012,Female,13.2,52.76
EMR,Eastern Mediterranean,SOM,Somalia,2012,Male,10.91,47.72
EMR,Eastern Mediterranean,SOM,Somalia,2013,Female,14.35,54.98
EMR,Eastern Mediterranean,SOM,Somalia,2013,Male,12.04,50.23
EMR,Eastern Mediterranean,SOM,Somalia,2014,Female,14.4,55.56
EMR,Eastern Mediterranean,SOM,Somalia,2014,Male,12.11,50.81
EMR,Eastern Mediterranean,SOM,Somalia,2015,Female,14.44,56.0
EMR,Eastern Mediterranean,SOM,Somalia,2015,Male,12.17,51.27
EMR,Eastern Mediterranean,SOM,Somalia,2016,Female,14.47,56.44
EMR,Eastern Mediterranean,SOM,Somalia,2016,Male,12.22,51.64
EMR,Eastern Mediterranean,SOM,Somalia,2017,Female,14.5,56.83
EMR,Eastern Mediterranean,SOM,Somalia,2017,Male,12.28,51.74
EMR,Eastern Mediterranean,SOM,Somalia,2018,Female,14.54,57.3
EMR,Eastern Mediterranean,SOM,Somalia,2018,Male,12.34,52.25
EMR,Eastern Mediterranean,SOM,Somalia,2019,Female,14.59,57.75
EMR,Eastern Mediterranean,SOM,Somalia,2019,Male,12.42,52.87
EMR,Eastern Mediterranean,SOM,Somalia,2020,Female,14.07,57.61
EMR,Eastern Mediterranean,SOM,Somalia,2020,Male,11.7,52.85
EMR,Eastern Mediterranean,SOM,Somalia,2021,Female,13.28,56.33
EMR,Eastern Mediterranean,SOM,Somalia,2021,Male,11.35,51.75
EMR,Eastern Mediterranean,SYR,Syrian Arab Republic,2000,Female,17.74,72.42
EMR,Eastern Mediterranean,SYR,Syrian Arab Republic,2000,Male,17.11,70.02
EMR,Eastern Mediterranean,SYR,Syrian Arab Republic,2001,Female,18.1,73.07
EMR,Eastern Mediterranean,SYR,Syrian Arab Republic,2001,Male,17.53,70.74
EMR,Eastern Mediterranean,SYR,Syrian Arab Republic,2002,Female,18.2,73.34
EMR,Eastern Mediterranean,SYR,Syrian Arab Republic,2002,Male,17.58,70.93
EMR,Eastern Mediterranean,SYR,Syrian Arab Republic,2003,Female,18.64,74.0
EMR,Eastern Mediterranean,SYR,Syrian Arab Republic,2003,Male,18.08,71.59
EMR,Eastern Mediterranean,SYR,Syrian Arab Republic,2004,Female,18.8,74.18
EMR,Eastern Mediterranean,SYR,Syrian Arab Republic,2004,Male,18.3,71.87
EMR,Eastern Mediterranean,SYR,Syrian Arab Republic,2005,Female,19.04,74.58
EMR,Eastern Mediterranean,SYR,Syrian Arab Republic,2005,Male,18.46,72.14
EMR,Eastern Mediterranean,SYR,Syrian Arab Republic,2006,Female,19.15,74.78
EMR,Eastern Mediterranean,SYR,Syrian Arab Republic,2006,Male,18.55,72.2
EMR,Eastern Mediterranean,SYR,Syrian Arab Republic,2007,Female,19.29,75.08
EMR,Eastern Mediterranean,SYR,Syrian Arab Republic,2007,Male,18.46,72.35
EMR,Eastern Mediterranean,SYR,Syrian Arab Republic,2008,Female,19.33,75.14
EMR,Eastern Mediterranean,SYR,Syrian Arab Republic,2008,Male,18.11,72.11
EMR,Eastern Mediterranean,SYR,Syrian Arab Republic,2009,Female,19.4,75.26
EMR,Eastern Mediterranean,SYR,Syrian Arab Republic,2009,Male,18.24,72.36
EMR,Eastern Mediterranean,SYR,Syrian Arab Republic,2010,Female,19.28,75.16
EMR,Eastern Mediterranean,SYR,Syrian Arab Republic,2010,Male,18.34,72.51
EMR,Eastern Mediterranean,SYR,Syrian Arab Republic,2011,Female,19.21,74.18
EMR,Eastern Mediterranean,SYR,Syrian Arab Republic,2011,Male,18.28,69.84
EMR,Eastern Mediterranean,SYR,Syrian Arab Republic,2012,Female,19.1,70.45
EMR,Eastern Mediterranean,SYR,Syrian Arab Republic,2012,Male,17.98,60.34
EMR,Eastern Mediterranean,SYR,Syrian Arab Republic,2013,Female,19.12,70.03
EMR,Eastern Mediterranean,SYR,Syrian Arab Republic,2013,Male,18.04,60.13
EMR,Eastern Mediterranean,SYR,Syrian Arab Republic,2014,Female,18.95,68.95
EMR,Eastern Mediterranean,SYR,Syrian Arab Republic,2014,Male,17.83,53.42
EMR,Eastern Mediterranean,SYR,Syrian Arab Republic,2015,Female,19.06,69.34
EMR,Eastern Mediterranean,SYR,Syrian Arab Republic,2015,Male,17.94,52.85
EMR,Eastern Mediterranean,SYR,Syrian Arab Republic,2016,Female,19.07,70.32
EMR,Eastern Mediterranean,SYR,Syrian Arab Republic,2016,Male,17.92,52.45
EMR,Eastern Mediterranean,SYR,Syrian Arab Republic,2017,Female,19.07,69.95
EMR,Eastern Mediterranean,SYR,Syrian Arab Republic,2017,Male,17.88,51.25
EMR,Eastern Mediterranean,SYR,Syrian Arab Republic,2018,Female,19.2,71.13
EMR,Eastern Mediterranean,SYR,Syrian Arab Republic,2018,Male,18.07,58.68
EMR,Eastern Mediterranean,SYR,Syrian Arab Republic,2019,Female,19.31,73.49
EMR,Eastern Mediterranean,SYR,Syrian Arab Republic,2019,Male,18.19,65.37
EMR,Eastern Mediterranean,SYR,Syrian Arab Republic,2020,Female,19.28,74.54
EMR,Eastern Mediterranean,SYR,Syrian Arab Republic,2020,Male,17.63,69.57
EMR,Eastern Mediterranean,SYR,Syrian Arab Republic,2021,Female,19.06,74.39
EMR,Eastern Mediterranean,SYR,Syrian Arab Republic,2021,Male,17.65,70.56
EMR,Eastern Mediterranean,TUN,Tunisia,2000,Female,21.94,76.99
EMR,Eastern Mediterranean,TUN,Tunisia,2000,Male,18.68,71.8
EMR,Eastern Mediterranean,TUN,Tunisia,2001,Female,22.01,77.24
EMR,Eastern Mediterranean,TUN,Tunisia,2001,Male,18.74,72.07
EMR,Eastern Mediterranean,TUN,Tunisia,2002,Female,22.07,77.44
EMR,Eastern Mediterranean,TUN,Tunisia,2002,Male,18.79,72.27
EMR,Eastern Mediterranean,TUN,Tunisia,2003,Female,22.13,77.63
EMR,Eastern Mediterranean,TUN,Tunisia,2003,Male,18.83,72.5
EMR,Eastern Mediterranean,TUN,Tunisia,2004,Female,22.21,77.85
EMR,Eastern Mediterranean,TUN,Tunisia,2004,Male,18.91,72.73
EMR,Eastern Mediterranean,TUN,Tunisia,2005,Female,22.29,78.03
EMR,Eastern Mediterranean,TUN,Tunisia,2005,Male,18.98,72.94
EMR,Eastern Mediterranean,TUN,Tunisia,2006,Female,22.38,78.23
EMR,Eastern Mediterranean,TUN,Tunisia,2006,Male,19.06,73.15
EMR,Eastern Mediterranean,TUN,Tunisia,2007,Female,22.41,78.35
EMR,Eastern Mediterranean,TUN,Tunisia,2007,Male,19.18,73.35
EMR,Eastern Mediterranean,TUN,Tunisia,2008,Female,22.44,78.46
EMR,Eastern Mediterranean,TUN,Tunisia,2008,Male,19.29,73.57
EMR,Eastern Mediterranean,TUN,Tunisia,2009,Female,22.52,78.6
EMR,Eastern Mediterranean,TUN,Tunisia,2009,Male,19.37,73.73
EMR,Eastern Mediterranean,TUN,Tunisia,2010,Female,22.6,78.74
EMR,Eastern Mediterranean,TUN,Tunisia,2010,Male,19.45,73.86
EMR,Eastern Mediterranean,TUN,Tunisia,2011,Female,22.71,78.86
EMR,Eastern Mediterranean,TUN,Tunisia,2011,Male,19.6,74.0
EMR,Eastern Mediterranean,TUN,Tunisia,2012,Female,22.78,79.01
EMR,Eastern Mediterranean,TUN,Tunisia,2012,Male,19.66,74.17
EMR,Eastern Mediterranean,TUN,Tunisia,2013,Female,22.84,79.11
EMR,Eastern Mediterranean,TUN,Tunisia,2013,Male,19.71,74.24
EMR,Eastern Mediterranean,TUN,Tunisia,2014,Female,22.9,79.2
EMR,Eastern Mediterranean,TUN,Tunisia,2014,Male,19.76,74.32
EMR,Eastern Mediterranean,TUN,Tunisia,2015,Female,22.96,79.3
EMR,Eastern Mediterranean,TUN,Tunisia,2015,Male,19.8,74.39
EMR,Eastern Mediterranean,TUN,Tunisia,2016,Female,23.03,79.43
EMR,Eastern Mediterranean,TUN,Tunisia,2016,Male,19.85,74.52
EMR,Eastern Mediterranean,TUN,Tunisia,2017,Female,23.11,79.56
EMR,Eastern Mediterranean,TUN,Tunisia,2017,Male,19.89,74.61
EMR,Eastern Mediterranean,TUN,Tunisia,2018,Female,23.22,79.76
EMR,Eastern Mediterranean,TUN,Tunisia,2018,Male,19.99,74.8
EMR,Eastern Mediterranean,TUN,Tunisia,2019,Female,23.33,79.99
EMR,Eastern Mediterranean,TUN,Tunisia,2019,Male,20.14,75.09
EMR,Eastern Mediterranean,TUN,Tunisia,2020,Female,22.67,79.64
EMR,Eastern Mediterranean,TUN,Tunisia,2020,Male,19.2,74.71
EMR,Eastern Mediterranean,TUN,Tunisia,2021,Female,20.49,76.84
EMR,Eastern Mediterranean,TUN,Tunisia,2021,Male,17.0,71.51
EMR,Eastern Mediterranean,YEM,Yemen,2000,Female,17.6,64.67
EMR,Eastern Mediterranean,YEM,Yemen,2000,Male,15.98,61.45
EMR,Eastern Mediterranean,YEM,Yemen,2001,Female,17.71,65.21
EMR,Eastern Mediterranean,YEM,Yemen,2001,Male,16.11,62.0
EMR,Eastern Mediterranean,YEM,Yemen,2002,Female,17.81,65.74
EMR,Eastern Mediterranean,YEM,Yemen,2002,Male,16.23,62.54
EMR,Eastern Mediterranean,YEM,Yemen,2003,Female,17.92,66.26
EMR,Eastern Mediterranean,YEM,Yemen,2003,Male,16.35,63.04
EMR,Eastern Mediterranean,YEM,Yemen,2004,Female,18.03,66.81
EMR,Eastern Mediterranean,YEM,Yemen,2004,Male,16.47,63.56
EMR,Eastern Mediterranean,YEM,Yemen,2005,Female,18.17,67.35
EMR,Eastern Mediterranean,YEM,Yemen,2005,Male,16.6,64.1
EMR,Eastern Mediterranean,YEM,Yemen,2006,Female,18.31,67.91
EMR,Eastern Mediterranean,YEM,Yemen,2006,Male,16.74,64.6
EMR,Eastern Mediterranean,YEM,Yemen,2007,Female,18.43,68.39
EMR,Eastern Mediterranean,YEM,Yemen,2007,Male,16.86,65.04
EMR,Eastern Mediterranean,YEM,Yemen,2008,Female,18.55,68.84
EMR,Eastern Mediterranean,YEM,Yemen,2008,Male,16.99,65.5
EMR,Eastern Mediterranean,YEM,Yemen,2009,Female,18.66,69.26
EMR,Eastern Mediterranean,YEM,Yemen,2009,Male,17.09,65.87
EMR,Eastern Mediterranean,YEM,Yemen,2010,Female,18.76,69.64
EMR,Eastern Mediterranean,YEM,Yemen,2010,Male,17.21,66.24
EMR,Eastern Mediterranean,YEM,Yemen,2011,Female,18.84,69.9
EMR,Eastern Mediterranean,YEM,Yemen,2011,Male,17.27,66.33
EMR,Eastern Mediterranean,YEM,Yemen,2012,Female,18.91,70.13
EMR,Eastern Mediterranean,YEM,Yemen,2012,Male,17.33,66.39
EMR,Eastern Mediterranean,YEM,Yemen,2013,Female,19.0,70.49
EMR,Eastern Mediterranean,YEM,Yemen,2013,Male,17.41,66.99
EMR,Eastern Mediterranean,YEM,Yemen,2014,Female,19.04,70.61
EMR,Eastern Mediterranean,YEM,Yemen,2014,Male,17.41,66.82
EMR,Eastern Mediterranean,YEM,Yemen,2015,Female,19.0,70.38
EMR,Eastern Mediterranean,YEM,Yemen,2015,Male,17.38,66.15
EMR,Eastern Mediterranean,YEM,Yemen,2016,Female,18.96,70.28
EMR,Eastern Mediterranean,YEM,Yemen,2016,Male,17.3,65.18
EMR,Eastern Mediterranean,YEM,Yemen,2017,Female,18.94,70.32
EMR,Eastern Mediterranean,YEM,Yemen,2017,Male,17.24,65.12
EMR,Eastern Mediterranean,YEM,Yemen,2018,Female,18.85,69.83
EMR,Eastern Mediterranean,YEM,Yemen,2018,Male,17.08,63.16
EMR,Eastern Mediterranean,YEM,Yemen,2019,Female,18.81,70.01
EMR,Eastern Mediterranean,YEM,Yemen,2019,Male,17.01,63.95
EMR,Eastern Mediterranean,YEM,Yemen,2020,Female,17.89,69.44
EMR,Eastern Mediterranean,YEM,Yemen,2020,Male,15.52,63.72
EMR,Eastern Mediterranean,YEM,Yemen,2021,Female,17.48,68.57
EMR,Eastern Mediterranean,YEM,Yemen,2021,Male,15.59,63.09
EUR,Europe,ALB,Albania,2000,Female,21.28,77.06
EUR,Europe,ALB,Albania,2000,Male,17.17,70.68
EUR,Europe,ALB,Albania,2001,Female,23.35,79.25
EUR,Europe,ALB,Albania,2001,Male,19.48,73.07
EUR,Europe,ALB,Albania,2002,Female,22.39,78.43
EUR,Europe,ALB,Albania,2002,Male,18.91,72.78
EUR,Europe,ALB,Albania,2003,Female,21.69,77.8
EUR,Europe,ALB,Albania,2003,Male,18.28,72.36
EUR,Europe,ALB,Albania,2004,Female,21.9,78.25
EUR,Europe,ALB,Albania,2004,Male,18.66,72.85
EUR,Europe,ALB,Albania,2005,Female,21.76,77.19
EUR,Europe,ALB,Albania,2005,Male,18.32,71.62
EUR,Europe,ALB,Albania,2006,Female,21.13,76.62
EUR,Europe,ALB,Albania,2006,Male,18.44,71.97
EUR,Europe,ALB,Albania,2007,Female,21.53,77.2
EUR,Europe,ALB,Albania,2007,Male,18.49,72.09
EUR,Europe,ALB,Albania,2008,Female,21.94,77.66
EUR,Europe,ALB,Albania,2008,Male,18.79,72.54
EUR,Europe,ALB,Albania,2009,Female,22.24,77.98
EUR,Europe,ALB,Albania,2009,Male,19.34,73.3
EUR,Europe,ALB,Albania,2010,Female,22.63,78.34
EUR,Europe,ALB,Albania,2010,Male,19.94,74.2
EUR,Europe,ALB,Albania,2011,Female,23.55,78.5
EUR,Europe,ALB,Albania,2011,Male,20.03,75.11
EUR,Europe,ALB,Albania,2012,Female,22.48,79.56
EUR,Europe,ALB,Albania,2012,Male,19.97,75.3
EUR,Europe,ALB,Albania,2013,Female,22.75,79.94
EUR,Europe,ALB,Albania,2013,Male,20.34,75.77
EUR,Europe,ALB,Albania,2014,Female,22.86,80.13
EUR,Europe,ALB,Albania,2014,Male,20.46,76.05
EUR,Europe,ALB,Albania,2015,Female,22.15,79.62
EUR,Europe,ALB,Albania,2015,Male,20.13,76.02
EUR,Europe,ALB,Albania,2016,Female,22.23,79.86
EUR,Europe,ALB,Albania,2016,Male,20.17,76.04
EUR,Europe,ALB,Albania,2017,Female,22.09,79.86
EUR,Europe,ALB,Albania,2017,Male,20.14,76.1
EUR,Europe,ALB,Albania,2018,Female,21.98,79.88
EUR,Europe,ALB,Albania,2018,Male,20.11,76.15
EUR,Europe,ALB,Albania,2019,Female,21.89,79.87
EUR,Europe,ALB,Albania,2019,Male,20.08,76.17
EUR,Europe,ALB,Albania,2020,Female,21.01,79.02
EUR,Europe,ALB,Albania,2020,Male,18.46,74.26
EUR,Europe,ALB,Albania,2021,Female,21.35,78.61
EUR,Europe,ALB,Albania,2021,Male,18.65,74.36
EUR,Europe,ARM,Armenia,2000,Female,19.56,74.71
EUR,Europe,ARM,Armenia,2000,Male,15.99,68.25
EUR,Europe,ARM,Armenia,2001,Female,19.87,75.04
EUR,Europe,ARM,Armenia,2001,Male,16.02,68.26
EUR,Europe,ARM,Armenia,2002,Female,19.3,74.77
EUR,Europe,ARM,Armenia,2002,Male,15.58,68.14
EUR,Europe,ARM,Armenia,2003,Female,19.42,74.94
EUR,Europe,ARM,Armenia,2003,Male,15.5,68.2
EUR,Europe,ARM,Armenia,2004,Female,19.66,75.33
EUR,Europe,ARM,Armenia,2004,Male,15.65,68.43
EUR,Europe,ARM,Armenia,2005,Female,19.86,75.6
EUR,Europe,ARM,Armenia,2005,Male,15.56,68.25
EUR,Europe,ARM,Armenia,2006,Female,19.78,75.57
EUR,Europe,ARM,Armenia,2006,Male,15.69,68.17
EUR,Europe,ARM,Armenia,2007,Female,20.2,76.15
EUR,Europe,ARM,Armenia,2007,Male,15.93,68.6
EUR,Europe,ARM,Armenia,2008,Female,20.33,76.23
EUR,Europe,ARM,Armenia,2008,Male,15.73,68.4
EUR,Europe,ARM,Armenia,2009,Female,20.41,76.53
EUR,Europe,ARM,Armenia,2009,Male,15.9,68.59
EUR,Europe,ARM,Armenia,2010,Female,20.77,76.94
EUR,Europe,ARM,Armenia,2010,Male,15.74,68.71
EUR,Europe,ARM,Armenia,2011,Female,21.04,77.33
EUR,Europe,ARM,Armenia,2011,Male,15.89,68.88
EUR,Europe,ARM,Armenia,2012,Female,21.19,77.56
EUR,Europe,ARM,Armenia,2012,Male,16.13,69.32
EUR,Europe,ARM,Armenia,2013,Female,21.32,77.94
EUR,Europe,ARM,Armenia,2013,Male,16.36,69.93
EUR,Europe,ARM,Armenia,2014,Female,21.42,78.11
EUR,Europe,ARM,Armenia,2014,Male,16.17,69.78
EUR,Europe,ARM,Armenia,2015,Female,21.62,78.25
EUR,Europe,ARM,Armenia,2015,Male,16.2,69.78
EUR,Europe,ARM,Armenia,2016,Female,21.69,78.46
EUR,Europe,ARM,Armenia,2016,Male,16.15,69.82
EUR,Europe,ARM,Armenia,2017,Female,22.09,79.14
EUR,Europe,ARM,Armenia,2017,Male,16.42,70.62
EUR,Europe,ARM,Armenia,2018,Female,22.63,79.55
EUR,Europe,ARM,Armenia,2018,Male,17.03,70.97
EUR,Europe,ARM,Armenia,2019,Female,22.61,79.79
EUR,Europe,ARM,Armenia,2019,Male,16.81,70.82
EUR,Europe,ARM,Armenia,2020,Female,20.59,76.16
EUR,Europe,ARM,Armenia,2020,Male,14.62,62.73
EUR,Europe,ARM,Armenia,2021,Female,20.15,76.87
EUR,Europe,ARM,Armenia,2021,Male,14.67,68.6
EUR,Europe,AUT,Austria,2000,Female,23.69,80.98
EUR,Europe,AUT,Austria,2000,Male,19.73,75.1
EUR,Europe,AUT,Austria,2001,Female,24.0,81.43
EUR,Europe,AUT,Austria,2001,Male,20.13,75.58
EUR,Europe,AUT,Austria,2002,Female,23.91,81.44
EUR,Europe,AUT,Austria,2002,Male,20.1,75.72
EUR,Europe,AUT,Austria,2003,Female,23.78,81.22
EUR,Europe,AUT,Austria,2003,Male,20.05,75.82
EUR,Europe,AUT,Austria,2004,Female,24.17,81.75
EUR,Europe,AUT,Austria,2004,Male,20.49,76.26
EUR,Europe,AUT,Austria,2005,Female,24.32,81.9
EUR,Europe,AUT,Austria,2005,Male,20.65,76.54
EUR,Europe,AUT,Austria,2006,Female,24.62,82.4
EUR,Europe,AUT,Austria,2006,Male,20.93,77.01
EUR,Europe,AUT,Austria,2007,Female,24.84,82.63
EUR,Europe,AUT,Austria,2007,Male,21.14,77.25
EUR,Europe,AUT,Austria,2008,Female,24.95,82.79
EUR,Europe,AUT,Austria,2008,Male,21.31,77.56
EUR,Europe,AUT,Austria,2009,Female,24.93,82.7
EUR,Europe,AUT,Austria,2009,Male,21.21,77.39
EUR,Europe,AUT,Austria,2010,Female,25.16,82.99
EUR,Europe,AUT,Austria,2010,Male,21.44,77.65
EUR,Europe,AUT,Austria,2011,Female,25.41,83.28
EUR,Europe,AUT,Austria,2011,Male,21.65,78.05
EUR,Europe,AUT,Austria,2012,Female,25.12,83.08
EUR,Europe,AUT,Austria,2012,Male,21.63,78.24
EUR,Europe,AUT,Austria,2013,Female,25.26,83.3
EUR,Europe,AUT,Austria,2013,Male,21.75,78.42
EUR,Europe,AUT,Austria,2014,Female,25.51,83.47
EUR,Europe,AUT,Austria,2014,Male,22.1,78.89
EUR,Europe,AUT,Austria,2015,Female,25.21,83.29
EUR,Europe,AUT,Austria,2015,Male,21.79,78.61
EUR,Europe,AUT,Austria,2016,Female,25.53,83.59
EUR,Europe,AUT,Austria,2016,Male,22.15,79.09
EUR,Europe,AUT,Austria,2017,Female,25.34,83.51
EUR,Europe,AUT,Austria,2017,Male,22.2,79.2
EUR,Europe,AUT,Austria,2018,Female,25.47,83.59
EUR,Europe,AUT,Austria,2018,Male,22.19,79.19
EUR,Europe,AUT,Austria,2019,Female,25.6,83.78
EUR,Europe,AUT,Austria,2019,Male,22.43,79.45
EUR,Europe,AUT,Austria,2020,Female,25.11,83.31
EUR,Europe,AUT,Austria,2020,Male,21.73,78.82
EUR,Europe,AUT,Austria,2021,Female,25.09,83.3
EUR,Europe,AUT,Austria,2021,Male,21.7,78.66
EUR,Europe,AZE,Azerbaijan,2000,Female,17.11,68.09
EUR,Europe,AZE,Azerbaijan,2000,Male,14.68,62.33
EUR,Europe,AZE,Azerbaijan,2001,Female,17.66,69.06
EUR,Europe,AZE,Azerbaijan,2001,Male,15.16,63.49
EUR,Europe,AZE,Azerbaijan,2002,Female,17.53,69.41
EUR,Europe,AZE,Azerbaijan,2002,Male,14.93,63.95
EUR,Europe,AZE,Azerbaijan,2003,Female,17.27,69.46
EUR,Europe,AZE,Azerbaijan,2003,Male,14.74,63.98
EUR,Europe,AZE,Azerbaijan,2004,Female,17.54,70.21
EUR,Europe,AZE,Azerbaijan,2004,Male,14.96,64.53
EUR,Europe,AZE,Azerbaijan,2005,Female,17.48,70.32
EUR,Europe,AZE,Azerbaijan,2005,Male,14.99,64.58
EUR,Europe,AZE,Azerbaijan,2006,Female,17.1,70.57
EUR,Europe,AZE,Azerbaijan,2006,Male,14.35,64.69
EUR,Europe,AZE,Azerbaijan,2007,Female,18.28,71.9
EUR,Europe,AZE,Azerbaijan,2007,Male,15.86,66.63
EUR,Europe,AZE,Azerbaijan,2008,Female,17.58,71.51
EUR,Europe,AZE,Azerbaijan,2008,Male,14.88,65.91
EUR,Europe,AZE,Azerbaijan,2009,Female,17.88,72.03
EUR,Europe,AZE,Azerbaijan,2009,Male,15.2,66.7
EUR,Europe,AZE,Azerbaijan,2010,Female,18.03,72.42
EUR,Europe,AZE,Azerbaijan,2010,Male,15.53,67.17
EUR,Europe,AZE,Azerbaijan,2011,Female,18.58,73.17
EUR,Europe,AZE,Azerbaijan,2011,Male,15.71,67.57
EUR,Europe,AZE,Azerbaijan,2012,Female,18.7,73.59
EUR,Europe,AZE,Azerbaijan,2012,Male,16.46,68.77
EUR,Europe,AZE,Azerbaijan,2013,Female,19.04,74.15
EUR,Europe,AZE,Azerbaijan,2013,Male,17.26,69.98
EUR,Europe,AZE,Azerbaijan,2014,Female,19.34,74.66
EUR,Europe,AZE,Azerbaijan,2014,Male,17.75,70.74
EUR,Europe,AZE,Azerbaijan,2015,Female,20.0,75.54
EUR,Europe,AZE,Azerbaijan,2015,Male,18.5,71.68
EUR,Europe,AZE,Azerbaijan,2016,Female,20.23,76.02
EUR,Europe,AZE,Azerbaijan,2016,Male,18.31,71.84
EUR,Europe,AZE,Azerbaijan,2017,Female,20.97,76.95
EUR,Europe,AZE,Azerbaijan,2017,Male,18.72,72.22
EUR,Europe,AZE,Azerbaijan,2018,Female,21.34,77.52
EUR,Europe,AZE,Azerbaijan,2018,Male,18.78,72.6
EUR,Europe,AZE,Azerbaijan,2019,Female,21.95,78.09
EUR,Europe,AZE,Azerbaijan,2019,Male,19.55,73.38
EUR,Europe,AZE,Azerbaijan,2020,Female,19.95,75.46
EUR,Europe,AZE,Azerbaijan,2020,Male,16.88,67.52
EUR,Europe,AZE,Azerbaijan,2021,Female,19.51,75.19
EUR,Europe,AZE,Azerbaijan,2021,Male,17.13,70.5
EUR,Europe,BEL,Belgium,2000,Female,23.69,80.74
EUR,Europe,BEL,Belgium,2000,Male,19.31,74.54
EUR,Europe,BEL,Belgium,2001,Female,23.89,80.98
EUR,Europe,BEL,Belgium,2001,Male,19.63,74.89
EUR,Europe,BEL,Belgium,2002,Female,23.75,80.94
EUR,Europe,BEL,Belgium,2002,Male,19.58,75.02
EUR,Europe,BEL,Belgium,2003,Female,23.59,80.88
EUR,Europe,BEL,Belgium,2003,Male,19.7,75.27
EUR,Europe,BEL,Belgium,2004,Female,24.18,81.55
EUR,Europe,BEL,Belgium,2004,Male,20.19,75.94
EUR,Europe,BEL,Belgium,2005,Female,24.15,81.54
EUR,Europe,BEL,Belgium,2005,Male,20.24,76.07
EUR,Europe,BEL,Belgium,2006,Female,24.51,81.89
EUR,Europe,BEL,Belgium,2006,Male,20.61,76.48
EUR,Europe,BEL,Belgium,2007,Female,24.77,82.14
EUR,Europe,BEL,Belgium,2007,Male,20.96,76.89
EUR,Europe,BEL,Belgium,2008,Female,24.76,82.18
EUR,Europe,BEL,Belgium,2008,Male,20.97,76.86
EUR,Europe,BEL,Belgium,2009,Female,24.89,82.33
EUR,Europe,BEL,Belgium,2009,Male,21.2,77.23
EUR,Europe,BEL,Belgium,2010,Female,24.88,82.38
EUR,Europe,BEL,Belgium,2010,Male,21.12,77.24
EUR,Europe,BEL,Belgium,2011,Female,25.13,82.61
EUR,Europe,BEL,Belgium,2011,Male,21.42,77.64
EUR,Europe,BEL,Belgium,2012,Female,24.98,82.57
EUR,Europe,BEL,Belgium,2012,Male,21.26,77.51
EUR,Europe,BEL,Belgium,2013,Female,25.1,82.69
EUR,Europe,BEL,Belgium,2013,Male,21.43,77.89
EUR,Europe,BEL,Belgium,2014,Female,25.54,83.27
EUR,Europe,BEL,Belgium,2014,Male,22.03,78.53
EUR,Europe,BEL,Belgium,2015,Female,25.15,82.86
EUR,Europe,BEL,Belgium,2015,Male,21.85,78.48
EUR,Europe,BEL,Belgium,2016,Female,25.55,83.39
EUR,Europe,BEL,Belgium,2016,Male,22.05,78.7
EUR,Europe,BEL,Belgium,2017,Female,25.5,83.34
EUR,Europe,BEL,Belgium,2017,Male,22.17,78.9
EUR,Europe,BEL,Belgium,2018,Female,25.5,83.34
EUR,Europe,BEL,Belgium,2018,Male,22.28,79.1
EUR,Europe,BEL,Belgium,2019,Female,25.72,83.66
EUR,Europe,BEL,Belgium,2019,Male,22.6,79.5
EUR,Europe,BEL,Belgium,2020,Female,24.73,82.88
EUR,Europe,BEL,Belgium,2020,Male,21.5,78.65
EUR,Europe,BEL,Belgium,2021,Female,25.64,83.69
EUR,Europe,BEL,Belgium,2021,Male,22.27,79.29
EUR,Europe,BGR,Bulgaria,2000,Female,19.2,74.97
EUR,Europe,BGR,Bulgaria,2000,Male,15.86,68.41
EUR,Europe,BGR,Bulgaria,2001,Female,19.62,75.31
EUR,Europe,BGR,Bulgaria,2001,Male,16.02,68.49
EUR,Europe,BGR,Bulgaria,2002,Female,19.64,75.51
EUR,Europe,BGR,Bulgaria,2002,Male,16.1,68.8
EUR,Europe,BGR,Bulgaria,2003,Female,19.81,75.84
EUR,Europe,BGR,Bulgaria,2003,Male,16.06,68.85
EUR,Europe,BGR,Bulgaria,2004,Female,20.16,76.09
EUR,Europe,BGR,Bulgaria,2004,Male,16.23,68.97
EUR,Europe,BGR,Bulgaria,2005,Female,20.04,76.13
EUR,Europe,BGR,Bulgaria,2005,Male,16.07,68.94
EUR,Europe,BGR,Bulgaria,2006,Female,20.21,76.21
EUR,Europe,BGR,Bulgaria,2006,Male,16.17,69.15
EUR,Europe,BGR,Bulgaria,2007,Female,20.36,76.52
EUR,Europe,BGR,Bulgaria,2007,Male,16.27,69.43
EUR,Europe,BGR,Bulgaria,2008,Female,20.65,76.9
EUR,Europe,BGR,Bulgaria,2008,Male,16.54,69.7
EUR,Europe,BGR,Bulgaria,2009,Female,20.91,77.24
EUR,Europe,BGR,Bulgaria,2009,Male,16.76,70.01
EUR,Europe,BGR,Bulgaria,2010,Female,20.92,77.23
EUR,Europe,BGR,Bulgaria,2010,Male,16.69,70.19
EUR,Europe,BGR,Bulgaria,2011,Female,21.21,77.63
EUR,Europe,BGR,Bulgaria,2011,Male,16.92,70.59
EUR,Europe,BGR,Bulgaria,2012,Female,21.19,77.79
EUR,Europe,BGR,Bulgaria,2012,Male,17.02,70.85
EUR,Europe,BGR,Bulgaria,2013,Female,21.84,78.42
EUR,Europe,BGR,Bulgaria,2013,Male,17.32,71.25
EUR,Europe,BGR,Bulgaria,2014,Female,21.5,77.88
EUR,Europe,BGR,Bulgaria,2014,Male,17.12,71.02
EUR,Europe,BGR,Bulgaria,2015,Female,21.5,78.04
EUR,Europe,BGR,Bulgaria,2015,Male,17.06,71.17
EUR,Europe,BGR,Bulgaria,2016,Female,21.77,78.38
EUR,Europe,BGR,Bulgaria,2016,Male,17.23,71.28
EUR,Europe,BGR,Bulgaria,2017,Female,21.63,78.24
EUR,Europe,BGR,Bulgaria,2017,Male,17.15,71.31
EUR,Europe,BGR,Bulgaria,2018,Female,21.82,78.39
EUR,Europe,BGR,Bulgaria,2018,Male,17.23,71.43
EUR,Europe,BGR,Bulgaria,2019,Female,21.92,78.62
EUR,Europe,BGR,Bulgaria,2019,Male,17.24,71.52
EUR,Europe,BGR,Bulgaria,2020,Female,20.83,77.36
EUR,Europe,BGR,Bulgaria,2020,Male,15.85,69.91
EUR,Europe,BGR,Bulgaria,2021,Female,19.08,74.98
EUR,Europe,BGR,Bulgaria,2021,Male,14.42,67.98
EUR,Europe,BIH,Bosnia and Herzegovina,2000,Female,21.13,77.96
EUR,Europe,BIH,Bosnia and Herzegovina,2000,Male,18.07,72.73
EUR,Europe,BIH,Bosnia and Herzegovina,2001,Female,21.58,78.48
EUR,Europe,BIH,Bosnia and Herzegovina,2001,Male,18.16,72.97
EUR,Europe,BIH,Bosnia and Herzegovina,2002,Female,21.86,78.84
EUR,Europe,BIH,Bosnia and Herzegovina,2002,Male,18.17,73.09
EUR,Europe,BIH,Bosnia and Herzegovina,2003,Female,22.1,79.16
EUR,Europe,BIH,Bosnia and Herzegovina,2003,Male,18.29,73.34
EUR,Europe,BIH,Bosnia and Herzegovina,2004,Female,22.1,79.17
EUR,Europe,BIH,Bosnia and Herzegovina,2004,Male,18.56,73.76
EUR,Europe,BIH,Bosnia and Herzegovina,2005,Female,22.4,79.53
EUR,Europe,BIH,Bosnia and Herzegovina,2005,Male,18.19,73.29
EUR,Europe,BIH,Bosnia and Herzegovina,2006,Female,22.51,79.64
EUR,Europe,BIH,Bosnia and Herzegovina,2006,Male,18.43,73.65
EUR,Europe,BIH,Bosnia and Herzegovina,2007,Female,22.19,79.26
EUR,Europe,BIH,Bosnia and Herzegovina,2007,Male,17.96,73.04
EUR,Europe,BIH,Bosnia and Herzegovina,2008,Female,22.39,79.63
EUR,Europe,BIH,Bosnia and Herzegovina,2008,Male,18.39,73.69
EUR,Europe,BIH,Bosnia and Herzegovina,2009,Female,22.17,79.46
EUR,Europe,BIH,Bosnia and Herzegovina,2009,Male,18.52,73.9
EUR,Europe,BIH,Bosnia and Herzegovina,2010,Female,22.19,79.51
EUR,Europe,BIH,Bosnia and Herzegovina,2010,Male,18.79,74.27
EUR,Europe,BIH,Bosnia and Herzegovina,2011,Female,22.25,79.64
EUR,Europe,BIH,Bosnia and Herzegovina,2011,Male,18.79,74.34
EUR,Europe,BIH,Bosnia and Herzegovina,2012,Female,22.29,79.7
EUR,Europe,BIH,Bosnia and Herzegovina,2012,Male,19.09,74.72
EUR,Europe,BIH,Bosnia and Herzegovina,2013,Female,22.27,79.69
EUR,Europe,BIH,Bosnia and Herzegovina,2013,Male,19.04,74.63
EUR,Europe,BIH,Bosnia and Herzegovina,2014,Female,22.18,79.59
EUR,Europe,BIH,Bosnia and Herzegovina,2014,Male,19.04,74.68
EUR,Europe,BIH,Bosnia and Herzegovina,2015,Female,22.02,79.41
EUR,Europe,BIH,Bosnia and Herzegovina,2015,Male,18.88,74.53
EUR,Europe,BIH,Bosnia and Herzegovina,2016,Female,22.2,79.63
EUR,Europe,BIH,Bosnia and Herzegovina,2016,Male,18.91,74.6
EUR,Europe,BIH,Bosnia and Herzegovina,2017,Female,22.11,79.55
EUR,Europe,BIH,Bosnia and Herzegovina,2017,Male,19.09,74.91
EUR,Europe,BIH,Bosnia and Herzegovina,2018,Female,22.24,79.77
EUR,Europe,BIH,Bosnia and Herzegovina,2018,Male,19.05,74.86
EUR,Europe,BIH,Bosnia and Herzegovina,2019,Female,22.07,79.56
EUR,Europe,BIH,Bosnia and Herzegovina,2019,Male,18.85,74.64
EUR,Europe,BIH,Bosnia and Herzegovina,2020,Female,20.86,78.48
EUR,Europe,BIH,Bosnia and Herzegovina,2020,Male,17.18,73.03
EUR,Europe,BIH,Bosnia and Herzegovina,2021,Female,19.8,77.2
EUR,Europe,BIH,Bosnia and Herzegovina,2021,Male,16.78,72.56
EUR,Europe,BLR,Belarus,2000,Female,19.45,74.58
EUR,Europe,BLR,Belarus,2000,Male,14.07,63.19
EUR,Europe,BLR,Belarus,2001,Female,19.24,74.39
EUR,Europe,BLR,Belarus,2001,Male,13.73,62.67
EUR,Europe,BLR,Belarus,2002,Female,19.01,74.03
EUR,Europe,BLR,Belarus,2002,Male,13.32,62.17
EUR,Europe,BLR,Belarus,2003,Female,19.27,74.52
EUR,Europe,BLR,Belarus,2003,Male,13.42,62.59
EUR,Europe,BLR,Belarus,2004,Female,19.53,74.82
EUR,Europe,BLR,Belarus,2004,Male,13.59,63.08
EUR,Europe,BLR,Belarus,2005,Female,19.58,74.93
EUR,Europe,BLR,Belarus,2005,Male,13.49,62.84
EUR,Europe,BLR,Belarus,2006,Female,19.87,75.41
EUR,Europe,BLR,Belarus,2006,Male,13.76,63.5
EUR,Europe,BLR,Belarus,2007,Female,20.29,76.05
EUR,Europe,BLR,Belarus,2007,Male,14.2,64.51
EUR,Europe,BLR,Belarus,2008,Female,20.39,76.31
EUR,Europe,BLR,Belarus,2008,Male,14.14,64.57
EUR,Europe,BLR,Belarus,2009,Female,20.49,76.37
EUR,Europe,BLR,Belarus,2009,Male,14.15,64.77
EUR,Europe,BLR,Belarus,2010,Female,20.51,76.43
EUR,Europe,BLR,Belarus,2010,Male,14.14,64.52
EUR,Europe,BLR,Belarus,2011,Female,20.87,76.71
EUR,Europe,BLR,Belarus,2011,Male,14.35,64.67
EUR,Europe,BLR,Belarus,2012,Female,21.29,77.63
EUR,Europe,BLR,Belarus,2012,Male,14.96,66.55
EUR,Europe,BLR,Belarus,2013,Female,21.39,77.84
EUR,Europe,BLR,Belarus,2013,Male,15.27,67.22
EUR,Europe,BLR,Belarus,2014,Female,21.76,78.37
EUR,Europe,BLR,Belarus,2014,Male,15.49,67.78
EUR,Europe,BLR,Belarus,2015,Female,21.87,78.76
EUR,Europe,BLR,Belarus,2015,Male,15.67,68.51
EUR,Europe,BLR,Belarus,2016,Female,22.02,78.88
EUR,Europe,BLR,Belarus,2016,Male,15.71,68.69
EUR,Europe,BLR,Belarus,2017,Female,22.19,79.15
EUR,Europe,BLR,Belarus,2017,Male,15.84,69.07
EUR,Europe,BLR,Belarus,2018,Female,22.23,79.25
EUR,Europe,BLR,Belarus,2018,Male,15.84,69.22
EUR,Europe,BLR,Belarus,2019,Female,22.49,79.66
EUR,Europe,BLR,Belarus,2019,Male,16.07,69.73
EUR,Europe,BLR,Belarus,2020,Female,21.23,78.27
EUR,Europe,BLR,Belarus,2020,Male,14.26,67.78
EUR,Europe,BLR,Belarus,2021,Female,21.07,78.13
EUR,Europe,BLR,Belarus,2021,Male,14.42,68.06
EUR,Europe,CHE,Switzerland,2000,Female,24.8,82.34
EUR,Europe,CHE,Switzerland,2000,Male,20.84,76.9
EUR,Europe,CHE,Switzerland,2001,Female,25.12,82.71
EUR,Europe,CHE,Switzerland,2001,Male,21.12,77.29
EUR,Europe,CHE,Switzerland,2002,Female,25.2,82.81
EUR,Europe,CHE,Switzerland,2002,Male,21.49,77.81
EUR,Europe,CHE,Switzerland,2003,Female,25.04,82.76
EUR,Europe,CHE,Switzerland,2003,Male,21.42,77.86
EUR,Europe,CHE,Switzerland,2004,Female,25.48,83.26
EUR,Europe,CHE,Switzerland,2004,Male,21.96,78.43
EUR,Europe,CHE,Switzerland,2005,Female,25.59,83.47
EUR,Europe,CHE,Switzerland,2005,Male,21.96,78.57
EUR,Europe,CHE,Switzerland,2006,Female,25.82,83.62
EUR,Europe,CHE,Switzerland,2006,Male,22.31,79.0
EUR,Europe,CHE,Switzerland,2007,Female,25.89,83.76
EUR,Europe,CHE,Switzerland,2007,Male,22.39,79.25
EUR,Europe,CHE,Switzerland,2008,Female,25.97,83.97
EUR,Europe,CHE,Switzerland,2008,Male,22.66,79.57
EUR,Europe,CHE,Switzerland,2009,Female,25.99,83.99
EUR,Europe,CHE,Switzerland,2009,Male,22.77,79.63
EUR,Europe,CHE,Switzerland,2010,Female,26.19,84.18
EUR,Europe,CHE,Switzerland,2010,Male,22.86,80.03
EUR,Europe,CHE,Switzerland,2011,Female,26.27,84.36
EUR,Europe,CHE,Switzerland,2011,Male,23.04,80.21
EUR,Europe,CHE,Switzerland,2012,Female,26.13,84.27
EUR,Europe,CHE,Switzerland,2012,Male,23.08,80.37
EUR,Europe,CHE,Switzerland,2013,Female,26.2,84.4
EUR,Europe,CHE,Switzerland,2013,Male,23.2,80.42
EUR,Europe,CHE,Switzerland,2014,Female,26.48,84.73
EUR,Europe,CHE,Switzerland,2014,Male,23.48,80.84
EUR,Europe,CHE,Switzerland,2015,Female,26.24,84.5
EUR,Europe,CHE,Switzerland,2015,Male,23.24,80.58
EUR,Europe,CHE,Switzerland,2016,Female,26.59,84.82
EUR,Europe,CHE,Switzerland,2016,Male,23.8,81.39
EUR,Europe,CHE,Switzerland,2017,Female,26.58,84.95
EUR,Europe,CHE,Switzerland,2017,Male,23.8,81.24
EUR,Europe,CHE,Switzerland,2018,Female,26.66,84.96
EUR,Europe,CHE,Switzerland,2018,Male,23.99,81.53
EUR,Europe,CHE,Switzerland,2019,Female,26.68,85.12
EUR,Europe,CHE,Switzerland,2019,Male,24.09,81.76
EUR,Europe,CHE,Switzerland,2020,Female,26.19,84.6
EUR,Europe,CHE,Switzerland,2020,Male,23.25,80.82
EUR,Europe,CHE,Switzerland,2021,Female,26.69,85.11
EUR,Europe,CHE,Switzerland,2021,Male,23.89,81.48
EUR,Europe,CYP,Cyprus,2000,Female,23.21,81.03
EUR,Europe,CYP,Cyprus,2000,Male,20.34,76.65
EUR,Europe,CYP,Cyprus,2001,Female,23.33,81.13
EUR,Europe,CYP,Cyprus,2001,Male,20.43,76.62
EUR,Europe,CYP,Cyprus,2002,Female,23.5,81.28
EUR,Europe,CYP,Cyprus,2002,Male,20.57,76.73
EUR,Europe,CYP,Cyprus,2003,Female,23.58,81.39
EUR,Europe,CYP,Cyprus,2003,Male,20.67,76.86
EUR,Europe,CYP,Cyprus,2004,Female,23.66,81.51
EUR,Europe,CYP,Cyprus,2004,Male,20.85,77.07
EUR,Europe,CYP,Cyprus,2005,Female,23.84,81.73
EUR,Europe,CYP,Cyprus,2005,Male,21.08,77.36
EUR,Europe,CYP,Cyprus,2006,Female,24.05,82.02
EUR,Europe,CYP,Cyprus,2006,Male,21.36,77.68
EUR,Europe,CYP,Cyprus,2007,Female,24.34,82.38
EUR,Europe,CYP,Cyprus,2007,Male,21.67,78.07
EUR,Europe,CYP,Cyprus,2008,Female,24.6,82.73
EUR,Europe,CYP,Cyprus,2008,Male,21.97,78.47
EUR,Europe,CYP,Cyprus,2009,Female,24.83,83.04
EUR,Europe,CYP,Cyprus,2009,Male,22.19,78.83
EUR,Europe,CYP,Cyprus,2010,Female,24.97,83.27
EUR,Europe,CYP,Cyprus,2010,Male,22.32,79.11
EUR,Europe,CYP,Cyprus,2011,Female,25.07,83.44
EUR,Europe,CYP,Cyprus,2011,Male,22.4,79.35
EUR,Europe,CYP,Cyprus,2012,Female,25.26,83.68
EUR,Europe,CYP,Cyprus,2012,Male,22.52,79.57
EUR,Europe,CYP,Cyprus,2013,Female,25.51,83.95
EUR,Europe,CYP,Cyprus,2013,Male,22.65,79.75
EUR,Europe,CYP,Cyprus,2014,Female,25.51,83.94
EUR,Europe,CYP,Cyprus,2014,Male,22.62,79.75
EUR,Europe,CYP,Cyprus,2015,Female,25.48,83.9
EUR,Europe,CYP,Cyprus,2015,Male,22.56,79.7
EUR,Europe,CYP,Cyprus,2016,Female,25.37,83.77
EUR,Europe,CYP,Cyprus,2016,Male,22.5,79.67
EUR,Europe,CYP,Cyprus,2017,Female,25.52,83.92
EUR,Europe,CYP,Cyprus,2017,Male,22.64,79.83
EUR,Europe,CYP,Cyprus,2018,Female,25.64,84.06
EUR,Europe,CYP,Cyprus,2018,Male,22.82,80.06
EUR,Europe,CYP,Cyprus,2019,Female,25.77,84.16
EUR,Europe,CYP,Cyprus,2019,Male,22.91,80.2
EUR,Europe,CYP,Cyprus,2020,Female,25.72,84.07
EUR,Europe,CYP,Cyprus,2020,Male,22.75,80.05
EUR,Europe,CYP,Cyprus,2021,Female,25.66,83.96
EUR,Europe,CYP,Cyprus,2021,Male,22.6,79.87
EUR,Europe,CZE,Czechia,2000,Female,21.26,78.37
EUR,Europe,CZE,Czechia,2000,Male,17.03,71.62
EUR,Europe,CZE,Czechia,2001,Female,21.32,78.46
EUR,Europe,CZE,Czechia,2001,Male,17.32,72.05
EUR,Europe,CZE,Czechia,2002,Female,21.36,78.6
EUR,Europe,CZE,Czechia,2002,Male,17.27,72.06
EUR,Europe,CZE,Czechia,2003,Female,21.23,78.47
EUR,Europe,CZE,Czechia,2003,Male,17.19,72.0
EUR,Europe,CZE,Czechia,2004,Female,21.63,79.02
EUR,Europe,CZE,Czechia,2004,Male,17.57,72.49
EUR,Europe,CZE,Czechia,2005,Female,21.72,79.09
EUR,Europe,CZE,Czechia,2005,Male,17.78,72.84
EUR,Europe,CZE,Czechia,2006,Female,22.22,79.69
EUR,Europe,CZE,Czechia,2006,Male,18.17,73.44
EUR,Europe,CZE,Czechia,2007,Female,22.45,79.98
EUR,Europe,CZE,Czechia,2007,Male,18.41,73.69
EUR,Europe,CZE,Czechia,2008,Female,22.72,80.24
EUR,Europe,CZE,Czechia,2008,Male,18.61,74.0
EUR,Europe,CZE,Czechia,2009,Female,22.7,80.3
EUR,Europe,CZE,Czechia,2009,Male,18.61,74.19
EUR,Europe,CZE,Czechia,2010,Female,22.95,80.64
EUR,Europe,CZE,Czechia,2010,Male,18.77,74.41
EUR,Europe,CZE,Czechia,2011,Female,23.12,80.82
EUR,Europe,CZE,Czechia,2011,Male,18.98,74.7
EUR,Europe,CZE,Czechia,2012,Female,23.16,80.92
EUR,Europe,CZE,Czechia,2012,Male,19.07,74.96
EUR,Europe,CZE,Czechia,2013,Female,23.23,81.04
EUR,Europe,CZE,Czechia,2013,Male,19.13,75.13
EUR,Europe,CZE,Czechia,2014,Female,23.72,81.62
EUR,Europe,CZE,Czechia,2014,Male,19.53,75.68
EUR,Europe,CZE,Czechia,2015,Female,23.4,81.32
EUR,Europe,CZE,Czechia,2015,Male,19.34,75.59
EUR,Europe,CZE,Czechia,2016,Female,23.91,81.77
EUR,Europe,CZE,Czechia,2016,Male,19.71,76.03
EUR,Europe,CZE,Czechia,2017,Female,23.74,81.69
EUR,Europe,CZE,Czechia,2017,Male,19.68,75.98
EUR,Europe,CZE,Czechia,2018,Female,23.77,81.74
EUR,Europe,CZE,Czechia,2018,Male,19.76,76.02
EUR,Europe,CZE,Czechia,2019,Female,24.0,81.93
EUR,Europe,CZE,Czechia,2019,Male,19.93,76.3
EUR,Europe,CZE,Czechia,2020,Female,23.16,81.08
EUR,Europe,CZE,Czechia,2020,Male,18.79,75.22
EUR,Europe,CZE,Czechia,2021,Female,22.56,80.27
EUR,Europe,CZE,Czechia,2021,Male,17.93,74.01
EUR,Europe,DEU,Germany,2000,Female,23.57,80.92
EUR,Europe,DEU,Germany,2000,Male,19.47,75.04
EUR,Europe,DEU,Germany,2001,Female,23.77,81.18
EUR,Europe,DEU,Germany,2001,Male,19.81,75.48
EUR,Europe,DEU,Germany,2002,Female,23.69,81.1
EUR,Europe,DEU,Germany,2002,Male,19.87,75.62
EUR,Europe,DEU,Germany,2003,Female,23.61,81.1
EUR,Europe,DEU,Germany,2003,Male,19.87,75.66
EUR,Europe,DEU,Germany,2004,Female,24.03,81.59
EUR,Europe,DEU,Germany,2004,Male,20.35,76.32
EUR,Europe,DEU,Germany,2005,Female,24.11,81.72
EUR,Europe,DEU,Germany,2005,Male,20.52,76.57
EUR,Europe,DEU,Germany,2006,Female,24.4,82.07
EUR,Europe,DEU,Germany,2006,Male,20.87,77.02
EUR,Europe,DEU,Germany,2007,Female,24.58,82.27
EUR,Europe,DEU,Germany,2007,Male,21.01,77.21
EUR,Europe,DEU,Germany,2008,Female,24.53,82.26
EUR,Europe,DEU,Germany,2008,Male,21.11,77.41
EUR,Europe,DEU,Germany,2009,Female,24.63,82.37
EUR,Europe,DEU,Germany,2009,Male,21.23,77.55
EUR,Europe,DEU,Germany,2010,Female,24.76,82.54
EUR,Europe,DEU,Germany,2010,Male,21.4,77.78
EUR,Europe,DEU,Germany,2011,Female,24.98,82.75
EUR,Europe,DEU,Germany,2011,Male,21.68,78.13
EUR,Europe,DEU,Germany,2012,Female,24.96,82.84
EUR,Europe,DEU,Germany,2012,Male,21.72,78.32
EUR,Europe,DEU,Germany,2013,Female,24.75,82.59
EUR,Europe,DEU,Germany,2013,Male,21.34,77.94
EUR,Europe,DEU,Germany,2014,Female,25.15,83.07
EUR,Europe,DEU,Germany,2014,Male,21.73,78.41
EUR,Europe,DEU,Germany,2015,Female,24.84,82.71
EUR,Europe,DEU,Germany,2015,Male,21.46,78.12
EUR,Europe,DEU,Germany,2016,Female,25.11,83.0
EUR,Europe,DEU,Germany,2016,Male,21.68,78.35
EUR,Europe,DEU,Germany,2017,Female,25.02,82.97
EUR,Europe,DEU,Germany,2017,Male,21.67,78.51
EUR,Europe,DEU,Germany,2018,Female,24.91,82.86
EUR,Europe,DEU,Germany,2018,Male,21.61,78.42
EUR,Europe,DEU,Germany,2019,Female,25.17,83.19
EUR,Europe,DEU,Germany,2019,Male,21.86,78.75
EUR,Europe,DEU,Germany,2020,Female,25.04,83.08
EUR,Europe,DEU,Germany,2020,Male,21.61,78.52
EUR,Europe,DEU,Germany,2021,Female,24.87,82.86
EUR,Europe,DEU,Germany,2021,Male,21.35,78.15
EUR,Europe,DNK,Denmark,2000,Female,22.08,79.13
EUR,Europe,DNK,Denmark,2000,Male,18.97,74.66
EUR,Europe,DNK,Denmark,2001,Female,22.13,79.12
EUR,Europe,DNK,Denmark,2001,Male,19.06,74.89
EUR,Europe,DNK,Denmark,2002,Female,22.07,79.13
EUR,Europe,DNK,Denmark,2002,Male,19.12,74.87
EUR,Europe,DNK,Denmark,2003,Female,22.35,79.56
EUR,Europe,DNK,Denmark,2003,Male,19.26,75.04
EUR,Europe,DNK,Denmark,2004,Female,22.72,79.89
EUR,Europe,DNK,Denmark,2004,Male,19.57,75.43
EUR,Europe,DNK,Denmark,2005,Female,22.88,80.24
EUR,Europe,DNK,Denmark,2005,Male,19.91,75.96
EUR,Europe,DNK,Denmark,2006,Female,22.92,80.35
EUR,Europe,DNK,Denmark,2006,Male,19.98,76.0
EUR,Europe,DNK,Denmark,2007,Female,23.0,80.35
EUR,Europe,DNK,Denmark,2007,Male,20.25,76.21
EUR,Europe,DNK,Denmark,2008,Female,23.3,80.72
EUR,Europe,DNK,Denmark,2008,Male,20.38,76.52
EUR,Europe,DNK,Denmark,2009,Female,23.31,80.81
EUR,Europe,DNK,Denmark,2009,Male,20.52,76.9
EUR,Europe,DNK,Denmark,2010,Female,23.5,81.1
EUR,Europe,DNK,Denmark,2010,Male,20.76,77.2
EUR,Europe,DNK,Denmark,2011,Female,23.92,81.57
EUR,Europe,DNK,Denmark,2011,Male,21.16,77.76
EUR,Europe,DNK,Denmark,2012,Female,24.03,81.77
EUR,Europe,DNK,Denmark,2012,Male,21.33,78.11
EUR,Europe,DNK,Denmark,2013,Female,24.21,82.02
EUR,Europe,DNK,Denmark,2013,Male,21.43,78.28
EUR,Europe,DNK,Denmark,2014,Female,24.49,82.37
EUR,Europe,DNK,Denmark,2014,Male,21.79,78.62
EUR,Europe,DNK,Denmark,2015,Female,24.45,82.36
EUR,Europe,DNK,Denmark,2015,Male,21.78,78.8
EUR,Europe,DNK,Denmark,2016,Female,24.52,82.43
EUR,Europe,DNK,Denmark,2016,Male,21.97,78.97
EUR,Europe,DNK,Denmark,2017,Female,24.69,82.74
EUR,Europe,DNK,Denmark,2017,Male,22.03,79.13
EUR,Europe,DNK,Denmark,2018,Female,24.56,82.61
EUR,Europe,DNK,Denmark,2018,Male,21.9,79.02
EUR,Europe,DNK,Denmark,2019,Female,24.85,83.06
EUR,Europe,DNK,Denmark,2019,Male,22.18,79.49
EUR,Europe,DNK,Denmark,2020,Female,24.96,83.16
EUR,Europe,DNK,Denmark,2020,Male,22.28,79.56
EUR,Europe,DNK,Denmark,2021,Female,24.79,82.9
EUR,Europe,DNK,Denmark,2021,Male,22.08,79.46
EUR,Europe,ESP,Spain,2000,Female,24.82,82.48
EUR,Europe,ESP,Spain,2000,Male,20.34,75.69
EUR,Europe,ESP,Spain,2001,Female,25.03,82.76
EUR,Europe,ESP,Spain,2001,Male,20.51,76.02
EUR,Europe,ESP,Spain,2002,Female,25.07,82.81
EUR,Europe,ESP,Spain,2002,Male,20.6,76.16
EUR,Europe,ESP,Spain,2003,Female,24.93,82.65
EUR,Europe,ESP,Spain,2003,Male,20.57,76.17
EUR,Europe,ESP,Spain,2004,Female,25.43,83.25
EUR,Europe,ESP,Spain,2004,Male,21.01,76.73
EUR,Europe,ESP,Spain,2005,Female,25.31,83.22
EUR,Europe,ESP,Spain,2005,Male,20.94,76.8
EUR,Europe,ESP,Spain,2006,Female,25.87,83.82
EUR,Europe,ESP,Spain,2006,Male,21.51,77.51
EUR,Europe,ESP,Spain,2007,Female,25.83,83.78
EUR,Europe,ESP,Spain,2007,Male,21.44,77.56
EUR,Europe,ESP,Spain,2008,Female,25.99,83.95
EUR,Europe,ESP,Spain,2008,Male,21.73,77.98
EUR,Europe,ESP,Spain,2009,Female,26.22,84.24
EUR,Europe,ESP,Spain,2009,Male,21.9,78.39
EUR,Europe,ESP,Spain,2010,Female,26.5,84.58
EUR,Europe,ESP,Spain,2010,Male,22.15,78.76
EUR,Europe,ESP,Spain,2011,Female,26.55,84.62
EUR,Europe,ESP,Spain,2011,Male,22.26,78.96
EUR,Europe,ESP,Spain,2012,Female,26.55,84.71
EUR,Europe,ESP,Spain,2012,Male,22.29,79.16
EUR,Europe,ESP,Spain,2013,Female,26.96,85.15
EUR,Europe,ESP,Spain,2013,Male,22.73,79.73
EUR,Europe,ESP,Spain,2014,Female,27.0,85.21
EUR,Europe,ESP,Spain,2014,Male,22.84,79.88
EUR,Europe,ESP,Spain,2015,Female,26.69,84.94
EUR,Europe,ESP,Spain,2015,Male,22.57,79.66
EUR,Europe,ESP,Spain,2016,Female,27.08,85.36
EUR,Europe,ESP,Spain,2016,Male,22.91,80.04
EUR,Europe,ESP,Spain,2017,Female,26.94,85.21
EUR,Europe,ESP,Spain,2017,Male,22.91,80.08
EUR,Europe,ESP,Spain,2018,Female,27.03,85.32
EUR,Europe,ESP,Spain,2018,Male,22.97,80.15
EUR,Europe,ESP,Spain,2019,Female,27.33,85.66
EUR,Europe,ESP,Spain,2019,Male,23.28,80.54
EUR,Europe,ESP,Spain,2020,Female,26.19,84.51
EUR,Europe,ESP,Spain,2020,Male,22.07,79.32
EUR,Europe,ESP,Spain,2021,Female,26.98,85.3
EUR,Europe,ESP,Spain,2021,Male,22.77,79.99
EUR,Europe,EST,Estonia,2000,Female,20.94,76.2
EUR,Europe,EST,Estonia,2000,Male,15.39,65.62
EUR,Europe,EST,Estonia,2001,Female,21.26,76.47
EUR,Europe,EST,Estonia,2001,Male,15.41,65.22
EUR,Europe,EST,Estonia,2002,Female,21.26,76.85
EUR,Europe,EST,Estonia,2002,Male,15.53,65.52
EUR,Europe,EST,Estonia,2003,Female,21.3,77.15
EUR,Europe,EST,Estonia,2003,Male,15.57,66.48
EUR,Europe,EST,Estonia,2004,Female,21.74,77.87
EUR,Europe,EST,Estonia,2004,Male,15.69,66.6
EUR,Europe,EST,Estonia,2005,Female,22.08,78.15
EUR,Europe,EST,Estonia,2005,Male,15.94,67.45
EUR,Europe,EST,Estonia,2006,Female,22.07,78.31
EUR,Europe,EST,Estonia,2006,Male,16.01,67.57
EUR,Europe,EST,Estonia,2007,Female,22.38,78.71
EUR,Europe,EST,Estonia,2007,Male,16.07,67.45
EUR,Europe,EST,Estonia,2008,Female,22.69,79.28
EUR,Europe,EST,Estonia,2008,Male,16.56,68.94
EUR,Europe,EST,Estonia,2009,Female,23.08,79.92
EUR,Europe,EST,Estonia,2009,Male,17.12,69.83
EUR,Europe,EST,Estonia,2010,Female,23.2,80.42
EUR,Europe,EST,Estonia,2010,Male,17.34,70.83
EUR,Europe,EST,Estonia,2011,Female,23.84,80.89
EUR,Europe,EST,Estonia,2011,Male,17.92,71.26
EUR,Europe,EST,Estonia,2012,Female,23.97,81.16
EUR,Europe,EST,Estonia,2012,Male,17.85,71.28
EUR,Europe,EST,Estonia,2013,Female,24.04,81.29
EUR,Europe,EST,Estonia,2013,Male,18.07,72.31
EUR,Europe,EST,Estonia,2014,Female,24.18,81.49
EUR,Europe,EST,Estonia,2014,Male,18.21,72.27
EUR,Europe,EST,Estonia,2015,Female,24.32,81.74
EUR,Europe,EST,Estonia,2015,Male,18.62,73.06
EUR,Europe,EST,Estonia,2016,Female,24.57,81.73
EUR,Europe,EST,Estonia,2016,Male,18.65,73.22
EUR,Europe,EST,Estonia,2017,Female,24.59,82.28
EUR,Europe,EST,Estonia,2017,Male,18.75,73.71
EUR,Europe,EST,Estonia,2018,Female,24.56,82.3
EUR,Europe,EST,Estonia,2018,Male,18.92,73.97
EUR,Europe,EST,Estonia,2019,Female,24.96,82.61
EUR,Europe,EST,Estonia,2019,Male,19.2,74.69
EUR,Europe,EST,Estonia,2020,Female,24.9,82.53
EUR,Europe,EST,Estonia,2020,Male,19.07,74.33
EUR,Europe,EST,Estonia,2021,Female,23.66,81.2
EUR,Europe,EST,Estonia,2021,Male,17.71,72.83
EUR,Europe,FIN,Finland,2000,Female,23.56,80.91
EUR,Europe,FIN,Finland,2000,Male,19.17,74.12
EUR,Europe,FIN,Finland,2001,Female,23.83,81.31
EUR,Europe,FIN,Finland,2001,Male,19.45,74.56
EUR,Europe,FIN,Finland,2002,Female,23.86,81.34
EUR,Europe,FIN,Finland,2002,Male,19.51,74.78
EUR,Europe,FIN,Finland,2003,Female,24.04,81.62
EUR,Europe,FIN,Finland,2003,Male,19.83,75.08
EUR,Europe,FIN,Finland,2004,Female,24.61,82.04
EUR,Europe,FIN,Finland,2004,Male,20.15,75.31
EUR,Europe,FIN,Finland,2005,Female,24.82,82.25
EUR,Europe,FIN,Finland,2005,Male,20.41,75.61
EUR,Europe,FIN,Finland,2006,Female,25.03,82.62
EUR,Europe,FIN,Finland,2006,Male,20.51,75.76
EUR,Europe,FIN,Finland,2007,Female,25.08,82.66
EUR,Europe,FIN,Finland,2007,Male,20.63,75.83
EUR,Europe,FIN,Finland,2008,Female,25.16,82.77
EUR,Europe,FIN,Finland,2008,Male,21.01,76.34
EUR,Europe,FIN,Finland,2009,Female,25.3,82.94
EUR,Europe,FIN,Finland,2009,Male,20.91,76.42
EUR,Europe,FIN,Finland,2010,Female,25.28,83.02
EUR,Europe,FIN,Finland,2010,Male,21.03,76.68
EUR,Europe,FIN,Finland,2011,Female,25.49,83.33
EUR,Europe,FIN,Finland,2011,Male,21.36,77.19
EUR,Europe,FIN,Finland,2012,Female,25.38,83.22
EUR,Europe,FIN,Finland,2012,Male,21.42,77.47
EUR,Europe,FIN,Finland,2013,Female,25.57,83.51
EUR,Europe,FIN,Finland,2013,Male,21.63,77.8
EUR,Europe,FIN,Finland,2014,Female,25.51,83.59
EUR,Europe,FIN,Finland,2014,Male,21.76,78.1
EUR,Europe,FIN,Finland,2015,Female,25.71,83.86
EUR,Europe,FIN,Finland,2015,Male,21.95,78.49
EUR,Europe,FIN,Finland,2016,Female,25.67,83.82
EUR,Europe,FIN,Finland,2016,Male,21.89,78.38
EUR,Europe,FIN,Finland,2017,Female,25.85,83.92
EUR,Europe,FIN,Finland,2017,Male,22.1,78.68
EUR,Europe,FIN,Finland,2018,Female,25.85,83.96
EUR,Europe,FIN,Finland,2018,Male,22.22,78.83
EUR,Europe,FIN,Finland,2019,Female,26.06,84.15
EUR,Europe,FIN,Finland,2019,Male,22.49,79.11
EUR,Europe,FIN,Finland,2020,Female,26.01,84.16
EUR,Europe,FIN,Finland,2020,Male,22.46,78.94
EUR,Europe,FIN,Finland,2021,Female,25.9,84.06
EUR,Europe,FIN,Finland,2021,Male,22.28,79.01
EUR,Europe,FRA,France,2000,Female,25.29,82.52
EUR,Europe,FRA,France,2000,Male,20.39,75.24
EUR,Europe,FRA,France,2001,Female,25.35,82.56
EUR,Europe,FRA,France,2001,Male,20.57,75.39
EUR,Europe,FRA,France,2002,Female,25.3,82.57
EUR,Europe,FRA,France,2002,Male,20.68,75.64
EUR,Europe,FRA,France,2003,Female,25.04,82.39
EUR,Europe,FRA,France,2003,Male,20.65,75.71
EUR,Europe,FRA,France,2004,Female,25.87,83.27
EUR,Europe,FRA,France,2004,Male,21.31,76.59
EUR,Europe,FRA,France,2005,Female,25.78,83.25
EUR,Europe,FRA,France,2005,Male,21.31,76.64
EUR,Europe,FRA,France,2006,Female,26.29,83.78
EUR,Europe,FRA,France,2006,Male,21.75,77.14
EUR,Europe,FRA,France,2007,Female,26.5,84.06
EUR,Europe,FRA,France,2007,Male,21.92,77.4
EUR,Europe,FRA,France,2008,Female,26.49,84.01
EUR,Europe,FRA,France,2008,Male,22.03,77.6
EUR,Europe,FRA,France,2009,Female,26.64,84.17
EUR,Europe,FRA,France,2009,Male,22.24,77.78
EUR,Europe,FRA,France,2010,Female,26.77,84.34
EUR,Europe,FRA,France,2010,Male,22.35,77.96
EUR,Europe,FRA,France,2011,Female,27.04,84.66
EUR,Europe,FRA,France,2011,Male,22.64,78.36
EUR,Europe,FRA,France,2012,Female,26.84,84.53
EUR,Europe,FRA,France,2012,Male,22.58,78.49
EUR,Europe,FRA,France,2013,Female,26.99,84.72
EUR,Europe,FRA,France,2013,Male,22.75,78.78
EUR,Europe,FRA,France,2014,Female,27.29,85.06
EUR,Europe,FRA,France,2014,Male,23.1,79.28
EUR,Europe,FRA,France,2015,Female,27.24,84.72
EUR,Europe,FRA,France,2015,Male,23.2,78.96
EUR,Europe,FRA,France,2016,Female,27.36,84.89
EUR,Europe,FRA,France,2016,Male,23.35,79.24
EUR,Europe,FRA,France,2017,Female,26.99,84.81
EUR,Europe,FRA,France,2017,Male,23.06,79.41
EUR,Europe,FRA,France,2018,Female,27.46,85.04
EUR,Europe,FRA,France,2018,Male,23.49,79.58
EUR,Europe,FRA,France,2019,Female,27.51,85.15
EUR,Europe,FRA,France,2019,Male,23.63,79.77
EUR,Europe,FRA,France,2020,Female,26.69,84.6
EUR,Europe,FRA,France,2020,Male,22.6,79.06
EUR,Europe,FRA,France,2021,Female,26.8,84.69
EUR,Europe,FRA,France,2021,Male,22.73,79.08
EUR,Europe,GBR,United Kingdom of Great Britain and Northern Ireland,2000,Female,22.91,80.09
EUR,Europe,GBR,United Kingdom of Great Britain and Northern Ireland,2000,Male,19.49,75.49
EUR,Europe,GBR,United Kingdom of Great Britain and Northern Ireland,2001,Female,22.99,80.18
EUR,Europe,GBR,United Kingdom of Great Britain and Northern Ireland,2001,Male,19.75,75.61
EUR,Europe,GBR,United Kingdom of Great Britain and Northern Ireland,2002,Female,23.01,80.29
EUR,Europe,GBR,United Kingdom of Great Britain and Northern Ireland,2002,Male,19.87,75.77
EUR,Europe,GBR,United Kingdom of Great Britain and Northern Ireland,2003,Female,22.99,80.22
EUR,Europe,GBR,United Kingdom of Great Britain and Northern Ireland,2003,Male,20.0,75.98
EUR,Europe,GBR,United Kingdom of Great Britain and Northern Ireland,2004,Female,23.43,80.74
EUR,Europe,GBR,United Kingdom of Great Britain and Northern Ireland,2004,Male,20.45,76.52
EUR,Europe,GBR,United Kingdom of Great Britain and Northern Ireland,2005,Female,23.58,80.93
EUR,Europe,GBR,United Kingdom of Great Britain and Northern Ireland,2005,Male,20.72,76.81
EUR,Europe,GBR,United Kingdom of Great Britain and Northern Ireland,2006,Female,23.9,81.24
EUR,Europe,GBR,United Kingdom of Great Britain and Northern Ireland,2006,Male,21.06,77.12
EUR,Europe,GBR,United Kingdom of Great Britain and Northern Ireland,2007,Female,24.0,81.4
EUR,Europe,GBR,United Kingdom of Great Britain and Northern Ireland,2007,Male,21.26,77.36
EUR,Europe,GBR,United Kingdom of Great Britain and Northern Ireland,2008,Female,24.06,81.45
EUR,Europe,GBR,United Kingdom of Great Britain and Northern Ireland,2008,Male,21.42,77.55
EUR,Europe,GBR,United Kingdom of Great Britain and Northern Ireland,2009,Female,24.53,81.97
EUR,Europe,GBR,United Kingdom of Great Britain and Northern Ireland,2009,Male,21.81,78.02
EUR,Europe,GBR,United Kingdom of Great Britain and Northern Ireland,2010,Female,24.62,82.09
EUR,Europe,GBR,United Kingdom of Great Britain and Northern Ireland,2010,Male,21.99,78.34
EUR,Europe,GBR,United Kingdom of Great Britain and Northern Ireland,2011,Female,24.88,82.45
EUR,Europe,GBR,United Kingdom of Great Britain and Northern Ireland,2011,Male,22.3,78.76
EUR,Europe,GBR,United Kingdom of Great Britain and Northern Ireland,2012,Female,24.66,82.34
EUR,Europe,GBR,United Kingdom of Great Britain and Northern Ireland,2012,Male,22.24,78.88
EUR,Europe,GBR,United Kingdom of Great Britain and Northern Ireland,2013,Female,24.72,82.41
EUR,Europe,GBR,United Kingdom of Great Britain and Northern Ireland,2013,Male,22.28,78.9
EUR,Europe,GBR,United Kingdom of Great Britain and Northern Ireland,2014,Female,24.98,82.65
EUR,Europe,GBR,United Kingdom of Great Britain and Northern Ireland,2014,Male,22.52,79.17
EUR,Europe,GBR,United Kingdom of Great Britain and Northern Ireland,2015,Female,24.65,82.34
EUR,Europe,GBR,United Kingdom of Great Britain and Northern Ireland,2015,Male,22.31,78.93
EUR,Europe,GBR,United Kingdom of Great Britain and Northern Ireland,2016,Female,24.86,82.49
EUR,Europe,GBR,United Kingdom of Great Britain and Northern Ireland,2016,Male,22.49,79.09
EUR,Europe,GBR,United Kingdom of Great Britain and Northern Ireland,2017,Female,24.9,82.62
EUR,Europe,GBR,United Kingdom of Great Britain and Northern Ireland,2017,Male,22.56,79.2
EUR,Europe,GBR,United Kingdom of Great Britain and Northern Ireland,2018,Female,24.72,82.33
EUR,Europe,GBR,United Kingdom of Great Britain and Northern Ireland,2018,Male,22.43,78.9
EUR,Europe,GBR,United Kingdom of Great Britain and Northern Ireland,2019,Female,25.25,82.92
EUR,Europe,GBR,United Kingdom of Great Britain and Northern Ireland,2019,Male,22.91,79.5
EUR,Europe,GBR,United Kingdom of Great Britain and Northern Ireland,2020,Female,24.42,82.03
EUR,Europe,GBR,United Kingdom of Great Britain and Northern Ireland,2020,Male,21.82,78.26
EUR,Europe,GBR,United Kingdom of Great Britain and Northern Ireland,2021,Female,24.41,81.93
EUR,Europe,GBR,United Kingdom of Great Britain and Northern Ireland,2021,Male,21.97,78.27
EUR,Europe,GEO,Georgia,2000,Female,19.49,74.55
EUR,Europe,GEO,Georgia,2000,Male,16.17,67.28
EUR,Europe,GEO,Georgia,2001,Female,20.16,75.28
EUR,Europe,GEO,Georgia,2001,Male,16.52,67.57
EUR,Europe,GEO,Georgia,2002,Female,18.86,73.49
EUR,Europe,GEO,Georgia,2002,Male,15.68,66.03
EUR,Europe,GEO,Georgia,2003,Female,19.32,74.19
EUR,Europe,GEO,Georgia,2003,Male,15.53,67.14
EUR,Europe,GEO,Georgia,2004,Female,19.06,74.4
EUR,Europe,GEO,Georgia,2004,Male,15.25,66.48
EUR,Europe,GEO,Georgia,2005,Female,20.64,76.01
EUR,Europe,GEO,Georgia,2005,Male,16.45,67.8
EUR,Europe,GEO,Georgia,2006,Female,20.62,76.51
EUR,Europe,GEO,Georgia,2006,Male,16.1,67.35
EUR,Europe,GEO,Georgia,2007,Female,21.08,76.98
EUR,Europe,GEO,Georgia,2007,Male,16.17,67.93
EUR,Europe,GEO,Georgia,2008,Female,20.98,76.74
EUR,Europe,GEO,Georgia,2008,Male,15.99,66.62
EUR,Europe,GEO,Georgia,2009,Female,19.78,75.58
EUR,Europe,GEO,Georgia,2009,Male,15.55,66.91
EUR,Europe,GEO,Georgia,2010,Female,19.97,76.24
EUR,Europe,GEO,Georgia,2010,Male,15.68,67.29
EUR,Europe,GEO,Georgia,2011,Female,19.86,76.21
EUR,Europe,GEO,Georgia,2011,Male,15.43,67.58
EUR,Europe,GEO,Georgia,2012,Female,20.26,76.64
EUR,Europe,GEO,Georgia,2012,Male,15.73,67.66
EUR,Europe,GEO,Georgia,2013,Female,20.49,76.93
EUR,Europe,GEO,Georgia,2013,Male,16.14,68.18
EUR,Europe,GEO,Georgia,2014,Female,20.47,76.98
EUR,Europe,GEO,Georgia,2014,Male,16.07,68.35
EUR,Europe,GEO,Georgia,2015,Female,20.69,77.25
EUR,Europe,GEO,Georgia,2015,Male,15.94,68.35
EUR,Europe,GEO,Georgia,2016,Female,20.67,77.23
EUR,Europe,GEO,Georgia,2016,Male,15.7,67.97
EUR,Europe,GEO,Georgia,2017,Female,21.24,78.02
EUR,Europe,GEO,Georgia,2017,Male,16.16,68.85
EUR,Europe,GEO,Georgia,2018,Female,21.51,78.35
EUR,Europe,GEO,Georgia,2018,Male,16.23,69.11
EUR,Europe,GEO,Georgia,2019,Female,21.5,78.44
EUR,Europe,GEO,Georgia,2019,Male,16.01,69.1
EUR,Europe,GEO,Georgia,2020,Female,20.91,77.81
EUR,Europe,GEO,Georgia,2020,Male,15.12,68.33
EUR,Europe,GEO,Georgia,2021,Female,19.15,75.6
EUR,Europe,GEO,Georgia,2021,Male,14.01,66.85
EUR,Europe,GRC,Greece,2000,Female,23.15,80.96
EUR,Europe,GRC,Greece,2000,Male,20.39,75.97
EUR,Europe,GRC,Greece,2001,Female,23.46,81.33
EUR,Europe,GRC,Greece,2001,Male,20.8,76.4
EUR,Europe,GRC,Greece,2002,Female,23.54,81.39
EUR,Europe,GRC,Greece,2002,Male,20.83,76.63
EUR,Europe,GRC,Greece,2003,Female,23.55,81.49
EUR,Europe,GRC,Greece,2003,Male,20.94,76.78
EUR,Europe,GRC,Greece,2004,Female,23.81,81.67
EUR,Europe,GRC,Greece,2004,Male,21.1,76.84
EUR,Europe,GRC,Greece,2005,Female,24.08,81.91
EUR,Europe,GRC,Greece,2005,Male,21.26,76.99
EUR,Europe,GRC,Greece,2006,Female,24.2,82.18
EUR,Europe,GRC,Greece,2006,Male,21.51,77.38
EUR,Europe,GRC,Greece,2007,Female,24.05,81.99
EUR,Europe,GRC,Greece,2007,Male,21.34,77.01
EUR,Europe,GRC,Greece,2008,Female,24.36,82.42
EUR,Europe,GRC,Greece,2008,Male,21.63,77.52
EUR,Europe,GRC,Greece,2009,Female,24.65,82.6
EUR,Europe,GRC,Greece,2009,Male,21.8,77.53
EUR,Europe,GRC,Greece,2010,Female,24.71,82.61
EUR,Europe,GRC,Greece,2010,Male,22.08,77.93
EUR,Europe,GRC,Greece,2011,Female,24.86,82.81
EUR,Europe,GRC,Greece,2011,Male,22.03,77.96
EUR,Europe,GRC,Greece,2012,Female,24.61,82.63
EUR,Europe,GRC,Greece,2012,Male,21.84,77.9
EUR,Europe,GRC,Greece,2013,Female,25.05,83.06
EUR,Europe,GRC,Greece,2013,Male,22.31,78.53
EUR,Europe,GRC,Greece,2014,Female,25.12,83.15
EUR,Europe,GRC,Greece,2014,Male,22.34,78.56
EUR,Europe,GRC,Greece,2015,Female,24.8,82.7
EUR,Europe,GRC,Greece,2015,Male,22.03,78.16
EUR,Europe,GRC,Greece,2016,Female,25.0,82.91
EUR,Europe,GRC,Greece,2016,Male,22.37,78.53
EUR,Europe,GRC,Greece,2017,Female,24.76,82.86
EUR,Europe,GRC,Greece,2017,Male,22.15,78.53
EUR,Europe,GRC,Greece,2018,Female,25.11,83.24
EUR,Europe,GRC,Greece,2018,Male,22.52,78.86
EUR,Europe,GRC,Greece,2019,Female,24.94,83.01
EUR,Europe,GRC,Greece,2019,Male,22.42,78.8
EUR,Europe,GRC,Greece,2020,Female,24.63,82.76
EUR,Europe,GRC,Greece,2020,Male,22.04,78.49
EUR,Europe,GRC,Greece,2021,Female,23.98,81.95
EUR,Europe,GRC,Greece,2021,Male,21.21,77.26
EUR,Europe,HRV,Croatia,2000,Female,21.35,78.33
EUR,Europe,HRV,Croatia,2000,Male,16.92,71.05
EUR,Europe,HRV,Croatia,2001,Female,21.5,78.57
EUR,Europe,HRV,Croatia,2001,Male,17.15,71.32
EUR,Europe,HRV,Croatia,2002,Female,21.49,78.6
EUR,Europe,HRV,Croatia,2002,Male,16.98,71.32
EUR,Europe,HRV,Croatia,2003,Female,21.21,78.37
EUR,Europe,HRV,Croatia,2003,Male,16.83,71.27
EUR,Europe,HRV,Croatia,2004,Female,21.88,79.08
EUR,Europe,HRV,Croatia,2004,Male,17.35,72.04
EUR,Europe,HRV,Croatia,2005,Female,21.7,79.02
EUR,Europe,HRV,Croatia,2005,Male,17.32,71.87
EUR,Europe,HRV,Croatia,2006,Female,22.13,79.48
EUR,Europe,HRV,Croatia,2006,Male,17.84,72.48
EUR,Europe,HRV,Croatia,2007,Female,22.11,79.43
EUR,Europe,HRV,Croatia,2007,Male,17.66,72.35
EUR,Europe,HRV,Croatia,2008,Female,22.29,79.63
EUR,Europe,HRV,Croatia,2008,Male,17.91,72.47
EUR,Europe,HRV,Croatia,2009,Female,22.31,79.81
EUR,Europe,HRV,Croatia,2009,Male,18.08,73.01
EUR,Europe,HRV,Croatia,2010,Female,22.48,79.94
EUR,Europe,HRV,Croatia,2010,Male,18.3,73.56
EUR,Europe,HRV,Croatia,2011,Female,22.87,80.38
EUR,Europe,HRV,Croatia,2011,Male,18.63,73.95
EUR,Europe,HRV,Croatia,2012,Female,23.05,80.65
EUR,Europe,HRV,Croatia,2012,Male,18.64,74.01
EUR,Europe,HRV,Croatia,2013,Female,23.37,80.96
EUR,Europe,HRV,Croatia,2013,Male,18.98,74.64
EUR,Europe,HRV,Croatia,2014,Female,23.38,81.06
EUR,Europe,HRV,Croatia,2014,Male,19.2,74.96
EUR,Europe,HRV,Croatia,2015,Female,22.96,80.61
EUR,Europe,HRV,Croatia,2015,Male,18.83,74.55
EUR,Europe,HRV,Croatia,2016,Female,23.47,81.34
EUR,Europe,HRV,Croatia,2016,Male,19.3,75.16
EUR,Europe,HRV,Croatia,2017,Female,23.22,81.0
EUR,Europe,HRV,Croatia,2017,Male,19.25,75.19
EUR,Europe,HRV,Croatia,2018,Female,23.63,81.41
EUR,Europe,HRV,Croatia,2018,Male,19.36,75.24
EUR,Europe,HRV,Croatia,2019,Female,23.79,81.59
EUR,Europe,HRV,Croatia,2019,Male,19.71,75.58
EUR,Europe,HRV,Croatia,2020,Female,23.1,80.93
EUR,Europe,HRV,Croatia,2020,Male,18.81,74.81
EUR,Europe,HRV,Croatia,2021,Female,22.41,80.01
EUR,Europe,HRV,Croatia,2021,Male,18.01,73.78
EUR,Europe,HUN,Hungary,2000,Female,20.12,75.64
EUR,Europe,HUN,Hungary,2000,Male,15.31,67.11
EUR,Europe,HUN,Hungary,2001,Female,20.76,76.54
EUR,Europe,HUN,Hungary,2001,Male,16.09,68.21
EUR,Europe,HUN,Hungary,2002,Female,20.84,76.63
EUR,Europe,HUN,Hungary,2002,Male,16.06,68.29
EUR,Europe,HUN,Hungary,2003,Female,20.7,76.55
EUR,Europe,HUN,Hungary,2003,Male,15.88,68.29
EUR,Europe,HUN,Hungary,2004,Female,20.98,77.0
EUR,Europe,HUN,Hungary,2004,Male,16.18,68.66
EUR,Europe,HUN,Hungary,2005,Female,20.96,77.01
EUR,Europe,HUN,Hungary,2005,Male,16.16,68.63
EUR,Europe,HUN,Hungary,2006,Female,21.38,77.55
EUR,Europe,HUN,Hungary,2006,Male,16.47,69.12
EUR,Europe,HUN,Hungary,2007,Female,21.49,77.53
EUR,Europe,HUN,Hungary,2007,Male,16.49,69.29
EUR,Europe,HUN,Hungary,2008,Female,21.73,78.0
EUR,Europe,HUN,Hungary,2008,Male,16.74,69.87
EUR,Europe,HUN,Hungary,2009,Female,21.81,78.15
EUR,Europe,HUN,Hungary,2009,Male,16.79,70.16
EUR,Europe,HUN,Hungary,2010,Female,21.81,78.33
EUR,Europe,HUN,Hungary,2010,Male,16.98,70.63
EUR,Europe,HUN,Hungary,2011,Female,21.94,78.5
EUR,Europe,HUN,Hungary,2011,Male,17.14,71.12
EUR,Europe,HUN,Hungary,2012,Female,21.84,78.53
EUR,Europe,HUN,Hungary,2012,Male,17.24,71.51
EUR,Europe,HUN,Hungary,2013,Female,22.06,78.9
EUR,Europe,HUN,Hungary,2013,Male,17.51,72.06
EUR,Europe,HUN,Hungary,2014,Female,22.21,79.13
EUR,Europe,HUN,Hungary,2014,Male,17.58,72.21
EUR,Europe,HUN,Hungary,2015,Female,21.86,78.75
EUR,Europe,HUN,Hungary,2015,Male,17.44,72.19
EUR,Europe,HUN,Hungary,2016,Female,22.36,79.44
EUR,Europe,HUN,Hungary,2016,Male,17.59,72.52
EUR,Europe,HUN,Hungary,2017,Female,22.04,79.13
EUR,Europe,HUN,Hungary,2017,Male,17.41,72.49
EUR,Europe,HUN,Hungary,2018,Female,22.17,79.37
EUR,Europe,HUN,Hungary,2018,Male,17.46,72.64
EUR,Europe,HUN,Hungary,2019,Female,22.27,79.52
EUR,Europe,HUN,Hungary,2019,Male,17.72,72.98
EUR,Europe,HUN,Hungary,2020,Female,21.69,79.03
EUR,Europe,HUN,Hungary,2020,Male,16.91,72.38
EUR,Europe,HUN,Hungary,2021,Female,21.0,77.83
EUR,Europe,HUN,Hungary,2021,Male,16.02,70.94
EUR,Europe,IRL,Ireland,2000,Female,21.93,79.0
EUR,Europe,IRL,Ireland,2000,Male,18.34,73.88
EUR,Europe,IRL,Ireland,2001,Female,22.49,79.67
EUR,Europe,IRL,Ireland,2001,Male,18.73,74.45
EUR,Europe,IRL,Ireland,2002,Female,22.75,80.12
EUR,Europe,IRL,Ireland,2002,Male,19.17,74.87
EUR,Europe,IRL,Ireland,2003,Female,22.94,80.37
EUR,Europe,IRL,Ireland,2003,Male,19.56,75.65
EUR,Europe,IRL,Ireland,2004,Female,23.39,80.83
EUR,Europe,IRL,Ireland,2004,Male,19.86,75.94
EUR,Europe,IRL,Ireland,2005,Female,23.61,81.1
EUR,Europe,IRL,Ireland,2005,Male,20.33,76.51
EUR,Europe,IRL,Ireland,2006,Female,23.81,81.32
EUR,Europe,IRL,Ireland,2006,Male,20.49,76.79
EUR,Europe,IRL,Ireland,2007,Female,23.9,81.59
EUR,Europe,IRL,Ireland,2007,Male,20.77,77.1
EUR,Europe,IRL,Ireland,2008,Female,24.23,81.8
EUR,Europe,IRL,Ireland,2008,Male,20.93,77.37
EUR,Europe,IRL,Ireland,2009,Female,24.35,81.93
EUR,Europe,IRL,Ireland,2009,Male,20.98,77.15
EUR,Europe,IRL,Ireland,2010,Female,24.83,82.65
EUR,Europe,IRL,Ireland,2010,Male,21.93,78.53
EUR,Europe,IRL,Ireland,2011,Female,24.67,82.43
EUR,Europe,IRL,Ireland,2011,Male,21.77,78.31
EUR,Europe,IRL,Ireland,2012,Female,24.75,82.57
EUR,Europe,IRL,Ireland,2012,Male,21.74,78.4
EUR,Europe,IRL,Ireland,2013,Female,24.71,82.64
EUR,Europe,IRL,Ireland,2013,Male,21.98,78.77
EUR,Europe,IRL,Ireland,2014,Female,24.95,82.95
EUR,Europe,IRL,Ireland,2014,Male,22.32,79.13
EUR,Europe,IRL,Ireland,2015,Female,24.94,82.91
EUR,Europe,IRL,Ireland,2015,Male,22.31,79.34
EUR,Europe,IRL,Ireland,2016,Female,25.19,83.19
EUR,Europe,IRL,Ireland,2016,Male,22.57,79.6
EUR,Europe,IRL,Ireland,2017,Female,25.3,83.35
EUR,Europe,IRL,Ireland,2017,Male,22.72,79.84
EUR,Europe,IRL,Ireland,2018,Female,25.35,83.41
EUR,Europe,IRL,Ireland,2018,Male,22.79,80.0
EUR,Europe,IRL,Ireland,2019,Female,25.48,83.6
EUR,Europe,IRL,Ireland,2019,Male,23.0,80.27
EUR,Europe,IRL,Ireland,2020,Female,25.38,83.47
EUR,Europe,IRL,Ireland,2020,Male,22.59,79.93
EUR,Europe,IRL,Ireland,2021,Female,25.21,83.35
EUR,Europe,IRL,Ireland,2021,Male,22.57,79.87
EUR,Europe,ISL,Iceland,2000,Female,23.97,81.65
EUR,Europe,ISL,Iceland,2000,Male,21.18,77.72
EUR,Europe,ISL,Iceland,2001,Female,24.14,81.87
EUR,Europe,ISL,Iceland,2001,Male,21.47,78.1
EUR,Europe,ISL,Iceland,2002,Female,24.37,82.15
EUR,Europe,ISL,Iceland,2002,Male,21.63,78.42
EUR,Europe,ISL,Iceland,2003,Female,24.56,82.38
EUR,Europe,ISL,Iceland,2003,Male,21.76,78.72
EUR,Europe,ISL,Iceland,2004,Female,24.66,82.53
EUR,Europe,ISL,Iceland,2004,Male,21.86,78.96
EUR,Europe,ISL,Iceland,2005,Female,24.67,82.62
EUR,Europe,ISL,Iceland,2005,Male,22.0,79.15
EUR,Europe,ISL,Iceland,2006,Female,24.71,82.74
EUR,Europe,ISL,Iceland,2006,Male,22.14,79.31
EUR,Europe,ISL,Iceland,2007,Female,24.75,82.86
EUR,Europe,ISL,Iceland,2007,Male,22.26,79.42
EUR,Europe,ISL,Iceland,2008,Female,24.82,83.0
EUR,Europe,ISL,Iceland,2008,Male,22.38,79.58
EUR,Europe,ISL,Iceland,2009,Female,24.91,83.17
EUR,Europe,ISL,Iceland,2009,Male,22.56,79.82
EUR,Europe,ISL,Iceland,2010,Female,25.02,83.32
EUR,Europe,ISL,Iceland,2010,Male,22.73,80.02
EUR,Europe,ISL,Iceland,2011,Female,25.14,83.45
EUR,Europe,ISL,Iceland,2011,Male,22.94,80.24
EUR,Europe,ISL,Iceland,2012,Female,25.21,83.5
EUR,Europe,ISL,Iceland,2012,Male,23.13,80.44
EUR,Europe,ISL,Iceland,2013,Female,25.23,83.52
EUR,Europe,ISL,Iceland,2013,Male,23.29,80.59
EUR,Europe,ISL,Iceland,2014,Female,25.23,83.52
EUR,Europe,ISL,Iceland,2014,Male,23.38,80.64
EUR,Europe,ISL,Iceland,2015,Female,25.28,83.58
EUR,Europe,ISL,Iceland,2015,Male,23.45,80.65
EUR,Europe,ISL,Iceland,2016,Female,25.36,83.64
EUR,Europe,ISL,Iceland,2016,Male,23.53,80.7
EUR,Europe,ISL,Iceland,2017,Female,25.44,83.75
EUR,Europe,ISL,Iceland,2017,Male,23.64,80.81
EUR,Europe,ISL,Iceland,2018,Female,25.53,83.84
EUR,Europe,ISL,Iceland,2018,Male,23.81,80.95
EUR,Europe,ISL,Iceland,2019,Female,25.67,83.9
EUR,Europe,ISL,Iceland,2019,Male,23.96,81.1
EUR,Europe,ISL,Iceland,2020,Female,25.68,83.91
EUR,Europe,ISL,Iceland,2020,Male,24.06,81.27
EUR,Europe,ISL,Iceland,2021,Female,25.68,83.89
EUR,Europe,ISL,Iceland,2021,Male,24.05,81.33
EUR,Europe,ISR,Israel,2000,Female,23.13,80.63
EUR,Europe,ISR,Israel,2000,Male,20.57,76.34
EUR,Europe,ISR,Israel,2001,Female,23.57,81.04
EUR,Europe,ISR,Israel,2001,Male,20.84,76.46
EUR,Europe,ISR,Israel,2002,Female,23.47,80.88
EUR,Europe,ISR,Israel,2002,Male,20.92,76.15
EUR,Europe,ISR,Israel,2003,Female,23.63,81.22
EUR,Europe,ISR,Israel,2003,Male,21.01,76.86
EUR,Europe,ISR,Israel,2004,Female,23.96,81.65
EUR,Europe,ISR,Israel,2004,Male,21.37,77.32
EUR,Europe,ISR,Israel,2005,Female,23.89,81.61
EUR,Europe,ISR,Israel,2005,Male,21.48,77.69
EUR,Europe,ISR,Israel,2006,Female,24.15,81.88
EUR,Europe,ISR,Israel,2006,Male,21.89,77.93
EUR,Europe,ISR,Israel,2007,Female,24.18,82.01
EUR,Europe,ISR,Israel,2007,Male,21.79,78.13
EUR,Europe,ISR,Israel,2008,Female,24.54,82.42
EUR,Europe,ISR,Israel,2008,Male,22.22,78.33
EUR,Europe,ISR,Israel,2009,Female,25.18,83.04
EUR,Europe,ISR,Israel,2009,Male,22.76,79.1
EUR,Europe,ISR,Israel,2010,Female,25.31,83.35
EUR,Europe,ISR,Israel,2010,Male,22.8,79.6
EUR,Europe,ISR,Israel,2011,Female,25.34,83.37
EUR,Europe,ISR,Israel,2011,Male,22.89,79.81
EUR,Europe,ISR,Israel,2012,Female,25.19,83.33
EUR,Europe,ISR,Israel,2012,Male,22.77,79.7
EUR,Europe,ISR,Israel,2013,Female,25.48,83.6
EUR,Europe,ISR,Israel,2013,Male,23.14,80.13
EUR,Europe,ISR,Israel,2014,Female,25.65,83.57
EUR,Europe,ISR,Israel,2014,Male,23.06,79.12
EUR,Europe,ISR,Israel,2015,Female,25.58,83.79
EUR,Europe,ISR,Israel,2015,Male,22.86,79.94
EUR,Europe,ISR,Israel,2016,Female,25.73,83.92
EUR,Europe,ISR,Israel,2016,Male,23.33,80.44
EUR,Europe,ISR,Israel,2017,Female,26.0,84.24
EUR,Europe,ISR,Israel,2017,Male,23.27,80.42
EUR,Europe,ISR,Israel,2018,Female,26.14,84.44
EUR,Europe,ISR,Israel,2018,Male,23.58,80.66
EUR,Europe,ISR,Israel,2019,Female,26.02,84.32
EUR,Europe,ISR,Israel,2019,Male,23.61,80.74
EUR,Europe,ISR,Israel,2020,Female,25.95,84.3
EUR,Europe,ISR,Israel,2020,Male,23.08,80.36
EUR,Europe,ISR,Israel,2021,Female,23.73,82.09
EUR,Europe,ISR,Israel,2021,Male,25.46,82.39
EUR,Europe,ITA,Italy,2000,Female,24.47,82.15
EUR,Europe,ITA,Italy,2000,Male,20.28,76.41
EUR,Europe,ITA,Italy,2001,Female,24.76,82.47
EUR,Europe,ITA,Italy,2001,Male,20.58,76.7
EUR,Europe,ITA,Italy,2002,Female,24.96,82.71
EUR,Europe,ITA,Italy,2002,Male,20.78,77.01
EUR,Europe,ITA,Italy,2003,Female,24.63,82.45
EUR,Europe,ITA,Italy,2003,Male,20.64,77.02
EUR,Europe,ITA,Italy,2004,Female,25.26,83.16
EUR,Europe,ITA,Italy,2004,Male,21.21,77.7
EUR,Europe,ITA,Italy,2005,Female,25.11,83.06
EUR,Europe,ITA,Italy,2005,Male,21.21,77.78
EUR,Europe,ITA,Italy,2006,Female,25.62,83.62
EUR,Europe,ITA,Italy,2006,Male,21.67,78.31
EUR,Europe,ITA,Italy,2007,Female,25.63,83.65
EUR,Europe,ITA,Italy,2007,Male,21.81,78.51
EUR,Europe,ITA,Italy,2008,Female,25.74,83.8
EUR,Europe,ITA,Italy,2008,Male,21.96,78.75
EUR,Europe,ITA,Italy,2009,Female,25.83,83.87
EUR,Europe,ITA,Italy,2009,Male,22.09,78.98
EUR,Europe,ITA,Italy,2010,Female,26.1,84.22
EUR,Europe,ITA,Italy,2010,Male,22.36,79.38
EUR,Europe,ITA,Italy,2011,Female,26.01,84.12
EUR,Europe,ITA,Italy,2011,Male,22.36,79.35
EUR,Europe,ITA,Italy,2012,Female,25.92,84.06
EUR,Europe,ITA,Italy,2012,Male,22.36,79.44
EUR,Europe,ITA,Italy,2013,Female,26.3,84.5
EUR,Europe,ITA,Italy,2013,Male,22.77,79.9
EUR,Europe,ITA,Italy,2014,Female,26.48,84.75
EUR,Europe,ITA,Italy,2014,Male,23.0,80.29
EUR,Europe,ITA,Italy,2015,Female,26.01,84.26
EUR,Europe,ITA,Italy,2015,Male,22.75,80.0
EUR,Europe,ITA,Italy,2016,Female,26.54,84.87
EUR,Europe,ITA,Italy,2016,Male,23.23,80.7
EUR,Europe,ITA,Italy,2017,Female,26.22,84.51
EUR,Europe,ITA,Italy,2017,Male,23.04,80.39
EUR,Europe,ITA,Italy,2018,Female,26.48,84.77
EUR,Europe,ITA,Italy,2018,Male,23.34,80.66
EUR,Europe,ITA,Italy,2019,Female,26.56,84.91
EUR,Europe,ITA,Italy,2019,Male,23.53,80.94
EUR,Europe,ITA,Italy,2020,Female,25.64,84.05
EUR,Europe,ITA,Italy,2020,Male,22.21,79.76
EUR,Europe,ITA,Italy,2021,Female,26.01,84.33
EUR,Europe,ITA,Italy,2021,Male,22.59,79.98
EUR,Europe,KAZ,Kazakhstan,2000,Female,18.28,70.18
EUR,Europe,KAZ,Kazakhstan,2000,Male,12.92,58.8
EUR,Europe,KAZ,Kazakhstan,2001,Female,18.14,70.27
EUR,Europe,KAZ,Kazakhstan,2001,Male,13.52,59.34
EUR,Europe,KAZ,Kazakhstan,2002,Female,18.16,70.54
EUR,Europe,KAZ,Kazakhstan,2002,Male,13.48,59.7
EUR,Europe,KAZ,Kazakhstan,2003,Female,17.94,70.44
EUR,Europe,KAZ,Kazakhstan,2003,Male,13.04,59.37
EUR,Europe,KAZ,Kazakhstan,2004,Female,18.36,70.95
EUR,Europe,KAZ,Kazakhstan,2004,Male,13.58,59.54
EUR,Europe,KAZ,Kazakhstan,2005,Female,18.32,70.95
EUR,Europe,KAZ,Kazakhstan,2005,Male,13.49,59.45
EUR,Europe,KAZ,Kazakhstan,2006,Female,18.53,71.28
EUR,Europe,KAZ,Kazakhstan,2006,Male,13.82,59.8
EUR,Europe,KAZ,Kazakhstan,2007,Female,18.74,71.74
EUR,Europe,KAZ,Kazakhstan,2007,Male,13.78,60.1
EUR,Europe,KAZ,Kazakhstan,2008,Female,18.98,72.49
EUR,Europe,KAZ,Kazakhstan,2008,Male,14.24,61.82
EUR,Europe,KAZ,Kazakhstan,2009,Female,19.49,73.48
EUR,Europe,KAZ,Kazakhstan,2009,Male,14.77,63.45
EUR,Europe,KAZ,Kazakhstan,2010,Female,19.19,73.38
EUR,Europe,KAZ,Kazakhstan,2010,Male,14.58,63.52
EUR,Europe,KAZ,Kazakhstan,2011,Female,19.33,73.87
EUR,Europe,KAZ,Kazakhstan,2011,Male,14.73,64.23
EUR,Europe,KAZ,Kazakhstan,2012,Female,19.61,74.35
EUR,Europe,KAZ,Kazakhstan,2012,Male,14.87,64.82
EUR,Europe,KAZ,Kazakhstan,2013,Female,20.14,75.24
EUR,Europe,KAZ,Kazakhstan,2013,Male,15.42,65.87
EUR,Europe,KAZ,Kazakhstan,2014,Female,20.42,75.78
EUR,Europe,KAZ,Kazakhstan,2014,Male,15.71,66.86
EUR,Europe,KAZ,Kazakhstan,2015,Female,20.62,76.21
EUR,Europe,KAZ,Kazakhstan,2015,Male,15.91,67.41
EUR,Europe,KAZ,Kazakhstan,2016,Female,20.71,76.51
EUR,Europe,KAZ,Kazakhstan,2016,Male,15.96,67.93
EUR,Europe,KAZ,Kazakhstan,2017,Female,20.99,76.89
EUR,Europe,KAZ,Kazakhstan,2017,Male,16.29,68.67
EUR,Europe,KAZ,Kazakhstan,2018,Female,21.13,77.09
EUR,Europe,KAZ,Kazakhstan,2018,Male,16.41,68.86
EUR,Europe,KAZ,Kazakhstan,2019,Female,21.16,77.2
EUR,Europe,KAZ,Kazakhstan,2019,Male,16.43,68.84
EUR,Europe,KAZ,Kazakhstan,2020,Female,19.61,75.34
EUR,Europe,KAZ,Kazakhstan,2020,Male,14.6,67.04
EUR,Europe,KAZ,Kazakhstan,2021,Female,18.3,73.94
EUR,Europe,KAZ,Kazakhstan,2021,Male,13.91,66.37
EUR,Europe,KGZ,Kyrgyzstan,2000,Female,17.6,69.38
EUR,Europe,KGZ,Kyrgyzstan,2000,Male,15.26,62.52
EUR,Europe,KGZ,Kyrgyzstan,2001,Female,18.18,70.2
EUR,Europe,KGZ,Kyrgyzstan,2001,Male,15.69,63.18
EUR,Europe,KGZ,Kyrgyzstan,2002,Female,17.38,69.64
EUR,Europe,KGZ,Kyrgyzstan,2002,Male,14.89,62.93
EUR,Europe,KGZ,Kyrgyzstan,2003,Female,17.19,69.63
EUR,Europe,KGZ,Kyrgyzstan,2003,Male,14.59,62.94
EUR,Europe,KGZ,Kyrgyzstan,2004,Female,17.8,70.37
EUR,Europe,KGZ,Kyrgyzstan,2004,Male,15.2,63.68
EUR,Europe,KGZ,Kyrgyzstan,2005,Female,17.96,70.76
EUR,Europe,KGZ,Kyrgyzstan,2005,Male,14.71,63.39
EUR,Europe,KGZ,Kyrgyzstan,2006,Female,18.21,71.15
EUR,Europe,KGZ,Kyrgyzstan,2006,Male,14.68,63.17
EUR,Europe,KGZ,Kyrgyzstan,2007,Female,18.89,72.14
EUR,Europe,KGZ,Kyrgyzstan,2007,Male,14.93,63.6
EUR,Europe,KGZ,Kyrgyzstan,2008,Female,18.91,72.32
EUR,Europe,KGZ,Kyrgyzstan,2008,Male,15.26,64.35
EUR,Europe,KGZ,Kyrgyzstan,2009,Female,19.14,72.92
EUR,Europe,KGZ,Kyrgyzstan,2009,Male,15.27,64.92
EUR,Europe,KGZ,Kyrgyzstan,2010,Female,19.31,73.3
EUR,Europe,KGZ,Kyrgyzstan,2010,Male,15.53,65.15
EUR,Europe,KGZ,Kyrgyzstan,2011,Female,19.38,73.52
EUR,Europe,KGZ,Kyrgyzstan,2011,Male,15.39,65.64
EUR,Europe,KGZ,Kyrgyzstan,2012,Female,19.5,73.94
EUR,Europe,KGZ,Kyrgyzstan,2012,Male,15.55,66.04
EUR,Europe,KGZ,Kyrgyzstan,2013,Female,20.1,74.7
EUR,Europe,KGZ,Kyrgyzstan,2013,Male,16.1,66.78
EUR,Europe,KGZ,Kyrgyzstan,2014,Female,19.96,74.83
EUR,Europe,KGZ,Kyrgyzstan,2014,Male,15.76,66.98
EUR,Europe,KGZ,Kyrgyzstan,2015,Female,20.24,75.21
EUR,Europe,KGZ,Kyrgyzstan,2015,Male,16.28,67.84
EUR,Europe,KGZ,Kyrgyzstan,2016,Female,20.79,76.12
EUR,Europe,KGZ,Kyrgyzstan,2016,Male,16.91,69.12
EUR,Europe,KGZ,Kyrgyzstan,2017,Female,20.97,76.4
EUR,Europe,KGZ,Kyrgyzstan,2017,Male,16.93,69.13
EUR,Europe,KGZ,Kyrgyzstan,2018,Female,21.24,76.8
EUR,Europe,KGZ,Kyrgyzstan,2018,Male,17.15,69.67
EUR,Europe,KGZ,Kyrgyzstan,2019,Female,21.4,77.14
EUR,Europe,KGZ,Kyrgyzstan,2019,Male,17.19,69.92
EUR,Europe,KGZ,Kyrgyzstan,2020,Female,19.61,75.08
EUR,Europe,KGZ,Kyrgyzstan,2020,Male,15.19,67.84
EUR,Europe,KGZ,Kyrgyzstan,2021,Female,20.26,75.76
EUR,Europe,KGZ,Kyrgyzstan,2021,Male,15.98,68.53
EUR,Europe,LTU,Lithuania,2000,Female,21.66,77.27
EUR,Europe,LTU,Lithuania,2000,Male,16.45,66.59
EUR,Europe,LTU,Lithuania,2001,Female,21.67,77.11
EUR,Europe,LTU,Lithuania,2001,Male,16.18,65.88
EUR,Europe,LTU,Lithuania,2002,Female,21.54,77.24
EUR,Europe,LTU,Lithuania,2002,Male,16.08,66.09
EUR,Europe,LTU,Lithuania,2003,Female,21.84,77.43
EUR,Europe,LTU,Lithuania,2003,Male,16.17,66.22
EUR,Europe,LTU,Lithuania,2004,Female,21.81,77.56
EUR,Europe,LTU,Lithuania,2004,Male,16.24,66.18
EUR,Europe,LTU,Lithuania,2005,Female,21.68,77.17
EUR,Europe,LTU,Lithuania,2005,Male,15.77,65.18
EUR,Europe,LTU,Lithuania,2006,Female,21.6,76.95
EUR,Europe,LTU,Lithuania,2006,Male,15.67,65.01
EUR,Europe,LTU,Lithuania,2007,Female,21.83,77.11
EUR,Europe,LTU,Lithuania,2007,Male,15.51,64.4
EUR,Europe,LTU,Lithuania,2008,Female,22.06,77.44
EUR,Europe,LTU,Lithuania,2008,Male,16.13,65.87
EUR,Europe,LTU,Lithuania,2009,Female,22.39,78.39
EUR,Europe,LTU,Lithuania,2009,Male,16.22,67.12
EUR,Europe,LTU,Lithuania,2010,Female,22.49,78.65
EUR,Europe,LTU,Lithuania,2010,Male,16.37,67.45
EUR,Europe,LTU,Lithuania,2011,Female,22.83,79.0
EUR,Europe,LTU,Lithuania,2011,Male,16.59,68.01
EUR,Europe,LTU,Lithuania,2012,Female,22.97,79.28
EUR,Europe,LTU,Lithuania,2012,Male,16.74,68.31
EUR,Europe,LTU,Lithuania,2013,Female,22.9,79.24
EUR,Europe,LTU,Lithuania,2013,Male,16.87,68.41
EUR,Europe,LTU,Lithuania,2014,Female,23.24,79.83
EUR,Europe,LTU,Lithuania,2014,Male,17.14,69.05
EUR,Europe,LTU,Lithuania,2015,Female,22.95,79.53
EUR,Europe,LTU,Lithuania,2015,Male,16.89,69.11
EUR,Europe,LTU,Lithuania,2016,Female,23.16,79.91
EUR,Europe,LTU,Lithuania,2016,Male,17.04,69.41
EUR,Europe,LTU,Lithuania,2017,Female,23.32,80.13
EUR,Europe,LTU,Lithuania,2017,Male,17.43,70.63
EUR,Europe,LTU,Lithuania,2018,Female,23.51,80.43
EUR,Europe,LTU,Lithuania,2018,Male,17.54,70.88
EUR,Europe,LTU,Lithuania,2019,Female,23.8,80.82
EUR,Europe,LTU,Lithuania,2019,Male,17.87,71.45
EUR,Europe,LTU,Lithuania,2020,Female,22.93,79.77
EUR,Europe,LTU,Lithuania,2020,Male,16.65,69.98
EUR,Europe,LTU,Lithuania,2021,Female,21.93,78.65
EUR,Europe,LTU,Lithuania,2021,Male,16.39,69.59
EUR,Europe,LUX,Luxembourg,2000,Female,23.84,81.28
EUR,Europe,LUX,Luxembourg,2000,Male,19.5,75.36
EUR,Europe,LUX,Luxembourg,2001,Female,23.9,81.44
EUR,Europe,LUX,Luxembourg,2001,Male,19.68,75.61
EUR,Europe,LUX,Luxembourg,2002,Female,23.91,81.55
EUR,Europe,LUX,Luxembourg,2002,Male,19.87,75.89
EUR,Europe,LUX,Luxembourg,2003,Female,23.99,81.71
EUR,Europe,LUX,Luxembourg,2003,Male,20.1,76.19
EUR,Europe,LUX,Luxembourg,2004,Female,24.05,81.85
EUR,Europe,LUX,Luxembourg,2004,Male,20.3,76.51
EUR,Europe,LUX,Luxembourg,2005,Female,24.24,82.07
EUR,Europe,LUX,Luxembourg,2005,Male,20.57,76.92
EUR,Europe,LUX,Luxembourg,2006,Female,24.42,82.29
EUR,Europe,LUX,Luxembourg,2006,Male,20.85,77.37
EUR,Europe,LUX,Luxembourg,2007,Female,24.66,82.55
EUR,Europe,LUX,Luxembourg,2007,Male,21.14,77.81
EUR,Europe,LUX,Luxembourg,2008,Female,24.87,82.79
EUR,Europe,LUX,Luxembourg,2008,Male,21.34,78.16
EUR,Europe,LUX,Luxembourg,2009,Female,25.19,83.14
EUR,Europe,LUX,Luxembourg,2009,Male,21.59,78.52
EUR,Europe,LUX,Luxembourg,2010,Female,25.33,83.31
EUR,Europe,LUX,Luxembourg,2010,Male,21.83,78.87
EUR,Europe,LUX,Luxembourg,2011,Female,25.45,83.48
EUR,Europe,LUX,Luxembourg,2011,Male,22.04,79.17
EUR,Europe,LUX,Luxembourg,2012,Female,25.48,83.57
EUR,Europe,LUX,Luxembourg,2012,Male,22.24,79.45
EUR,Europe,LUX,Luxembourg,2013,Female,25.69,83.89
EUR,Europe,LUX,Luxembourg,2013,Male,22.49,79.78
EUR,Europe,LUX,Luxembourg,2014,Female,25.84,84.13
EUR,Europe,LUX,Luxembourg,2014,Male,22.74,80.11
EUR,Europe,LUX,Luxembourg,2015,Female,25.97,84.35
EUR,Europe,LUX,Luxembourg,2015,Male,22.89,80.36
EUR,Europe,LUX,Luxembourg,2016,Female,26.04,84.49
EUR,Europe,LUX,Luxembourg,2016,Male,23.0,80.56
EUR,Europe,LUX,Luxembourg,2017,Female,26.12,84.62
EUR,Europe,LUX,Luxembourg,2017,Male,23.12,80.74
EUR,Europe,LUX,Luxembourg,2018,Female,26.18,84.69
EUR,Europe,LUX,Luxembourg,2018,Male,23.24,80.9
EUR,Europe,LUX,Luxembourg,2019,Female,26.22,84.74
EUR,Europe,LUX,Luxembourg,2019,Male,23.13,80.83
EUR,Europe,LUX,Luxembourg,2020,Female,26.27,84.79
EUR,Europe,LUX,Luxembourg,2020,Male,23.16,80.85
EUR,Europe,LUX,Luxembourg,2021,Female,26.28,84.79
EUR,Europe,LUX,Luxembourg,2021,Male,23.09,80.77
EUR,Europe,LVA,Latvia,2000,Female,20.64,75.63
EUR,Europe,LVA,Latvia,2000,Male,15.06,64.62
EUR,Europe,LVA,Latvia,2001,Female,20.45,75.31
EUR,Europe,LVA,Latvia,2001,Male,14.99,64.19
EUR,Europe,LVA,Latvia,2002,Female,20.59,75.7
EUR,Europe,LVA,Latvia,2002,Male,14.97,64.43
EUR,Europe,LVA,Latvia,2003,Female,20.45,75.54
EUR,Europe,LVA,Latvia,2003,Male,15.15,65.35
EUR,Europe,LVA,Latvia,2004,Female,20.7,75.92
EUR,Europe,LVA,Latvia,2004,Male,15.07,65.51
EUR,Europe,LVA,Latvia,2005,Female,20.78,76.11
EUR,Europe,LVA,Latvia,2005,Male,14.73,64.82
EUR,Europe,LVA,Latvia,2006,Female,20.77,75.9
EUR,Europe,LVA,Latvia,2006,Male,14.87,64.8
EUR,Europe,LVA,Latvia,2007,Female,20.83,76.2
EUR,Europe,LVA,Latvia,2007,Male,15.08,65.23
EUR,Europe,LVA,Latvia,2008,Female,21.41,77.1
EUR,Europe,LVA,Latvia,2008,Male,15.43,66.4
EUR,Europe,LVA,Latvia,2009,Female,21.7,77.55
EUR,Europe,LVA,Latvia,2009,Male,15.87,67.47
EUR,Europe,LVA,Latvia,2010,Female,21.7,77.75
EUR,Europe,LVA,Latvia,2010,Male,15.82,67.71
EUR,Europe,LVA,Latvia,2011,Female,22.28,78.43
EUR,Europe,LVA,Latvia,2011,Male,16.25,68.55
EUR,Europe,LVA,Latvia,2012,Female,22.16,78.62
EUR,Europe,LVA,Latvia,2012,Male,16.4,68.79
EUR,Europe,LVA,Latvia,2013,Female,22.36,78.62
EUR,Europe,LVA,Latvia,2013,Male,16.74,69.27
EUR,Europe,LVA,Latvia,2014,Female,22.8,79.3
EUR,Europe,LVA,Latvia,2014,Male,16.7,69.27
EUR,Europe,LVA,Latvia,2015,Female,22.65,79.33
EUR,Europe,LVA,Latvia,2015,Male,17.14,69.96
EUR,Europe,LVA,Latvia,2016,Female,22.86,79.54
EUR,Europe,LVA,Latvia,2016,Male,16.99,70.04
EUR,Europe,LVA,Latvia,2017,Female,22.84,79.53
EUR,Europe,LVA,Latvia,2017,Male,17.02,70.1
EUR,Europe,LVA,Latvia,2018,Female,22.83,79.54
EUR,Europe,LVA,Latvia,2018,Male,17.15,70.28
EUR,Europe,LVA,Latvia,2019,Female,23.26,79.97
EUR,Europe,LVA,Latvia,2019,Male,17.44,71.05
EUR,Europe,LVA,Latvia,2020,Female,22.91,79.86
EUR,Europe,LVA,Latvia,2020,Male,17.17,70.85
EUR,Europe,LVA,Latvia,2021,Female,21.37,77.9
EUR,Europe,LVA,Latvia,2021,Male,15.7,68.5
EUR,Europe,MDA,Republic of Moldova,2000,Female,16.39,69.52
EUR,Europe,MDA,Republic of Moldova,2000,Male,13.12,61.8
EUR,Europe,MDA,Republic of Moldova,2001,Female,16.7,70.11
EUR,Europe,MDA,Republic of Moldova,2001,Male,13.36,62.3
EUR,Europe,MDA,Republic of Moldova,2002,Female,16.37,70.01
EUR,Europe,MDA,Republic of Moldova,2002,Male,12.98,62.27
EUR,Europe,MDA,Republic of Moldova,2003,Female,16.15,69.99
EUR,Europe,MDA,Republic of Moldova,2003,Male,12.84,62.41
EUR,Europe,MDA,Republic of Moldova,2004,Female,16.6,70.78
EUR,Europe,MDA,Republic of Moldova,2004,Male,12.95,62.55
EUR,Europe,MDA,Republic of Moldova,2005,Female,16.2,70.29
EUR,Europe,MDA,Republic of Moldova,2005,Male,12.68,61.81
EUR,Europe,MDA,Republic of Moldova,2006,Female,16.74,70.88
EUR,Europe,MDA,Republic of Moldova,2006,Male,13.25,62.62
EUR,Europe,MDA,Republic of Moldova,2007,Female,17.17,71.33
EUR,Europe,MDA,Republic of Moldova,2007,Male,13.76,63.16
EUR,Europe,MDA,Republic of Moldova,2008,Female,17.64,72.04
EUR,Europe,MDA,Republic of Moldova,2008,Male,14.06,63.63
EUR,Europe,MDA,Republic of Moldova,2009,Female,17.79,72.47
EUR,Europe,MDA,Republic of Moldova,2009,Male,13.84,63.69
EUR,Europe,MDA,Republic of Moldova,2010,Female,17.77,72.52
EUR,Europe,MDA,Republic of Moldova,2010,Male,13.64,63.21
EUR,Europe,MDA,Republic of Moldova,2011,Female,18.81,74.22
EUR,Europe,MDA,Republic of Moldova,2011,Male,14.54,65.45
EUR,Europe,MDA,Republic of Moldova,2012,Female,19.21,74.63
EUR,Europe,MDA,Republic of Moldova,2012,Male,14.86,65.9
EUR,Europe,MDA,Republic of Moldova,2013,Female,19.6,75.25
EUR,Europe,MDA,Republic of Moldova,2013,Male,15.58,67.3
EUR,Europe,MDA,Republic of Moldova,2014,Female,19.42,74.97
EUR,Europe,MDA,Republic of Moldova,2014,Male,15.57,67.18
EUR,Europe,MDA,Republic of Moldova,2015,Female,19.53,75.07
EUR,Europe,MDA,Republic of Moldova,2015,Male,15.58,67.17
EUR,Europe,MDA,Republic of Moldova,2016,Female,20.01,75.8
EUR,Europe,MDA,Republic of Moldova,2016,Male,15.89,67.79
EUR,Europe,MDA,Republic of Moldova,2017,Female,20.5,76.63
EUR,Europe,MDA,Republic of Moldova,2017,Male,16.42,68.95
EUR,Europe,MDA,Republic of Moldova,2018,Female,20.64,76.81
EUR,Europe,MDA,Republic of Moldova,2018,Male,16.35,68.87
EUR,Europe,MDA,Republic of Moldova,2019,Female,20.92,77.17
EUR,Europe,MDA,Republic of Moldova,2019,Male,16.63,69.32
EUR,Europe,MDA,Republic of Moldova,2020,Female,19.81,75.88
EUR,Europe,MDA,Republic of Moldova,2020,Male,15.11,68.26
EUR,Europe,MDA,Republic of Moldova,2021,Female,18.0,73.63
EUR,Europe,MDA,Republic of Moldova,2021,Male,13.47,65.53
EUR,Europe,MKD,North Macedonia,2000,Female,19.0,75.22
EUR,Europe,MKD,North Macedonia,2000,Male,16.53,70.81
EUR,Europe,MKD,North Macedonia,2001,Female,19.58,75.94
EUR,Europe,MKD,North Macedonia,2001,Male,16.79,70.75
EUR,Europe,MKD,North Macedonia,2002,Female,19.03,75.48
EUR,Europe,MKD,North Macedonia,2002,Male,16.48,70.49
EUR,Europe,MKD,North Macedonia,2003,Female,19.13,75.61
EUR,Europe,MKD,North Macedonia,2003,Male,16.74,70.95
EUR,Europe,MKD,North Macedonia,2004,Female,19.28,75.83
EUR,Europe,MKD,North Macedonia,2004,Male,16.91,71.49
EUR,Europe,MKD,North Macedonia,2005,Female,19.3,75.87
EUR,Europe,MKD,North Macedonia,2005,Male,16.97,71.67
EUR,Europe,MKD,North Macedonia,2006,Female,19.44,76.05
EUR,Europe,MKD,North Macedonia,2006,Male,17.02,71.67
EUR,Europe,MKD,North Macedonia,2007,Female,19.18,75.77
EUR,Europe,MKD,North Macedonia,2007,Male,16.78,71.61
EUR,Europe,MKD,North Macedonia,2008,Female,19.58,76.36
EUR,Europe,MKD,North Macedonia,2008,Male,17.16,72.32
EUR,Europe,MKD,North Macedonia,2009,Female,19.79,76.71
EUR,Europe,MKD,North Macedonia,2009,Male,17.41,72.51
EUR,Europe,MKD,North Macedonia,2010,Female,20.04,77.01
EUR,Europe,MKD,North Macedonia,2010,Male,17.43,72.72
EUR,Europe,MKD,North Macedonia,2011,Female,19.93,77.02
EUR,Europe,MKD,North Macedonia,2011,Male,17.47,72.94
EUR,Europe,MKD,North Macedonia,2012,Female,19.93,76.91
EUR,Europe,MKD,North Macedonia,2012,Male,17.46,72.98
EUR,Europe,MKD,North Macedonia,2013,Female,20.5,77.53
EUR,Europe,MKD,North Macedonia,2013,Male,17.92,73.35
EUR,Europe,MKD,North Macedonia,2014,Female,20.25,77.3
EUR,Europe,MKD,North Macedonia,2014,Male,17.75,73.23
EUR,Europe,MKD,North Macedonia,2015,Female,20.22,77.28
EUR,Europe,MKD,North Macedonia,2015,Male,17.87,73.43
EUR,Europe,MKD,North Macedonia,2016,Female,20.53,77.66
EUR,Europe,MKD,North Macedonia,2016,Male,17.96,73.48
EUR,Europe,MKD,North Macedonia,2017,Female,20.64,77.92
EUR,Europe,MKD,North Macedonia,2017,Male,18.15,74.05
EUR,Europe,MKD,North Macedonia,2018,Female,21.09,78.49
EUR,Europe,MKD,North Macedonia,2018,Male,18.53,74.44
EUR,Europe,MKD,North Macedonia,2019,Female,19.23,76.92
EUR,Europe,MKD,North Macedonia,2019,Male,20.37,76.25
EUR,Europe,MKD,North Macedonia,2020,Female,19.6,76.73
EUR,Europe,MKD,North Macedonia,2020,Male,16.3,72.12
EUR,Europe,MKD,North Macedonia,2021,Female,18.74,75.24
EUR,Europe,MKD,North Macedonia,2021,Male,15.94,70.85
EUR,Europe,MLT,Malta,2000,Female,22.38,80.02
EUR,Europe,MLT,Malta,2000,Male,19.03,75.49
EUR,Europe,MLT,Malta,2001,Female,22.58,80.24
EUR,Europe,MLT,Malta,2001,Male,19.26,75.85
EUR,Europe,MLT,Malta,2002,Female,22.8,80.49
EUR,Europe,MLT,Malta,2002,Male,19.51,76.18
EUR,Europe,MLT,Malta,2003,Female,23.03,80.75
EUR,Europe,MLT,Malta,2003,Male,19.73,76.46
EUR,Europe,MLT,Malta,2004,Female,23.21,80.99
EUR,Europe,MLT,Malta,2004,Male,19.92,76.67
EUR,Europe,MLT,Malta,2005,Female,23.43,81.24
EUR,Europe,MLT,Malta,2005,Male,20.13,76.88
EUR,Europe,MLT,Malta,2006,Female,23.68,81.52
EUR,Europe,MLT,Malta,2006,Male,20.36,77.09
EUR,Europe,MLT,Malta,2007,Female,23.96,81.84
EUR,Europe,MLT,Malta,2007,Male,20.62,77.32
EUR,Europe,MLT,Malta,2008,Female,24.25,82.16
EUR,Europe,MLT,Malta,2008,Male,20.91,77.58
EUR,Europe,MLT,Malta,2009,Female,24.54,82.46
EUR,Europe,MLT,Malta,2009,Male,21.23,77.91
EUR,Europe,MLT,Malta,2010,Female,24.71,82.65
EUR,Europe,MLT,Malta,2010,Male,21.46,78.2
EUR,Europe,MLT,Malta,2011,Female,24.85,82.82
EUR,Europe,MLT,Malta,2011,Male,21.71,78.5
EUR,Europe,MLT,Malta,2012,Female,24.99,82.98
EUR,Europe,MLT,Malta,2012,Male,21.91,78.79
EUR,Europe,MLT,Malta,2013,Female,25.21,83.21
EUR,Europe,MLT,Malta,2013,Male,22.19,79.11
EUR,Europe,MLT,Malta,2014,Female,25.42,83.41
EUR,Europe,MLT,Malta,2014,Male,22.44,79.41
EUR,Europe,MLT,Malta,2015,Female,25.59,83.58
EUR,Europe,MLT,Malta,2015,Male,22.71,79.71
EUR,Europe,MLT,Malta,2016,Female,25.76,83.73
EUR,Europe,MLT,Malta,2016,Male,22.89,79.98
EUR,Europe,MLT,Malta,2017,Female,25.91,83.85
EUR,Europe,MLT,Malta,2017,Male,23.05,80.21
EUR,Europe,MLT,Malta,2018,Female,26.06,84.01
EUR,Europe,MLT,Malta,2018,Male,23.17,80.48
EUR,Europe,MLT,Malta,2019,Female,26.03,83.98
EUR,Europe,MLT,Malta,2019,Male,23.06,80.31
EUR,Europe,MLT,Malta,2020,Female,25.83,83.86
EUR,Europe,MLT,Malta,2020,Male,22.99,80.2
EUR,Europe,MLT,Malta,2021,Female,25.66,83.73
EUR,Europe,MLT,Malta,2021,Male,22.86,79.96
EUR,Europe,MNE,Montenegro,2000,Female,20.25,75.95
EUR,Europe,MNE,Montenegro,2000,Male,17.37,70.79
EUR,Europe,MNE,Montenegro,2001,Female,19.99,75.78
EUR,Europe,MNE,Montenegro,2001,Male,17.42,71.02
EUR,Europe,MNE,Montenegro,2002,Female,19.83,75.77
EUR,Europe,MNE,Montenegro,2002,Male,17.41,71.25
EUR,Europe,MNE,Montenegro,2003,Female,19.8,75.85
EUR,Europe,MNE,Montenegro,2003,Male,17.34,71.32
EUR,Europe,MNE,Montenegro,2004,Female,19.81,75.99
EUR,Europe,MNE,Montenegro,2004,Male,17.31,71.4
EUR,Europe,MNE,Montenegro,2005,Female,19.96,76.32
EUR,Europe,MNE,Montenegro,2005,Male,17.36,71.57
EUR,Europe,MNE,Montenegro,2006,Female,20.18,76.68
EUR,Europe,MNE,Montenegro,2006,Male,17.5,71.82
EUR,Europe,MNE,Montenegro,2007,Female,20.49,77.12
EUR,Europe,MNE,Montenegro,2007,Male,17.69,72.16
EUR,Europe,MNE,Montenegro,2008,Female,20.74,77.47
EUR,Europe,MNE,Montenegro,2008,Male,17.9,72.52
EUR,Europe,MNE,Montenegro,2009,Female,20.96,77.8
EUR,Europe,MNE,Montenegro,2009,Male,18.09,72.91
EUR,Europe,MNE,Montenegro,2010,Female,21.14,78.11
EUR,Europe,MNE,Montenegro,2010,Male,18.22,73.26
EUR,Europe,MNE,Montenegro,2011,Female,21.27,78.35
EUR,Europe,MNE,Montenegro,2011,Male,18.32,73.56
EUR,Europe,MNE,Montenegro,2012,Female,21.39,78.53
EUR,Europe,MNE,Montenegro,2012,Male,18.34,73.75
EUR,Europe,MNE,Montenegro,2013,Female,21.53,78.73
EUR,Europe,MNE,Montenegro,2013,Male,18.33,73.89
EUR,Europe,MNE,Montenegro,2014,Female,21.8,79.07
EUR,Europe,MNE,Montenegro,2014,Male,18.36,74.06
EUR,Europe,MNE,Montenegro,2015,Female,22.08,79.44
EUR,Europe,MNE,Montenegro,2015,Male,18.37,74.16
EUR,Europe,MNE,Montenegro,2016,Female,22.38,79.81
EUR,Europe,MNE,Montenegro,2016,Male,18.36,74.21
EUR,Europe,MNE,Montenegro,2017,Female,22.52,79.98
EUR,Europe,MNE,Montenegro,2017,Male,18.37,74.22
EUR,Europe,MNE,Montenegro,2018,Female,22.58,80.08
EUR,Europe,MNE,Montenegro,2018,Male,18.48,74.27
EUR,Europe,MNE,Montenegro,2019,Female,22.24,79.73
EUR,Europe,MNE,Montenegro,2019,Male,18.04,73.89
EUR,Europe,MNE,Montenegro,2020,Female,21.12,78.53
EUR,Europe,MNE,Montenegro,2020,Male,16.87,72.45
EUR,Europe,MNE,Montenegro,2021,Female,20.53,77.88
EUR,Europe,MNE,Montenegro,2021,Male,16.13,71.62
EUR,Europe,NLD,Netherlands (Kingdom of the),2000,Female,23.23,80.39
EUR,Europe,NLD,Netherlands (Kingdom of the),2000,Male,19.15,75.49
EUR,Europe,NLD,Netherlands (Kingdom of the),2001,Female,23.32,80.52
EUR,Europe,NLD,Netherlands (Kingdom of the),2001,Male,19.39,75.77
EUR,Europe,NLD,Netherlands (Kingdom of the),2002,Female,23.28,80.49
EUR,Europe,NLD,Netherlands (Kingdom of the),2002,Male,19.45,75.94
EUR,Europe,NLD,Netherlands (Kingdom of the),2003,Female,23.46,80.72
EUR,Europe,NLD,Netherlands (Kingdom of the),2003,Male,19.68,76.19
EUR,Europe,NLD,Netherlands (Kingdom of the),2004,Female,23.83,81.22
EUR,Europe,NLD,Netherlands (Kingdom of the),2004,Male,20.14,76.82
EUR,Europe,NLD,Netherlands (Kingdom of the),2005,Female,24.01,81.37
EUR,Europe,NLD,Netherlands (Kingdom of the),2005,Male,20.31,77.15
EUR,Europe,NLD,Netherlands (Kingdom of the),2006,Female,24.17,81.67
EUR,Europe,NLD,Netherlands (Kingdom of the),2006,Male,20.69,77.59
EUR,Europe,NLD,Netherlands (Kingdom of the),2007,Female,24.51,82.1
EUR,Europe,NLD,Netherlands (Kingdom of the),2007,Male,20.99,77.99
EUR,Europe,NLD,Netherlands (Kingdom of the),2008,Female,24.48,82.06
EUR,Europe,NLD,Netherlands (Kingdom of the),2008,Male,21.27,78.29
EUR,Europe,NLD,Netherlands (Kingdom of the),2009,Female,24.8,82.43
EUR,Europe,NLD,Netherlands (Kingdom of the),2009,Male,21.42,78.52
EUR,Europe,NLD,Netherlands (Kingdom of the),2010,Female,24.8,82.5
EUR,Europe,NLD,Netherlands (Kingdom of the),2010,Male,21.59,78.74
EUR,Europe,NLD,Netherlands (Kingdom of the),2011,Female,24.92,82.62
EUR,Europe,NLD,Netherlands (Kingdom of the),2011,Male,21.98,79.16
EUR,Europe,NLD,Netherlands (Kingdom of the),2012,Female,24.81,82.56
EUR,Europe,NLD,Netherlands (Kingdom of the),2012,Male,21.92,79.1
EUR,Europe,NLD,Netherlands (Kingdom of the),2013,Female,24.93,82.76
EUR,Europe,NLD,Netherlands (Kingdom of the),2013,Male,22.11,79.37
EUR,Europe,NLD,Netherlands (Kingdom of the),2014,Female,25.15,83.02
EUR,Europe,NLD,Netherlands (Kingdom of the),2014,Male,22.51,79.8
EUR,Europe,NLD,Netherlands (Kingdom of the),2015,Female,24.87,82.82
EUR,Europe,NLD,Netherlands (Kingdom of the),2015,Male,22.27,79.67
EUR,Europe,NLD,Netherlands (Kingdom of the),2016,Female,24.95,82.8
EUR,Europe,NLD,Netherlands (Kingdom of the),2016,Male,22.39,79.8
EUR,Europe,NLD,Netherlands (Kingdom of the),2017,Female,25.02,83.01
EUR,Europe,NLD,Netherlands (Kingdom of the),2017,Male,22.63,79.99
EUR,Europe,NLD,Netherlands (Kingdom of the),2018,Female,25.29,83.3
EUR,Europe,NLD,Netherlands (Kingdom of the),2018,Male,23.05,80.44
EUR,Europe,NLD,Netherlands (Kingdom of the),2019,Female,25.76,83.76
EUR,Europe,NLD,Netherlands (Kingdom of the),2019,Male,23.43,80.85
EUR,Europe,NLD,Netherlands (Kingdom of the),2020,Female,24.9,82.93
EUR,Europe,NLD,Netherlands (Kingdom of the),2020,Male,22.47,79.85
EUR,Europe,NLD,Netherlands (Kingdom of the),2021,Female,24.66,82.65
EUR,Europe,NLD,Netherlands (Kingdom of the),2021,Male,22.22,79.58
EUR,Europe,NOR,Norway,2000,Female,23.74,81.15
EUR,Europe,NOR,Norway,2000,Male,19.98,75.86
EUR,Europe,NOR,Norway,2001,Female,23.81,81.3
EUR,Europe,NOR,Norway,2001,Male,20.03,76.13
EUR,Europe,NOR,Norway,2002,Female,23.78,81.33
EUR,Europe,NOR,Norway,2002,Male,20.1,76.32
EUR,Europe,NOR,Norway,2003,Female,24.15,81.74
EUR,Europe,NOR,Norway,2003,Male,20.62,76.97
EUR,Europe,NOR,Norway,2004,Female,24.56,82.13
EUR,Europe,NOR,Norway,2004,Male,21.0,77.41
EUR,Europe,NOR,Norway,2005,Female,24.66,82.29
EUR,Europe,NOR,Norway,2005,Male,21.12,77.7
EUR,Europe,NOR,Norway,2006,Female,24.63,82.39
EUR,Europe,NOR,Norway,2006,Male,21.46,78.08
EUR,Europe,NOR,Norway,2007,Female,24.67,82.45
EUR,Europe,NOR,Norway,2007,Male,21.32,78.16
EUR,Europe,NOR,Norway,2008,Female,24.79,82.66
EUR,Europe,NOR,Norway,2008,Male,21.48,78.25
EUR,Europe,NOR,Norway,2009,Female,24.93,82.81
EUR,Europe,NOR,Norway,2009,Male,21.85,78.62
EUR,Europe,NOR,Norway,2010,Female,24.96,82.85
EUR,Europe,NOR,Norway,2010,Male,21.89,78.82
EUR,Europe,NOR,Norway,2011,Female,25.18,83.02
EUR,Europe,NOR,Norway,2011,Male,22.09,78.87
EUR,Europe,NOR,Norway,2012,Female,24.92,83.06
EUR,Europe,NOR,Norway,2012,Male,22.21,79.36
EUR,Europe,NOR,Norway,2013,Female,25.2,83.3
EUR,Europe,NOR,Norway,2013,Male,22.41,79.53
EUR,Europe,NOR,Norway,2014,Female,25.49,83.67
EUR,Europe,NOR,Norway,2014,Male,22.68,79.94
EUR,Europe,NOR,Norway,2015,Female,25.44,83.67
EUR,Europe,NOR,Norway,2015,Male,22.84,80.27
EUR,Europe,NOR,Norway,2016,Female,25.47,83.7
EUR,Europe,NOR,Norway,2016,Male,23.07,80.48
EUR,Europe,NOR,Norway,2017,Female,25.52,83.85
EUR,Europe,NOR,Norway,2017,Male,23.26,80.78
EUR,Europe,NOR,Norway,2018,Female,25.62,84.0
EUR,Europe,NOR,Norway,2018,Male,23.38,80.87
EUR,Europe,NOR,Norway,2019,Female,25.78,84.16
EUR,Europe,NOR,Norway,2019,Male,23.57,81.12
EUR,Europe,NOR,Norway,2020,Female,25.95,84.34
EUR,Europe,NOR,Norway,2020,Male,23.76,81.32
EUR,Europe,NOR,Norway,2021,Female,25.81,84.25
EUR,Europe,NOR,Norway,2021,Male,23.8,81.5
EUR,Europe,POL,Poland,2000,Female,21.39,77.88
EUR,Europe,POL,Poland,2000,Male,16.53,69.51
EUR,Europe,POL,Poland,2001,Female,21.68,78.24
EUR,Europe,POL,Poland,2001,Male,16.8,69.94
EUR,Europe,POL,Poland,2002,Female,21.97,78.62
EUR,Europe,POL,Poland,2002,Male,17.04,70.27
EUR,Europe,POL,Poland,2003,Female,21.9,78.66
EUR,Europe,POL,Poland,2003,Male,17.01,70.42
EUR,Europe,POL,Poland,2004,Female,22.23,78.99
EUR,Europe,POL,Poland,2004,Male,17.24,70.54
EUR,Europe,POL,Poland,2005,Female,22.36,79.12
EUR,Europe,POL,Poland,2005,Male,17.38,70.68
EUR,Europe,POL,Poland,2006,Female,22.62,79.41
EUR,Europe,POL,Poland,2006,Male,17.58,70.85
EUR,Europe,POL,Poland,2007,Female,22.72,79.51
EUR,Europe,POL,Poland,2007,Male,17.63,70.88
EUR,Europe,POL,Poland,2008,Female,22.86,79.72
EUR,Europe,POL,Poland,2008,Male,17.83,71.17
EUR,Europe,POL,Poland,2009,Female,22.91,79.83
EUR,Europe,POL,Poland,2009,Male,17.83,71.46
EUR,Europe,POL,Poland,2010,Female,23.26,80.37
EUR,Europe,POL,Poland,2010,Male,18.24,72.08
EUR,Europe,POL,Poland,2011,Female,23.55,80.67
EUR,Europe,POL,Poland,2011,Male,18.53,72.42
EUR,Europe,POL,Poland,2012,Female,23.51,80.69
EUR,Europe,POL,Poland,2012,Male,18.5,72.55
EUR,Europe,POL,Poland,2013,Female,23.54,80.8
EUR,Europe,POL,Poland,2013,Male,18.62,72.88
EUR,Europe,POL,Poland,2014,Female,23.98,81.29
EUR,Europe,POL,Poland,2014,Male,19.07,73.57
EUR,Europe,POL,Poland,2015,Female,23.73,81.15
EUR,Europe,POL,Poland,2015,Male,18.83,73.37
EUR,Europe,POL,Poland,2016,Female,24.12,81.56
EUR,Europe,POL,Poland,2016,Male,19.16,73.73
EUR,Europe,POL,Poland,2017,Female,23.91,81.35
EUR,Europe,POL,Poland,2017,Male,19.09,73.73
EUR,Europe,POL,Poland,2018,Female,23.96,81.36
EUR,Europe,POL,Poland,2018,Male,19.21,73.74
EUR,Europe,POL,Poland,2019,Female,24.0,81.5
EUR,Europe,POL,Poland,2019,Male,19.23,73.94
EUR,Europe,POL,Poland,2020,Female,22.98,80.45
EUR,Europe,POL,Poland,2020,Male,17.84,72.43
EUR,Europe,POL,Poland,2021,Female,22.12,79.4
EUR,Europe,POL,Poland,2021,Male,17.16,71.55
EUR,Europe,PRT,Portugal,2000,Female,23.11,80.07
EUR,Europe,PRT,Portugal,2000,Male,19.07,73.07
EUR,Europe,PRT,Portugal,2001,Female,23.35,80.42
EUR,Europe,PRT,Portugal,2001,Male,19.35,73.4
EUR,Europe,PRT,Portugal,2002,Female,23.46,80.54
EUR,Europe,PRT,Portugal,2002,Male,19.42,73.7
EUR,Europe,PRT,Portugal,2003,Female,23.31,80.51
EUR,Europe,PRT,Portugal,2003,Male,19.43,74.04
EUR,Europe,PRT,Portugal,2004,Female,24.01,81.41
EUR,Europe,PRT,Portugal,2004,Male,19.99,74.74
EUR,Europe,PRT,Portugal,2005,Female,23.75,81.21
EUR,Europe,PRT,Portugal,2005,Male,19.85,74.68
EUR,Europe,PRT,Portugal,2006,Female,24.46,82.11
EUR,Europe,PRT,Portugal,2006,Male,20.33,75.28
EUR,Europe,PRT,Portugal,2007,Female,24.49,82.09
EUR,Europe,PRT,Portugal,2007,Male,20.49,75.7
EUR,Europe,PRT,Portugal,2008,Female,24.62,82.25
EUR,Europe,PRT,Portugal,2008,Male,20.63,76.0
EUR,Europe,PRT,Portugal,2009,Female,24.76,82.41
EUR,Europe,PRT,Portugal,2009,Male,20.84,76.26
EUR,Europe,PRT,Portugal,2010,Female,25.0,82.74
EUR,Europe,PRT,Portugal,2010,Male,20.94,76.6
EUR,Europe,PRT,Portugal,2011,Female,25.44,83.27
EUR,Europe,PRT,Portugal,2011,Male,21.42,77.05
EUR,Europe,PRT,Portugal,2012,Female,25.28,83.13
EUR,Europe,PRT,Portugal,2012,Male,21.28,77.12
EUR,Europe,PRT,Portugal,2013,Female,25.52,83.52
EUR,Europe,PRT,Portugal,2013,Male,21.43,77.37
EUR,Europe,PRT,Portugal,2014,Female,25.84,83.86
EUR,Europe,PRT,Portugal,2014,Male,21.75,77.76
EUR,Europe,PRT,Portugal,2015,Female,25.63,83.67
EUR,Europe,PRT,Portugal,2015,Male,21.68,77.92
EUR,Europe,PRT,Portugal,2016,Female,25.74,83.77
EUR,Europe,PRT,Portugal,2016,Male,21.61,77.85
EUR,Europe,PRT,Portugal,2017,Female,25.96,83.98
EUR,Europe,PRT,Portugal,2017,Male,21.88,78.12
EUR,Europe,PRT,Portugal,2018,Female,25.93,83.91
EUR,Europe,PRT,Portugal,2018,Male,21.74,78.02
EUR,Europe,PRT,Portugal,2019,Female,26.15,84.15
EUR,Europe,PRT,Portugal,2019,Male,21.97,78.38
EUR,Europe,PRT,Portugal,2020,Female,25.57,83.64
EUR,Europe,PRT,Portugal,2020,Male,21.41,77.82
EUR,Europe,PRT,Portugal,2021,Female,25.85,83.88
EUR,Europe,PRT,Portugal,2021,Male,21.85,78.27
EUR,Europe,ROU,Romania,2000,Female,19.73,74.66
EUR,Europe,ROU,Romania,2000,Male,16.41,67.7
EUR,Europe,ROU,Romania,2001,Female,19.84,74.9
EUR,Europe,ROU,Romania,2001,Male,16.33,67.63
EUR,Europe,ROU,Romania,2002,Female,19.55,74.63
EUR,Europe,ROU,Romania,2002,Male,15.9,67.3
EUR,Europe,ROU,Romania,2003,Female,19.7,74.97
EUR,Europe,ROU,Romania,2003,Male,16.03,67.61
EUR,Europe,ROU,Romania,2004,Female,20.04,75.43
EUR,Europe,ROU,Romania,2004,Male,16.39,68.2
EUR,Europe,ROU,Romania,2005,Female,20.04,75.62
EUR,Europe,ROU,Romania,2005,Male,16.44,68.65
EUR,Europe,ROU,Romania,2006,Female,20.34,76.07
EUR,Europe,ROU,Romania,2006,Male,16.67,69.16
EUR,Europe,ROU,Romania,2007,Female,20.72,76.71
EUR,Europe,ROU,Romania,2007,Male,16.98,69.62
EUR,Europe,ROU,Romania,2008,Female,20.98,77.07
EUR,Europe,ROU,Romania,2008,Male,17.07,69.63
EUR,Europe,ROU,Romania,2009,Female,21.08,77.24
EUR,Europe,ROU,Romania,2009,Male,17.01,69.75
EUR,Europe,ROU,Romania,2010,Female,21.11,77.43
EUR,Europe,ROU,Romania,2010,Male,17.07,70.06
EUR,Europe,ROU,Romania,2011,Female,21.42,78.01
EUR,Europe,ROU,Romania,2011,Male,17.41,70.92
EUR,Europe,ROU,Romania,2012,Female,21.58,77.92
EUR,Europe,ROU,Romania,2012,Male,17.49,70.81
EUR,Europe,ROU,Romania,2013,Female,21.97,78.5
EUR,Europe,ROU,Romania,2013,Male,17.8,71.52
EUR,Europe,ROU,Romania,2014,Female,21.95,78.49
EUR,Europe,ROU,Romania,2014,Male,17.71,71.28
EUR,Europe,ROU,Romania,2015,Female,21.87,78.49
EUR,Europe,ROU,Romania,2015,Male,17.57,71.38
EUR,Europe,ROU,Romania,2016,Female,22.08,78.75
EUR,Europe,ROU,Romania,2016,Male,17.71,71.48
EUR,Europe,ROU,Romania,2017,Female,22.06,78.77
EUR,Europe,ROU,Romania,2017,Male,17.65,71.52
EUR,Europe,ROU,Romania,2018,Female,22.14,78.87
EUR,Europe,ROU,Romania,2018,Male,17.53,71.46
EUR,Europe,ROU,Romania,2019,Female,22.37,79.23
EUR,Europe,ROU,Romania,2019,Male,17.74,71.78
EUR,Europe,ROU,Romania,2020,Female,21.39,78.09
EUR,Europe,ROU,Romania,2020,Male,16.25,70.3
EUR,Europe,ROU,Romania,2021,Female,20.06,76.52
EUR,Europe,ROU,Romania,2021,Male,15.34,69.21
EUR,Europe,RUS,Russian Federation,2000,Female,18.71,72.14
EUR,Europe,RUS,Russian Federation,2000,Male,13.29,58.83
EUR,Europe,RUS,Russian Federation,2001,Female,18.7,72.08
EUR,Europe,RUS,Russian Federation,2001,Male,13.19,58.8
EUR,Europe,RUS,Russian Federation,2002,Female,18.49,71.82
EUR,Europe,RUS,Russian Federation,2002,Male,12.87,58.62
EUR,Europe,RUS,Russian Federation,2003,Female,18.43,71.72
EUR,Europe,RUS,Russian Federation,2003,Male,12.8,58.45
EUR,Europe,RUS,Russian Federation,2004,Female,18.77,72.17
EUR,Europe,RUS,Russian Federation,2004,Male,13.12,58.79
EUR,Europe,RUS,Russian Federation,2005,Female,18.85,72.26
EUR,Europe,RUS,Russian Federation,2005,Male,13.18,58.8
EUR,Europe,RUS,Russian Federation,2006,Female,19.23,73.11
EUR,Europe,RUS,Russian Federation,2006,Male,13.79,60.3
EUR,Europe,RUS,Russian Federation,2007,Female,19.65,73.81
EUR,Europe,RUS,Russian Federation,2007,Male,14.14,61.34
EUR,Europe,RUS,Russian Federation,2008,Female,19.79,74.08
EUR,Europe,RUS,Russian Federation,2008,Male,14.18,61.76
EUR,Europe,RUS,Russian Federation,2009,Female,20.07,74.58
EUR,Europe,RUS,Russian Federation,2009,Male,14.35,62.67
EUR,Europe,RUS,Russian Federation,2010,Female,20.15,74.76
EUR,Europe,RUS,Russian Federation,2010,Male,14.53,62.98
EUR,Europe,RUS,Russian Federation,2011,Female,20.78,75.55
EUR,Europe,RUS,Russian Federation,2011,Male,15.14,63.99
EUR,Europe,RUS,Russian Federation,2012,Female,20.99,75.83
EUR,Europe,RUS,Russian Federation,2012,Male,15.43,64.5
EUR,Europe,RUS,Russian Federation,2013,Female,21.24,76.25
EUR,Europe,RUS,Russian Federation,2013,Male,15.74,65.05
EUR,Europe,RUS,Russian Federation,2014,Female,21.19,76.27
EUR,Europe,RUS,Russian Federation,2014,Male,15.57,65.04
EUR,Europe,RUS,Russian Federation,2015,Female,21.39,76.61
EUR,Europe,RUS,Russian Federation,2015,Male,15.92,65.84
EUR,Europe,RUS,Russian Federation,2016,Female,21.43,76.81
EUR,Europe,RUS,Russian Federation,2016,Male,15.87,66.25
EUR,Europe,RUS,Russian Federation,2017,Female,21.79,77.45
EUR,Europe,RUS,Russian Federation,2017,Male,16.26,67.3
EUR,Europe,RUS,Russian Federation,2018,Female,21.86,77.58
EUR,Europe,RUS,Russian Federation,2018,Male,16.3,67.5
EUR,Europe,RUS,Russian Federation,2019,Female,22.19,78.0
EUR,Europe,RUS,Russian Federation,2019,Male,16.8,68.17
EUR,Europe,RUS,Russian Federation,2020,Female,20.59,76.15
EUR,Europe,RUS,Russian Federation,2020,Male,14.89,66.45
EUR,Europe,RUS,Russian Federation,2021,Female,19.02,74.34
EUR,Europe,RUS,Russian Federation,2021,Male,14.19,65.57
EUR,Europe,SRB,Serbia,2000,Female,18.42,74.33
EUR,Europe,SRB,Serbia,2000,Male,15.66,68.68
EUR,Europe,SRB,Serbia,2001,Female,18.96,74.95
EUR,Europe,SRB,Serbia,2001,Male,16.25,69.59
EUR,Europe,SRB,Serbia,2002,Female,18.75,74.94
EUR,Europe,SRB,Serbia,2002,Male,16.04,69.68
EUR,Europe,SRB,Serbia,2003,Female,18.77,75.05
EUR,Europe,SRB,Serbia,2003,Male,16.08,69.83
EUR,Europe,SRB,Serbia,2004,Female,18.95,75.36
EUR,Europe,SRB,Serbia,2004,Male,16.15,69.94
EUR,Europe,SRB,Serbia,2005,Female,18.97,75.43
EUR,Europe,SRB,Serbia,2005,Male,16.14,70.12
EUR,Europe,SRB,Serbia,2006,Female,19.46,76.02
EUR,Europe,SRB,Serbia,2006,Male,16.59,70.71
EUR,Europe,SRB,Serbia,2007,Female,19.6,76.29
EUR,Europe,SRB,Serbia,2007,Male,16.74,70.83
EUR,Europe,SRB,Serbia,2008,Female,19.8,76.46
EUR,Europe,SRB,Serbia,2008,Male,17.0,71.16
EUR,Europe,SRB,Serbia,2009,Female,19.9,76.61
EUR,Europe,SRB,Serbia,2009,Male,16.97,71.29
EUR,Europe,SRB,Serbia,2010,Female,20.03,76.84
EUR,Europe,SRB,Serbia,2010,Male,17.12,71.65
EUR,Europe,SRB,Serbia,2011,Female,20.23,77.11
EUR,Europe,SRB,Serbia,2011,Male,17.22,71.9
EUR,Europe,SRB,Serbia,2012,Female,20.45,77.35
EUR,Europe,SRB,Serbia,2012,Male,17.4,72.23
EUR,Europe,SRB,Serbia,2013,Female,20.79,77.79
EUR,Europe,SRB,Serbia,2013,Male,17.59,72.56
EUR,Europe,SRB,Serbia,2014,Female,20.81,77.8
EUR,Europe,SRB,Serbia,2014,Male,17.67,72.72
EUR,Europe,SRB,Serbia,2015,Female,20.75,77.77
EUR,Europe,SRB,Serbia,2015,Male,17.59,72.67
EUR,Europe,SRB,Serbia,2016,Female,21.03,78.1
EUR,Europe,SRB,Serbia,2016,Male,17.84,73.12
EUR,Europe,SRB,Serbia,2017,Female,20.85,77.97
EUR,Europe,SRB,Serbia,2017,Male,17.79,73.05
EUR,Europe,SRB,Serbia,2018,Female,21.1,78.3
EUR,Europe,SRB,Serbia,2018,Male,17.95,73.34
EUR,Europe,SRB,Serbia,2019,Female,21.23,78.46
EUR,Europe,SRB,Serbia,2019,Male,17.93,73.26
EUR,Europe,SRB,Serbia,2020,Female,20.26,77.33
EUR,Europe,SRB,Serbia,2020,Male,16.53,71.49
EUR,Europe,SRB,Serbia,2021,Female,18.82,75.62
EUR,Europe,SRB,Serbia,2021,Male,15.3,69.99
EUR,Europe,SVK,Slovakia,2000,Female,20.66,77.41
EUR,Europe,SVK,Slovakia,2000,Male,15.92,69.23
EUR,Europe,SVK,Slovakia,2001,Female,20.77,77.45
EUR,Europe,SVK,Slovakia,2001,Male,15.94,69.42
EUR,Europe,SVK,Slovakia,2002,Female,20.93,77.72
EUR,Europe,SVK,Slovakia,2002,Male,16.3,69.69
EUR,Europe,SVK,Slovakia,2003,Female,20.92,77.72
EUR,Europe,SVK,Slovakia,2003,Male,16.3,69.8
EUR,Europe,SVK,Slovakia,2004,Female,21.1,77.95
EUR,Europe,SVK,Slovakia,2004,Male,16.46,70.27
EUR,Europe,SVK,Slovakia,2005,Female,21.09,77.95
EUR,Europe,SVK,Slovakia,2005,Male,16.41,70.19
EUR,Europe,SVK,Slovakia,2006,Female,21.3,78.26
EUR,Europe,SVK,Slovakia,2006,Male,16.54,70.41
EUR,Europe,SVK,Slovakia,2007,Female,21.47,78.32
EUR,Europe,SVK,Slovakia,2007,Male,16.67,70.56
EUR,Europe,SVK,Slovakia,2008,Female,21.72,78.78
EUR,Europe,SVK,Slovakia,2008,Male,16.99,70.82
EUR,Europe,SVK,Slovakia,2009,Female,21.9,78.93
EUR,Europe,SVK,Slovakia,2009,Male,17.2,71.42
EUR,Europe,SVK,Slovakia,2010,Female,21.92,79.14
EUR,Europe,SVK,Slovakia,2010,Male,17.2,71.67
EUR,Europe,SVK,Slovakia,2011,Female,22.41,79.55
EUR,Europe,SVK,Slovakia,2011,Male,17.7,72.21
EUR,Europe,SVK,Slovakia,2012,Female,22.4,79.66
EUR,Europe,SVK,Slovakia,2012,Male,17.83,72.49
EUR,Europe,SVK,Slovakia,2013,Female,22.69,79.95
EUR,Europe,SVK,Slovakia,2013,Male,17.92,72.87
EUR,Europe,SVK,Slovakia,2014,Female,22.94,80.28
EUR,Europe,SVK,Slovakia,2014,Male,18.32,73.25
EUR,Europe,SVK,Slovakia,2015,Female,22.68,80.02
EUR,Europe,SVK,Slovakia,2015,Male,18.19,73.08
EUR,Europe,SVK,Slovakia,2016,Female,23.1,80.44
EUR,Europe,SVK,Slovakia,2016,Male,18.52,73.73
EUR,Europe,SVK,Slovakia,2017,Female,23.04,80.38
EUR,Europe,SVK,Slovakia,2017,Male,18.51,73.7
EUR,Europe,SVK,Slovakia,2018,Female,23.13,80.51
EUR,Europe,SVK,Slovakia,2018,Male,18.71,73.79
EUR,Europe,SVK,Slovakia,2019,Female,23.51,80.9
EUR,Europe,SVK,Slovakia,2019,Male,18.97,74.23
EUR,Europe,SVK,Slovakia,2020,Female,22.8,80.21
EUR,Europe,SVK,Slovakia,2020,Male,18.17,73.48
EUR,Europe,SVK,Slovakia,2021,Female,20.93,78.01
EUR,Europe,SVK,Slovakia,2021,Male,16.36,71.13
EUR,Europe,SVN,Slovenia,2000,Female,22.67,79.72
EUR,Europe,SVN,Slovenia,2000,Male,17.67,72.17
EUR,Europe,SVN,Slovenia,2001,Female,22.98,80.08
EUR,Europe,SVN,Slovenia,2001,Male,17.85,72.2
EUR,Europe,SVN,Slovenia,2002,Female,23.02,80.24
EUR,Europe,SVN,Slovenia,2002,Male,17.91,72.6
EUR,Europe,SVN,Slovenia,2003,Female,22.82,80.08
EUR,Europe,SVN,Slovenia,2003,Male,17.83,72.48
EUR,Europe,SVN,Slovenia,2004,Female,23.38,80.57
EUR,Europe,SVN,Slovenia,2004,Male,18.51,73.45
EUR,Europe,SVN,Slovenia,2005,Female,23.27,80.73
EUR,Europe,SVN,Slovenia,2005,Male,18.67,73.96
EUR,Europe,SVN,Slovenia,2006,Female,23.9,81.6
EUR,Europe,SVN,Slovenia,2006,Male,19.33,74.35
EUR,Europe,SVN,Slovenia,2007,Female,24.12,81.74
EUR,Europe,SVN,Slovenia,2007,Male,19.31,74.56
EUR,Europe,SVN,Slovenia,2008,Female,24.38,82.15
EUR,Europe,SVN,Slovenia,2008,Male,19.97,75.49
EUR,Europe,SVN,Slovenia,2009,Female,24.4,82.24
EUR,Europe,SVN,Slovenia,2009,Male,19.96,75.73
EUR,Europe,SVN,Slovenia,2010,Female,24.83,82.71
EUR,Europe,SVN,Slovenia,2010,Male,20.29,76.23
EUR,Europe,SVN,Slovenia,2011,Female,24.92,82.83
EUR,Europe,SVN,Slovenia,2011,Male,20.54,76.7
EUR,Europe,SVN,Slovenia,2012,Female,24.82,82.77
EUR,Europe,SVN,Slovenia,2012,Male,20.64,76.87
EUR,Europe,SVN,Slovenia,2013,Female,25.12,83.12
EUR,Europe,SVN,Slovenia,2013,Male,20.74,77.06
EUR,Europe,SVN,Slovenia,2014,Female,25.37,83.53
EUR,Europe,SVN,Slovenia,2014,Male,21.24,77.92
EUR,Europe,SVN,Slovenia,2015,Female,25.19,83.3
EUR,Europe,SVN,Slovenia,2015,Male,21.1,77.56
EUR,Europe,SVN,Slovenia,2016,Female,25.5,83.68
EUR,Europe,SVN,Slovenia,2016,Male,21.42,77.92
EUR,Europe,SVN,Slovenia,2017,Female,25.36,83.5
EUR,Europe,SVN,Slovenia,2017,Male,21.17,78.0
EUR,Europe,SVN,Slovenia,2018,Female,25.43,83.69
EUR,Europe,SVN,Slovenia,2018,Male,21.27,78.18
EUR,Europe,SVN,Slovenia,2019,Female,25.64,84.04
EUR,Europe,SVN,Slovenia,2019,Male,21.84,78.57
EUR,Europe,SVN,Slovenia,2020,Female,24.71,83.05
EUR,Europe,SVN,Slovenia,2020,Male,20.74,77.68
EUR,Europe,SVN,Slovenia,2021,Female,25.04,83.39
EUR,Europe,SVN,Slovenia,2021,Male,20.77,77.54
EUR,Europe,SWE,Sweden,2000,Female,24.07,81.79
EUR,Europe,SWE,Sweden,2000,Male,20.59,77.28
EUR,Europe,SWE,Sweden,2001,Female,24.1,81.82
EUR,Europe,SWE,Sweden,2001,Male,20.79,77.44
EUR,Europe,SWE,Sweden,2002,Female,24.03,81.83
EUR,Europe,SWE,Sweden,2002,Male,20.81,77.62
EUR,Europe,SWE,Sweden,2003,Female,24.3,82.13
EUR,Europe,SWE,Sweden,2003,Male,20.97,77.81
EUR,Europe,SWE,Sweden,2004,Female,24.52,82.37
EUR,Europe,SWE,Sweden,2004,Male,21.36,78.25
EUR,Europe,SWE,Sweden,2005,Female,24.57,82.46
EUR,Europe,SWE,Sweden,2005,Male,21.33,78.31
EUR,Europe,SWE,Sweden,2006,Female,24.69,82.6
EUR,Europe,SWE,Sweden,2006,Male,21.6,78.59
EUR,Europe,SWE,Sweden,2007,Female,24.66,82.66
EUR,Europe,SWE,Sweden,2007,Male,21.8,78.82
EUR,Europe,SWE,Sweden,2008,Female,24.82,82.81
EUR,Europe,SWE,Sweden,2008,Male,21.91,78.99
EUR,Europe,SWE,Sweden,2009,Female,25.0,83.01
EUR,Europe,SWE,Sweden,2009,Male,22.16,79.22
EUR,Europe,SWE,Sweden,2010,Female,25.0,83.15
EUR,Europe,SWE,Sweden,2010,Male,22.2,79.41
EUR,Europe,SWE,Sweden,2011,Female,25.17,83.32
EUR,Europe,SWE,Sweden,2011,Male,22.41,79.68
EUR,Europe,SWE,Sweden,2012,Female,25.02,83.16
EUR,Europe,SWE,Sweden,2012,Male,22.44,79.72
EUR,Europe,SWE,Sweden,2013,Female,25.18,83.31
EUR,Europe,SWE,Sweden,2013,Male,22.65,79.93
EUR,Europe,SWE,Sweden,2014,Female,25.43,83.63
EUR,Europe,SWE,Sweden,2014,Male,22.86,80.19
EUR,Europe,SWE,Sweden,2015,Female,25.25,83.5
EUR,Europe,SWE,Sweden,2015,Male,22.7,79.97
EUR,Europe,SWE,Sweden,2016,Female,25.39,83.63
EUR,Europe,SWE,Sweden,2016,Male,22.98,80.37
EUR,Europe,SWE,Sweden,2017,Female,25.36,83.64
EUR,Europe,SWE,Sweden,2017,Male,23.12,80.5
EUR,Europe,SWE,Sweden,2018,Female,25.47,83.78
EUR,Europe,SWE,Sweden,2018,Male,23.15,80.61
EUR,Europe,SWE,Sweden,2019,Female,25.91,84.24
EUR,Europe,SWE,Sweden,2019,Male,23.57,81.17
EUR,Europe,SWE,Sweden,2020,Female,25.39,83.79
EUR,Europe,SWE,Sweden,2020,Male,22.88,80.39
EUR,Europe,SWE,Sweden,2021,Female,25.92,84.31
EUR,Europe,SWE,Sweden,2021,Male,23.45,81.02
EUR,Europe,TJK,Tajikistan,2000,Female,18.16,67.96
EUR,Europe,TJK,Tajikistan,2000,Male,16.49,63.38
EUR,Europe,TJK,Tajikistan,2001,Female,18.09,68.47
EUR,Europe,TJK,Tajikistan,2001,Male,16.41,64.29
EUR,Europe,TJK,Tajikistan,2002,Female,17.94,69.03
EUR,Europe,TJK,Tajikistan,2002,Male,16.26,64.93
EUR,Europe,TJK,Tajikistan,2003,Female,17.83,69.55
EUR,Europe,TJK,Tajikistan,2003,Male,16.29,65.66
EUR,Europe,TJK,Tajikistan,2004,Female,17.72,69.97
EUR,Europe,TJK,Tajikistan,2004,Male,16.22,66.1
EUR,Europe,TJK,Tajikistan,2005,Female,17.55,70.15
EUR,Europe,TJK,Tajikistan,2005,Male,16.01,66.28
EUR,Europe,TJK,Tajikistan,2006,Female,17.48,70.46
EUR,Europe,TJK,Tajikistan,2006,Male,16.0,66.63
EUR,Europe,TJK,Tajikistan,2007,Female,17.28,70.6
EUR,Europe,TJK,Tajikistan,2007,Male,15.9,66.86
EUR,Europe,TJK,Tajikistan,2008,Female,17.42,70.99
EUR,Europe,TJK,Tajikistan,2008,Male,15.96,67.21
EUR,Europe,TJK,Tajikistan,2009,Female,17.53,71.26
EUR,Europe,TJK,Tajikistan,2009,Male,16.09,67.55
EUR,Europe,TJK,Tajikistan,2010,Female,18.03,71.85
EUR,Europe,TJK,Tajikistan,2010,Male,16.62,68.11
EUR,Europe,TJK,Tajikistan,2011,Female,18.4,72.35
EUR,Europe,TJK,Tajikistan,2011,Male,16.96,68.62
EUR,Europe,TJK,Tajikistan,2012,Female,18.86,72.89
EUR,Europe,TJK,Tajikistan,2012,Male,17.4,69.16
EUR,Europe,TJK,Tajikistan,2013,Female,19.6,73.67
EUR,Europe,TJK,Tajikistan,2013,Male,18.14,69.95
EUR,Europe,TJK,Tajikistan,2014,Female,19.73,73.89
EUR,Europe,TJK,Tajikistan,2014,Male,18.31,70.24
EUR,Europe,TJK,Tajikistan,2015,Female,19.91,74.18
EUR,Europe,TJK,Tajikistan,2015,Male,18.58,70.65
EUR,Europe,TJK,Tajikistan,2016,Female,20.12,74.46
EUR,Europe,TJK,Tajikistan,2016,Male,18.83,71.06
EUR,Europe,TJK,Tajikistan,2017,Female,20.33,74.82
EUR,Europe,TJK,Tajikistan,2017,Male,19.19,71.61
EUR,Europe,TJK,Tajikistan,2018,Female,20.51,75.13
EUR,Europe,TJK,Tajikistan,2018,Male,19.37,71.91
EUR,Europe,TJK,Tajikistan,2019,Female,20.62,75.37
EUR,Europe,TJK,Tajikistan,2019,Male,19.57,72.28
EUR,Europe,TJK,Tajikistan,2020,Female,18.2,72.62
EUR,Europe,TJK,Tajikistan,2020,Male,16.23,68.61
EUR,Europe,TJK,Tajikistan,2021,Female,19.0,73.5
EUR,Europe,TJK,Tajikistan,2021,Male,17.76,70.17
EUR,Europe,TKM,Turkmenistan,2000,Female,18.83,69.45
EUR,Europe,TKM,Turkmenistan,2000,Male,15.28,61.71
EUR,Europe,TKM,Turkmenistan,2001,Female,18.83,69.72
EUR,Europe,TKM,Turkmenistan,2001,Male,15.41,62.19
EUR,Europe,TKM,Turkmenistan,2002,Female,18.6,69.65
EUR,Europe,TKM,Turkmenistan,2002,Male,15.14,62.13
EUR,Europe,TKM,Turkmenistan,2003,Female,18.59,69.92
EUR,Europe,TKM,Turkmenistan,2003,Male,14.73,61.95
EUR,Europe,TKM,Turkmenistan,2004,Female,18.3,69.7
EUR,Europe,TKM,Turkmenistan,2004,Male,14.39,61.67
EUR,Europe,TKM,Turkmenistan,2005,Female,17.95,69.35
EUR,Europe,TKM,Turkmenistan,2005,Male,14.07,61.39
EUR,Europe,TKM,Turkmenistan,2006,Female,17.98,69.55
EUR,Europe,TKM,Turkmenistan,2006,Male,14.26,61.91
EUR,Europe,TKM,Turkmenistan,2007,Female,18.31,70.17
EUR,Europe,TKM,Turkmenistan,2007,Male,14.41,62.3
EUR,Europe,TKM,Turkmenistan,2008,Female,18.88,70.87
EUR,Europe,TKM,Turkmenistan,2008,Male,14.93,63.17
EUR,Europe,TKM,Turkmenistan,2009,Female,19.73,72.08
EUR,Europe,TKM,Turkmenistan,2009,Male,15.95,64.74
EUR,Europe,TKM,Turkmenistan,2010,Female,20.22,72.73
EUR,Europe,TKM,Turkmenistan,2010,Male,16.43,65.44
EUR,Europe,TKM,Turkmenistan,2011,Female,20.21,72.64
EUR,Europe,TKM,Turkmenistan,2011,Male,16.55,65.73
EUR,Europe,TKM,Turkmenistan,2012,Female,20.17,72.61
EUR,Europe,TKM,Turkmenistan,2012,Male,16.69,65.91
EUR,Europe,TKM,Turkmenistan,2013,Female,20.18,72.64
EUR,Europe,TKM,Turkmenistan,2013,Male,16.45,65.54
EUR,Europe,TKM,Turkmenistan,2014,Female,20.04,72.51
EUR,Europe,TKM,Turkmenistan,2014,Male,16.33,65.3
EUR,Europe,TKM,Turkmenistan,2015,Female,19.88,72.31
EUR,Europe,TKM,Turkmenistan,2015,Male,16.3,65.31
EUR,Europe,TKM,Turkmenistan,2016,Female,19.93,72.39
EUR,Europe,TKM,Turkmenistan,2016,Male,16.41,65.49
EUR,Europe,TKM,Turkmenistan,2017,Female,19.69,72.28
EUR,Europe,TKM,Turkmenistan,2017,Male,16.51,65.63
EUR,Europe,TKM,Turkmenistan,2018,Female,19.75,72.42
EUR,Europe,TKM,Turkmenistan,2018,Male,16.46,65.69
EUR,Europe,TKM,Turkmenistan,2019,Female,19.79,72.54
EUR,Europe,TKM,Turkmenistan,2019,Male,16.33,65.7
EUR,Europe,TKM,Turkmenistan,2020,Female,19.24,72.09
EUR,Europe,TKM,Turkmenistan,2020,Male,15.3,64.89
EUR,Europe,TKM,Turkmenistan,2021,Female,19.67,72.5
EUR,Europe,TKM,Turkmenistan,2021,Male,16.35,65.71
EUR,Europe,TUR,Türkiye,2000,Female,23.08,77.13
EUR,Europe,TUR,Türkiye,2000,Male,17.42,69.63
EUR,Europe,TUR,Türkiye,2001,Female,23.35,77.75
EUR,Europe,TUR,Türkiye,2001,Male,17.79,70.38
EUR,Europe,TUR,Türkiye,2002,Female,23.74,78.43
EUR,Europe,TUR,Türkiye,2002,Male,18.16,71.12
EUR,Europe,TUR,Türkiye,2003,Female,24.09,79.0
EUR,Europe,TUR,Türkiye,2003,Male,18.36,71.59
EUR,Europe,TUR,Türkiye,2004,Female,24.33,79.51
EUR,Europe,TUR,Türkiye,2004,Male,18.57,72.1
EUR,Europe,TUR,Türkiye,2005,Female,24.41,79.81
EUR,Europe,TUR,Türkiye,2005,Male,18.71,72.49
EUR,Europe,TUR,Türkiye,2006,Female,24.49,80.11
EUR,Europe,TUR,Türkiye,2006,Male,18.84,72.85
EUR,Europe,TUR,Türkiye,2007,Female,24.19,80.05
EUR,Europe,TUR,Türkiye,2007,Male,18.99,73.2
EUR,Europe,TUR,Türkiye,2008,Female,23.57,79.66
EUR,Europe,TUR,Türkiye,2008,Male,19.05,73.45
EUR,Europe,TUR,Türkiye,2009,Female,22.95,79.18
EUR,Europe,TUR,Türkiye,2009,Male,18.82,73.33
EUR,Europe,TUR,Türkiye,2010,Female,22.98,79.36
EUR,Europe,TUR,Türkiye,2010,Male,18.82,73.46
EUR,Europe,TUR,Türkiye,2011,Female,23.05,79.55
EUR,Europe,TUR,Türkiye,2011,Male,18.87,73.65
EUR,Europe,TUR,Türkiye,2012,Female,23.1,79.73
EUR,Europe,TUR,Türkiye,2012,Male,18.91,73.77
EUR,Europe,TUR,Türkiye,2013,Female,22.99,79.73
EUR,Europe,TUR,Türkiye,2013,Male,18.84,73.8
EUR,Europe,TUR,Türkiye,2014,Female,22.62,79.48
EUR,Europe,TUR,Türkiye,2014,Male,18.91,73.93
EUR,Europe,TUR,Türkiye,2015,Female,22.32,79.28
EUR,Europe,TUR,Türkiye,2015,Male,18.93,74.05
EUR,Europe,TUR,Türkiye,2016,Female,22.25,79.27
EUR,Europe,TUR,Türkiye,2016,Male,18.94,74.06
EUR,Europe,TUR,Türkiye,2017,Female,22.47,79.6
EUR,Europe,TUR,Türkiye,2017,Male,19.2,74.54
EUR,Europe,TUR,Türkiye,2018,Female,22.88,80.08
EUR,Europe,TUR,Türkiye,2018,Male,19.51,75.01
EUR,Europe,TUR,Türkiye,2019,Female,22.85,80.13
EUR,Europe,TUR,Türkiye,2019,Male,19.46,75.09
EUR,Europe,TUR,Türkiye,2020,Female,21.67,78.97
EUR,Europe,TUR,Türkiye,2020,Male,17.79,73.41
EUR,Europe,TUR,Türkiye,2021,Female,21.08,78.1
EUR,Europe,TUR,Türkiye,2021,Male,17.42,72.54
EUR,Europe,UKR,Ukraine,2000,Female,18.83,73.25
EUR,Europe,UKR,Ukraine,2000,Male,14.04,62.03
EUR,Europe,UKR,Ukraine,2001,Female,19.02,73.4
EUR,Europe,UKR,Ukraine,2001,Male,14.17,62.19
EUR,Europe,UKR,Ukraine,2002,Female,18.98,73.29
EUR,Europe,UKR,Ukraine,2002,Male,14.01,61.9
EUR,Europe,UKR,Ukraine,2003,Female,18.82,73.2
EUR,Europe,UKR,Ukraine,2003,Male,13.97,62.03
EUR,Europe,UKR,Ukraine,2004,Female,19.04,73.31
EUR,Europe,UKR,Ukraine,2004,Male,13.99,61.78
EUR,Europe,UKR,Ukraine,2005,Female,18.92,73.12
EUR,Europe,UKR,Ukraine,2005,Male,13.76,61.38
EUR,Europe,UKR,Ukraine,2006,Female,19.15,73.56
EUR,Europe,UKR,Ukraine,2006,Male,14.1,62.19
EUR,Europe,UKR,Ukraine,2007,Female,19.38,73.62
EUR,Europe,UKR,Ukraine,2007,Male,14.18,61.82
EUR,Europe,UKR,Ukraine,2008,Female,19.54,73.81
EUR,Europe,UKR,Ukraine,2008,Male,14.38,62.2
EUR,Europe,UKR,Ukraine,2009,Female,19.81,74.69
EUR,Europe,UKR,Ukraine,2009,Male,14.78,64.24
EUR,Europe,UKR,Ukraine,2010,Female,19.81,75.03
EUR,Europe,UKR,Ukraine,2010,Male,14.88,65.12
EUR,Europe,UKR,Ukraine,2011,Female,20.32,75.77
EUR,Europe,UKR,Ukraine,2011,Male,15.35,65.91
EUR,Europe,UKR,Ukraine,2012,Female,20.51,75.95
EUR,Europe,UKR,Ukraine,2012,Male,15.43,66.05
EUR,Europe,UKR,Ukraine,2013,Female,20.66,76.32
EUR,Europe,UKR,Ukraine,2013,Male,15.6,66.57
EUR,Europe,UKR,Ukraine,2014,Female,20.6,76.09
EUR,Europe,UKR,Ukraine,2014,Male,15.49,65.61
EUR,Europe,UKR,Ukraine,2015,Female,21.12,76.95
EUR,Europe,UKR,Ukraine,2015,Male,15.93,67.12
EUR,Europe,UKR,Ukraine,2016,Female,21.37,77.28
EUR,Europe,UKR,Ukraine,2016,Male,16.16,67.71
EUR,Europe,UKR,Ukraine,2017,Female,21.65,77.67
EUR,Europe,UKR,Ukraine,2017,Male,16.43,68.06
EUR,Europe,UKR,Ukraine,2018,Female,21.6,77.56
EUR,Europe,UKR,Ukraine,2018,Male,16.29,67.67
EUR,Europe,UKR,Ukraine,2019,Female,21.73,77.81
EUR,Europe,UKR,Ukraine,2019,Male,16.43,67.99
EUR,Europe,UKR,Ukraine,2020,Female,21.23,77.22
EUR,Europe,UKR,Ukraine,2020,Male,15.72,67.57
EUR,Europe,UKR,Ukraine,2021,Female,19.59,75.34
EUR,Europe,UKR,Ukraine,2021,Male,14.6,66.33
EUR,Europe,UZB,Uzbekistan,2000,Female,14.28,64.58
EUR,Europe,UZB,Uzbekistan,2000,Male,12.27,58.91
EUR,Europe,UZB,Uzbekistan,2001,Female,14.46,65.0
EUR,Europe,UZB,Uzbekistan,2001,Male,12.45,59.46
EUR,Europe,UZB,Uzbekistan,2002,Female,14.13,64.88
EUR,Europe,UZB,Uzbekistan,2002,Male,12.05,59.62
EUR,Europe,UZB,Uzbekistan,2003,Female,14.15,65.34
EUR,Europe,UZB,Uzbekistan,2003,Male,12.13,60.24
EUR,Europe,UZB,Uzbekistan,2004,Female,14.55,66.02
EUR,Europe,UZB,Uzbekistan,2004,Male,12.47,60.92
EUR,Europe,UZB,Uzbekistan,2005,Female,14.12,65.87
EUR,Europe,UZB,Uzbekistan,2005,Male,12.01,60.64
EUR,Europe,UZB,Uzbekistan,2006,Female,14.57,66.75
EUR,Europe,UZB,Uzbekistan,2006,Male,12.43,61.72
EUR,Europe,UZB,Uzbekistan,2007,Female,14.76,67.31
EUR,Europe,UZB,Uzbekistan,2007,Male,12.6,62.36
EUR,Europe,UZB,Uzbekistan,2008,Female,14.99,67.9
EUR,Europe,UZB,Uzbekistan,2008,Male,12.82,63.04
EUR,Europe,UZB,Uzbekistan,2009,Female,15.48,68.7
EUR,Europe,UZB,Uzbekistan,2009,Male,13.31,63.9
EUR,Europe,UZB,Uzbekistan,2010,Female,15.46,69.08
EUR,Europe,UZB,Uzbekistan,2010,Male,13.29,64.39
EUR,Europe,UZB,Uzbekistan,2011,Female,15.63,69.52
EUR,Europe,UZB,Uzbekistan,2011,Male,13.44,64.87
EUR,Europe,UZB,Uzbekistan,2012,Female,15.98,70.03
EUR,Europe,UZB,Uzbekistan,2012,Male,13.62,65.28
EUR,Europe,UZB,Uzbekistan,2013,Female,16.4,70.67
EUR,Europe,UZB,Uzbekistan,2013,Male,14.11,66.08
EUR,Europe,UZB,Uzbekistan,2014,Female,16.63,71.12
EUR,Europe,UZB,Uzbekistan,2014,Male,14.27,66.5
EUR,Europe,UZB,Uzbekistan,2015,Female,17.14,71.72
EUR,Europe,UZB,Uzbekistan,2015,Male,14.79,67.11
EUR,Europe,UZB,Uzbekistan,2016,Female,17.49,72.19
EUR,Europe,UZB,Uzbekistan,2016,Male,15.13,67.69
EUR,Europe,UZB,Uzbekistan,2017,Female,17.71,72.58
EUR,Europe,UZB,Uzbekistan,2017,Male,15.38,68.17
EUR,Europe,UZB,Uzbekistan,2018,Female,18.43,73.57
EUR,Europe,UZB,Uzbekistan,2018,Male,16.07,69.28
EUR,Europe,UZB,Uzbekistan,2019,Female,18.89,74.28
EUR,Europe,UZB,Uzbekistan,2019,Male,16.51,70.15
EUR,Europe,UZB,Uzbekistan,2020,Female,17.91,73.41
EUR,Europe,UZB,Uzbekistan,2020,Male,15.28,69.23
EUR,Europe,UZB,Uzbekistan,2021,Female,18.56,74.11
EUR,Europe,UZB,Uzbekistan,2021,Male,16.26,70.16
SEAR,South-East Asia,BGD,Bangladesh,2000,Female,18.64,67.4
SEAR,South-East Asia,BGD,Bangladesh,2000,Male,16.4,63.71
SEAR,South-East Asia,BGD,Bangladesh,2001,Female,18.71,67.98
SEAR,South-East Asia,BGD,Bangladesh,2001,Male,16.5,64.31
SEAR,South-East Asia,BGD,Bangladesh,2002,Female,18.54,68.24
SEAR,South-East Asia,BGD,Bangladesh,2002,Male,16.55,64.78
SEAR,South-East Asia,BGD,Bangladesh,2003,Female,18.63,68.67
SEAR,South-East Asia,BGD,Bangladesh,2003,Male,16.66,65.2
SEAR,South-East Asia,BGD,Bangladesh,2004,Female,19.02,69.34
SEAR,South-East Asia,BGD,Bangladesh,2004,Male,16.86,65.74
SEAR,South-East Asia,BGD,Bangladesh,2005,Female,19.32,69.87
SEAR,South-East Asia,BGD,Bangladesh,2005,Male,16.97,66.09
SEAR,South-East Asia,BGD,Bangladesh,2006,Female,19.45,70.28
SEAR,South-East Asia,BGD,Bangladesh,2006,Male,16.92,66.31
SEAR,South-East Asia,BGD,Bangladesh,2007,Female,19.52,70.61
SEAR,South-East Asia,BGD,Bangladesh,2007,Male,16.94,66.61
SEAR,South-East Asia,BGD,Bangladesh,2008,Female,19.73,71.15
SEAR,South-East Asia,BGD,Bangladesh,2008,Male,17.24,67.22
SEAR,South-East Asia,BGD,Bangladesh,2009,Female,19.83,71.6
SEAR,South-East Asia,BGD,Bangladesh,2009,Male,17.56,67.86
SEAR,South-East Asia,BGD,Bangladesh,2010,Female,19.79,71.87
SEAR,South-East Asia,BGD,Bangladesh,2010,Male,17.81,68.45
SEAR,South-East Asia,BGD,Bangladesh,2011,Female,20.24,72.62
SEAR,South-East Asia,BGD,Bangladesh,2011,Male,18.81,69.66
SEAR,South-East Asia,BGD,Bangladesh,2012,Female,20.68,73.27
SEAR,South-East Asia,BGD,Bangladesh,2012,Male,19.98,70.97
SEAR,South-East Asia,BGD,Bangladesh,2013,Female,20.85,73.72
SEAR,South-East Asia,BGD,Bangladesh,2013,Male,20.22,71.51
SEAR,South-East Asia,BGD,Bangladesh,2014,Female,20.87,74.01
SEAR,South-East Asia,BGD,Bangladesh,2014,Male,19.93,71.59
SEAR,South-East Asia,BGD,Bangladesh,2015,Female,21.02,74.35
SEAR,South-East Asia,BGD,Bangladesh,2015,Male,20.21,72.07
SEAR,South-East Asia,BGD,Bangladesh,2016,Female,21.08,74.6
SEAR,South-East Asia,BGD,Bangladesh,2016,Male,20.23,72.31
SEAR,South-East Asia,BGD,Bangladesh,2017,Female,20.97,74.69
SEAR,South-East Asia,BGD,Bangladesh,2017,Male,19.73,72.08
SEAR,South-East Asia,BGD,Bangladesh,2018,Female,21.08,74.98
SEAR,South-East Asia,BGD,Bangladesh,2018,Male,19.82,72.38
SEAR,South-East Asia,BGD,Bangladesh,2019,Female,21.18,75.26
SEAR,South-East Asia,BGD,Bangladesh,2019,Male,19.92,72.64
SEAR,South-East Asia,BGD,Bangladesh,2020,Female,20.74,74.97
SEAR,South-East Asia,BGD,Bangladesh,2020,Male,18.73,71.67
SEAR,South-East Asia,BGD,Bangladesh,2021,Female,20.44,74.56
SEAR,South-East Asia,BGD,Bangladesh,2021,Male,19.0,71.65
SEAR,South-East Asia,BTN,Bhutan,2000,Female,18.17,66.27
SEAR,South-East Asia,BTN,Bhutan,2000,Male,18.32,65.73
SEAR,South-East Asia,BTN,Bhutan,2001,Female,18.63,67.66
SEAR,South-East Asia,BTN,Bhutan,2001,Male,18.69,66.75
SEAR,South-East Asia,BTN,Bhutan,2002,Female,18.9,68.43
SEAR,South-East Asia,BTN,Bhutan,2002,Male,18.85,67.33
SEAR,South-East Asia,BTN,Bhutan,2003,Female,19.09,69.09
SEAR,South-East Asia,BTN,Bhutan,2003,Male,18.91,67.76
SEAR,South-East Asia,BTN,Bhutan,2004,Female,19.24,69.64
SEAR,South-East Asia,BTN,Bhutan,2004,Male,19.02,68.22
SEAR,South-East Asia,BTN,Bhutan,2005,Female,19.37,70.18
SEAR,South-East Asia,BTN,Bhutan,2005,Male,19.11,68.65
SEAR,South-East Asia,BTN,Bhutan,2006,Female,19.57,70.85
SEAR,South-East Asia,BTN,Bhutan,2006,Male,19.22,69.18
SEAR,South-East Asia,BTN,Bhutan,2007,Female,19.78,71.44
SEAR,South-East Asia,BTN,Bhutan,2007,Male,19.31,69.64
SEAR,South-East Asia,BTN,Bhutan,2008,Female,19.96,71.95
SEAR,South-East Asia,BTN,Bhutan,2008,Male,19.39,70.0
SEAR,South-East Asia,BTN,Bhutan,2009,Female,20.08,72.38
SEAR,South-East Asia,BTN,Bhutan,2009,Male,19.37,70.3
SEAR,South-East Asia,BTN,Bhutan,2010,Female,20.2,72.86
SEAR,South-East Asia,BTN,Bhutan,2010,Male,19.46,70.74
SEAR,South-East Asia,BTN,Bhutan,2011,Female,20.29,73.27
SEAR,South-East Asia,BTN,Bhutan,2011,Male,19.51,71.13
SEAR,South-East Asia,BTN,Bhutan,2012,Female,20.36,73.61
SEAR,South-East Asia,BTN,Bhutan,2012,Male,19.55,71.45
SEAR,South-East Asia,BTN,Bhutan,2013,Female,20.41,73.87
SEAR,South-East Asia,BTN,Bhutan,2013,Male,19.58,71.71
SEAR,South-East Asia,BTN,Bhutan,2014,Female,20.43,74.07
SEAR,South-East Asia,BTN,Bhutan,2014,Male,19.58,71.9
SEAR,South-East Asia,BTN,Bhutan,2015,Female,20.45,74.24
SEAR,South-East Asia,BTN,Bhutan,2015,Male,19.58,72.05
SEAR,South-East Asia,BTN,Bhutan,2016,Female,20.48,74.45
SEAR,South-East Asia,BTN,Bhutan,2016,Male,19.59,72.26
SEAR,South-East Asia,BTN,Bhutan,2017,Female,20.52,74.72
SEAR,South-East Asia,BTN,Bhutan,2017,Male,19.61,72.52
SEAR,South-East Asia,BTN,Bhutan,2018,Female,20.56,74.95
SEAR,South-East Asia,BTN,Bhutan,2018,Male,19.63,72.69
SEAR,South-East Asia,BTN,Bhutan,2019,Female,20.61,75.13
SEAR,South-East Asia,BTN,Bhutan,2019,Male,19.66,72.87
SEAR,South-East Asia,BTN,Bhutan,2020,Female,21.16,75.91
SEAR,South-East Asia,BTN,Bhutan,2020,Male,19.9,73.17
SEAR,South-East Asia,BTN,Bhutan,2021,Female,21.24,75.94
SEAR,South-East Asia,BTN,Bhutan,2021,Male,20.49,73.93
SEAR,South-East Asia,IND,India,2000,Female,18.46,64.29
SEAR,South-East Asia,IND,India,2000,Male,16.56,62.18
SEAR,South-East Asia,IND,India,2001,Female,18.6,64.86
SEAR,South-East Asia,IND,India,2001,Male,16.53,62.54
SEAR,South-East Asia,IND,India,2002,Female,18.6,65.37
SEAR,South-East Asia,IND,India,2002,Male,16.7,63.05
SEAR,South-East Asia,IND,India,2003,Female,18.61,65.89
SEAR,South-East Asia,IND,India,2003,Male,16.56,63.37
SEAR,South-East Asia,IND,India,2004,Female,18.85,66.57
SEAR,South-East Asia,IND,India,2004,Male,16.63,63.68
SEAR,South-East Asia,IND,India,2005,Female,18.88,67.0
SEAR,South-East Asia,IND,India,2005,Male,16.88,64.18
SEAR,South-East Asia,IND,India,2006,Female,18.7,67.33
SEAR,South-East Asia,IND,India,2006,Male,17.02,64.54
SEAR,South-East Asia,IND,India,2007,Female,18.6,67.67
SEAR,South-East Asia,IND,India,2007,Male,16.79,64.66
SEAR,South-East Asia,IND,India,2008,Female,18.69,68.13
SEAR,South-East Asia,IND,India,2008,Male,16.74,64.88
SEAR,South-East Asia,IND,India,2009,Female,19.04,68.81
SEAR,South-East Asia,IND,India,2009,Male,17.04,65.45
SEAR,South-East Asia,IND,India,2010,Female,19.31,69.37
SEAR,South-East Asia,IND,India,2010,Male,17.03,65.77
SEAR,South-East Asia,IND,India,2011,Female,19.27,69.76
SEAR,South-East Asia,IND,India,2011,Male,17.04,66.09
SEAR,South-East Asia,IND,India,2012,Female,19.09,69.96
SEAR,South-East Asia,IND,India,2012,Male,17.33,66.64
SEAR,South-East Asia,IND,India,2013,Female,19.06,70.2
SEAR,South-East Asia,IND,India,2013,Male,17.28,66.97
SEAR,South-East Asia,IND,India,2014,Female,19.19,70.64
SEAR,South-East Asia,IND,India,2014,Male,17.22,67.35
SEAR,South-East Asia,IND,India,2015,Female,19.28,70.99
SEAR,South-East Asia,IND,India,2015,Male,17.44,67.9
SEAR,South-East Asia,IND,India,2016,Female,19.34,71.31
SEAR,South-East Asia,IND,India,2016,Male,17.65,68.36
SEAR,South-East Asia,IND,India,2017,Female,19.3,71.57
SEAR,South-East Asia,IND,India,2017,Male,17.72,68.66
SEAR,South-East Asia,IND,India,2018,Female,19.31,71.95
SEAR,South-East Asia,IND,India,2018,Male,17.59,68.88
SEAR,South-East Asia,IND,India,2019,Female,19.44,72.41
SEAR,South-East Asia,IND,India,2019,Male,17.6,69.18
SEAR,South-East Asia,IND,India,2020,Female,19.07,72.18
SEAR,South-East Asia,IND,India,2020,Male,16.59,68.41
SEAR,South-East Asia,IND,India,2021,Female,16.51,69.02
SEAR,South-East Asia,IND,India,2021,Male,14.76,65.77
SEAR,South-East Asia,LKA,Sri Lanka,2000,Female,21.22,76.4
SEAR,South-East Asia,LKA,Sri Lanka,2000,Male,17.17,67.15
SEAR,South-East Asia,LKA,Sri Lanka,2001,Female,21.74,77.34
SEAR,South-East Asia,LKA,Sri Lanka,2001,Male,17.58,68.42
SEAR,South-East Asia,LKA,Sri Lanka,2002,Female,21.81,77.61
SEAR,South-East Asia,LKA,Sri Lanka,2002,Male,17.77,69.4
SEAR,South-East Asia,LKA,Sri Lanka,2003,Female,21.71,77.58
SEAR,South-East Asia,LKA,Sri Lanka,2003,Male,17.6,69.47
SEAR,South-East Asia,LKA,Sri Lanka,2004,Female,20.24,71.79
SEAR,South-East Asia,LKA,Sri Lanka,2004,Male,16.79,66.56
SEAR,South-East Asia,LKA,Sri Lanka,2005,Female,21.73,77.78
SEAR,South-East Asia,LKA,Sri Lanka,2005,Male,17.41,69.5
SEAR,South-East Asia,LKA,Sri Lanka,2006,Female,21.58,77.65
SEAR,South-East Asia,LKA,Sri Lanka,2006,Male,17.51,69.34
SEAR,South-East Asia,LKA,Sri Lanka,2007,Female,21.7,77.95
SEAR,South-East Asia,LKA,Sri Lanka,2007,Male,17.76,69.9
SEAR,South-East Asia,LKA,Sri Lanka,2008,Female,21.66,77.79
SEAR,South-East Asia,LKA,Sri Lanka,2008,Male,17.63,68.76
SEAR,South-East Asia,LKA,Sri Lanka,2009,Female,21.57,76.57
SEAR,South-East Asia,LKA,Sri Lanka,2009,Male,18.03,68.42
SEAR,South-East Asia,LKA,Sri Lanka,2010,Female,22.06,78.25
SEAR,South-East Asia,LKA,Sri Lanka,2010,Male,18.15,70.15
SEAR,South-East Asia,LKA,Sri Lanka,2011,Female,22.1,78.55
SEAR,South-East Asia,LKA,Sri Lanka,2011,Male,18.2,71.42
SEAR,South-East Asia,LKA,Sri Lanka,2012,Female,22.32,79.0
SEAR,South-East Asia,LKA,Sri Lanka,2012,Male,18.48,72.28
SEAR,South-East Asia,LKA,Sri Lanka,2013,Female,22.27,79.08
SEAR,South-East Asia,LKA,Sri Lanka,2013,Male,18.4,72.53
SEAR,South-East Asia,LKA,Sri Lanka,2014,Female,22.35,79.27
SEAR,South-East Asia,LKA,Sri Lanka,2014,Male,18.53,72.99
SEAR,South-East Asia,LKA,Sri Lanka,2015,Female,22.5,79.52
SEAR,South-East Asia,LKA,Sri Lanka,2015,Male,18.63,73.24
SEAR,South-East Asia,LKA,Sri Lanka,2016,Female,22.69,79.74
SEAR,South-East Asia,LKA,Sri Lanka,2016,Male,19.08,73.62
SEAR,South-East Asia,LKA,Sri Lanka,2017,Female,22.79,79.86
SEAR,South-East Asia,LKA,Sri Lanka,2017,Male,19.22,73.76
SEAR,South-East Asia,LKA,Sri Lanka,2018,Female,22.96,80.09
SEAR,South-East Asia,LKA,Sri Lanka,2018,Male,19.48,74.02
SEAR,South-East Asia,LKA,Sri Lanka,2019,Female,23.19,80.33
SEAR,South-East Asia,LKA,Sri Lanka,2019,Male,19.93,74.32
SEAR,South-East Asia,LKA,Sri Lanka,2020,Female,25.6,83.15
SEAR,South-East Asia,LKA,Sri Lanka,2020,Male,22.77,77.82
SEAR,South-East Asia,LKA,Sri Lanka,2021,Female,22.93,80.05
SEAR,South-East Asia,LKA,Sri Lanka,2021,Male,19.83,74.16
SEAR,South-East Asia,MDV,Maldives,2000,Female,17.23,70.67
SEAR,South-East Asia,MDV,Maldives,2000,Male,16.92,69.06
SEAR,South-East Asia,MDV,Maldives,2001,Female,17.64,71.62
SEAR,South-East Asia,MDV,Maldives,2001,Male,16.81,69.49
SEAR,South-East Asia,MDV,Maldives,2002,Female,17.82,72.38
SEAR,South-East Asia,MDV,Maldives,2002,Male,16.79,69.98
SEAR,South-East Asia,MDV,Maldives,2003,Female,18.05,73.04
SEAR,South-East Asia,MDV,Maldives,2003,Male,16.81,70.45
SEAR,South-East Asia,MDV,Maldives,2004,Female,18.04,72.64
SEAR,South-East Asia,MDV,Maldives,2004,Male,16.65,70.3
SEAR,South-East Asia,MDV,Maldives,2005,Female,18.74,74.55
SEAR,South-East Asia,MDV,Maldives,2005,Male,16.97,71.5
SEAR,South-East Asia,MDV,Maldives,2006,Female,18.96,75.1
SEAR,South-East Asia,MDV,Maldives,2006,Male,17.07,71.96
SEAR,South-East Asia,MDV,Maldives,2007,Female,19.17,75.53
SEAR,South-East Asia,MDV,Maldives,2007,Male,17.18,72.25
SEAR,South-East Asia,MDV,Maldives,2008,Female,19.49,76.0
SEAR,South-East Asia,MDV,Maldives,2008,Male,17.33,72.59
SEAR,South-East Asia,MDV,Maldives,2009,Female,19.7,76.36
SEAR,South-East Asia,MDV,Maldives,2009,Male,17.54,72.92
SEAR,South-East Asia,MDV,Maldives,2010,Female,19.81,76.63
SEAR,South-East Asia,MDV,Maldives,2010,Male,17.69,73.24
SEAR,South-East Asia,MDV,Maldives,2011,Female,20.04,77.02
SEAR,South-East Asia,MDV,Maldives,2011,Male,17.91,73.61
SEAR,South-East Asia,MDV,Maldives,2012,Female,20.77,77.89
SEAR,South-East Asia,MDV,Maldives,2012,Male,18.47,74.27
SEAR,South-East Asia,MDV,Maldives,2013,Female,20.96,78.23
SEAR,South-East Asia,MDV,Maldives,2013,Male,18.84,74.79
SEAR,South-East Asia,MDV,Maldives,2014,Female,21.35,78.79
SEAR,South-East Asia,MDV,Maldives,2014,Male,19.2,75.27
SEAR,South-East Asia,MDV,Maldives,2015,Female,21.67,79.22
SEAR,South-East Asia,MDV,Maldives,2015,Male,19.54,75.74
SEAR,South-East Asia,MDV,Maldives,2016,Female,22.16,79.86
SEAR,South-East Asia,MDV,Maldives,2016,Male,19.82,76.11
SEAR,South-East Asia,MDV,Maldives,2017,Female,22.44,80.23
SEAR,South-East Asia,MDV,Maldives,2017,Male,20.18,76.64
SEAR,South-East Asia,MDV,Maldives,2018,Female,22.76,80.69
SEAR,South-East Asia,MDV,Maldives,2018,Male,20.52,77.21
SEAR,South-East Asia,MDV,Maldives,2019,Female,18.64,76.86
SEAR,South-East Asia,MDV,Maldives,2019,Male,17.32,74.41
SEAR,South-East Asia,MDV,Maldives,2020,Female,19.77,77.93
SEAR,South-East Asia,MDV,Maldives,2020,Male,17.74,74.92
SEAR,South-East Asia,MDV,Maldives,2021,Female,18.39,76.59
SEAR,South-East Asia,MDV,Maldives,2021,Male,17.25,74.51
SEAR,South-East Asia,MMR,Myanmar,2000,Female,16.02,61.87
SEAR,South-East Asia,MMR,Myanmar,2000,Male,13.49,57.02
SEAR,South-East Asia,MMR,Myanmar,2001,Female,16.15,62.27
SEAR,South-East Asia,MMR,Myanmar,2001,Male,13.59,57.41
SEAR,South-East Asia,MMR,Myanmar,2002,Female,16.3,62.73
SEAR,South-East Asia,MMR,Myanmar,2002,Male,13.71,57.79
SEAR,South-East Asia,MMR,Myanmar,2003,Female,16.42,63.13
SEAR,South-East Asia,MMR,Myanmar,2003,Male,13.87,58.26
SEAR,South-East Asia,MMR,Myanmar,2004,Female,16.62,63.66
SEAR,South-East Asia,MMR,Myanmar,2004,Male,13.94,58.6
SEAR,South-East Asia,MMR,Myanmar,2005,Female,16.88,64.28
SEAR,South-East Asia,MMR,Myanmar,2005,Male,14.12,59.08
SEAR,South-East Asia,MMR,Myanmar,2006,Female,17.09,64.84
SEAR,South-East Asia,MMR,Myanmar,2006,Male,14.28,59.59
SEAR,South-East Asia,MMR,Myanmar,2007,Female,17.37,65.54
SEAR,South-East Asia,MMR,Myanmar,2007,Male,14.48,60.13
SEAR,South-East Asia,MMR,Myanmar,2008,Female,16.16,58.24
SEAR,South-East Asia,MMR,Myanmar,2008,Male,13.72,55.57
SEAR,South-East Asia,MMR,Myanmar,2009,Female,17.93,66.94
SEAR,South-East Asia,MMR,Myanmar,2009,Male,14.78,61.18
SEAR,South-East Asia,MMR,Myanmar,2010,Female,18.21,67.7
SEAR,South-East Asia,MMR,Myanmar,2010,Male,14.94,61.74
SEAR,South-East Asia,MMR,Myanmar,2011,Female,18.51,68.45
SEAR,South-East Asia,MMR,Myanmar,2011,Male,15.07,62.19
SEAR,South-East Asia,MMR,Myanmar,2012,Female,18.79,69.17
SEAR,South-East Asia,MMR,Myanmar,2012,Male,15.25,62.75
SEAR,South-East Asia,MMR,Myanmar,2013,Female,18.96,69.73
SEAR,South-East Asia,MMR,Myanmar,2013,Male,15.42,63.34
SEAR,South-East Asia,MMR,Myanmar,2014,Female,19.16,70.3
SEAR,South-East Asia,MMR,Myanmar,2014,Male,15.6,63.94
SEAR,South-East Asia,MMR,Myanmar,2015,Female,19.26,70.71
SEAR,South-East Asia,MMR,Myanmar,2015,Male,15.71,64.3
SEAR,South-East Asia,MMR,Myanmar,2016,Female,19.38,71.12
SEAR,South-East Asia,MMR,Myanmar,2016,Male,15.83,64.75
SEAR,South-East Asia,MMR,Myanmar,2017,Female,19.48,71.29
SEAR,South-East Asia,MMR,Myanmar,2017,Male,15.91,64.76
SEAR,South-East Asia,MMR,Myanmar,2018,Female,19.55,71.79
SEAR,South-East Asia,MMR,Myanmar,2018,Male,16.01,65.45
SEAR,South-East Asia,MMR,Myanmar,2019,Female,19.61,72.04
SEAR,South-East Asia,MMR,Myanmar,2019,Male,16.06,65.69
SEAR,South-East Asia,MMR,Myanmar,2020,Female,19.53,72.26
SEAR,South-East Asia,MMR,Myanmar,2020,Male,15.53,65.65
SEAR,South-East Asia,MMR,Myanmar,2021,Female,18.72,71.15
SEAR,South-East Asia,MMR,Myanmar,2021,Male,15.32,64.71
SEAR,South-East Asia,NPL,Nepal,2000,Female,18.31,66.51
SEAR,South-East Asia,NPL,Nepal,2000,Male,17.21,64.22
SEAR,South-East Asia,NPL,Nepal,2001,Female,18.56,67.32
SEAR,South-East Asia,NPL,Nepal,2001,Male,17.52,65.02
SEAR,South-East Asia,NPL,Nepal,2002,Female,18.73,67.84
SEAR,South-East Asia,NPL,Nepal,2002,Male,17.74,65.08
SEAR,South-East Asia,NPL,Nepal,2003,Female,18.91,68.56
SEAR,South-East Asia,NPL,Nepal,2003,Male,17.96,66.16
SEAR,South-East Asia,NPL,Nepal,2004,Female,19.03,69.04
SEAR,South-East Asia,NPL,Nepal,2004,Male,18.03,66.36
SEAR,South-East Asia,NPL,Nepal,2005,Female,19.12,69.5
SEAR,South-East Asia,NPL,Nepal,2005,Male,18.08,66.87
SEAR,South-East Asia,NPL,Nepal,2006,Female,19.19,69.9
SEAR,South-East Asia,NPL,Nepal,2006,Male,18.04,67.19
SEAR,South-East Asia,NPL,Nepal,2007,Female,19.2,70.17
SEAR,South-East Asia,NPL,Nepal,2007,Male,17.99,67.43
SEAR,South-East Asia,NPL,Nepal,2008,Female,19.27,70.48
SEAR,South-East Asia,NPL,Nepal,2008,Male,17.96,67.58
SEAR,South-East Asia,NPL,Nepal,2009,Female,19.33,70.79
SEAR,South-East Asia,NPL,Nepal,2009,Male,17.92,67.74
SEAR,South-East Asia,NPL,Nepal,2010,Female,19.34,71.01
SEAR,South-East Asia,NPL,Nepal,2010,Male,17.9,67.92
SEAR,South-East Asia,NPL,Nepal,2011,Female,19.37,71.27
SEAR,South-East Asia,NPL,Nepal,2011,Male,17.76,67.93
SEAR,South-East Asia,NPL,Nepal,2012,Female,19.36,71.5
SEAR,South-East Asia,NPL,Nepal,2012,Male,17.69,68.06
SEAR,South-East Asia,NPL,Nepal,2013,Female,19.37,71.73
SEAR,South-East Asia,NPL,Nepal,2013,Male,17.61,68.21
SEAR,South-East Asia,NPL,Nepal,2014,Female,19.38,71.95
SEAR,South-East Asia,NPL,Nepal,2014,Male,17.59,68.4
SEAR,South-East Asia,NPL,Nepal,2015,Female,19.15,71.39
SEAR,South-East Asia,NPL,Nepal,2015,Male,17.35,68.14
SEAR,South-East Asia,NPL,Nepal,2016,Female,19.38,72.36
SEAR,South-East Asia,NPL,Nepal,2016,Male,17.52,68.78
SEAR,South-East Asia,NPL,Nepal,2017,Female,19.41,72.61
SEAR,South-East Asia,NPL,Nepal,2017,Male,17.55,69.02
SEAR,South-East Asia,NPL,Nepal,2018,Female,19.46,72.86
SEAR,South-East Asia,NPL,Nepal,2018,Male,17.58,69.28
SEAR,South-East Asia,NPL,Nepal,2019,Female,19.51,73.1
SEAR,South-East Asia,NPL,Nepal,2019,Male,17.64,69.56
SEAR,South-East Asia,NPL,Nepal,2020,Female,19.22,72.99
SEAR,South-East Asia,NPL,Nepal,2020,Male,16.74,68.98
SEAR,South-East Asia,NPL,Nepal,2021,Female,18.34,71.79
SEAR,South-East Asia,NPL,Nepal,2021,Male,16.47,68.27
SEAR,South-East Asia,PRK,Democratic People's Republic of Korea,2000,Female,17.48,64.98
SEAR,South-East Asia,PRK,Democratic People's Republic of Korea,2000,Male,14.62,59.64
SEAR,South-East Asia,PRK,Democratic People's Republic of Korea,2001,Female,17.49,65.12
SEAR,South-East Asia,PRK,Democratic People's Republic of Korea,2001,Male,14.63,59.76
SEAR,South-East Asia,PRK,Democratic People's Republic of Korea,2002,Female,17.51,65.31
SEAR,South-East Asia,PRK,Democratic People's Republic of Korea,2002,Male,14.63,59.92
SEAR,South-East Asia,PRK,Democratic People's Republic of Korea,2003,Female,18.79,72.0
SEAR,South-East Asia,PRK,Democratic People's Republic of Korea,2003,Male,15.71,66.26
SEAR,South-East Asia,PRK,Democratic People's Republic of Korea,2004,Female,18.83,72.14
SEAR,South-East Asia,PRK,Democratic People's Republic of Korea,2004,Male,15.74,66.38
SEAR,South-East Asia,PRK,Democratic People's Republic of Korea,2005,Female,18.87,72.27
SEAR,South-East Asia,PRK,Democratic People's Republic of Korea,2005,Male,15.78,66.54
SEAR,South-East Asia,PRK,Democratic People's Republic of Korea,2006,Female,18.89,72.36
SEAR,South-East Asia,PRK,Democratic People's Republic of Korea,2006,Male,15.8,66.63
SEAR,South-East Asia,PRK,Democratic People's Republic of Korea,2007,Female,18.89,72.37
SEAR,South-East Asia,PRK,Democratic People's Republic of Korea,2007,Male,15.79,66.62
SEAR,South-East Asia,PRK,Democratic People's Republic of Korea,2008,Female,18.91,72.5
SEAR,South-East Asia,PRK,Democratic People's Republic of Korea,2008,Male,15.76,66.72
SEAR,South-East Asia,PRK,Democratic People's Republic of Korea,2009,Female,18.92,72.6
SEAR,South-East Asia,PRK,Democratic People's Republic of Korea,2009,Male,15.74,66.8
SEAR,South-East Asia,PRK,Democratic People's Republic of Korea,2010,Female,18.96,72.78
SEAR,South-East Asia,PRK,Democratic People's Republic of Korea,2010,Male,15.76,66.95
SEAR,South-East Asia,PRK,Democratic People's Republic of Korea,2011,Female,19.05,73.03
SEAR,South-East Asia,PRK,Democratic People's Republic of Korea,2011,Male,15.82,67.21
SEAR,South-East Asia,PRK,Democratic People's Republic of Korea,2012,Female,19.14,73.32
SEAR,South-East Asia,PRK,Democratic People's Republic of Korea,2012,Male,15.9,67.49
SEAR,South-East Asia,PRK,Democratic People's Republic of Korea,2013,Female,19.29,73.64
SEAR,South-East Asia,PRK,Democratic People's Republic of Korea,2013,Male,16.01,67.79
SEAR,South-East Asia,PRK,Democratic People's Republic of Korea,2014,Female,19.48,73.97
SEAR,South-East Asia,PRK,Democratic People's Republic of Korea,2014,Male,16.17,68.11
SEAR,South-East Asia,PRK,Democratic People's Republic of Korea,2015,Female,19.67,74.27
SEAR,South-East Asia,PRK,Democratic People's Republic of Korea,2015,Male,16.35,68.39
SEAR,South-East Asia,PRK,Democratic People's Republic of Korea,2016,Female,19.88,74.51
SEAR,South-East Asia,PRK,Democratic People's Republic of Korea,2016,Male,16.54,68.62
SEAR,South-East Asia,PRK,Democratic People's Republic of Korea,2017,Female,20.1,74.86
SEAR,South-East Asia,PRK,Democratic People's Republic of Korea,2017,Male,16.75,68.92
SEAR,South-East Asia,PRK,Democratic People's Republic of Korea,2018,Female,20.23,75.05
SEAR,South-East Asia,PRK,Democratic People's Republic of Korea,2018,Male,16.91,69.13
SEAR,South-East Asia,PRK,Democratic People's Republic of Korea,2019,Female,20.39,75.3
SEAR,South-East Asia,PRK,Democratic People's Republic of Korea,2019,Male,17.04,69.34
SEAR,South-East Asia,PRK,Democratic People's Republic of Korea,2020,Female,20.43,75.51
SEAR,South-East Asia,PRK,Democratic People's Republic of Korea,2020,Male,16.71,69.33
SEAR,South-East Asia,PRK,Democratic People's Republic of Korea,2021,Female,20.68,75.65
SEAR,South-East Asia,PRK,Democratic People's Republic of Korea,2021,Male,17.39,69.76
SEAR,South-East Asia,THA,Thailand,2000,Female,21.71,74.82
SEAR,South-East Asia,THA,Thailand,2000,Male,19.63,67.34
SEAR,South-East Asia,THA,Thailand,2001,Female,22.12,75.47
SEAR,South-East Asia,THA,Thailand,2001,Male,19.96,68.11
SEAR,South-East Asia,THA,Thailand,2002,Female,21.97,75.36
SEAR,South-East Asia,THA,Thailand,2002,Male,19.86,68.2
SEAR,South-East Asia,THA,Thailand,2003,Female,22.03,75.68
SEAR,South-East Asia,THA,Thailand,2003,Male,19.93,68.52
SEAR,South-East Asia,THA,Thailand,2004,Female,21.81,75.5
SEAR,South-East Asia,THA,Thailand,2004,Male,19.79,68.7
SEAR,South-East Asia,THA,Thailand,2005,Female,22.01,76.31
SEAR,South-East Asia,THA,Thailand,2005,Male,19.98,69.48
SEAR,South-East Asia,THA,Thailand,2006,Female,22.21,76.79
SEAR,South-East Asia,THA,Thailand,2006,Male,20.22,70.14
SEAR,South-East Asia,THA,Thailand,2007,Female,22.44,77.24
SEAR,South-East Asia,THA,Thailand,2007,Male,20.43,70.73
SEAR,South-East Asia,THA,Thailand,2008,Female,22.69,77.71
SEAR,South-East Asia,THA,Thailand,2008,Male,20.65,71.31
SEAR,South-East Asia,THA,Thailand,2009,Female,23.02,78.26
SEAR,South-East Asia,THA,Thailand,2009,Male,20.95,71.93
SEAR,South-East Asia,THA,Thailand,2010,Female,23.18,78.52
SEAR,South-East Asia,THA,Thailand,2010,Male,21.07,72.14
SEAR,South-East Asia,THA,Thailand,2011,Female,23.58,79.02
SEAR,South-East Asia,THA,Thailand,2011,Male,21.41,72.5
SEAR,South-East Asia,THA,Thailand,2012,Female,24.01,79.54
SEAR,South-East Asia,THA,Thailand,2012,Male,21.78,72.9
SEAR,South-East Asia,THA,Thailand,2013,Female,24.33,79.93
SEAR,South-East Asia,THA,Thailand,2013,Male,22.08,73.23
SEAR,South-East Asia,THA,Thailand,2014,Female,24.51,80.16
SEAR,South-East Asia,THA,Thailand,2014,Male,22.26,73.43
SEAR,South-East Asia,THA,Thailand,2015,Female,24.71,80.43
SEAR,South-East Asia,THA,Thailand,2015,Male,22.42,73.6
SEAR,South-East Asia,THA,Thailand,2016,Female,24.77,80.52
SEAR,South-East Asia,THA,Thailand,2016,Male,22.42,73.56
SEAR,South-East Asia,THA,Thailand,2017,Female,24.95,80.79
SEAR,South-East Asia,THA,Thailand,2017,Male,22.51,73.75
SEAR,South-East Asia,THA,Thailand,2018,Female,24.85,80.74
SEAR,South-East Asia,THA,Thailand,2018,Male,22.29,73.64
SEAR,South-East Asia,THA,Thailand,2019,Female,24.74,80.64
SEAR,South-East Asia,THA,Thailand,2019,Male,21.99,73.3
SEAR,South-East Asia,THA,Thailand,2020,Female,24.26,79.91
SEAR,South-East Asia,THA,Thailand,2020,Male,22.84,73.24
SEAR,South-East Asia,THA,Thailand,2021,Female,23.63,78.97
SEAR,South-East Asia,THA,Thailand,2021,Male,21.78,71.76
SEAR,South-East Asia,TLS,Timor-Leste,2000,Female,17.77,63.31
SEAR,South-East Asia,TLS,Timor-Leste,2000,Male,18.11,62.47
SEAR,South-East Asia,TLS,Timor-Leste,2001,Female,17.93,63.94
SEAR,South-East Asia,TLS,Timor-Leste,2001,Male,18.16,62.93
SEAR,South-East Asia,TLS,Timor-Leste,2002,Female,18.08,64.57
SEAR,South-East Asia,TLS,Timor-Leste,2002,Male,18.18,63.32
SEAR,South-East Asia,TLS,Timor-Leste,2003,Female,18.2,65.17
SEAR,South-East Asia,TLS,Timor-Leste,2003,Male,18.16,63.9
SEAR,South-East Asia,TLS,Timor-Leste,2004,Female,18.32,65.79
SEAR,South-East Asia,TLS,Timor-Leste,2004,Male,18.15,64.47
SEAR,South-East Asia,TLS,Timor-Leste,2005,Female,18.42,66.46
SEAR,South-East Asia,TLS,Timor-Leste,2005,Male,18.12,64.95
SEAR,South-East Asia,TLS,Timor-Leste,2006,Female,18.48,66.92
SEAR,South-East Asia,TLS,Timor-Leste,2006,Male,18.09,65.12
SEAR,South-East Asia,TLS,Timor-Leste,2007,Female,18.53,67.3
SEAR,South-East Asia,TLS,Timor-Leste,2007,Male,18.07,65.42
SEAR,South-East Asia,TLS,Timor-Leste,2008,Female,18.54,67.55
SEAR,South-East Asia,TLS,Timor-Leste,2008,Male,18.0,65.67
SEAR,South-East Asia,TLS,Timor-Leste,2009,Female,18.53,67.68
SEAR,South-East Asia,TLS,Timor-Leste,2009,Male,17.87,65.67
SEAR,South-East Asia,TLS,Timor-Leste,2010,Female,18.65,68.17
SEAR,South-East Asia,TLS,Timor-Leste,2010,Male,17.81,65.92
SEAR,South-East Asia,TLS,Timor-Leste,2011,Female,18.64,68.52
SEAR,South-East Asia,TLS,Timor-Leste,2011,Male,17.7,66.13
SEAR,South-East Asia,TLS,Timor-Leste,2012,Female,18.66,68.78
SEAR,South-East Asia,TLS,Timor-Leste,2012,Male,17.59,66.21
SEAR,South-East Asia,TLS,Timor-Leste,2013,Female,18.58,68.84
SEAR,South-East Asia,TLS,Timor-Leste,2013,Male,17.42,66.17
SEAR,South-East Asia,TLS,Timor-Leste,2014,Female,18.5,68.92
SEAR,South-East Asia,TLS,Timor-Leste,2014,Male,17.26,66.14
SEAR,South-East Asia,TLS,Timor-Leste,2015,Female,18.72,69.35
SEAR,South-East Asia,TLS,Timor-Leste,2015,Male,17.38,66.42
SEAR,South-East Asia,TLS,Timor-Leste,2016,Female,18.75,69.63
SEAR,South-East Asia,TLS,Timor-Leste,2016,Male,17.39,66.62
SEAR,South-East Asia,TLS,Timor-Leste,2017,Female,18.74,69.8
SEAR,South-East Asia,TLS,Timor-Leste,2017,Male,17.35,66.77
SEAR,South-East Asia,TLS,Timor-Leste,2018,Female,18.71,69.95
SEAR,South-East Asia,TLS,Timor-Leste,2018,Male,17.31,66.89
SEAR,South-East Asia,TLS,Timor-Leste,2019,Female,18.65,70.08
SEAR,South-East Asia,TLS,Timor-Leste,2019,Male,17.25,67.02
SEAR,South-East Asia,TLS,Timor-Leste,2020,Female,19.02,70.72
SEAR,South-East Asia,TLS,Timor-Leste,2020,Male,17.1,67.25
SEAR,South-East Asia,TLS,Timor-Leste,2021,Female,18.15,69.56
SEAR,South-East Asia,TLS,Timor-Leste,2021,Male,16.74,66.53
WPR,Western Pacific,AUS,Australia,2000,Female,24.85,82.24
WPR,Western Pacific,AUS,Australia,2000,Male,21.22,77.12
WPR,Western Pacific,AUS,Australia,2001,Female,25.07,82.62
WPR,Western Pacific,AUS,Australia,2001,Male,21.53,77.6
WPR,Western Pacific,AUS,Australia,2002,Female,25.0,82.55
WPR,Western Pacific,AUS,Australia,2002,Male,21.57,77.79
WPR,Western Pacific,AUS,Australia,2003,Female,25.28,82.9
WPR,Western Pacific,AUS,Australia,2003,Male,21.93,78.2
WPR,Western Pacific,AUS,Australia,2004,Female,25.37,83.05
WPR,Western Pacific,AUS,Australia,2004,Male,22.05,78.42
WPR,Western Pacific,AUS,Australia,2005,Female,25.44,83.12
WPR,Western Pacific,AUS,Australia,2005,Male,22.2,78.53
WPR,Western Pacific,AUS,Australia,2006,Female,25.56,83.27
WPR,Western Pacific,AUS,Australia,2006,Male,22.35,78.79
WPR,Western Pacific,AUS,Australia,2007,Female,25.76,83.5
WPR,Western Pacific,AUS,Australia,2007,Male,22.73,79.22
WPR,Western Pacific,AUS,Australia,2008,Female,25.62,83.45
WPR,Western Pacific,AUS,Australia,2008,Male,22.67,79.18
WPR,Western Pacific,AUS,Australia,2009,Female,26.09,83.86
WPR,Western Pacific,AUS,Australia,2009,Male,23.11,79.63
WPR,Western Pacific,AUS,Australia,2010,Female,26.13,83.99
WPR,Western Pacific,AUS,Australia,2010,Male,23.29,79.84
WPR,Western Pacific,AUS,Australia,2011,Female,26.14,83.95
WPR,Western Pacific,AUS,Australia,2011,Male,23.2,79.9
WPR,Western Pacific,AUS,Australia,2012,Female,26.24,84.16
WPR,Western Pacific,AUS,Australia,2012,Male,23.54,80.36
WPR,Western Pacific,AUS,Australia,2013,Female,26.48,84.38
WPR,Western Pacific,AUS,Australia,2013,Male,23.71,80.53
WPR,Western Pacific,AUS,Australia,2014,Female,26.32,84.22
WPR,Western Pacific,AUS,Australia,2014,Male,23.72,80.51
WPR,Western Pacific,AUS,Australia,2015,Female,26.27,84.17
WPR,Western Pacific,AUS,Australia,2015,Male,23.72,80.41
WPR,Western Pacific,AUS,Australia,2016,Female,26.54,84.5
WPR,Western Pacific,AUS,Australia,2016,Male,23.89,80.69
WPR,Western Pacific,AUS,Australia,2017,Female,26.55,84.52
WPR,Western Pacific,AUS,Australia,2017,Male,24.03,80.84
WPR,Western Pacific,AUS,Australia,2018,Female,26.86,84.88
WPR,Western Pacific,AUS,Australia,2018,Male,24.3,81.16
WPR,Western Pacific,AUS,Australia,2019,Female,26.6,84.57
WPR,Western Pacific,AUS,Australia,2019,Male,24.05,80.72
WPR,Western Pacific,AUS,Australia,2020,Female,27.19,85.23
WPR,Western Pacific,AUS,Australia,2020,Male,24.64,81.5
WPR,Western Pacific,AUS,Australia,2021,Female,26.88,84.9
WPR,Western Pacific,AUS,Australia,2021,Male,24.45,81.31
WPR,Western Pacific,BRN,Brunei Darussalam,2000,Female,20.52,77.11
WPR,Western Pacific,BRN,Brunei Darussalam,2000,Male,18.73,74.11
WPR,Western Pacific,BRN,Brunei Darussalam,2001,Female,20.57,77.16
WPR,Western Pacific,BRN,Brunei Darussalam,2001,Male,18.83,74.38
WPR,Western Pacific,BRN,Brunei Darussalam,2002,Female,20.67,77.28
WPR,Western Pacific,BRN,Brunei Darussalam,2002,Male,19.06,74.68
WPR,Western Pacific,BRN,Brunei Darussalam,2003,Female,20.84,77.46
WPR,Western Pacific,BRN,Brunei Darussalam,2003,Male,19.23,74.89
WPR,Western Pacific,BRN,Brunei Darussalam,2004,Female,21.02,77.68
WPR,Western Pacific,BRN,Brunei Darussalam,2004,Male,19.41,75.05
WPR,Western Pacific,BRN,Brunei Darussalam,2005,Female,21.29,77.93
WPR,Western Pacific,BRN,Brunei Darussalam,2005,Male,19.52,75.17
WPR,Western Pacific,BRN,Brunei Darussalam,2006,Female,21.44,78.1
WPR,Western Pacific,BRN,Brunei Darussalam,2006,Male,19.66,75.23
WPR,Western Pacific,BRN,Brunei Darussalam,2007,Female,21.5,78.18
WPR,Western Pacific,BRN,Brunei Darussalam,2007,Male,19.69,75.3
WPR,Western Pacific,BRN,Brunei Darussalam,2008,Female,21.49,78.21
WPR,Western Pacific,BRN,Brunei Darussalam,2008,Male,19.77,75.36
WPR,Western Pacific,BRN,Brunei Darussalam,2009,Female,21.61,78.36
WPR,Western Pacific,BRN,Brunei Darussalam,2009,Male,19.88,75.51
WPR,Western Pacific,BRN,Brunei Darussalam,2010,Female,21.69,78.43
WPR,Western Pacific,BRN,Brunei Darussalam,2010,Male,19.99,75.61
WPR,Western Pacific,BRN,Brunei Darussalam,2011,Female,21.73,78.47
WPR,Western Pacific,BRN,Brunei Darussalam,2011,Male,20.0,75.6
WPR,Western Pacific,BRN,Brunei Darussalam,2012,Female,21.69,78.39
WPR,Western Pacific,BRN,Brunei Darussalam,2012,Male,19.96,75.48
WPR,Western Pacific,BRN,Brunei Darussalam,2013,Female,21.67,78.33
WPR,Western Pacific,BRN,Brunei Darussalam,2013,Male,19.92,75.39
WPR,Western Pacific,BRN,Brunei Darussalam,2014,Female,21.52,78.1
WPR,Western Pacific,BRN,Brunei Darussalam,2014,Male,19.87,75.28
WPR,Western Pacific,BRN,Brunei Darussalam,2015,Female,21.41,77.93
WPR,Western Pacific,BRN,Brunei Darussalam,2015,Male,19.86,75.24
WPR,Western Pacific,BRN,Brunei Darussalam,2016,Female,21.21,77.72
WPR,Western Pacific,BRN,Brunei Darussalam,2016,Male,19.79,75.16
WPR,Western Pacific,BRN,Brunei Darussalam,2017,Female,21.18,77.7
WPR,Western Pacific,BRN,Brunei Darussalam,2017,Male,19.83,75.16
WPR,Western Pacific,BRN,Brunei Darussalam,2018,Female,21.16,77.7
WPR,Western Pacific,BRN,Brunei Darussalam,2018,Male,19.82,75.17
WPR,Western Pacific,BRN,Brunei Darussalam,2019,Female,21.72,78.16
WPR,Western Pacific,BRN,Brunei Darussalam,2019,Male,20.07,75.25
WPR,Western Pacific,BRN,Brunei Darussalam,2020,Female,21.87,78.29
WPR,Western Pacific,BRN,Brunei Darussalam,2020,Male,20.2,75.29
WPR,Western Pacific,BRN,Brunei Darussalam,2021,Female,22.22,78.57
WPR,Western Pacific,BRN,Brunei Darussalam,2021,Male,20.4,75.34
WPR,Western Pacific,CHN,China,2000,Female,19.39,73.33
WPR,Western Pacific,CHN,China,2000,Male,16.58,68.59
WPR,Western Pacific,CHN,China,2001,Female,19.44,73.67
WPR,Western Pacific,CHN,China,2001,Male,16.6,68.86
WPR,Western Pacific,CHN,China,2002,Female,19.58,74.05
WPR,Western Pacific,CHN,China,2002,Male,16.65,69.14
WPR,Western Pacific,CHN,China,2003,Female,19.62,74.35
WPR,Western Pacific,CHN,China,2003,Male,16.6,69.34
WPR,Western Pacific,CHN,China,2004,Female,19.65,74.64
WPR,Western Pacific,CHN,China,2004,Male,16.58,69.55
WPR,Western Pacific,CHN,China,2005,Female,19.93,75.19
WPR,Western Pacific,CHN,China,2005,Male,16.81,70.02
WPR,Western Pacific,CHN,China,2006,Female,20.57,76.09
WPR,Western Pacific,CHN,China,2006,Male,17.34,70.81
WPR,Western Pacific,CHN,China,2007,Female,20.97,76.72
WPR,Western Pacific,CHN,China,2007,Male,17.61,71.29
WPR,Western Pacific,CHN,China,2008,Female,21.05,76.9
WPR,Western Pacific,CHN,China,2008,Male,17.6,71.44
WPR,Western Pacific,CHN,China,2009,Female,21.21,77.4
WPR,Western Pacific,CHN,China,2009,Male,17.6,71.74
WPR,Western Pacific,CHN,China,2010,Female,21.34,77.72
WPR,Western Pacific,CHN,China,2010,Male,17.62,71.98
WPR,Western Pacific,CHN,China,2011,Female,21.55,78.1
WPR,Western Pacific,CHN,China,2011,Male,17.79,72.35
WPR,Western Pacific,CHN,China,2012,Female,21.97,78.67
WPR,Western Pacific,CHN,China,2012,Male,17.95,72.7
WPR,Western Pacific,CHN,China,2013,Female,22.22,79.07
WPR,Western Pacific,CHN,China,2013,Male,18.13,73.04
WPR,Western Pacific,CHN,China,2014,Female,22.43,79.41
WPR,Western Pacific,CHN,China,2014,Male,18.38,73.39
WPR,Western Pacific,CHN,China,2015,Female,22.68,79.76
WPR,Western Pacific,CHN,China,2015,Male,18.54,73.67
WPR,Western Pacific,CHN,China,2016,Female,22.78,79.94
WPR,Western Pacific,CHN,China,2016,Male,18.65,73.89
WPR,Western Pacific,CHN,China,2017,Female,22.84,80.09
WPR,Western Pacific,CHN,China,2017,Male,18.84,74.16
WPR,Western Pacific,CHN,China,2018,Female,22.9,80.22
WPR,Western Pacific,CHN,China,2018,Male,18.99,74.39
WPR,Western Pacific,CHN,China,2019,Female,22.98,80.36
WPR,Western Pacific,CHN,China,2019,Male,19.09,74.58
WPR,Western Pacific,CHN,China,2020,Female,23.25,80.74
WPR,Western Pacific,CHN,China,2020,Male,19.11,74.59
WPR,Western Pacific,CHN,China,2021,Female,23.07,80.52
WPR,Western Pacific,CHN,China,2021,Male,19.39,74.95
WPR,Western Pacific,FJI,Fiji,2000,Female,16.1,68.36
WPR,Western Pacific,FJI,Fiji,2000,Male,13.18,63.64
WPR,Western Pacific,FJI,Fiji,2001,Female,16.5,69.08
WPR,Western Pacific,FJI,Fiji,2001,Male,13.34,64.04
WPR,Western Pacific,FJI,Fiji,2002,Female,16.53,69.05
WPR,Western Pacific,FJI,Fiji,2002,Male,13.63,64.71
WPR,Western Pacific,FJI,Fiji,2003,Female,16.43,68.89
WPR,Western Pacific,FJI,Fiji,2003,Male,13.6,64.69
WPR,Western Pacific,FJI,Fiji,2004,Female,16.85,69.41
WPR,Western Pacific,FJI,Fiji,2004,Male,14.06,65.16
WPR,Western Pacific,FJI,Fiji,2005,Female,17.08,69.57
WPR,Western Pacific,FJI,Fiji,2005,Male,14.09,64.96
WPR,Western Pacific,FJI,Fiji,2006,Female,17.09,69.56
WPR,Western Pacific,FJI,Fiji,2006,Male,14.13,64.96
WPR,Western Pacific,FJI,Fiji,2007,Female,16.95,69.45
WPR,Western Pacific,FJI,Fiji,2007,Male,14.21,65.07
WPR,Western Pacific,FJI,Fiji,2008,Female,16.64,69.12
WPR,Western Pacific,FJI,Fiji,2008,Male,14.31,65.16
WPR,Western Pacific,FJI,Fiji,2009,Female,16.57,69.14
WPR,Western Pacific,FJI,Fiji,2009,Male,14.48,65.51
WPR,Western Pacific,FJI,Fiji,2010,Female,16.56,69.3
WPR,Western Pacific,FJI,Fiji,2010,Male,14.4,65.48
WPR,Western Pacific,FJI,Fiji,2011,Female,16.55,69.42
WPR,Western Pacific,FJI,Fiji,2011,Male,14.4,65.52
WPR,Western Pacific,FJI,Fiji,2012,Female,16.68,69.6
WPR,Western Pacific,FJI,Fiji,2012,Male,14.43,65.57
WPR,Western Pacific,FJI,Fiji,2013,Female,16.76,69.74
WPR,Western Pacific,FJI,Fiji,2013,Male,14.48,65.66
WPR,Western Pacific,FJI,Fiji,2014,Female,16.84,69.85
WPR,Western Pacific,FJI,Fiji,2014,Male,14.5,65.74
WPR,Western Pacific,FJI,Fiji,2015,Female,16.92,69.94
WPR,Western Pacific,FJI,Fiji,2015,Male,14.55,65.8
WPR,Western Pacific,FJI,Fiji,2016,Female,16.99,69.89
WPR,Western Pacific,FJI,Fiji,2016,Male,14.56,65.74
WPR,Western Pacific,FJI,Fiji,2017,Female,17.13,70.07
WPR,Western Pacific,FJI,Fiji,2017,Male,14.61,65.82
WPR,Western Pacific,FJI,Fiji,2018,Female,17.2,70.07
WPR,Western Pacific,FJI,Fiji,2018,Male,14.66,65.81
WPR,Western Pacific,FJI,Fiji,2019,Female,17.27,70.09
WPR,Western Pacific,FJI,Fiji,2019,Male,14.71,65.78
WPR,Western Pacific,FJI,Fiji,2020,Female,17.42,70.24
WPR,Western Pacific,FJI,Fiji,2020,Male,14.56,65.39
WPR,Western Pacific,FJI,Fiji,2021,Female,15.67,67.67
WPR,Western Pacific,FJI,Fiji,2021,Male,13.26,63.49
WPR,Western Pacific,FSM,Micronesia (Federated States of),2000,Female,16.09,66.47
WPR,Western Pacific,FSM,Micronesia (Federated States of),2000,Male,14.3,60.88
WPR,Western Pacific,FSM,Micronesia (Federated States of),2001,Female,16.17,66.73
WPR,Western Pacific,FSM,Micronesia (Federated States of),2001,Male,14.37,61.14
WPR,Western Pacific,FSM,Micronesia (Federated States of),2002,Female,16.04,65.58
WPR,Western Pacific,FSM,Micronesia (Federated States of),2002,Male,14.27,60.45
WPR,Western Pacific,FSM,Micronesia (Federated States of),2003,Female,16.31,67.02
WPR,Western Pacific,FSM,Micronesia (Federated States of),2003,Male,14.49,61.41
WPR,Western Pacific,FSM,Micronesia (Federated States of),2004,Female,16.35,67.08
WPR,Western Pacific,FSM,Micronesia (Federated States of),2004,Male,14.52,61.46
WPR,Western Pacific,FSM,Micronesia (Federated States of),2005,Female,16.41,67.15
WPR,Western Pacific,FSM,Micronesia (Federated States of),2005,Male,14.57,61.5
WPR,Western Pacific,FSM,Micronesia (Federated States of),2006,Female,16.46,67.27
WPR,Western Pacific,FSM,Micronesia (Federated States of),2006,Male,14.61,61.54
WPR,Western Pacific,FSM,Micronesia (Federated States of),2007,Female,16.5,67.32
WPR,Western Pacific,FSM,Micronesia (Federated States of),2007,Male,14.65,61.64
WPR,Western Pacific,FSM,Micronesia (Federated States of),2008,Female,16.53,67.42
WPR,Western Pacific,FSM,Micronesia (Federated States of),2008,Male,14.68,61.8
WPR,Western Pacific,FSM,Micronesia (Federated States of),2009,Female,16.56,67.62
WPR,Western Pacific,FSM,Micronesia (Federated States of),2009,Male,14.7,61.97
WPR,Western Pacific,FSM,Micronesia (Federated States of),2010,Female,16.59,67.71
WPR,Western Pacific,FSM,Micronesia (Federated States of),2010,Male,14.71,62.08
WPR,Western Pacific,FSM,Micronesia (Federated States of),2011,Female,16.66,67.81
WPR,Western Pacific,FSM,Micronesia (Federated States of),2011,Male,14.77,62.24
WPR,Western Pacific,FSM,Micronesia (Federated States of),2012,Female,16.71,67.92
WPR,Western Pacific,FSM,Micronesia (Federated States of),2012,Male,14.81,62.36
WPR,Western Pacific,FSM,Micronesia (Federated States of),2013,Female,16.75,68.04
WPR,Western Pacific,FSM,Micronesia (Federated States of),2013,Male,14.84,62.51
WPR,Western Pacific,FSM,Micronesia (Federated States of),2014,Female,16.78,68.14
WPR,Western Pacific,FSM,Micronesia (Federated States of),2014,Male,14.87,62.61
WPR,Western Pacific,FSM,Micronesia (Federated States of),2015,Female,16.76,68.19
WPR,Western Pacific,FSM,Micronesia (Federated States of),2015,Male,14.84,62.68
WPR,Western Pacific,FSM,Micronesia (Federated States of),2016,Female,16.85,68.41
WPR,Western Pacific,FSM,Micronesia (Federated States of),2016,Male,14.91,62.86
WPR,Western Pacific,FSM,Micronesia (Federated States of),2017,Female,16.9,68.54
WPR,Western Pacific,FSM,Micronesia (Federated States of),2017,Male,14.96,62.99
WPR,Western Pacific,FSM,Micronesia (Federated States of),2018,Female,16.95,68.7
WPR,Western Pacific,FSM,Micronesia (Federated States of),2018,Male,15.0,63.16
WPR,Western Pacific,FSM,Micronesia (Federated States of),2019,Female,16.98,68.81
WPR,Western Pacific,FSM,Micronesia (Federated States of),2019,Male,15.04,63.28
WPR,Western Pacific,FSM,Micronesia (Federated States of),2020,Female,16.81,68.84
WPR,Western Pacific,FSM,Micronesia (Federated States of),2020,Male,14.06,62.76
WPR,Western Pacific,FSM,Micronesia (Federated States of),2021,Female,16.76,68.66
WPR,Western Pacific,FSM,Micronesia (Federated States of),2021,Male,14.77,62.99
WPR,Western Pacific,IDN,Indonesia,2000,Female,17.82,68.41
WPR,Western Pacific,IDN,Indonesia,2000,Male,16.81,65.99
WPR,Western Pacific,IDN,Indonesia,2001,Female,17.82,68.66
WPR,Western Pacific,IDN,Indonesia,2001,Male,16.81,66.22
WPR,Western Pacific,IDN,Indonesia,2002,Female,17.85,68.93
WPR,Western Pacific,IDN,Indonesia,2002,Male,16.74,66.37
WPR,Western Pacific,IDN,Indonesia,2003,Female,17.87,69.18
WPR,Western Pacific,IDN,Indonesia,2003,Male,16.69,66.51
WPR,Western Pacific,IDN,Indonesia,2004,Female,17.6,67.27
WPR,Western Pacific,IDN,Indonesia,2004,Male,16.37,65.2
WPR,Western Pacific,IDN,Indonesia,2005,Female,17.92,69.7
WPR,Western Pacific,IDN,Indonesia,2005,Male,16.52,66.76
WPR,Western Pacific,IDN,Indonesia,2006,Female,17.93,69.88
WPR,Western Pacific,IDN,Indonesia,2006,Male,16.49,66.92
WPR,Western Pacific,IDN,Indonesia,2007,Female,18.01,70.2
WPR,Western Pacific,IDN,Indonesia,2007,Male,16.46,67.07
WPR,Western Pacific,IDN,Indonesia,2008,Female,18.06,70.45
WPR,Western Pacific,IDN,Indonesia,2008,Male,16.44,67.23
WPR,Western Pacific,IDN,Indonesia,2009,Female,18.12,70.68
WPR,Western Pacific,IDN,Indonesia,2009,Male,16.42,67.37
WPR,Western Pacific,IDN,Indonesia,2010,Female,18.17,70.93
WPR,Western Pacific,IDN,Indonesia,2010,Male,16.42,67.54
WPR,Western Pacific,IDN,Indonesia,2011,Female,18.27,71.23
WPR,Western Pacific,IDN,Indonesia,2011,Male,16.52,67.82
WPR,Western Pacific,IDN,Indonesia,2012,Female,18.38,71.52
WPR,Western Pacific,IDN,Indonesia,2012,Male,16.6,68.07
WPR,Western Pacific,IDN,Indonesia,2013,Female,18.49,71.8
WPR,Western Pacific,IDN,Indonesia,2013,Male,16.67,68.32
WPR,Western Pacific,IDN,Indonesia,2014,Female,18.59,72.07
WPR,Western Pacific,IDN,Indonesia,2014,Male,16.73,68.54
WPR,Western Pacific,IDN,Indonesia,2015,Female,18.69,72.32
WPR,Western Pacific,IDN,Indonesia,2015,Male,16.79,68.76
WPR,Western Pacific,IDN,Indonesia,2016,Female,18.77,72.57
WPR,Western Pacific,IDN,Indonesia,2016,Male,16.85,68.99
WPR,Western Pacific,IDN,Indonesia,2017,Female,18.87,72.81
WPR,Western Pacific,IDN,Indonesia,2017,Male,16.91,69.2
WPR,Western Pacific,IDN,Indonesia,2018,Female,18.95,73.0
WPR,Western Pacific,IDN,Indonesia,2018,Male,16.93,69.36
WPR,Western Pacific,IDN,Indonesia,2019,Female,19.04,73.26
WPR,Western Pacific,IDN,Indonesia,2019,Male,16.96,69.55
WPR,Western Pacific,IDN,Indonesia,2020,Female,17.86,71.89
WPR,Western Pacific,IDN,Indonesia,2020,Male,15.1,67.6
WPR,Western Pacific,IDN,Indonesia,2021,Female,16.5,70.18
WPR,Western Pacific,IDN,Indonesia,2021,Male,14.23,66.41
WPR,Western Pacific,JPN,Japan,2000,Female,27.06,84.8
WPR,Western Pacific,JPN,Japan,2000,Male,21.82,78.08
WPR,Western Pacific,JPN,Japan,2001,Female,27.3,85.09
WPR,Western Pacific,JPN,Japan,2001,Male,22.11,78.41
WPR,Western Pacific,JPN,Japan,2002,Female,27.53,85.34
WPR,Western Pacific,JPN,Japan,2002,Male,22.31,78.67
WPR,Western Pacific,JPN,Japan,2003,Female,27.57,85.4
WPR,Western Pacific,JPN,Japan,2003,Male,22.36,78.71
WPR,Western Pacific,JPN,Japan,2004,Female,27.74,85.58
WPR,Western Pacific,JPN,Japan,2004,Male,22.52,78.98
WPR,Western Pacific,JPN,Japan,2005,Female,27.61,85.48
WPR,Western Pacific,JPN,Japan,2005,Male,22.38,78.84
WPR,Western Pacific,JPN,Japan,2006,Female,27.86,85.75
WPR,Western Pacific,JPN,Japan,2006,Male,22.72,79.27
WPR,Western Pacific,JPN,Japan,2007,Female,27.97,85.9
WPR,Western Pacific,JPN,Japan,2007,Male,22.84,79.46
WPR,Western Pacific,JPN,Japan,2008,Female,28.0,85.95
WPR,Western Pacific,JPN,Japan,2008,Male,22.9,79.57
WPR,Western Pacific,JPN,Japan,2009,Female,28.3,86.29
WPR,Western Pacific,JPN,Japan,2009,Male,23.19,79.88
WPR,Western Pacific,JPN,Japan,2010,Female,28.15,86.18
WPR,Western Pacific,JPN,Japan,2010,Male,23.11,79.87
WPR,Western Pacific,JPN,Japan,2011,Female,28.0,85.73
WPR,Western Pacific,JPN,Japan,2011,Male,23.06,79.8
WPR,Western Pacific,JPN,Japan,2012,Female,28.18,86.27
WPR,Western Pacific,JPN,Japan,2012,Male,23.31,80.28
WPR,Western Pacific,JPN,Japan,2013,Female,28.3,86.45
WPR,Western Pacific,JPN,Japan,2013,Male,23.52,80.56
WPR,Western Pacific,JPN,Japan,2014,Female,28.47,86.63
WPR,Western Pacific,JPN,Japan,2014,Male,23.72,80.85
WPR,Western Pacific,JPN,Japan,2015,Female,28.56,86.8
WPR,Western Pacific,JPN,Japan,2015,Male,23.87,81.09
WPR,Western Pacific,JPN,Japan,2016,Female,28.68,86.92
WPR,Western Pacific,JPN,Japan,2016,Male,24.01,81.29
WPR,Western Pacific,JPN,Japan,2017,Female,28.72,87.02
WPR,Western Pacific,JPN,Japan,2017,Male,24.05,81.4
WPR,Western Pacific,JPN,Japan,2018,Female,28.77,87.06
WPR,Western Pacific,JPN,Japan,2018,Male,24.17,81.56
WPR,Western Pacific,JPN,Japan,2019,Female,28.86,87.15
WPR,Western Pacific,JPN,Japan,2019,Male,24.28,81.7
WPR,Western Pacific,JPN,Japan,2020,Female,29.07,87.37
WPR,Western Pacific,JPN,Japan,2020,Male,24.47,81.88
WPR,Western Pacific,JPN,Japan,2021,Female,28.85,87.16
WPR,Western Pacific,JPN,Japan,2021,Male,24.27,81.71
WPR,Western Pacific,KHM,Cambodia,2000,Female,16.24,61.18
WPR,Western Pacific,KHM,Cambodia,2000,Male,14.08,56.78
WPR,Western Pacific,KHM,Cambodia,2001,Female,16.43,62.18
WPR,Western Pacific,KHM,Cambodia,2001,Male,14.24,57.63
WPR,Western Pacific,KHM,Cambodia,2002,Female,16.63,63.2
WPR,Western Pacific,KHM,Cambodia,2002,Male,14.39,58.54
WPR,Western Pacific,KHM,Cambodia,2003,Female,16.85,64.17
WPR,Western Pacific,KHM,Cambodia,2003,Male,14.54,59.38
WPR,Western Pacific,KHM,Cambodia,2004,Female,17.08,65.09
WPR,Western Pacific,KHM,Cambodia,2004,Male,14.68,60.15
WPR,Western Pacific,KHM,Cambodia,2005,Female,17.32,66.0
WPR,Western Pacific,KHM,Cambodia,2005,Male,14.84,60.93
WPR,Western Pacific,KHM,Cambodia,2006,Female,17.53,66.88
WPR,Western Pacific,KHM,Cambodia,2006,Male,14.97,61.69
WPR,Western Pacific,KHM,Cambodia,2007,Female,17.69,67.64
WPR,Western Pacific,KHM,Cambodia,2007,Male,15.02,62.31
WPR,Western Pacific,KHM,Cambodia,2008,Female,17.85,68.38
WPR,Western Pacific,KHM,Cambodia,2008,Male,15.09,62.92
WPR,Western Pacific,KHM,Cambodia,2009,Female,17.96,68.98
WPR,Western Pacific,KHM,Cambodia,2009,Male,15.11,63.4
WPR,Western Pacific,KHM,Cambodia,2010,Female,18.04,69.49
WPR,Western Pacific,KHM,Cambodia,2010,Male,15.15,63.81
WPR,Western Pacific,KHM,Cambodia,2011,Female,18.14,69.99
WPR,Western Pacific,KHM,Cambodia,2011,Male,15.21,64.35
WPR,Western Pacific,KHM,Cambodia,2012,Female,18.23,70.46
WPR,Western Pacific,KHM,Cambodia,2012,Male,15.28,64.82
WPR,Western Pacific,KHM,Cambodia,2013,Female,18.29,70.8
WPR,Western Pacific,KHM,Cambodia,2013,Male,15.36,65.23
WPR,Western Pacific,KHM,Cambodia,2014,Female,18.34,71.1
WPR,Western Pacific,KHM,Cambodia,2014,Male,15.41,65.57
WPR,Western Pacific,KHM,Cambodia,2015,Female,18.39,71.36
WPR,Western Pacific,KHM,Cambodia,2015,Male,15.46,65.84
WPR,Western Pacific,KHM,Cambodia,2016,Female,18.43,71.57
WPR,Western Pacific,KHM,Cambodia,2016,Male,15.52,66.12
WPR,Western Pacific,KHM,Cambodia,2017,Female,18.47,71.78
WPR,Western Pacific,KHM,Cambodia,2017,Male,15.56,66.36
WPR,Western Pacific,KHM,Cambodia,2018,Female,18.52,71.98
WPR,Western Pacific,KHM,Cambodia,2018,Male,15.64,66.63
WPR,Western Pacific,KHM,Cambodia,2019,Female,18.57,72.16
WPR,Western Pacific,KHM,Cambodia,2019,Male,15.72,66.87
WPR,Western Pacific,KHM,Cambodia,2020,Female,18.67,72.52
WPR,Western Pacific,KHM,Cambodia,2020,Male,15.5,67.09
WPR,Western Pacific,KHM,Cambodia,2021,Female,17.96,71.45
WPR,Western Pacific,KHM,Cambodia,2021,Male,15.27,66.35
WPR,Western Pacific,KIR,Kiribati,2000,Female,15.48,63.61
WPR,Western Pacific,KIR,Kiribati,2000,Male,12.69,56.68
WPR,Western Pacific,KIR,Kiribati,2001,Female,15.57,63.91
WPR,Western Pacific,KIR,Kiribati,2001,Male,12.78,56.98
WPR,Western Pacific,KIR,Kiribati,2002,Female,15.61,64.12
WPR,Western Pacific,KIR,Kiribati,2002,Male,12.84,57.17
WPR,Western Pacific,KIR,Kiribati,2003,Female,15.67,64.32
WPR,Western Pacific,KIR,Kiribati,2003,Male,12.91,57.37
WPR,Western Pacific,KIR,Kiribati,2004,Female,15.69,64.41
WPR,Western Pacific,KIR,Kiribati,2004,Male,12.96,57.5
WPR,Western Pacific,KIR,Kiribati,2005,Female,15.71,64.49
WPR,Western Pacific,KIR,Kiribati,2005,Male,13.03,57.62
WPR,Western Pacific,KIR,Kiribati,2006,Female,15.72,64.54
WPR,Western Pacific,KIR,Kiribati,2006,Male,13.1,57.72
WPR,Western Pacific,KIR,Kiribati,2007,Female,15.73,64.58
WPR,Western Pacific,KIR,Kiribati,2007,Male,13.17,57.84
WPR,Western Pacific,KIR,Kiribati,2008,Female,15.73,64.64
WPR,Western Pacific,KIR,Kiribati,2008,Male,13.21,57.93
WPR,Western Pacific,KIR,Kiribati,2009,Female,15.72,64.67
WPR,Western Pacific,KIR,Kiribati,2009,Male,13.23,58.0
WPR,Western Pacific,KIR,Kiribati,2010,Female,15.71,64.67
WPR,Western Pacific,KIR,Kiribati,2010,Male,13.25,58.06
WPR,Western Pacific,KIR,Kiribati,2011,Female,15.69,64.64
WPR,Western Pacific,KIR,Kiribati,2011,Male,13.29,58.15
WPR,Western Pacific,KIR,Kiribati,2012,Female,15.74,64.73
WPR,Western Pacific,KIR,Kiribati,2012,Male,13.35,58.21
WPR,Western Pacific,KIR,Kiribati,2013,Female,15.8,64.82
WPR,Western Pacific,KIR,Kiribati,2013,Male,13.42,58.31
WPR,Western Pacific,KIR,Kiribati,2014,Female,15.83,64.81
WPR,Western Pacific,KIR,Kiribati,2014,Male,13.46,58.41
WPR,Western Pacific,KIR,Kiribati,2015,Female,15.89,64.89
WPR,Western Pacific,KIR,Kiribati,2015,Male,13.49,58.43
WPR,Western Pacific,KIR,Kiribati,2016,Female,15.96,64.98
WPR,Western Pacific,KIR,Kiribati,2016,Male,13.57,58.49
WPR,Western Pacific,KIR,Kiribati,2017,Female,16.02,65.04
WPR,Western Pacific,KIR,Kiribati,2017,Male,13.62,58.55
WPR,Western Pacific,KIR,Kiribati,2018,Female,16.01,64.71
WPR,Western Pacific,KIR,Kiribati,2018,Male,13.46,56.86
WPR,Western Pacific,KIR,Kiribati,2019,Female,16.16,65.32
WPR,Western Pacific,KIR,Kiribati,2019,Male,13.78,58.9
WPR,Western Pacific,KIR,Kiribati,2020,Female,15.86,65.25
WPR,Western Pacific,KIR,Kiribati,2020,Male,12.89,58.48
WPR,Western Pacific,KIR,Kiribati,2021,Female,15.12,63.96
WPR,Western Pacific,KIR,Kiribati,2021,Male,12.84,57.78
WPR,Western Pacific,KOR,Republic of Korea,2000,Female,22.23,79.35
WPR,Western Pacific,KOR,Republic of Korea,2000,Male,17.9,72.24
WPR,Western Pacific,KOR,Republic of Korea,2001,Female,22.72,80.0
WPR,Western Pacific,KOR,Republic of Korea,2001,Male,18.31,72.98
WPR,Western Pacific,KOR,Republic of Korea,2002,Female,22.83,80.24
WPR,Western Pacific,KOR,Republic of Korea,2002,Male,18.55,73.48
WPR,Western Pacific,KOR,Republic of Korea,2003,Female,23.28,80.74
WPR,Western Pacific,KOR,Republic of Korea,2003,Male,18.96,73.97
WPR,Western Pacific,KOR,Republic of Korea,2004,Female,23.61,81.22
WPR,Western Pacific,KOR,Republic of Korea,2004,Male,19.19,74.47
WPR,Western Pacific,KOR,Republic of Korea,2005,Female,23.93,81.53
WPR,Western Pacific,KOR,Republic of Korea,2005,Male,19.5,75.01
WPR,Western Pacific,KOR,Republic of Korea,2006,Female,24.37,82.12
WPR,Western Pacific,KOR,Republic of Korea,2006,Male,19.91,75.6
WPR,Western Pacific,KOR,Republic of Korea,2007,Female,24.79,82.49
WPR,Western Pacific,KOR,Republic of Korea,2007,Male,20.26,76.03
WPR,Western Pacific,KOR,Republic of Korea,2008,Female,25.37,83.12
WPR,Western Pacific,KOR,Republic of Korea,2008,Male,20.6,76.45
WPR,Western Pacific,KOR,Republic of Korea,2009,Female,25.82,83.56
WPR,Western Pacific,KOR,Republic of Korea,2009,Male,21.04,76.9
WPR,Western Pacific,KOR,Republic of Korea,2010,Female,25.91,83.76
WPR,Western Pacific,KOR,Republic of Korea,2010,Male,21.12,77.07
WPR,Western Pacific,KOR,Republic of Korea,2011,Female,26.23,84.16
WPR,Western Pacific,KOR,Republic of Korea,2011,Male,21.42,77.5
WPR,Western Pacific,KOR,Republic of Korea,2012,Female,26.24,84.28
WPR,Western Pacific,KOR,Republic of Korea,2012,Male,21.46,77.74
WPR,Western Pacific,KOR,Republic of Korea,2013,Female,26.7,84.77
WPR,Western Pacific,KOR,Republic of Korea,2013,Male,21.93,78.33
WPR,Western Pacific,KOR,Republic of Korea,2014,Female,27.1,85.23
WPR,Western Pacific,KOR,Republic of Korea,2014,Male,22.28,78.81
WPR,Western Pacific,KOR,Republic of Korea,2015,Female,27.19,85.38
WPR,Western Pacific,KOR,Republic of Korea,2015,Male,22.42,79.14
WPR,Western Pacific,KOR,Republic of Korea,2016,Female,27.44,85.66
WPR,Western Pacific,KOR,Republic of Korea,2016,Male,22.7,79.53
WPR,Western Pacific,KOR,Republic of Korea,2017,Female,27.66,85.98
WPR,Western Pacific,KOR,Republic of Korea,2017,Male,23.02,79.94
WPR,Western Pacific,KOR,Republic of Korea,2018,Female,27.76,86.03
WPR,Western Pacific,KOR,Republic of Korea,2018,Male,23.08,80.03
WPR,Western Pacific,KOR,Republic of Korea,2019,Female,28.3,86.56
WPR,Western Pacific,KOR,Republic of Korea,2019,Male,23.55,80.56
WPR,Western Pacific,KOR,Republic of Korea,2020,Female,28.4,86.64
WPR,Western Pacific,KOR,Republic of Korea,2020,Male,23.61,80.7
WPR,Western Pacific,KOR,Republic of Korea,2021,Female,28.38,86.66
WPR,Western Pacific,KOR,Republic of Korea,2021,Male,23.56,80.71
WPR,Western Pacific,LAO,Lao People's Democratic Republic,2000,Female,15.61,60.18
WPR,Western Pacific,LAO,Lao People's Democratic Republic,2000,Male,13.78,56.46
WPR,Western Pacific,LAO,Lao People's Democratic Republic,2001,Female,15.74,60.82
WPR,Western Pacific,LAO,Lao People's Democratic Republic,2001,Male,13.9,57.04
WPR,Western Pacific,LAO,Lao People's Democratic Republic,2002,Female,15.98,61.57
WPR,Western Pacific,LAO,Lao People's Democratic Republic,2002,Male,14.13,57.75
WPR,Western Pacific,LAO,Lao People's Democratic Republic,2003,Female,16.2,62.25
WPR,Western Pacific,LAO,Lao People's Democratic Republic,2003,Male,14.28,58.26
WPR,Western Pacific,LAO,Lao People's Democratic Republic,2004,Female,16.4,62.87
WPR,Western Pacific,LAO,Lao People's Democratic Republic,2004,Male,14.42,58.75
WPR,Western Pacific,LAO,Lao People's Democratic Republic,2005,Female,16.59,63.53
WPR,Western Pacific,LAO,Lao People's Democratic Republic,2005,Male,14.57,59.32
WPR,Western Pacific,LAO,Lao People's Democratic Republic,2006,Female,16.81,64.24
WPR,Western Pacific,LAO,Lao People's Democratic Republic,2006,Male,14.71,59.89
WPR,Western Pacific,LAO,Lao People's Democratic Republic,2007,Female,17.04,64.88
WPR,Western Pacific,LAO,Lao People's Democratic Republic,2007,Male,14.89,60.49
WPR,Western Pacific,LAO,Lao People's Democratic Republic,2008,Female,17.24,65.49
WPR,Western Pacific,LAO,Lao People's Democratic Republic,2008,Male,15.06,61.05
WPR,Western Pacific,LAO,Lao People's Democratic Republic,2009,Female,17.46,66.14
WPR,Western Pacific,LAO,Lao People's Democratic Republic,2009,Male,15.24,61.62
WPR,Western Pacific,LAO,Lao People's Democratic Republic,2010,Female,17.68,66.82
WPR,Western Pacific,LAO,Lao People's Democratic Republic,2010,Male,15.42,62.2
WPR,Western Pacific,LAO,Lao People's Democratic Republic,2011,Female,17.86,67.41
WPR,Western Pacific,LAO,Lao People's Democratic Republic,2011,Male,15.62,62.83
WPR,Western Pacific,LAO,Lao People's Democratic Republic,2012,Female,17.95,67.9
WPR,Western Pacific,LAO,Lao People's Democratic Republic,2012,Male,15.74,63.32
WPR,Western Pacific,LAO,Lao People's Democratic Republic,2013,Female,18.01,68.34
WPR,Western Pacific,LAO,Lao People's Democratic Republic,2013,Male,15.8,63.76
WPR,Western Pacific,LAO,Lao People's Democratic Republic,2014,Female,18.08,68.8
WPR,Western Pacific,LAO,Lao People's Democratic Republic,2014,Male,15.86,64.24
WPR,Western Pacific,LAO,Lao People's Democratic Republic,2015,Female,18.21,69.26
WPR,Western Pacific,LAO,Lao People's Democratic Republic,2015,Male,15.94,64.66
WPR,Western Pacific,LAO,Lao People's Democratic Republic,2016,Female,18.32,69.71
WPR,Western Pacific,LAO,Lao People's Democratic Republic,2016,Male,16.06,65.12
WPR,Western Pacific,LAO,Lao People's Democratic Republic,2017,Female,18.43,70.08
WPR,Western Pacific,LAO,Lao People's Democratic Republic,2017,Male,16.17,65.52
WPR,Western Pacific,LAO,Lao People's Democratic Republic,2018,Female,18.52,70.39
WPR,Western Pacific,LAO,Lao People's Democratic Republic,2018,Male,16.27,65.87
WPR,Western Pacific,LAO,Lao People's Democratic Republic,2019,Female,18.63,70.72
WPR,Western Pacific,LAO,Lao People's Democratic Republic,2019,Male,16.35,66.14
WPR,Western Pacific,LAO,Lao People's Democratic Republic,2020,Female,18.94,71.58
WPR,Western Pacific,LAO,Lao People's Democratic Republic,2020,Male,15.51,66.2
WPR,Western Pacific,LAO,Lao People's Democratic Republic,2021,Female,18.3,70.51
WPR,Western Pacific,LAO,Lao People's Democratic Republic,2021,Male,16.06,66.09
WPR,Western Pacific,MNG,Mongolia,2000,Female,16.85,66.73
WPR,Western Pacific,MNG,Mongolia,2000,Male,13.42,59.95
WPR,Western Pacific,MNG,Mongolia,2001,Female,16.9,67.31
WPR,Western Pacific,MNG,Mongolia,2001,Male,13.11,60.05
WPR,Western Pacific,MNG,Mongolia,2002,Female,17.2,68.06
WPR,Western Pacific,MNG,Mongolia,2002,Male,13.1,60.38
WPR,Western Pacific,MNG,Mongolia,2003,Female,17.5,68.79
WPR,Western Pacific,MNG,Mongolia,2003,Male,13.24,60.63
WPR,Western Pacific,MNG,Mongolia,2004,Female,17.68,69.37
WPR,Western Pacific,MNG,Mongolia,2004,Male,13.5,60.84
WPR,Western Pacific,MNG,Mongolia,2005,Female,17.72,69.82
WPR,Western Pacific,MNG,Mongolia,2005,Male,13.67,61.21
WPR,Western Pacific,MNG,Mongolia,2006,Female,17.77,70.25
WPR,Western Pacific,MNG,Mongolia,2006,Male,14.06,61.77
WPR,Western Pacific,MNG,Mongolia,2007,Female,18.0,70.82
WPR,Western Pacific,MNG,Mongolia,2007,Male,14.44,62.35
WPR,Western Pacific,MNG,Mongolia,2008,Female,18.12,71.2
WPR,Western Pacific,MNG,Mongolia,2008,Male,14.51,62.97
WPR,Western Pacific,MNG,Mongolia,2009,Female,17.94,71.21
WPR,Western Pacific,MNG,Mongolia,2009,Male,14.22,63.02
WPR,Western Pacific,MNG,Mongolia,2010,Female,18.07,71.49
WPR,Western Pacific,MNG,Mongolia,2010,Male,14.35,63.1
WPR,Western Pacific,MNG,Mongolia,2011,Female,18.31,71.81
WPR,Western Pacific,MNG,Mongolia,2011,Male,14.73,63.18
WPR,Western Pacific,MNG,Mongolia,2012,Female,18.56,72.33
WPR,Western Pacific,MNG,Mongolia,2012,Male,15.1,63.71
WPR,Western Pacific,MNG,Mongolia,2013,Female,18.78,72.78
WPR,Western Pacific,MNG,Mongolia,2013,Male,15.14,64.33
WPR,Western Pacific,MNG,Mongolia,2014,Female,19.09,73.34
WPR,Western Pacific,MNG,Mongolia,2014,Male,15.44,64.89
WPR,Western Pacific,MNG,Mongolia,2015,Female,19.12,73.6
WPR,Western Pacific,MNG,Mongolia,2015,Male,15.46,65.16
WPR,Western Pacific,MNG,Mongolia,2016,Female,19.34,73.99
WPR,Western Pacific,MNG,Mongolia,2016,Male,15.64,65.53
WPR,Western Pacific,MNG,Mongolia,2017,Female,19.77,74.55
WPR,Western Pacific,MNG,Mongolia,2017,Male,15.82,65.88
WPR,Western Pacific,MNG,Mongolia,2018,Female,20.2,75.05
WPR,Western Pacific,MNG,Mongolia,2018,Male,15.92,66.14
WPR,Western Pacific,MNG,Mongolia,2019,Female,20.52,75.47
WPR,Western Pacific,MNG,Mongolia,2019,Male,16.11,66.27
WPR,Western Pacific,MNG,Mongolia,2020,Female,21.94,76.99
WPR,Western Pacific,MNG,Mongolia,2020,Male,19.06,68.5
WPR,Western Pacific,MNG,Mongolia,2021,Female,19.0,73.86
WPR,Western Pacific,MNG,Mongolia,2021,Male,16.5,66.42
WPR,Western Pacific,MYS,Malaysia,2000,Female,19.39,75.48
WPR,Western Pacific,MYS,Malaysia,2000,Male,17.23,70.7
WPR,Western Pacific,MYS,Malaysia,2001,Female,19.63,75.9
WPR,Western Pacific,MYS,Malaysia,2001,Male,17.57,71.28
WPR,Western Pacific,MYS,Malaysia,2002,Female,19.65,76.01
WPR,Western Pacific,MYS,Malaysia,2002,Male,17.74,71.69
WPR,Western Pacific,MYS,Malaysia,2003,Female,19.55,75.95
WPR,Western Pacific,MYS,Malaysia,2003,Male,17.53,71.46
WPR,Western Pacific,MYS,Malaysia,2004,Female,19.7,76.16
WPR,Western Pacific,MYS,Malaysia,2004,Male,17.65,71.66
WPR,Western Pacific,MYS,Malaysia,2005,Female,19.79,76.29
WPR,Western Pacific,MYS,Malaysia,2005,Male,17.93,72.01
WPR,Western Pacific,MYS,Malaysia,2006,Female,19.92,76.45
WPR,Western Pacific,MYS,Malaysia,2006,Male,18.23,72.35
WPR,Western Pacific,MYS,Malaysia,2007,Female,20.02,76.59
WPR,Western Pacific,MYS,Malaysia,2007,Male,18.34,72.49
WPR,Western Pacific,MYS,Malaysia,2008,Female,19.91,76.47
WPR,Western Pacific,MYS,Malaysia,2008,Male,18.15,72.16
WPR,Western Pacific,MYS,Malaysia,2009,Female,19.82,76.31
WPR,Western Pacific,MYS,Malaysia,2009,Male,18.09,71.98
WPR,Western Pacific,MYS,Malaysia,2010,Female,19.79,76.24
WPR,Western Pacific,MYS,Malaysia,2010,Male,18.16,72.07
WPR,Western Pacific,MYS,Malaysia,2011,Female,20.0,76.44
WPR,Western Pacific,MYS,Malaysia,2011,Male,18.34,72.28
WPR,Western Pacific,MYS,Malaysia,2012,Female,20.28,76.74
WPR,Western Pacific,MYS,Malaysia,2012,Male,18.78,72.76
WPR,Western Pacific,MYS,Malaysia,2013,Female,20.31,76.74
WPR,Western Pacific,MYS,Malaysia,2013,Male,19.14,73.06
WPR,Western Pacific,MYS,Malaysia,2014,Female,20.31,76.72
WPR,Western Pacific,MYS,Malaysia,2014,Male,19.08,72.94
WPR,Western Pacific,MYS,Malaysia,2015,Female,20.2,76.44
WPR,Western Pacific,MYS,Malaysia,2015,Male,18.84,72.49
WPR,Western Pacific,MYS,Malaysia,2016,Female,20.43,76.66
WPR,Western Pacific,MYS,Malaysia,2016,Male,18.99,72.58
WPR,Western Pacific,MYS,Malaysia,2017,Female,20.33,76.49
WPR,Western Pacific,MYS,Malaysia,2017,Male,19.06,72.68
WPR,Western Pacific,MYS,Malaysia,2018,Female,20.61,76.81
WPR,Western Pacific,MYS,Malaysia,2018,Male,18.98,72.61
WPR,Western Pacific,MYS,Malaysia,2019,Female,20.79,76.99
WPR,Western Pacific,MYS,Malaysia,2019,Male,18.97,72.71
WPR,Western Pacific,MYS,Malaysia,2020,Female,22.11,78.61
WPR,Western Pacific,MYS,Malaysia,2020,Male,21.36,75.5
WPR,Western Pacific,MYS,Malaysia,2021,Female,19.47,75.32
WPR,Western Pacific,MYS,Malaysia,2021,Male,17.35,70.64
WPR,Western Pacific,NZL,New Zealand,2000,Female,24.12,81.06
WPR,Western Pacific,NZL,New Zealand,2000,Male,20.46,76.0
WPR,Western Pacific,NZL,New Zealand,2001,Female,23.69,80.74
WPR,Western Pacific,NZL,New Zealand,2001,Male,20.42,76.11
WPR,Western Pacific,NZL,New Zealand,2002,Female,23.83,80.79
WPR,Western Pacific,NZL,New Zealand,2002,Male,20.7,76.43
WPR,Western Pacific,NZL,New Zealand,2003,Female,24.1,81.15
WPR,Western Pacific,NZL,New Zealand,2003,Male,21.05,76.86
WPR,Western Pacific,NZL,New Zealand,2004,Female,24.01,81.08
WPR,Western Pacific,NZL,New Zealand,2004,Male,21.14,77.14
WPR,Western Pacific,NZL,New Zealand,2005,Female,24.69,81.93
WPR,Western Pacific,NZL,New Zealand,2005,Male,21.98,77.86
WPR,Western Pacific,NZL,New Zealand,2006,Female,24.46,81.76
WPR,Western Pacific,NZL,New Zealand,2006,Male,21.84,77.93
WPR,Western Pacific,NZL,New Zealand,2007,Female,24.77,81.99
WPR,Western Pacific,NZL,New Zealand,2007,Male,22.03,78.04
WPR,Western Pacific,NZL,New Zealand,2008,Female,24.91,82.22
WPR,Western Pacific,NZL,New Zealand,2008,Male,22.28,78.33
WPR,Western Pacific,NZL,New Zealand,2009,Female,24.97,82.34
WPR,Western Pacific,NZL,New Zealand,2009,Male,22.49,78.74
WPR,Western Pacific,NZL,New Zealand,2010,Female,25.35,82.71
WPR,Western Pacific,NZL,New Zealand,2010,Male,22.96,79.12
WPR,Western Pacific,NZL,New Zealand,2011,Female,24.98,82.37
WPR,Western Pacific,NZL,New Zealand,2011,Male,22.83,79.08
WPR,Western Pacific,NZL,New Zealand,2012,Female,25.34,82.77
WPR,Western Pacific,NZL,New Zealand,2012,Male,23.02,79.36
WPR,Western Pacific,NZL,New Zealand,2013,Female,25.54,83.08
WPR,Western Pacific,NZL,New Zealand,2013,Male,23.15,79.59
WPR,Western Pacific,NZL,New Zealand,2014,Female,25.32,82.87
WPR,Western Pacific,NZL,New Zealand,2014,Male,23.04,79.46
WPR,Western Pacific,NZL,New Zealand,2015,Female,25.33,82.85
WPR,Western Pacific,NZL,New Zealand,2015,Male,23.16,79.73
WPR,Western Pacific,NZL,New Zealand,2016,Female,25.77,83.31
WPR,Western Pacific,NZL,New Zealand,2016,Male,23.58,80.1
WPR,Western Pacific,NZL,New Zealand,2017,Female,25.27,82.82
WPR,Western Pacific,NZL,New Zealand,2017,Male,23.08,79.46
WPR,Western Pacific,NZL,New Zealand,2018,Female,25.71,83.36
WPR,Western Pacific,NZL,New Zealand,2018,Male,23.52,80.11
WPR,Western Pacific,NZL,New Zealand,2019,Female,25.77,83.43
WPR,Western Pacific,NZL,New Zealand,2019,Male,23.6,80.16
WPR,Western Pacific,NZL,New Zealand,2020,Female,26.59,84.27
WPR,Western Pacific,NZL,New Zealand,2020,Male,23.99,80.7
WPR,Western Pacific,NZL,New Zealand,2021,Female,26.3,84.01
WPR,Western Pacific,NZL,New Zealand,2021,Male,23.78,80.36
WPR,Western Pacific,PHL,Philippines,2000,Female,20.84,74.0
WPR,Western Pacific,PHL,Philippines,2000,Male,16.91,66.38
WPR,Western Pacific,PHL,Philippines,2001,Female,20.68,73.82
WPR,Western Pacific,PHL,Philippines,2001,Male,16.48,65.93
WPR,Western Pacific,PHL,Philippines,2002,Female,20.24,73.5
WPR,Western Pacific,PHL,Philippines,2002,Male,16.23,65.8
WPR,Western Pacific,PHL,Philippines,2003,Female,20.57,73.9
WPR,Western Pacific,PHL,Philippines,2003,Male,16.17,65.69
WPR,Western Pacific,PHL,Philippines,2004,Female,20.09,73.51
WPR,Western Pacific,PHL,Philippines,2004,Male,15.85,65.57
WPR,Western Pacific,PHL,Philippines,2005,Female,20.23,73.72
WPR,Western Pacific,PHL,Philippines,2005,Male,15.78,65.54
WPR,Western Pacific,PHL,Philippines,2006,Female,20.32,73.68
WPR,Western Pacific,PHL,Philippines,2006,Male,15.63,65.33
WPR,Western Pacific,PHL,Philippines,2007,Female,20.55,74.05
WPR,Western Pacific,PHL,Philippines,2007,Male,15.77,65.66
WPR,Western Pacific,PHL,Philippines,2008,Female,20.44,74.0
WPR,Western Pacific,PHL,Philippines,2008,Male,15.61,65.63
WPR,Western Pacific,PHL,Philippines,2009,Female,20.39,73.93
WPR,Western Pacific,PHL,Philippines,2009,Male,15.36,65.42
WPR,Western Pacific,PHL,Philippines,2010,Female,20.53,74.18
WPR,Western Pacific,PHL,Philippines,2010,Male,15.52,65.71
WPR,Western Pacific,PHL,Philippines,2011,Female,20.5,74.13
WPR,Western Pacific,PHL,Philippines,2011,Male,15.57,65.91
WPR,Western Pacific,PHL,Philippines,2012,Female,20.15,73.79
WPR,Western Pacific,PHL,Philippines,2012,Male,15.42,65.75
WPR,Western Pacific,PHL,Philippines,2013,Female,20.13,73.66
WPR,Western Pacific,PHL,Philippines,2013,Male,15.37,65.69
WPR,Western Pacific,PHL,Philippines,2014,Female,20.31,74.07
WPR,Western Pacific,PHL,Philippines,2014,Male,15.41,66.0
WPR,Western Pacific,PHL,Philippines,2015,Female,19.88,73.68
WPR,Western Pacific,PHL,Philippines,2015,Male,15.28,65.81
WPR,Western Pacific,PHL,Philippines,2016,Female,19.7,73.31
WPR,Western Pacific,PHL,Philippines,2016,Male,15.34,65.62
WPR,Western Pacific,PHL,Philippines,2017,Female,19.98,73.74
WPR,Western Pacific,PHL,Philippines,2017,Male,15.51,65.99
WPR,Western Pacific,PHL,Philippines,2018,Female,19.75,73.46
WPR,Western Pacific,PHL,Philippines,2018,Male,15.63,66.28
WPR,Western Pacific,PHL,Philippines,2019,Female,19.52,73.22
WPR,Western Pacific,PHL,Philippines,2019,Male,15.45,66.05
WPR,Western Pacific,PHL,Philippines,2020,Female,20.01,73.82
WPR,Western Pacific,PHL,Philippines,2020,Male,15.37,65.99
WPR,Western Pacific,PHL,Philippines,2021,Female,16.73,69.88
WPR,Western Pacific,PHL,Philippines,2021,Male,13.04,63.4
WPR,Western Pacific,PNG,Papua New Guinea,2000,Female,16.43,64.3
WPR,Western Pacific,PNG,Papua New Guinea,2000,Male,15.69,62.54
WPR,Western Pacific,PNG,Papua New Guinea,2001,Female,16.35,64.27
WPR,Western Pacific,PNG,Papua New Guinea,2001,Male,15.69,62.6
WPR,Western Pacific,PNG,Papua New Guinea,2002,Female,16.32,64.29
WPR,Western Pacific,PNG,Papua New Guinea,2002,Male,15.71,62.69
WPR,Western Pacific,PNG,Papua New Guinea,2003,Female,16.34,64.37
WPR,Western Pacific,PNG,Papua New Guinea,2003,Male,15.78,62.85
WPR,Western Pacific,PNG,Papua New Guinea,2004,Female,16.35,64.4
WPR,Western Pacific,PNG,Papua New Guinea,2004,Male,15.81,62.96
WPR,Western Pacific,PNG,Papua New Guinea,2005,Female,16.35,64.45
WPR,Western Pacific,PNG,Papua New Guinea,2005,Male,15.81,63.02
WPR,Western Pacific,PNG,Papua New Guinea,2006,Female,16.25,64.52
WPR,Western Pacific,PNG,Papua New Guinea,2006,Male,15.75,63.12
WPR,Western Pacific,PNG,Papua New Guinea,2007,Female,16.37,64.88
WPR,Western Pacific,PNG,Papua New Guinea,2007,Male,15.82,63.37
WPR,Western Pacific,PNG,Papua New Guinea,2008,Female,16.48,65.24
WPR,Western Pacific,PNG,Papua New Guinea,2008,Male,15.87,63.59
WPR,Western Pacific,PNG,Papua New Guinea,2009,Female,16.6,65.58
WPR,Western Pacific,PNG,Papua New Guinea,2009,Male,15.95,63.82
WPR,Western Pacific,PNG,Papua New Guinea,2010,Female,16.7,65.86
WPR,Western Pacific,PNG,Papua New Guinea,2010,Male,16.02,64.05
WPR,Western Pacific,PNG,Papua New Guinea,2011,Female,16.73,66.1
WPR,Western Pacific,PNG,Papua New Guinea,2011,Male,15.97,64.12
WPR,Western Pacific,PNG,Papua New Guinea,2012,Female,16.83,66.34
WPR,Western Pacific,PNG,Papua New Guinea,2012,Male,16.0,64.17
WPR,Western Pacific,PNG,Papua New Guinea,2013,Female,16.95,66.66
WPR,Western Pacific,PNG,Papua New Guinea,2013,Male,16.06,64.46
WPR,Western Pacific,PNG,Papua New Guinea,2014,Female,17.04,66.93
WPR,Western Pacific,PNG,Papua New Guinea,2014,Male,16.15,64.74
WPR,Western Pacific,PNG,Papua New Guinea,2015,Female,17.08,67.15
WPR,Western Pacific,PNG,Papua New Guinea,2015,Male,16.25,65.01
WPR,Western Pacific,PNG,Papua New Guinea,2016,Female,17.11,67.35
WPR,Western Pacific,PNG,Papua New Guinea,2016,Male,16.26,65.18
WPR,Western Pacific,PNG,Papua New Guinea,2017,Female,17.2,67.58
WPR,Western Pacific,PNG,Papua New Guinea,2017,Male,16.3,65.35
WPR,Western Pacific,PNG,Papua New Guinea,2018,Female,17.25,67.74
WPR,Western Pacific,PNG,Papua New Guinea,2018,Male,16.31,65.45
WPR,Western Pacific,PNG,Papua New Guinea,2019,Female,17.28,67.92
WPR,Western Pacific,PNG,Papua New Guinea,2019,Male,16.34,65.57
WPR,Western Pacific,PNG,Papua New Guinea,2020,Female,16.99,67.84
WPR,Western Pacific,PNG,Papua New Guinea,2020,Male,15.33,64.94
WPR,Western Pacific,PNG,Papua New Guinea,2021,Female,16.43,66.95
WPR,Western Pacific,PNG,Papua New Guinea,2021,Male,15.31,64.2
WPR,Western Pacific,SGP,Singapore,2000,Female,23.06,80.77
WPR,Western Pacific,SGP,Singapore,2000,Male,19.75,76.26
WPR,Western Pacific,SGP,Singapore,2001,Female,23.69,81.42
WPR,Western Pacific,SGP,Singapore,2001,Male,20.32,76.85
WPR,Western Pacific,SGP,Singapore,2002,Female,23.73,81.49
WPR,Western Pacific,SGP,Singapore,2002,Male,20.53,77.14
WPR,Western Pacific,SGP,Singapore,2003,Female,24.04,81.95
WPR,Western Pacific,SGP,Singapore,2003,Male,20.55,77.24
WPR,Western Pacific,SGP,Singapore,2004,Female,24.76,82.59
WPR,Western Pacific,SGP,Singapore,2004,Male,21.12,77.98
WPR,Western Pacific,SGP,Singapore,2005,Female,24.79,82.76
WPR,Western Pacific,SGP,Singapore,2005,Male,21.44,78.23
WPR,Western Pacific,SGP,Singapore,2006,Female,25.12,83.08
WPR,Western Pacific,SGP,Singapore,2006,Male,21.76,78.76
WPR,Western Pacific,SGP,Singapore,2007,Female,24.87,82.97
WPR,Western Pacific,SGP,Singapore,2007,Male,21.12,78.11
WPR,Western Pacific,SGP,Singapore,2008,Female,25.18,83.2
WPR,Western Pacific,SGP,Singapore,2008,Male,21.65,78.67
WPR,Western Pacific,SGP,Singapore,2009,Female,25.65,83.82
WPR,Western Pacific,SGP,Singapore,2009,Male,22.13,79.26
WPR,Western Pacific,SGP,Singapore,2010,Female,25.83,84.04
WPR,Western Pacific,SGP,Singapore,2010,Male,22.17,79.41
WPR,Western Pacific,SGP,Singapore,2011,Female,25.89,84.09
WPR,Western Pacific,SGP,Singapore,2011,Male,22.46,79.76
WPR,Western Pacific,SGP,Singapore,2012,Female,26.17,84.31
WPR,Western Pacific,SGP,Singapore,2012,Male,22.64,80.04
WPR,Western Pacific,SGP,Singapore,2013,Female,26.21,84.5
WPR,Western Pacific,SGP,Singapore,2013,Male,22.83,80.18
WPR,Western Pacific,SGP,Singapore,2014,Female,26.42,84.71
WPR,Western Pacific,SGP,Singapore,2014,Male,23.08,80.46
WPR,Western Pacific,SGP,Singapore,2015,Female,26.67,84.92
WPR,Western Pacific,SGP,Singapore,2015,Male,23.31,80.75
WPR,Western Pacific,SGP,Singapore,2016,Female,27.09,85.4
WPR,Western Pacific,SGP,Singapore,2016,Male,23.51,81.04
WPR,Western Pacific,SGP,Singapore,2017,Female,26.97,85.34
WPR,Western Pacific,SGP,Singapore,2017,Male,23.5,81.08
WPR,Western Pacific,SGP,Singapore,2018,Female,27.14,85.62
WPR,Western Pacific,SGP,Singapore,2018,Male,23.78,81.4
WPR,Western Pacific,SGP,Singapore,2019,Female,27.51,85.98
WPR,Western Pacific,SGP,Singapore,2019,Male,24.05,81.81
WPR,Western Pacific,SGP,Singapore,2020,Female,27.87,86.33
WPR,Western Pacific,SGP,Singapore,2020,Male,23.96,81.69
WPR,Western Pacific,SGP,Singapore,2021,Female,27.9,86.25
WPR,Western Pacific,SGP,Singapore,2021,Male,24.16,81.58
WPR,Western Pacific,SLB,Solomon Islands,2000,Female,15.59,66.13
WPR,Western Pacific,SLB,Solomon Islands,2000,Male,13.92,61.17
WPR,Western Pacific,SLB,Solomon Islands,2001,Female,15.61,66.18
WPR,Western Pacific,SLB,Solomon Islands,2001,Male,13.92,61.22
WPR,Western Pacific,SLB,Solomon Islands,2002,Female,15.62,66.22
WPR,Western Pacific,SLB,Solomon Islands,2002,Male,13.91,61.2
WPR,Western Pacific,SLB,Solomon Islands,2003,Female,15.67,66.32
WPR,Western Pacific,SLB,Solomon Islands,2003,Male,13.92,61.25
WPR,Western Pacific,SLB,Solomon Islands,2004,Female,15.69,66.38
WPR,Western Pacific,SLB,Solomon Islands,2004,Male,13.95,61.31
WPR,Western Pacific,SLB,Solomon Islands,2005,Female,15.72,66.47
WPR,Western Pacific,SLB,Solomon Islands,2005,Male,13.97,61.38
WPR,Western Pacific,SLB,Solomon Islands,2006,Female,15.73,66.53
WPR,Western Pacific,SLB,Solomon Islands,2006,Male,14.01,61.49
WPR,Western Pacific,SLB,Solomon Islands,2007,Female,15.74,66.44
WPR,Western Pacific,SLB,Solomon Islands,2007,Male,14.03,61.52
WPR,Western Pacific,SLB,Solomon Islands,2008,Female,15.83,66.77
WPR,Western Pacific,SLB,Solomon Islands,2008,Male,14.11,61.75
WPR,Western Pacific,SLB,Solomon Islands,2009,Female,15.87,66.86
WPR,Western Pacific,SLB,Solomon Islands,2009,Male,14.15,61.87
WPR,Western Pacific,SLB,Solomon Islands,2010,Female,15.95,67.07
WPR,Western Pacific,SLB,Solomon Islands,2010,Male,14.22,62.06
WPR,Western Pacific,SLB,Solomon Islands,2011,Female,15.99,67.21
WPR,Western Pacific,SLB,Solomon Islands,2011,Male,14.28,62.2
WPR,Western Pacific,SLB,Solomon Islands,2012,Female,16.07,67.38
WPR,Western Pacific,SLB,Solomon Islands,2012,Male,14.35,62.4
WPR,Western Pacific,SLB,Solomon Islands,2013,Female,16.13,67.51
WPR,Western Pacific,SLB,Solomon Islands,2013,Male,14.4,62.55
WPR,Western Pacific,SLB,Solomon Islands,2014,Female,16.18,67.59
WPR,Western Pacific,SLB,Solomon Islands,2014,Male,14.44,62.67
WPR,Western Pacific,SLB,Solomon Islands,2015,Female,16.24,67.79
WPR,Western Pacific,SLB,Solomon Islands,2015,Male,14.5,62.85
WPR,Western Pacific,SLB,Solomon Islands,2016,Female,16.28,67.92
WPR,Western Pacific,SLB,Solomon Islands,2016,Male,14.55,63.0
WPR,Western Pacific,SLB,Solomon Islands,2017,Female,16.32,68.04
WPR,Western Pacific,SLB,Solomon Islands,2017,Male,14.59,63.11
WPR,Western Pacific,SLB,Solomon Islands,2018,Female,16.37,68.18
WPR,Western Pacific,SLB,Solomon Islands,2018,Male,14.63,63.25
WPR,Western Pacific,SLB,Solomon Islands,2019,Female,16.42,68.29
WPR,Western Pacific,SLB,Solomon Islands,2019,Male,14.67,63.37
WPR,Western Pacific,SLB,Solomon Islands,2020,Female,16.3,68.27
WPR,Western Pacific,SLB,Solomon Islands,2020,Male,13.85,62.95
WPR,Western Pacific,SLB,Solomon Islands,2021,Female,15.72,67.33
WPR,Western Pacific,SLB,Solomon Islands,2021,Male,14.01,62.55
WPR,Western Pacific,TON,Tonga,2000,Female,20.73,74.34
WPR,Western Pacific,TON,Tonga,2000,Male,15.63,68.16
WPR,Western Pacific,TON,Tonga,2001,Female,20.73,74.49
WPR,Western Pacific,TON,Tonga,2001,Male,15.94,68.45
WPR,Western Pacific,TON,Tonga,2002,Female,20.83,74.69
WPR,Western Pacific,TON,Tonga,2002,Male,15.82,68.36
WPR,Western Pacific,TON,Tonga,2003,Female,20.87,74.83
WPR,Western Pacific,TON,Tonga,2003,Male,15.7,68.27
WPR,Western Pacific,TON,Tonga,2004,Female,20.71,74.81
WPR,Western Pacific,TON,Tonga,2004,Male,16.03,68.54
WPR,Western Pacific,TON,Tonga,2005,Female,20.66,74.85
WPR,Western Pacific,TON,Tonga,2005,Male,16.97,69.35
WPR,Western Pacific,TON,Tonga,2006,Female,20.6,74.89
WPR,Western Pacific,TON,Tonga,2006,Male,16.96,69.4
WPR,Western Pacific,TON,Tonga,2007,Female,20.52,74.87
WPR,Western Pacific,TON,Tonga,2007,Male,16.93,69.41
WPR,Western Pacific,TON,Tonga,2008,Female,20.46,74.85
WPR,Western Pacific,TON,Tonga,2008,Male,16.9,69.4
WPR,Western Pacific,TON,Tonga,2009,Female,20.21,74.08
WPR,Western Pacific,TON,Tonga,2009,Male,16.49,66.71
WPR,Western Pacific,TON,Tonga,2010,Female,20.39,74.96
WPR,Western Pacific,TON,Tonga,2010,Male,16.89,69.5
WPR,Western Pacific,TON,Tonga,2011,Female,20.39,75.01
WPR,Western Pacific,TON,Tonga,2011,Male,16.93,69.57
WPR,Western Pacific,TON,Tonga,2012,Female,20.4,75.05
WPR,Western Pacific,TON,Tonga,2012,Male,16.97,69.64
WPR,Western Pacific,TON,Tonga,2013,Female,20.42,75.09
WPR,Western Pacific,TON,Tonga,2013,Male,17.03,69.7
WPR,Western Pacific,TON,Tonga,2014,Female,20.44,75.14
WPR,Western Pacific,TON,Tonga,2014,Male,17.1,69.79
WPR,Western Pacific,TON,Tonga,2015,Female,20.47,75.21
WPR,Western Pacific,TON,Tonga,2015,Male,17.14,69.87
WPR,Western Pacific,TON,Tonga,2016,Female,20.51,75.29
WPR,Western Pacific,TON,Tonga,2016,Male,17.21,69.96
WPR,Western Pacific,TON,Tonga,2017,Female,20.56,75.43
WPR,Western Pacific,TON,Tonga,2017,Male,17.28,70.12
WPR,Western Pacific,TON,Tonga,2018,Female,20.61,75.52
WPR,Western Pacific,TON,Tonga,2018,Male,17.35,70.28
WPR,Western Pacific,TON,Tonga,2019,Female,20.65,75.6
WPR,Western Pacific,TON,Tonga,2019,Male,17.41,70.38
WPR,Western Pacific,TON,Tonga,2020,Female,20.98,76.12
WPR,Western Pacific,TON,Tonga,2020,Male,17.48,70.38
WPR,Western Pacific,TON,Tonga,2021,Female,20.44,75.29
WPR,Western Pacific,TON,Tonga,2021,Male,17.39,70.21
WPR,Western Pacific,VNM,Viet Nam,2000,Female,21.2,76.07
WPR,Western Pacific,VNM,Viet Nam,2000,Male,16.28,67.64
WPR,Western Pacific,VNM,Viet Nam,2001,Female,21.18,76.19
WPR,Western Pacific,VNM,Viet Nam,2001,Male,16.25,67.74
WPR,Western Pacific,VNM,Viet Nam,2002,Female,21.15,76.29
WPR,Western Pacific,VNM,Viet Nam,2002,Male,16.22,67.81
WPR,Western Pacific,VNM,Viet Nam,2003,Female,21.13,76.37
WPR,Western Pacific,VNM,Viet Nam,2003,Male,16.18,67.85
WPR,Western Pacific,VNM,Viet Nam,2004,Female,21.11,76.44
WPR,Western Pacific,VNM,Viet Nam,2004,Male,16.14,67.88
WPR,Western Pacific,VNM,Viet Nam,2005,Female,21.09,76.5
WPR,Western Pacific,VNM,Viet Nam,2005,Male,16.1,67.89
WPR,Western Pacific,VNM,Viet Nam,2006,Female,21.09,76.57
WPR,Western Pacific,VNM,Viet Nam,2006,Male,16.09,67.95
WPR,Western Pacific,VNM,Viet Nam,2007,Female,21.12,76.67
WPR,Western Pacific,VNM,Viet Nam,2007,Male,16.09,67.99
WPR,Western Pacific,VNM,Viet Nam,2008,Female,21.15,76.76
WPR,Western Pacific,VNM,Viet Nam,2008,Male,16.1,68.03
WPR,Western Pacific,VNM,Viet Nam,2009,Female,21.2,76.86
WPR,Western Pacific,VNM,Viet Nam,2009,Male,16.1,68.06
WPR,Western Pacific,VNM,Viet Nam,2010,Female,21.25,76.95
WPR,Western Pacific,VNM,Viet Nam,2010,Male,16.12,68.13
WPR,Western Pacific,VNM,Viet Nam,2011,Female,21.34,77.09
WPR,Western Pacific,VNM,Viet Nam,2011,Male,16.19,68.25
WPR,Western Pacific,VNM,Viet Nam,2012,Female,21.42,77.21
WPR,Western Pacific,VNM,Viet Nam,2012,Male,16.26,68.38
WPR,Western Pacific,VNM,Viet Nam,2013,Female,21.49,77.31
WPR,Western Pacific,VNM,Viet Nam,2013,Male,16.32,68.48
WPR,Western Pacific,VNM,Viet Nam,2014,Female,21.54,77.4
WPR,Western Pacific,VNM,Viet Nam,2014,Male,16.39,68.61
WPR,Western Pacific,VNM,Viet Nam,2015,Female,21.57,77.47
WPR,Western Pacific,VNM,Viet Nam,2015,Male,16.41,68.71
WPR,Western Pacific,VNM,Viet Nam,2016,Female,21.67,77.6
WPR,Western Pacific,VNM,Viet Nam,2016,Male,16.53,68.93
WPR,Western Pacific,VNM,Viet Nam,2017,Female,21.78,77.74
WPR,Western Pacific,VNM,Viet Nam,2017,Male,16.63,69.15
WPR,Western Pacific,VNM,Viet Nam,2018,Female,21.87,77.87
WPR,Western Pacific,VNM,Viet Nam,2018,Male,16.73,69.34
WPR,Western Pacific,VNM,Viet Nam,2019,Female,21.96,78.0
WPR,Western Pacific,VNM,Viet Nam,2019,Male,16.82,69.51
WPR,Western Pacific,VNM,Viet Nam,2020,Female,22.91,79.2
WPR,Western Pacific,VNM,Viet Nam,2020,Male,17.47,70.41
WPR,Western Pacific,VNM,Viet Nam,2021,Female,21.94,77.96
WPR,Western Pacific,VNM,Viet Nam,2021,Male,16.99,69.73
WPR,Western Pacific,VUT,Vanuatu,2000,Female,16.7,68.53
WPR,Western Pacific,VUT,Vanuatu,2000,Male,14.11,62.03
WPR,Western Pacific,VUT,Vanuatu,2001,Female,16.71,68.58
WPR,Western Pacific,VUT,Vanuatu,2001,Male,14.1,62.07
WPR,Western Pacific,VUT,Vanuatu,2002,Female,16.71,68.65
WPR,Western Pacific,VUT,Vanuatu,2002,Male,14.1,62.11
WPR,Western Pacific,VUT,Vanuatu,2003,Female,16.72,68.7
WPR,Western Pacific,VUT,Vanuatu,2003,Male,14.1,62.14
WPR,Western Pacific,VUT,Vanuatu,2004,Female,16.72,68.74
WPR,Western Pacific,VUT,Vanuatu,2004,Male,14.1,62.2
WPR,Western Pacific,VUT,Vanuatu,2005,Female,16.76,68.84
WPR,Western Pacific,VUT,Vanuatu,2005,Male,14.13,62.27
WPR,Western Pacific,VUT,Vanuatu,2006,Female,16.81,68.97
WPR,Western Pacific,VUT,Vanuatu,2006,Male,14.18,62.39
WPR,Western Pacific,VUT,Vanuatu,2007,Female,16.87,69.1
WPR,Western Pacific,VUT,Vanuatu,2007,Male,14.25,62.53
WPR,Western Pacific,VUT,Vanuatu,2008,Female,16.93,69.26
WPR,Western Pacific,VUT,Vanuatu,2008,Male,14.32,62.7
WPR,Western Pacific,VUT,Vanuatu,2009,Female,16.99,69.43
WPR,Western Pacific,VUT,Vanuatu,2009,Male,14.41,62.91
WPR,Western Pacific,VUT,Vanuatu,2010,Female,17.09,69.62
WPR,Western Pacific,VUT,Vanuatu,2010,Male,14.5,63.1
WPR,Western Pacific,VUT,Vanuatu,2011,Female,17.2,69.82
WPR,Western Pacific,VUT,Vanuatu,2011,Male,14.59,63.27
WPR,Western Pacific,VUT,Vanuatu,2012,Female,17.29,69.99
WPR,Western Pacific,VUT,Vanuatu,2012,Male,14.7,63.44
WPR,Western Pacific,VUT,Vanuatu,2013,Female,17.4,70.16
WPR,Western Pacific,VUT,Vanuatu,2013,Male,14.82,63.62
WPR,Western Pacific,VUT,Vanuatu,2014,Female,17.47,70.25
WPR,Western Pacific,VUT,Vanuatu,2014,Male,14.91,63.74
WPR,Western Pacific,VUT,Vanuatu,2015,Female,17.51,70.34
WPR,Western Pacific,VUT,Vanuatu,2015,Male,14.94,63.81
WPR,Western Pacific,VUT,Vanuatu,2016,Female,17.58,70.49
WPR,Western Pacific,VUT,Vanuatu,2016,Male,14.97,63.91
WPR,Western Pacific,VUT,Vanuatu,2017,Female,17.59,70.52
WPR,Western Pacific,VUT,Vanuatu,2017,Male,14.99,63.98
WPR,Western Pacific,VUT,Vanuatu,2018,Female,17.61,70.59
WPR,Western Pacific,VUT,Vanuatu,2018,Male,15.02,64.03
WPR,Western Pacific,VUT,Vanuatu,2019,Female,17.63,70.64
WPR,Western Pacific,VUT,Vanuatu,2019,Male,15.05,64.12
WPR,Western Pacific,VUT,Vanuatu,2020,Female,17.71,70.94
WPR,Western Pacific,VUT,Vanuatu,2020,Male,14.36,63.92
WPR,Western Pacific,VUT,Vanuatu,2021,Female,17.1,69.81
WPR,Western Pacific,VUT,Vanuatu,2021,Male,14.47,63.36
WPR,Western Pacific,WSM,Samoa,2000,Female,18.11,71.71
WPR,Western Pacific,WSM,Samoa,2000,Male,16.05,67.69
WPR,Western Pacific,WSM,Samoa,2001,Female,18.14,71.83
WPR,Western Pacific,WSM,Samoa,2001,Male,16.14,67.9
WPR,Western Pacific,WSM,Samoa,2002,Female,18.19,71.94
WPR,Western Pacific,WSM,Samoa,2002,Male,16.23,68.09
WPR,Western Pacific,WSM,Samoa,2003,Female,18.23,72.02
WPR,Western Pacific,WSM,Samoa,2003,Male,16.3,68.25
WPR,Western Pacific,WSM,Samoa,2004,Female,18.26,72.08
WPR,Western Pacific,WSM,Samoa,2004,Male,16.38,68.41
WPR,Western Pacific,WSM,Samoa,2005,Female,18.29,72.08
WPR,Western Pacific,WSM,Samoa,2005,Male,16.44,68.54
WPR,Western Pacific,WSM,Samoa,2006,Female,18.37,72.26
WPR,Western Pacific,WSM,Samoa,2006,Male,16.55,68.72
WPR,Western Pacific,WSM,Samoa,2007,Female,18.36,72.19
WPR,Western Pacific,WSM,Samoa,2007,Male,16.68,68.85
WPR,Western Pacific,WSM,Samoa,2008,Female,18.35,72.13
WPR,Western Pacific,WSM,Samoa,2008,Male,16.77,68.93
WPR,Western Pacific,WSM,Samoa,2009,Female,17.9,69.92
WPR,Western Pacific,WSM,Samoa,2009,Male,16.48,67.58
WPR,Western Pacific,WSM,Samoa,2010,Female,18.3,71.99
WPR,Western Pacific,WSM,Samoa,2010,Male,16.94,69.07
WPR,Western Pacific,WSM,Samoa,2011,Female,18.27,71.92
WPR,Western Pacific,WSM,Samoa,2011,Male,17.04,69.16
WPR,Western Pacific,WSM,Samoa,2012,Female,18.15,71.66
WPR,Western Pacific,WSM,Samoa,2012,Male,16.99,68.96
WPR,Western Pacific,WSM,Samoa,2013,Female,18.11,71.62
WPR,Western Pacific,WSM,Samoa,2013,Male,17.03,68.95
WPR,Western Pacific,WSM,Samoa,2014,Female,18.04,71.49
WPR,Western Pacific,WSM,Samoa,2014,Male,17.05,68.86
WPR,Western Pacific,WSM,Samoa,2015,Female,17.96,71.37
WPR,Western Pacific,WSM,Samoa,2015,Male,17.05,68.76
WPR,Western Pacific,WSM,Samoa,2016,Female,17.9,71.25
WPR,Western Pacific,WSM,Samoa,2016,Male,17.08,68.68
WPR,Western Pacific,WSM,Samoa,2017,Female,17.94,71.32
WPR,Western Pacific,WSM,Samoa,2017,Male,17.1,68.74
WPR,Western Pacific,WSM,Samoa,2018,Female,18.0,71.41
WPR,Western Pacific,WSM,Samoa,2018,Male,17.16,68.86
WPR,Western Pacific,WSM,Samoa,2019,Female,18.06,71.31
WPR,Western Pacific,WSM,Samoa,2019,Male,17.22,68.77
WPR,Western Pacific,WSM,Samoa,2020,Female,18.12,71.73
WPR,Western Pacific,WSM,Samoa,2020,Male,16.69,68.74
WPR,Western Pacific,WSM,Samoa,2021,Female,18.12,71.58
WPR,Western Pacific,WSM,Samoa,2021,Male,17.36,69.07
