WHORegionCode,WHORegion,CountryCode,Country,Year,Sex,Life expectancy (years)
EMR,Eastern Mediterranean,AFG,Afghanistan,2000,Female,54.43
EMR,Eastern Mediterranean,AFG,Afghanistan,2000,Female,13.21
EMR,Eastern Mediterranean,AFG,Afghanistan,2000,Male,53.25
EMR,Eastern Mediterranean,AFG,Afghanistan,2000,Male,13.07
EMR,Eastern Mediterranean,AFG,Afghanistan,2001,Female,54.57
EMR,Eastern Mediterranean,AFG,Afghanistan,2001,Female,13.2
EMR,Eastern Mediterranean,AFG,Afghanistan,2001,Male,53.28
EMR,Eastern Mediterranean,AFG,Afghanistan,2001,Male,13.07
EMR,Eastern Mediterranean,AFG,Afghanistan,2002,Female,55.4
EMR,Eastern Mediterranean,AFG,Afghanistan,2002,Female,13.26
EMR,Eastern Mediterranean,AFG,Afghanistan,2002,Male,54.92
EMR,Eastern Mediterranean,AFG,Afghanistan,2002,Male,13.18
EMR,Eastern Mediterranean,AFG,Afghanistan,2003,Female,56.24
EMR,Eastern Mediterranean,AFG,Afghanistan,2003,Female,13.42
EMR,Eastern Mediterranean,AFG,Afghanistan,2003,Male,55.95
EMR,Eastern Mediterranean,AFG,Afghanistan,2003,Male,13.4
EMR,Eastern Mediterranean,AFG,Afghanistan,2004,Female,56.65
EMR,Eastern Mediterranean,AFG,Afghanistan,2004,Female,13.52
EMR,Eastern Mediterranean,AFG,Afghanistan,2004,Male,56.33
EMR,Eastern Mediterranean,AFG,Afghanistan,2004,Male,13.56
EMR,Eastern Mediterranean,AFG,Afghanistan,2005,Female,57.01
EMR,Eastern Mediterranean,AFG,Afghanistan,2005,Female,13.61
EMR,Eastern Mediterranean,AFG,Afghanistan,2005,Male,56.6
EMR,Eastern Mediterranean,AFG,Afghanistan,2005,Male,13.7
EMR,Eastern Mediterranean,AFG,Afghanistan,2006,Female,57.44
EMR,Eastern Mediterranean,AFG,Afghanistan,2006,Female,13.72
EMR,Eastern Mediterranean,AFG,Afghanistan,2006,Male,56.59
EMR,Eastern Mediterranean,AFG,Afghanistan,2006,Male,13.86
EMR,Eastern Mediterranean,AFG,Afghanistan,2007,Female,57.84
EMR,Eastern Mediterranean,AFG,Afghanistan,2007,Female,13.85
EMR,Eastern Mediterranean,AFG,Afghanistan,2007,Male,56.73
EMR,Eastern Mediterranean,AFG,Afghanistan,2007,Male,14.04
EMR,Eastern Mediterranean,AFG,Afghanistan,2008,Female,58.35
EMR,Eastern Mediterranean,AFG,Afghanistan,2008,Female,13.98
EMR,Eastern Mediterranean,AFG,Afghanistan,2008,Male,57.51
EMR,Eastern Mediterranean,AFG,Afghanistan,2008,Male,14.22
EMR,Eastern Mediterranean,AFG,Afghanistan,2009,Female,59.02
EMR,Eastern Mediterranean,AFG,Afghanistan,2009,Female,14.16
EMR,Eastern Mediterranean,AFG,Afghanistan,2009,Male,58.1
EMR,Eastern Mediterranean,AFG,Afghanistan,2009,Male,14.42
EMR,Eastern Mediterranean,AFG,Afghanistan,2010,Female,59.51
EMR,Eastern Mediterranean,AFG,Afghanistan,2010,Female,14.28
EMR,Eastern Mediterranean,AFG,Afghanistan,2010,Male,58.57
EMR,Eastern Mediterranean,AFG,Afghanistan,2010,Male,14.61
EMR,Eastern Mediterranean,AFG,Afghanistan,2011,Female,60.05
EMR,Eastern Mediterranean,AFG,Afghanistan,2011,Female,14.41
EMR,Eastern Mediterranean,AFG,Afghanistan,2011,Male,59.12
EMR,Eastern Mediterranean,AFG,Afghanistan,2011,Male,14.8
EMR,Eastern Mediterranean,AFG,Afghanistan,2012,Female,60.5
EMR,Eastern Mediterranean,AFG,Afghanistan,2012,Female,14.51
EMR,Eastern Mediterranean,AFG,Afghanistan,2012,Male,59.42
EMR,Eastern Mediterranean,AFG,Afghanistan,2012,Male,14.95
EMR,Eastern Mediterranean,AFG,Afghanistan,2013,Female,61.0
EMR,Eastern Mediterranean,AFG,Afghanistan,2013,Female,14.64
EMR,Eastern Mediterranean,AFG,Afghanistan,2013,Male,59.95
EMR,Eastern Mediterranean,AFG,Afghanistan,2013,Male,15.11
EMR,Eastern Mediterranean,AFG,Afghanistan,2014,Female,61.29
EMR,Eastern Mediterranean,AFG,Afghanistan,2014,Female,14.74
EMR,Eastern Mediterranean,AFG,Afghanistan,2014,Male,59.66
EMR,Eastern Mediterranean,AFG,Afghanistan,2014,Male,15.16
EMR,Eastern Mediterranean,AFG,Afghanistan,2015,Female,61.49
EMR,Eastern Mediterranean,AFG,Afghanistan,2015,Female,14.74
EMR,Eastern Mediterranean,AFG,Afghanistan,2015,Male,59.29
EMR,Eastern Mediterranean,AFG,Afghanistan,2015,Male,15.19
EMR,Eastern Mediterranean,AFG,Afghanistan,2016,Female,61.73
EMR,Eastern Mediterranean,AFG,Afghanistan,2016,Female,14.8
EMR,Eastern Mediterranean,AFG,Afghanistan,2016,Male,59.2
EMR,Eastern Mediterranean,AFG,Afghanistan,2016,Male,15.26
EMR,Eastern Mediterranean,AFG,Afghanistan,2017,Female,62.05
EMR,Eastern Mediterranean,AFG,Afghanistan,2017,Female,14.85
EMR,Eastern Mediterranean,AFG,Afghanistan,2017,Male,59.83
EMR,Eastern Mediterranean,AFG,Afghanistan,2017,Male,15.36
EMR,Eastern Mediterranean,AFG,Afghanistan,2018,Female,62.14
EMR,Eastern Mediterranean,AFG,Afghanistan,2018,Female,14.89
EMR,Eastern Mediterranean,AFG,Afghanistan,2018,Male,59.01
EMR,Eastern Mediterranean,AFG,Afghanistan,2018,Male,15.31
EMR,Eastern Mediterranean,AFG,Afghanistan,2019,Female,62.55
EMR,Eastern Mediterranean,AFG,Afghanistan,2019,Female,14.99
EMR,Eastern Mediterranean,AFG,Afghanistan,2019,Male,60.04
EMR,Eastern Mediterranean,AFG,Afghanistan,2019,Male,15.41
EMR,Eastern Mediterranean,AFG,Afghanistan,2020,Female,61.69
EMR,Eastern Mediterranean,AFG,Afghanistan,2020,Female,13.97
EMR,Eastern Mediterranean,AFG,Afghanistan,2020,Male,59.34
EMR,Eastern Mediterranean,AFG,Afghanistan,2020,Male,13.56
EMR,Eastern Mediterranean,AFG,Afghanistan,2021,Female,60.99
EMR,Eastern Mediterranean,AFG,Afghanistan,2021,Female,13.75
EMR,Eastern Mediterranean,AFG,Afghanistan,2021,Male,57.4
EMR,Eastern Mediterranean,AFG,Afghanistan,2021,Male,13.62
EUR,Europe,ALB,Albania,2000,Female,77.06
EUR,Europe,ALB,Albania,2000,Female,21.28
EUR,Europe,ALB,Albania,2000,Male,70.68
EUR,Europe,ALB,Albania,2000,Male,17.17
EUR,Europe,ALB,Albania,2001,Female,79.25
EUR,Europe,ALB,Albania,2001,Female,23.35
EUR,Europe,ALB,Albania,2001,Male,73.07
EUR,Europe,ALB,Albania,2001,Male,19.48
EUR,Europe,ALB,Albania,2002,Female,78.43
EUR,Europe,ALB,Albania,2002,Female,22.39
EUR,Europe,ALB,Albania,2002,Male,72.78
EUR,Europe,ALB,Albania,2002,Male,18.91
EUR,Europe,ALB,Albania,2003,Female,77.8
EUR,Europe,ALB,Albania,2003,Female,21.69
EUR,Europe,ALB,Albania,2003,Male,72.36
EUR,Europe,ALB,Albania,2003,Male,18.28
EUR,Europe,ALB,Albania,2004,Female,78.25
EUR,Europe,ALB,Albania,2004,Female,21.9
EUR,Europe,ALB,Albania,2004,Male,72.85
EUR,Europe,ALB,Albania,2004,Male,18.66
EUR,Europe,ALB,Albania,2005,Female,77.19
EUR,Europe,ALB,Albania,2005,Female,21.76
EUR,Europe,ALB,Albania,2005,Male,71.62
EUR,Europe,ALB,Albania,2005,Male,18.32
EUR,Europe,ALB,Albania,2006,Female,76.62
EUR,Europe,ALB,Albania,2006,Female,21.13
EUR,Europe,ALB,Albania,2006,Male,71.97
EUR,Europe,ALB,Albania,2006,Male,18.44
EUR,Europe,ALB,Albania,2007,Female,77.2
EUR,Europe,ALB,Albania,2007,Female,21.53
EUR,Europe,ALB,Albania,2007,Male,72.09
EUR,Europe,ALB,Albania,2007,Male,18.49
EUR,Europe,ALB,Albania,2008,Female,77.66
EUR,Europe,ALB,Albania,2008,Female,21.94
EUR,Europe,ALB,Albania,2008,Male,72.54
EUR,Europe,ALB,Albania,2008,Male,18.79
EUR,Europe,ALB,Albania,2009,Female,77.98
EUR,Europe,ALB,Albania,2009,Female,22.24
EUR,Europe,ALB,Albania,2009,Male,73.3
EUR,Europe,ALB,Albania,2009,Male,19.34
EUR,Europe,ALB,Albania,2010,Female,78.34
EUR,Europe,ALB,Albania,2010,Female,22.63
EUR,Europe,ALB,Albania,2010,Male,74.2
EUR,Europe,ALB,Albania,2010,Male,19.94
EUR,Europe,ALB,Albania,2011,Female,78.5
EUR,Europe,ALB,Albania,2011,Female,23.55
EUR,Europe,ALB,Albania,2011,Male,75.11
EUR,Europe,ALB,Albania,2011,Male,20.03
EUR,Europe,ALB,Albania,2012,Female,79.56
EUR,Europe,ALB,Albania,2012,Female,22.48
EUR,Europe,ALB,Albania,2012,Male,75.3
EUR,Europe,ALB,Albania,2012,Male,19.97
EUR,Europe,ALB,Albania,2013,Female,79.94
EUR,Europe,ALB,Albania,2013,Female,22.75
EUR,Europe,ALB,Albania,2013,Male,75.77
EUR,Europe,ALB,Albania,2013,Male,20.34
EUR,Europe,ALB,Albania,2014,Female,80.13
EUR,Europe,ALB,Albania,2014,Female,22.86
EUR,Europe,ALB,Albania,2014,Male,76.05
EUR,Europe,ALB,Albania,2014,Male,20.46
EUR,Europe,ALB,Albania,2015,Female,79.62
EUR,Europe,ALB,Albania,2015,Female,22.15
EUR,Europe,ALB,Albania,2015,Male,76.02
EUR,Europe,ALB,Albania,2015,Male,20.13
EUR,Europe,ALB,Albania,2016,Female,79.86
EUR,Europe,ALB,Albania,2016,Female,22.23
EUR,Europe,ALB,Albania,2016,Male,76.04
EUR,Europe,ALB,Albania,2016,Male,20.17
EUR,Europe,ALB,Albania,2017,Female,79.86
EUR,Europe,ALB,Albania,2017,Female,22.09
EUR,Europe,ALB,Albania,2017,Male,76.1
EUR,Europe,ALB,Albania,2017,Male,20.14
EUR,Europe,ALB,Albania,2018,Female,79.88
EUR,Europe,ALB,Albania,2018,Female,21.98
EUR,Europe,ALB,Albania,2018,Male,76.15
EUR,Europe,ALB,Albania,2018,Male,20.11
EUR,Europe,ALB,Albania,2019,Female,79.87
EUR,Europe,ALB,Albania,2019,Female,21.89
EUR,Europe,ALB,Albania,2019,Male,76.17
EUR,Europe,ALB,Albania,2019,Male,20.08
EUR,Europe,ALB,Albania,2020,Female,79.02
EUR,Europe,ALB,Albania,2020,Female,21.01
EUR,Europe,ALB,Albania,2020,Male,74.26
EUR,Europe,ALB,Albania,2020,Male,18.46
EUR,Europe,ALB,Albania,2021,Female,78.61
EUR,Europe,ALB,Albania,2021,Female,21.35
EUR,Europe,ALB,Albania,2021,Male,74.36
EUR,Europe,ALB,Albania,2021,Male,18.65
AFR,Africa,DZA,Algeria,2000,Female,73.81
AFR,Africa,DZA,Algeria,2000,Female,20.47
AFR,Africa,DZA,Algeria,2000,Male,71.19
AFR,Africa,DZA,Algeria,2000,Male,19.61
AFR,Africa,DZA,Algeria,2001,Female,73.97
AFR,Africa,DZA,Algeria,2001,Female,20.5
AFR,Africa,DZA,Algeria,2001,Male,71.63
AFR,Africa,DZA,Algeria,2001,Male,19.72
AFR,Africa,DZA,Algeria,2002,Female,74.25
AFR,Africa,DZA,Algeria,2002,Female,20.58
AFR,Africa,DZA,Algeria,2002,Male,71.99
AFR,Africa,DZA,Algeria,2002,Male,19.9
AFR,Africa,DZA,Algeria,2003,Female,74.29
AFR,Africa,DZA,Algeria,2003,Female,20.56
AFR,Africa,DZA,Algeria,2003,Male,72.33
AFR,Africa,DZA,Algeria,2003,Male,19.97
AFR,Africa,DZA,Algeria,2004,Female,74.73
AFR,Africa,DZA,Algeria,2004,Female,20.67
AFR,Africa,DZA,Algeria,2004,Male,72.88
AFR,Africa,DZA,Algeria,2004,Male,20.17
AFR,Africa,DZA,Algeria,2005,Female,74.96
AFR,Africa,DZA,Algeria,2005,Female,20.72
AFR,Africa,DZA,Algeria,2005,Male,73.29
AFR,Africa,DZA,Algeria,2005,Male,20.33
AFR,Africa,DZA,Algeria,2006,Female,75.17
AFR,Africa,DZA,Algeria,2006,Female,20.77
AFR,Africa,DZA,Algeria,2006,Male,73.62
AFR,Africa,DZA,Algeria,2006,Male,20.47
AFR,Africa,DZA,Algeria,2007,Female,75.37
AFR,Africa,DZA,Algeria,2007,Female,20.83
AFR,Africa,DZA,Algeria,2007,Male,73.93
AFR,Africa,DZA,Algeria,2007,Male,20.61
AFR,Africa,DZA,Algeria,2008,Female,75.55
AFR,Africa,DZA,Algeria,2008,Female,20.86
AFR,Africa,DZA,Algeria,2008,Male,74.26
AFR,Africa,DZA,Algeria,2008,Male,20.73
AFR,Africa,DZA,Algeria,2009,Female,75.74
AFR,Africa,DZA,Algeria,2009,Female,20.92
AFR,Africa,DZA,Algeria,2009,Male,74.53
AFR,Africa,DZA,Algeria,2009,Male,20.86
AFR,Africa,DZA,Algeria,2010,Female,75.89
AFR,Africa,DZA,Algeria,2010,Female,20.94
AFR,Africa,DZA,Algeria,2010,Male,74.86
AFR,Africa,DZA,Algeria,2010,Male,21.0
AFR,Africa,DZA,Algeria,2011,Female,76.04
AFR,Africa,DZA,Algeria,2011,Female,20.99
AFR,Africa,DZA,Algeria,2011,Male,75.05
AFR,Africa,DZA,Algeria,2011,Male,21.08
AFR,Africa,DZA,Algeria,2012,Female,76.23
AFR,Africa,DZA,Algeria,2012,Female,21.09
AFR,Africa,DZA,Algeria,2012,Male,75.25
AFR,Africa,DZA,Algeria,2012,Male,21.18
AFR,Africa,DZA,Algeria,2013,Female,76.34
AFR,Africa,DZA,Algeria,2013,Female,21.13
AFR,Africa,DZA,Algeria,2013,Male,75.45
AFR,Africa,DZA,Algeria,2013,Male,21.3
AFR,Africa,DZA,Algeria,2014,Female,76.46
AFR,Africa,DZA,Algeria,2014,Female,21.18
AFR,Africa,DZA,Algeria,2014,Male,75.63
AFR,Africa,DZA,Algeria,2014,Male,21.4
AFR,Africa,DZA,Algeria,2015,Female,76.59
AFR,Africa,DZA,Algeria,2015,Female,21.25
AFR,Africa,DZA,Algeria,2015,Male,75.77
AFR,Africa,DZA,Algeria,2015,Male,21.45
AFR,Africa,DZA,Algeria,2016,Female,76.83
AFR,Africa,DZA,Algeria,2016,Female,21.42
AFR,Africa,DZA,Algeria,2016,Male,75.95
AFR,Africa,DZA,Algeria,2016,Male,21.53
AFR,Africa,DZA,Algeria,2017,Female,76.98
AFR,Africa,DZA,Algeria,2017,Female,21.51
AFR,Africa,DZA,Algeria,2017,Male,76.05
AFR,Africa,DZA,Algeria,2017,Male,21.55
AFR,Africa,DZA,Algeria,2018,Female,76.97
AFR,Africa,DZA,Algeria,2018,Female,21.44
AFR,Africa,DZA,Algeria,2018,Male,76.13
AFR,Africa,DZA,Algeria,2018,Male,21.6
AFR,Africa,DZA,Algeria,2019,Female,77.08
AFR,Africa,DZA,Algeria,2019,Female,21.47
AFR,Africa,DZA,Algeria,2019,Male,76.24
AFR,Africa,DZA,Algeria,2019,Male,21.62
AFR,Africa,DZA,Algeria,2020,Female,75.16
AFR,Africa,DZA,Algeria,2020,Female,19.86
AFR,Africa,DZA,Algeria,2020,Male,72.98
AFR,Africa,DZA,Algeria,2020,Male,18.7
AFR,Africa,DZA,Algeria,2021,Female,76.64
AFR,Africa,DZA,Algeria,2021,Female,21.09
AFR,Africa,DZA,Algeria,2021,Male,75.51
AFR,Africa,DZA,Algeria,2021,Male,21.0
AFR,Africa,AGO,Angola,2000,Female,51.86
AFR,Africa,AGO,Angola,2000,Female,15.31
AFR,Africa,AGO,Angola,2000,Male,46.97
AFR,Africa,AGO,Angola,2000,Male,12.67
AFR,Africa,AGO,Angola,2001,Female,52.53
AFR,Africa,AGO,Angola,2001,Female,15.52
AFR,Africa,AGO,Angola,2001,Male,47.68
AFR,Africa,AGO,Angola,2001,Male,12.83
AFR,Africa,AGO,Angola,2002,Female,53.07
AFR,Africa,AGO,Angola,2002,Female,15.57
AFR,Africa,AGO,Angola,2002,Male,49.07
AFR,Africa,AGO,Angola,2002,Male,13.18
AFR,Africa,AGO,Angola,2003,Female,53.57
AFR,Africa,AGO,Angola,2003,Female,15.57
AFR,Africa,AGO,Angola,2003,Male,49.91
AFR,Africa,AGO,Angola,2003,Male,13.35
AFR,Africa,AGO,Angola,2004,Female,54.21
AFR,Africa,AGO,Angola,2004,Female,15.62
AFR,Africa,AGO,Angola,2004,Male,50.5
AFR,Africa,AGO,Angola,2004,Male,13.36
AFR,Africa,AGO,Angola,2005,Female,55.17
AFR,Africa,AGO,Angola,2005,Female,15.83
AFR,Africa,AGO,Angola,2005,Male,51.52
AFR,Africa,AGO,Angola,2005,Male,13.6
AFR,Africa,AGO,Angola,2006,Female,56.22
AFR,Africa,AGO,Angola,2006,Female,16.06
AFR,Africa,AGO,Angola,2006,Male,52.34
AFR,Africa,AGO,Angola,2006,Male,13.67
AFR,Africa,AGO,Angola,2007,Female,57.42
AFR,Africa,AGO,Angola,2007,Female,16.36
AFR,Africa,AGO,Angola,2007,Male,53.3
AFR,Africa,AGO,Angola,2007,Male,13.85
AFR,Africa,AGO,Angola,2008,Female,58.24
AFR,Africa,AGO,Angola,2008,Female,16.47
AFR,Africa,AGO,Angola,2008,Male,54.2
AFR,Africa,AGO,Angola,2008,Male,14.01
AFR,Africa,AGO,Angola,2009,Female,59.15
AFR,Africa,AGO,Angola,2009,Female,16.66
AFR,Africa,AGO,Angola,2009,Male,55.0
AFR,Africa,AGO,Angola,2009,Male,14.09
AFR,Africa,AGO,Angola,2010,Female,60.07
AFR,Africa,AGO,Angola,2010,Female,16.85
AFR,Africa,AGO,Angola,2010,Male,55.86
AFR,Africa,AGO,Angola,2010,Male,14.24
AFR,Africa,AGO,Angola,2011,Female,60.91
AFR,Africa,AGO,Angola,2011,Female,17.04
AFR,Africa,AGO,Angola,2011,Male,56.61
AFR,Africa,AGO,Angola,2011,Male,14.33
AFR,Africa,AGO,Angola,2012,Female,61.73
AFR,Africa,AGO,Angola,2012,Female,17.24
AFR,Africa,AGO,Angola,2012,Male,57.21
AFR,Africa,AGO,Angola,2012,Male,14.39
AFR,Africa,AGO,Angola,2013,Female,62.61
AFR,Africa,AGO,Angola,2013,Female,17.44
AFR,Africa,AGO,Angola,2013,Male,57.86
AFR,Africa,AGO,Angola,2013,Male,14.51
AFR,Africa,AGO,Angola,2014,Female,63.67
AFR,Africa,AGO,Angola,2014,Female,17.77
AFR,Africa,AGO,Angola,2014,Male,58.64
AFR,Africa,AGO,Angola,2014,Male,14.72
AFR,Africa,AGO,Angola,2015,Female,64.12
AFR,Africa,AGO,Angola,2015,Female,17.86
AFR,Africa,AGO,Angola,2015,Male,59.1
AFR,Africa,AGO,Angola,2015,Male,14.83
AFR,Africa,AGO,Angola,2016,Female,64.23
AFR,Africa,AGO,Angola,2016,Female,17.83
AFR,Africa,AGO,Angola,2016,Male,59.49
AFR,Africa,AGO,Angola,2016,Male,14.91
AFR,Africa,AGO,Angola,2017,Female,64.28
AFR,Africa,AGO,Angola,2017,Female,17.77
AFR,Africa,AGO,Angola,2017,Male,59.8
AFR,Africa,AGO,Angola,2017,Male,14.95
AFR,Africa,AGO,Angola,2018,Female,64.45
AFR,Africa,AGO,Angola,2018,Female,17.73
AFR,Africa,AGO,Angola,2018,Male,60.09
AFR,Africa,AGO,Angola,2018,Male,14.94
AFR,Africa,AGO,Angola,2019,Female,64.65
AFR,Africa,AGO,Angola,2019,Female,17.69
AFR,Africa,AGO,Angola,2019,Male,60.33
AFR,Africa,AGO,Angola,2019,Male,14.9
AFR,Africa,AGO,Angola,2020,Female,64.93
AFR,Africa,AGO,Angola,2020,Female,17.59
AFR,Africa,AGO,Angola,2020,Male,60.41
AFR,Africa,AGO,Angola,2020,Male,14.32
AFR,Africa,AGO,Angola,2021,Female,64.26
AFR,Africa,AGO,Angola,2021,Female,17.14
AFR,Africa,AGO,Angola,2021,Male,60.01
AFR,Africa,AGO,Angola,2021,Male,14.44
AMR,Americas,ATG,Antigua and Barbuda,2000,Female,76.61
AMR,Americas,ATG,Antigua and Barbuda,2000,Female,20.84
AMR,Americas,ATG,Antigua and Barbuda,2000,Male,71.99
AMR,Americas,ATG,Antigua and Barbuda,2000,Male,18.91
AMR,Americas,ATG,Antigua and Barbuda,2001,Female,76.84
AMR,Americas,ATG,Antigua and Barbuda,2001,Female,20.99
AMR,Americas,ATG,Antigua and Barbuda,2001,Male,72.36
AMR,Americas,ATG,Antigua and Barbuda,2001,Male,19.14
AMR,Americas,ATG,Antigua and Barbuda,2002,Female,77.06
AMR,Americas,ATG,Antigua and Barbuda,2002,Female,21.13
AMR,Americas,ATG,Antigua and Barbuda,2002,Male,72.73
AMR,Americas,ATG,Antigua and Barbuda,2002,Male,19.36
AMR,Americas,ATG,Antigua and Barbuda,2003,Female,77.26
AMR,Americas,ATG,Antigua and Barbuda,2003,Female,21.26
AMR,Americas,ATG,Antigua and Barbuda,2003,Male,72.96
AMR,Americas,ATG,Antigua and Barbuda,2003,Male,19.48
AMR,Americas,ATG,Antigua and Barbuda,2004,Female,77.4
AMR,Americas,ATG,Antigua and Barbuda,2004,Female,21.34
AMR,Americas,ATG,Antigua and Barbuda,2004,Male,73.15
AMR,Americas,ATG,Antigua and Barbuda,2004,Male,19.57
AMR,Americas,ATG,Antigua and Barbuda,2005,Female,77.55
AMR,Americas,ATG,Antigua and Barbuda,2005,Female,21.43
AMR,Americas,ATG,Antigua and Barbuda,2005,Male,73.32
AMR,Americas,ATG,Antigua and Barbuda,2005,Male,19.64
AMR,Americas,ATG,Antigua and Barbuda,2006,Female,77.65
AMR,Americas,ATG,Antigua and Barbuda,2006,Female,21.49
AMR,Americas,ATG,Antigua and Barbuda,2006,Male,73.22
AMR,Americas,ATG,Antigua and Barbuda,2006,Male,19.41
AMR,Americas,ATG,Antigua and Barbuda,2007,Female,77.77
AMR,Americas,ATG,Antigua and Barbuda,2007,Female,21.55
AMR,Americas,ATG,Antigua and Barbuda,2007,Male,71.99
AMR,Americas,ATG,Antigua and Barbuda,2007,Male,17.56
AMR,Americas,ATG,Antigua and Barbuda,2008,Female,77.84
AMR,Americas,ATG,Antigua and Barbuda,2008,Female,21.59
AMR,Americas,ATG,Antigua and Barbuda,2008,Male,72.1
AMR,Americas,ATG,Antigua and Barbuda,2008,Male,17.62
AMR,Americas,ATG,Antigua and Barbuda,2009,Female,77.9
AMR,Americas,ATG,Antigua and Barbuda,2009,Female,21.62
AMR,Americas,ATG,Antigua and Barbuda,2009,Male,72.89
AMR,Americas,ATG,Antigua and Barbuda,2009,Male,18.59
AMR,Americas,ATG,Antigua and Barbuda,2010,Female,77.83
AMR,Americas,ATG,Antigua and Barbuda,2010,Female,21.57
AMR,Americas,ATG,Antigua and Barbuda,2010,Male,73.08
AMR,Americas,ATG,Antigua and Barbuda,2010,Male,18.76
AMR,Americas,ATG,Antigua and Barbuda,2011,Female,77.76
AMR,Americas,ATG,Antigua and Barbuda,2011,Female,21.5
AMR,Americas,ATG,Antigua and Barbuda,2011,Male,73.24
AMR,Americas,ATG,Antigua and Barbuda,2011,Male,18.87
AMR,Americas,ATG,Antigua and Barbuda,2012,Female,77.67
AMR,Americas,ATG,Antigua and Barbuda,2012,Female,21.42
AMR,Americas,ATG,Antigua and Barbuda,2012,Male,73.41
AMR,Americas,ATG,Antigua and Barbuda,2012,Male,18.99
AMR,Americas,ATG,Antigua and Barbuda,2013,Female,77.54
AMR,Americas,ATG,Antigua and Barbuda,2013,Female,21.3
AMR,Americas,ATG,Antigua and Barbuda,2013,Male,73.65
AMR,Americas,ATG,Antigua and Barbuda,2013,Male,19.16
AMR,Americas,ATG,Antigua and Barbuda,2014,Female,77.31
AMR,Americas,ATG,Antigua and Barbuda,2014,Female,21.11
AMR,Americas,ATG,Antigua and Barbuda,2014,Male,73.65
AMR,Americas,ATG,Antigua and Barbuda,2014,Male,19.14
AMR,Americas,ATG,Antigua and Barbuda,2015,Female,77.21
AMR,Americas,ATG,Antigua and Barbuda,2015,Female,21.03
AMR,Americas,ATG,Antigua and Barbuda,2015,Male,73.79
AMR,Americas,ATG,Antigua and Barbuda,2015,Male,19.24
AMR,Americas,ATG,Antigua and Barbuda,2016,Female,77.07
AMR,Americas,ATG,Antigua and Barbuda,2016,Female,20.92
AMR,Americas,ATG,Antigua and Barbuda,2016,Male,73.8
AMR,Americas,ATG,Antigua and Barbuda,2016,Male,19.23
AMR,Americas,ATG,Antigua and Barbuda,2017,Female,77.04
AMR,Americas,ATG,Antigua and Barbuda,2017,Female,20.89
AMR,Americas,ATG,Antigua and Barbuda,2017,Male,73.88
AMR,Americas,ATG,Antigua and Barbuda,2017,Male,19.27
AMR,Americas,ATG,Antigua and Barbuda,2018,Female,77.02
AMR,Americas,ATG,Antigua and Barbuda,2018,Female,20.85
AMR,Americas,ATG,Antigua and Barbuda,2018,Male,74.02
AMR,Americas,ATG,Antigua and Barbuda,2018,Male,19.35
AMR,Americas,ATG,Antigua and Barbuda,2019,Female,77.07
AMR,Americas,ATG,Antigua and Barbuda,2019,Female,20.79
AMR,Americas,ATG,Antigua and Barbuda,2019,Male,74.05
AMR,Americas,ATG,Antigua and Barbuda,2019,Male,19.28
AMR,Americas,ATG,Antigua and Barbuda,2020,Female,79.43
AMR,Americas,ATG,Antigua and Barbuda,2020,Female,22.98
AMR,Americas,ATG,Antigua and Barbuda,2020,Male,75.6
AMR,Americas,ATG,Antigua and Barbuda,2020,Male,20.63
AMR,Americas,ATG,Antigua and Barbuda,2021,Female,78.42
AMR,Americas,ATG,Antigua and Barbuda,2021,Female,21.93
AMR,Americas,ATG,Antigua and Barbuda,2021,Male,75.21
AMR,Americas,ATG,Antigua and Barbuda,2021,Male,19.59
AMR,Americas,ARG,Argentina,2000,Female,78.01
AMR,Americas,ARG,Argentina,2000,Female,22.69
AMR,Americas,ARG,Argentina,2000,Male,70.59
AMR,Americas,ARG,Argentina,2000,Male,17.65
AMR,Americas,ARG,Argentina,2001,Female,77.94
AMR,Americas,ARG,Argentina,2001,Female,22.58
AMR,Americas,ARG,Argentina,2001,Male,70.62
AMR,Americas,ARG,Argentina,2001,Male,17.58
AMR,Americas,ARG,Argentina,2002,Female,78.01
AMR,Americas,ARG,Argentina,2002,Female,22.68
AMR,Americas,ARG,Argentina,2002,Male,70.55
AMR,Americas,ARG,Argentina,2002,Male,17.57
AMR,Americas,ARG,Argentina,2003,Female,77.83
AMR,Americas,ARG,Argentina,2003,Female,22.5
AMR,Americas,ARG,Argentina,2003,Male,70.7
AMR,Americas,ARG,Argentina,2003,Male,17.44
AMR,Americas,ARG,Argentina,2004,Female,78.3
AMR,Americas,ARG,Argentina,2004,Female,22.74
AMR,Americas,ARG,Argentina,2004,Male,71.48
AMR,Americas,ARG,Argentina,2004,Male,17.9
AMR,Americas,ARG,Argentina,2005,Female,78.69
AMR,Americas,ARG,Argentina,2005,Female,22.95
AMR,Americas,ARG,Argentina,2005,Male,71.78
AMR,Americas,ARG,Argentina,2005,Male,18.06
AMR,Americas,ARG,Argentina,2006,Female,78.92
AMR,Americas,ARG,Argentina,2006,Female,23.17
AMR,Americas,ARG,Argentina,2006,Male,72.09
AMR,Americas,ARG,Argentina,2006,Male,18.35
AMR,Americas,ARG,Argentina,2007,Female,78.44
AMR,Americas,ARG,Argentina,2007,Female,22.72
AMR,Americas,ARG,Argentina,2007,Male,71.65
AMR,Americas,ARG,Argentina,2007,Male,17.94
AMR,Americas,ARG,Argentina,2008,Female,79.11
AMR,Americas,ARG,Argentina,2008,Female,23.38
AMR,Americas,ARG,Argentina,2008,Male,72.22
AMR,Americas,ARG,Argentina,2008,Male,18.56
AMR,Americas,ARG,Argentina,2009,Female,79.13
AMR,Americas,ARG,Argentina,2009,Female,23.5
AMR,Americas,ARG,Argentina,2009,Male,72.49
AMR,Americas,ARG,Argentina,2009,Male,18.73
AMR,Americas,ARG,Argentina,2010,Female,78.95
AMR,Americas,ARG,Argentina,2010,Female,23.11
AMR,Americas,ARG,Argentina,2010,Male,72.52
AMR,Americas,ARG,Argentina,2010,Male,18.55
AMR,Americas,ARG,Argentina,2011,Female,79.12
AMR,Americas,ARG,Argentina,2011,Female,23.26
AMR,Americas,ARG,Argentina,2011,Male,72.7
AMR,Americas,ARG,Argentina,2011,Male,18.76
AMR,Americas,ARG,Argentina,2012,Female,79.44
AMR,Americas,ARG,Argentina,2012,Female,23.51
AMR,Americas,ARG,Argentina,2012,Male,72.84
AMR,Americas,ARG,Argentina,2012,Male,18.83
AMR,Americas,ARG,Argentina,2013,Female,79.42
AMR,Americas,ARG,Argentina,2013,Female,23.45
AMR,Americas,ARG,Argentina,2013,Male,72.92
AMR,Americas,ARG,Argentina,2013,Male,18.9
AMR,Americas,ARG,Argentina,2014,Female,79.65
AMR,Americas,ARG,Argentina,2014,Female,23.61
AMR,Americas,ARG,Argentina,2014,Male,73.28
AMR,Americas,ARG,Argentina,2014,Male,19.12
AMR,Americas,ARG,Argentina,2015,Female,79.64
AMR,Americas,ARG,Argentina,2015,Female,23.51
AMR,Americas,ARG,Argentina,2015,Male,73.33
AMR,Americas,ARG,Argentina,2015,Male,18.97
AMR,Americas,ARG,Argentina,2016,Female,79.19
AMR,Americas,ARG,Argentina,2016,Female,23.09
AMR,Americas,ARG,Argentina,2016,Male,72.99
AMR,Americas,ARG,Argentina,2016,Male,18.66
AMR,Americas,ARG,Argentina,2017,Female,79.59
AMR,Americas,ARG,Argentina,2017,Female,23.4
AMR,Americas,ARG,Argentina,2017,Male,73.59
AMR,Americas,ARG,Argentina,2017,Male,19.04
AMR,Americas,ARG,Argentina,2018,Female,79.93
AMR,Americas,ARG,Argentina,2018,Female,23.72
AMR,Americas,ARG,Argentina,2018,Male,73.74
AMR,Americas,ARG,Argentina,2018,Male,19.16
AMR,Americas,ARG,Argentina,2019,Female,79.91
AMR,Americas,ARG,Argentina,2019,Female,23.64
AMR,Americas,ARG,Argentina,2019,Male,74.0
AMR,Americas,ARG,Argentina,2019,Male,19.24
AMR,Americas,ARG,Argentina,2020,Female,79.38
AMR,Americas,ARG,Argentina,2020,Female,23.06
AMR,Americas,ARG,Argentina,2020,Male,73.06
AMR,Americas,ARG,Argentina,2020,Male,18.22
AMR,Americas,ARG,Argentina,2021,Female,77.58
AMR,Americas,ARG,Argentina,2021,Female,21.73
AMR,Americas,ARG,Argentina,2021,Male,71.59
AMR,Americas,ARG,Argentina,2021,Male,17.25
EUR,Europe,ARM,Armenia,2000,Female,74.71
EUR,Europe,ARM,Armenia,2000,Female,19.56
EUR,Europe,ARM,Armenia,2000,Male,68.25
EUR,Europe,ARM,Armenia,2000,Male,15.99
EUR,Europe,ARM,Armenia,2001,Female,75.04
EUR,Europe,ARM,Armenia,2001,Female,19.87
EUR,Europe,ARM,Armenia,2001,Male,68.26
EUR,Europe,ARM,Armenia,2001,Male,16.02
EUR,Europe,ARM,Armenia,2002,Female,74.77
EUR,Europe,ARM,Armenia,2002,Female,19.3
EUR,Europe,ARM,Armenia,2002,Male,68.14
EUR,Europe,ARM,Armenia,2002,Male,15.58
EUR,Europe,ARM,Armenia,2003,Female,74.94
EUR,Europe,ARM,Armenia,2003,Female,19.42
EUR,Europe,ARM,Armenia,2003,Male,68.2
EUR,Europe,ARM,Armenia,2003,Male,15.5
EUR,Europe,ARM,Armenia,2004,Female,75.33
EUR,Europe,ARM,Armenia,2004,Female,19.66
EUR,Europe,ARM,Armenia,2004,Male,68.43
EUR,Europe,ARM,Armenia,2004,Male,15.65
EUR,Europe,ARM,Armenia,2005,Female,75.6
EUR,Europe,ARM,Armenia,2005,Female,19.86
EUR,Europe,ARM,Armenia,2005,Male,68.25
EUR,Europe,ARM,Armenia,2005,Male,15.56
EUR,Europe,ARM,Armenia,2006,Female,75.57
EUR,Europe,ARM,Armenia,2006,Female,19.78
EUR,Europe,ARM,Armenia,2006,Male,68.17
EUR,Europe,ARM,Armenia,2006,Male,15.69
EUR,Europe,ARM,Armenia,2007,Female,76.15
EUR,Europe,ARM,Armenia,2007,Female,20.2
EUR,Europe,ARM,Armenia,2007,Male,68.6
EUR,Europe,ARM,Armenia,2007,Male,15.93
EUR,Europe,ARM,Armenia,2008,Female,76.23
EUR,Europe,ARM,Armenia,2008,Female,20.33
EUR,Europe,ARM,Armenia,2008,Male,68.4
EUR,Europe,ARM,Armenia,2008,Male,15.73
EUR,Europe,ARM,Armenia,2009,Female,76.53
EUR,Europe,ARM,Armenia,2009,Female,20.41
EUR,Europe,ARM,Armenia,2009,Male,68.59
EUR,Europe,ARM,Armenia,2009,Male,15.9
EUR,Europe,ARM,Armenia,2010,Female,76.94
EUR,Europe,ARM,Armenia,2010,Female,20.77
EUR,Europe,ARM,Armenia,2010,Male,68.71
EUR,Europe,ARM,Armenia,2010,Male,15.74
EUR,Europe,ARM,Armenia,2011,Female,77.33
EUR,Europe,ARM,Armenia,2011,Female,21.04
EUR,Europe,ARM,Armenia,2011,Male,68.88
EUR,Europe,ARM,Armenia,2011,Male,15.89
EUR,Europe,ARM,Armenia,2012,Female,77.56
EUR,Europe,ARM,Armenia,2012,Female,21.19
EUR,Europe,ARM,Armenia,2012,Male,69.32
EUR,Europe,ARM,Armenia,2012,Male,16.13
EUR,Europe,ARM,Armenia,2013,Female,77.94
EUR,Europe,ARM,Armenia,2013,Female,21.32
EUR,Europe,ARM,Armenia,2013,Male,69.93
EUR,Europe,ARM,Armenia,2013,Male,16.36
EUR,Europe,ARM,Armenia,2014,Female,78.11
EUR,Europe,ARM,Armenia,2014,Female,21.42
EUR,Europe,ARM,Armenia,2014,Male,69.78
EUR,Europe,ARM,Armenia,2014,Male,16.17
EUR,Europe,ARM,Armenia,2015,Female,78.25
EUR,Europe,ARM,Armenia,2015,Female,21.62
EUR,Europe,ARM,Armenia,2015,Male,69.78
EUR,Europe,ARM,Armenia,2015,Male,16.2
EUR,Europe,ARM,Armenia,2016,Female,78.46
EUR,Europe,ARM,Armenia,2016,Female,21.69
EUR,Europe,ARM,Armenia,2016,Male,69.82
EUR,Europe,ARM,Armenia,2016,Male,16.15
EUR,Europe,ARM,Armenia,2017,Female,79.14
EUR,Europe,ARM,Armenia,2017,Female,22.09
EUR,Europe,ARM,Armenia,2017,Male,70.62
EUR,Europe,ARM,Armenia,2017,Male,16.42
EUR,Europe,ARM,Armenia,2018,Female,79.55
EUR,Europe,ARM,Armenia,2018,Female,22.63
EUR,Europe,ARM,Armenia,2018,Male,70.97
EUR,Europe,ARM,Armenia,2018,Male,17.03
EUR,Europe,ARM,Armenia,2019,Female,79.79
EUR,Europe,ARM,Armenia,2019,Female,22.61
EUR,Europe,ARM,Armenia,2019,Male,70.82
EUR,Europe,ARM,Armenia,2019,Male,16.81
EUR,Europe,ARM,Armenia,2020,Female,76.16
EUR,Europe,ARM,Armenia,2020,Female,20.59
EUR,Europe,ARM,Armenia,2020,Male,62.73
EUR,Europe,ARM,Armenia,2020,Male,14.62
EUR,Europe,ARM,Armenia,2021,Female,76.87
EUR,Europe,ARM,Armenia,2021,Female,20.15
EUR,Europe,ARM,Armenia,2021,Male,68.6
EUR,Europe,ARM,Armenia,2021,Male,14.67
WPR,Western Pacific,AUS,Australia,2000,Female,82.24
WPR,Western Pacific,AUS,Australia,2000,Female,24.85
WPR,Western Pacific,AUS,Australia,2000,Male,77.12
WPR,Western Pacific,AUS,Australia,2000,Male,21.22
WPR,Western Pacific,AUS,Australia,2001,Female,82.62
WPR,Western Pacific,AUS,Australia,2001,Female,25.07
WPR,Western Pacific,AUS,Australia,2001,Male,77.6
WPR,Western Pacific,AUS,Australia,2001,Male,21.53
WPR,Western Pacific,AUS,Australia,2002,Female,82.55
WPR,Western Pacific,AUS,Australia,2002,Female,25.0
WPR,Western Pacific,AUS,Australia,2002,Male,77.79
WPR,Western Pacific,AUS,Australia,2002,Male,21.57
WPR,Western Pacific,AUS,Australia,2003,Female,82.9
WPR,Western Pacific,AUS,Australia,2003,Female,25.28
WPR,Western Pacific,AUS,Australia,2003,Male,78.2
WPR,Western Pacific,AUS,Australia,2003,Male,21.93
WPR,Western Pacific,AUS,Australia,2004,Female,83.05
WPR,Western Pacific,AUS,Australia,2004,Female,25.37
WPR,Western Pacific,AUS,Australia,2004,Male,78.42
WPR,Western Pacific,AUS,Australia,2004,Male,22.05
WPR,Western Pacific,AUS,Australia,2005,Female,83.12
WPR,Western Pacific,AUS,Australia,2005,Female,25.44
WPR,Western Pacific,AUS,Australia,2005,Male,78.53
WPR,Western Pacific,AUS,Australia,2005,Male,22.2
WPR,Western Pacific,AUS,Australia,2006,Female,83.27
WPR,Western Pacific,AUS,Australia,2006,Female,25.56
WPR,Western Pacific,AUS,Australia,2006,Male,78.79
WPR,Western Pacific,AUS,Australia,2006,Male,22.35
WPR,Western Pacific,AUS,Australia,2007,Female,83.5
WPR,Western Pacific,AUS,Australia,2007,Female,25.76
WPR,Western Pacific,AUS,Australia,2007,Male,79.22
WPR,Western Pacific,AUS,Australia,2007,Male,22.73
WPR,Western Pacific,AUS,Australia,2008,Female,83.45
WPR,Western Pacific,AUS,Australia,2008,Female,25.62
WPR,Western Pacific,AUS,Australia,2008,Male,79.18
WPR,Western Pacific,AUS,Australia,2008,Male,22.67
WPR,Western Pacific,AUS,Australia,2009,Female,83.86
WPR,Western Pacific,AUS,Australia,2009,Female,26.09
WPR,Western Pacific,AUS,Australia,2009,Male,79.63
WPR,Western Pacific,AUS,Australia,2009,Male,23.11
WPR,Western Pacific,AUS,Australia,2010,Female,83.99
WPR,Western Pacific,AUS,Australia,2010,Female,26.13
WPR,Western Pacific,AUS,Australia,2010,Male,79.84
WPR,Western Pacific,AUS,Australia,2010,Male,23.29
WPR,Western Pacific,AUS,Australia,2011,Female,83.95
WPR,Western Pacific,AUS,Australia,2011,Female,26.14
WPR,Western Pacific,AUS,Australia,2011,Male,79.9
WPR,Western Pacific,AUS,Australia,2011,Male,23.2
WPR,Western Pacific,AUS,Australia,2012,Female,84.16
WPR,Western Pacific,AUS,Australia,2012,Female,26.24
WPR,Western Pacific,AUS,Australia,2012,Male,80.36
WPR,Western Pacific,AUS,Australia,2012,Male,23.54
WPR,Western Pacific,AUS,Australia,2013,Female,84.38
WPR,Western Pacific,AUS,Australia,2013,Female,26.48
WPR,Western Pacific,AUS,Australia,2013,Male,80.53
WPR,Western Pacific,AUS,Australia,2013,Male,23.71
WPR,Western Pacific,AUS,Australia,2014,Female,84.22
WPR,Western Pacific,AUS,Australia,2014,Female,26.32
WPR,Western Pacific,AUS,Australia,2014,Male,80.51
WPR,Western Pacific,AUS,Australia,2014,Male,23.72
WPR,Western Pacific,AUS,Australia,2015,Female,84.17
WPR,Western Pacific,AUS,Australia,2015,Female,26.27
WPR,Western Pacific,AUS,Australia,2015,Male,80.41
WPR,Western Pacific,AUS,Australia,2015,Male,23.72
WPR,Western Pacific,AUS,Australia,2016,Female,84.5
WPR,Western Pacific,AUS,Australia,2016,Female,26.54
WPR,Western Pacific,AUS,Australia,2016,Male,80.69
WPR,Western Pacific,AUS,Australia,2016,Male,23.89
WPR,Western Pacific,AUS,Australia,2017,Female,84.52
WPR,Western Pacific,AUS,Australia,2017,Female,26.55
WPR,Western Pacific,AUS,Australia,2017,Male,80.84
WPR,Western Pacific,AUS,Australia,2017,Male,24.03
WPR,Western Pacific,AUS,Australia,2018,Female,84.88
WPR,Western Pacific,AUS,Australia,2018,Female,26.86
WPR,Western Pacific,AUS,Australia,2018,Male,81.16
WPR,Western Pacific,AUS,Australia,2018,Male,24.3
WPR,Western Pacific,AUS,Australia,2019,Female,84.57
WPR,Western Pacific,AUS,Australia,2019,Female,26.6
WPR,Western Pacific,AUS,Australia,2019,Male,80.72
WPR,Western Pacific,AUS,Australia,2019,Male,24.05
WPR,Western Pacific,AUS,Australia,2020,Female,85.23
WPR,Western Pacific,AUS,Australia,2020,Female,27.19
WPR,Western Pacific,AUS,Australia,2020,Male,81.5
WPR,Western Pacific,AUS,Australia,2020,Male,24.64
WPR,Western Pacific,AUS,Australia,2021,Female,84.9
WPR,Western Pacific,AUS,Australia,2021,Female,26.88
WPR,Western Pacific,AUS,Australia,2021,Male,81.31
WPR,Western Pacific,AUS,Australia,2021,Male,24.45
EUR,Europe,AUT,Austria,2000,Female,80.98
EUR,Europe,AUT,Austria,2000,Female,23.69
EUR,Europe,AUT,Austria,2000,Male,75.1
EUR,Europe,AUT,Austria,2000,Male,19.73
EUR,Europe,AUT,Austria,2001,Female,81.43
EUR,Europe,AUT,Austria,2001,Female,24.0
EUR,Europe,AUT,Austria,2001,Male,75.58
EUR,Europe,AUT,Austria,2001,Male,20.13
EUR,Europe,AUT,Austria,2002,Female,81.44
EUR,Europe,AUT,Austria,2002,Female,23.91
EUR,Europe,AUT,Austria,2002,Male,75.72
EUR,Europe,AUT,Austria,2002,Male,20.1
EUR,Europe,AUT,Austria,2003,Female,81.22
EUR,Europe,AUT,Austria,2003,Female,23.78
EUR,Europe,AUT,Austria,2003,Male,75.82
EUR,Europe,AUT,Austria,2003,Male,20.05
EUR,Europe,AUT,Austria,2004,Female,81.75
EUR,Europe,AUT,Austria,2004,Female,24.17
EUR,Europe,AUT,Austria,2004,Male,76.26
EUR,Europe,AUT,Austria,2004,Male,20.49
EUR,Europe,AUT,Austria,2005,Female,81.9
EUR,Europe,AUT,Austria,2005,Female,24.32
EUR,Europe,AUT,Austria,2005,Male,76.54
EUR,Europe,AUT,Austria,2005,Male,20.65
EUR,Europe,AUT,Austria,2006,Female,82.4
EUR,Europe,AUT,Austria,2006,Female,24.62
EUR,Europe,AUT,Austria,2006,Male,77.01
EUR,Europe,AUT,Austria,2006,Male,20.93
EUR,Europe,AUT,Austria,2007,Female,82.63
EUR,Europe,AUT,Austria,2007,Female,24.84
EUR,Europe,AUT,Austria,2007,Male,77.25
EUR,Europe,AUT,Austria,2007,Male,21.14
EUR,Europe,AUT,Austria,2008,Female,82.79
EUR,Europe,AUT,Austria,2008,Female,24.95
EUR,Europe,AUT,Austria,2008,Male,77.56
EUR,Europe,AUT,Austria,2008,Male,21.31
EUR,Europe,AUT,Austria,2009,Female,82.7
EUR,Europe,AUT,Austria,2009,Female,24.93
EUR,Europe,AUT,Austria,2009,Male,77.39
EUR,Europe,AUT,Austria,2009,Male,21.21
EUR,Europe,AUT,Austria,2010,Female,82.99
EUR,Europe,AUT,Austria,2010,Female,25.16
EUR,Europe,AUT,Austria,2010,Male,77.65
EUR,Europe,AUT,Austria,2010,Male,21.44
EUR,Europe,AUT,Austria,2011,Female,83.28
EUR,Europe,AUT,Austria,2011,Female,25.41
EUR,Europe,AUT,Austria,2011,Male,78.05
EUR,Europe,AUT,Austria,2011,Male,21.65
EUR,Europe,AUT,Austria,2012,Female,83.08
EUR,Europe,AUT,Austria,2012,Female,25.12
EUR,Europe,AUT,Austria,2012,Male,78.24
EUR,Europe,AUT,Austria,2012,Male,21.63
EUR,Europe,AUT,Austria,2013,Female,83.3
EUR,Europe,AUT,Austria,2013,Female,25.26
EUR,Europe,AUT,Austria,2013,Male,78.42
EUR,Europe,AUT,Austria,2013,Male,21.75
EUR,Europe,AUT,Austria,2014,Female,83.47
EUR,Europe,AUT,Austria,2014,Female,25.51
EUR,Europe,AUT,Austria,2014,Male,78.89
EUR,Europe,AUT,Austria,2014,Male,22.1
EUR,Europe,AUT,Austria,2015,Female,83.29
EUR,Europe,AUT,Austria,2015,Female,25.21
EUR,Europe,AUT,Austria,2015,Male,78.61
EUR,Europe,AUT,Austria,2015,Male,21.79
EUR,Europe,AUT,Austria,2016,Female,83.59
EUR,Europe,AUT,Austria,2016,Female,25.53
EUR,Europe,AUT,Austria,2016,Male,79.09
EUR,Europe,AUT,Austria,2016,Male,22.15
EUR,Europe,AUT,Austria,2017,Female,83.51
EUR,Europe,AUT,Austria,2017,Female,25.34
EUR,Europe,AUT,Austria,2017,Male,79.2
EUR,Europe,AUT,Austria,2017,Male,22.2
EUR,Europe,AUT,Austria,2018,Female,83.59
EUR,Europe,AUT,Austria,2018,Female,25.47
EUR,Europe,AUT,Austria,2018,Male,79.19
EUR,Europe,AUT,Austria,2018,Male,22.19
EUR,Europe,AUT,Austria,2019,Female,83.78
EUR,Europe,AUT,Austria,2019,Female,25.6
EUR,Europe,AUT,Austria,2019,Male,79.45
EUR,Europe,AUT,Austria,2019,Male,22.43
EUR,Europe,AUT,Austria,2020,Female,83.31
EUR,Europe,AUT,Austria,2020,Female,25.11
EUR,Europe,AUT,Austria,2020,Male,78.82
EUR,Europe,AUT,Austria,2020,Male,21.73
EUR,Europe,AUT,Austria,2021,Female,83.3
EUR,Europe,AUT,Austria,2021,Female,25.09
EUR,Europe,AUT,Austria,2021,Male,78.66
EUR,Europe,AUT,Austria,2021,Male,21.7
EUR,Europe,AZE,Azerbaijan,2000,Female,68.09
EUR,Europe,AZE,Azerbaijan,2000,Female,17.11
EUR,Europe,AZE,Azerbaijan,2000,Male,62.33
EUR,Europe,AZE,Azerbaijan,2000,Male,14.68
EUR,Europe,AZE,Azerbaijan,2001,Female,69.06
EUR,Europe,AZE,Azerbaijan,2001,Female,17.66
EUR,Europe,AZE,Azerbaijan,2001,Male,63.49
EUR,Europe,AZE,Azerbaijan,2001,Male,15.16
EUR,Europe,AZE,Azerbaijan,2002,Female,69.41
EUR,Europe,AZE,Azerbaijan,2002,Female,17.53
EUR,Europe,AZE,Azerbaijan,2002,Male,63.95
EUR,Europe,AZE,Azerbaijan,2002,Male,14.93
EUR,Europe,AZE,Azerbaijan,2003,Female,69.46
EUR,Europe,AZE,Azerbaijan,2003,Female,17.27
EUR,Europe,AZE,Azerbaijan,2003,Male,63.98
EUR,Europe,AZE,Azerbaijan,2003,Male,14.74
EUR,Europe,AZE,Azerbaijan,2004,Female,70.21
EUR,Europe,AZE,Azerbaijan,2004,Female,17.54
EUR,Europe,AZE,Azerbaijan,2004,Male,64.53
EUR,Europe,AZE,Azerbaijan,2004,Male,14.96
EUR,Europe,AZE,Azerbaijan,2005,Female,70.32
EUR,Europe,AZE,Azerbaijan,2005,Female,17.48
EUR,Europe,AZE,Azerbaijan,2005,Male,64.58
EUR,Europe,AZE,Azerbaijan,2005,Male,14.99
EUR,Europe,AZE,Azerbaijan,2006,Female,70.57
EUR,Europe,AZE,Azerbaijan,2006,Female,17.1
EUR,Europe,AZE,Azerbaijan,2006,Male,64.69
EUR,Europe,AZE,Azerbaijan,2006,Male,14.35
EUR,Europe,AZE,Azerbaijan,2007,Female,71.9
EUR,Europe,AZE,Azerbaijan,2007,Female,18.28
EUR,Europe,AZE,Azerbaijan,2007,Male,66.63
EUR,Europe,AZE,Azerbaijan,2007,Male,15.86
EUR,Europe,AZE,Azerbaijan,2008,Female,71.51
EUR,Europe,AZE,Azerbaijan,2008,Female,17.58
EUR,Europe,AZE,Azerbaijan,2008,Male,65.91
EUR,Europe,AZE,Azerbaijan,2008,Male,14.88
EUR,Europe,AZE,Azerbaijan,2009,Female,72.03
EUR,Europe,AZE,Azerbaijan,2009,Female,17.88
EUR,Europe,AZE,Azerbaijan,2009,Male,66.7
EUR,Europe,AZE,Azerbaijan,2009,Male,15.2
EUR,Europe,AZE,Azerbaijan,2010,Female,72.42
EUR,Europe,AZE,Azerbaijan,2010,Female,18.03
EUR,Europe,AZE,Azerbaijan,2010,Male,67.17
EUR,Europe,AZE,Azerbaijan,2010,Male,15.53
EUR,Europe,AZE,Azerbaijan,2011,Female,73.17
EUR,Europe,AZE,Azerbaijan,2011,Female,18.58
EUR,Europe,AZE,Azerbaijan,2011,Male,67.57
EUR,Europe,AZE,Azerbaijan,2011,Male,15.71
EUR,Europe,AZE,Azerbaijan,2012,Female,73.59
EUR,Europe,AZE,Azerbaijan,2012,Female,18.7
EUR,Europe,AZE,Azerbaijan,2012,Male,68.77
EUR,Europe,AZE,Azerbaijan,2012,Male,16.46
EUR,Europe,AZE,Azerbaijan,2013,Female,74.15
EUR,Europe,AZE,Azerbaijan,2013,Female,19.04
EUR,Europe,AZE,Azerbaijan,2013,Male,69.98
EUR,Europe,AZE,Azerbaijan,2013,Male,17.26
EUR,Europe,AZE,Azerbaijan,2014,Female,74.66
EUR,Europe,AZE,Azerbaijan,2014,Female,19.34
EUR,Europe,AZE,Azerbaijan,2014,Male,70.74
EUR,Europe,AZE,Azerbaijan,2014,Male,17.75
EUR,Europe,AZE,Azerbaijan,2015,Female,75.54
EUR,Europe,AZE,Azerbaijan,2015,Female,20.0
EUR,Europe,AZE,Azerbaijan,2015,Male,71.68
EUR,Europe,AZE,Azerbaijan,2015,Male,18.5
EUR,Europe,AZE,Azerbaijan,2016,Female,76.02
EUR,Europe,AZE,Azerbaijan,2016,Female,20.23
EUR,Europe,AZE,Azerbaijan,2016,Male,71.84
EUR,Europe,AZE,Azerbaijan,2016,Male,18.31
EUR,Europe,AZE,Azerbaijan,2017,Female,76.95
EUR,Europe,AZE,Azerbaijan,2017,Female,20.97
EUR,Europe,AZE,Azerbaijan,2017,Male,72.22
EUR,Europe,AZE,Azerbaijan,2017,Male,18.72
EUR,Europe,AZE,Azerbaijan,2018,Female,77.52
EUR,Europe,AZE,Azerbaijan,2018,Female,21.34
EUR,Europe,AZE,Azerbaijan,2018,Male,72.6
EUR,Europe,AZE,Azerbaijan,2018,Male,18.78
EUR,Europe,AZE,Azerbaijan,2019,Female,78.09
EUR,Europe,AZE,Azerbaijan,2019,Female,21.95
EUR,Europe,AZE,Azerbaijan,2019,Male,73.38
EUR,Europe,AZE,Azerbaijan,2019,Male,19.55
EUR,Europe,AZE,Azerbaijan,2020,Female,75.46
EUR,Europe,AZE,Azerbaijan,2020,Female,19.95
EUR,Europe,AZE,Azerbaijan,2020,Male,67.52
EUR,Europe,AZE,Azerbaijan,2020,Male,16.88
EUR,Europe,AZE,Azerbaijan,2021,Female,75.19
EUR,Europe,AZE,Azerbaijan,2021,Female,19.51
EUR,Europe,AZE,Azerbaijan,2021,Male,70.5
EUR,Europe,AZE,Azerbaijan,2021,Male,17.13
AMR,Americas,BHS,Bahamas,2000,Female,74.23
AMR,Americas,BHS,Bahamas,2000,Female,21.4
AMR,Americas,BHS,Bahamas,2000,Male,67.68
AMR,Americas,BHS,Bahamas,2000,Male,18.45
AMR,Americas,BHS,Bahamas,2001,Female,74.51
AMR,Americas,BHS,Bahamas,2001,Female,21.47
AMR,Americas,BHS,Bahamas,2001,Male,67.71
AMR,Americas,BHS,Bahamas,2001,Male,18.22
AMR,Americas,BHS,Bahamas,2002,Female,74.84
AMR,Americas,BHS,Bahamas,2002,Female,21.5
AMR,Americas,BHS,Bahamas,2002,Male,68.29
AMR,Americas,BHS,Bahamas,2002,Male,18.37
AMR,Americas,BHS,Bahamas,2003,Female,75.03
AMR,Americas,BHS,Bahamas,2003,Female,21.53
AMR,Americas,BHS,Bahamas,2003,Male,68.93
AMR,Americas,BHS,Bahamas,2003,Male,18.55
AMR,Americas,BHS,Bahamas,2004,Female,75.11
AMR,Americas,BHS,Bahamas,2004,Female,21.56
AMR,Americas,BHS,Bahamas,2004,Male,69.09
AMR,Americas,BHS,Bahamas,2004,Male,18.61
AMR,Americas,BHS,Bahamas,2005,Female,75.71
AMR,Americas,BHS,Bahamas,2005,Female,22.06
AMR,Americas,BHS,Bahamas,2005,Male,69.51
AMR,Americas,BHS,Bahamas,2005,Male,18.97
AMR,Americas,BHS,Bahamas,2006,Female,75.89
AMR,Americas,BHS,Bahamas,2006,Female,22.31
AMR,Americas,BHS,Bahamas,2006,Male,69.36
AMR,Americas,BHS,Bahamas,2006,Male,18.93
AMR,Americas,BHS,Bahamas,2007,Female,76.36
AMR,Americas,BHS,Bahamas,2007,Female,22.52
AMR,Americas,BHS,Bahamas,2007,Male,69.73
AMR,Americas,BHS,Bahamas,2007,Male,19.18
AMR,Americas,BHS,Bahamas,2008,Female,76.37
AMR,Americas,BHS,Bahamas,2008,Female,22.47
AMR,Americas,BHS,Bahamas,2008,Male,69.51
AMR,Americas,BHS,Bahamas,2008,Male,19.0
AMR,Americas,BHS,Bahamas,2009,Female,76.11
AMR,Americas,BHS,Bahamas,2009,Female,22.2
AMR,Americas,BHS,Bahamas,2009,Male,69.44
AMR,Americas,BHS,Bahamas,2009,Male,18.9
AMR,Americas,BHS,Bahamas,2010,Female,76.06
AMR,Americas,BHS,Bahamas,2010,Female,22.18
AMR,Americas,BHS,Bahamas,2010,Male,69.37
AMR,Americas,BHS,Bahamas,2010,Male,18.86
AMR,Americas,BHS,Bahamas,2011,Female,75.94
AMR,Americas,BHS,Bahamas,2011,Female,22.16
AMR,Americas,BHS,Bahamas,2011,Male,69.46
AMR,Americas,BHS,Bahamas,2011,Male,18.98
AMR,Americas,BHS,Bahamas,2012,Female,76.09
AMR,Americas,BHS,Bahamas,2012,Female,22.26
AMR,Americas,BHS,Bahamas,2012,Male,69.53
AMR,Americas,BHS,Bahamas,2012,Male,19.08
AMR,Americas,BHS,Bahamas,2013,Female,76.06
AMR,Americas,BHS,Bahamas,2013,Female,22.2
AMR,Americas,BHS,Bahamas,2013,Male,69.87
AMR,Americas,BHS,Bahamas,2013,Male,19.38
AMR,Americas,BHS,Bahamas,2014,Female,75.69
AMR,Americas,BHS,Bahamas,2014,Female,21.67
AMR,Americas,BHS,Bahamas,2014,Male,69.55
AMR,Americas,BHS,Bahamas,2014,Male,19.14
AMR,Americas,BHS,Bahamas,2015,Female,75.97
AMR,Americas,BHS,Bahamas,2015,Female,21.84
AMR,Americas,BHS,Bahamas,2015,Male,69.8
AMR,Americas,BHS,Bahamas,2015,Male,19.15
AMR,Americas,BHS,Bahamas,2016,Female,76.09
AMR,Americas,BHS,Bahamas,2016,Female,21.87
AMR,Americas,BHS,Bahamas,2016,Male,69.74
AMR,Americas,BHS,Bahamas,2016,Male,19.05
AMR,Americas,BHS,Bahamas,2017,Female,76.31
AMR,Americas,BHS,Bahamas,2017,Female,22.09
AMR,Americas,BHS,Bahamas,2017,Male,70.04
AMR,Americas,BHS,Bahamas,2017,Male,19.3
AMR,Americas,BHS,Bahamas,2018,Female,76.49
AMR,Americas,BHS,Bahamas,2018,Female,22.22
AMR,Americas,BHS,Bahamas,2018,Male,70.17
AMR,Americas,BHS,Bahamas,2018,Male,19.35
AMR,Americas,BHS,Bahamas,2019,Female,73.26
AMR,Americas,BHS,Bahamas,2019,Female,21.5
AMR,Americas,BHS,Bahamas,2019,Male,68.08
AMR,Americas,BHS,Bahamas,2019,Male,18.68
AMR,Americas,BHS,Bahamas,2020,Female,75.96
AMR,Americas,BHS,Bahamas,2020,Female,21.69
AMR,Americas,BHS,Bahamas,2020,Male,69.21
AMR,Americas,BHS,Bahamas,2020,Male,18.08
AMR,Americas,BHS,Bahamas,2021,Female,73.47
AMR,Americas,BHS,Bahamas,2021,Female,20.01
AMR,Americas,BHS,Bahamas,2021,Male,67.33
AMR,Americas,BHS,Bahamas,2021,Male,16.95
EMR,Eastern Mediterranean,BHR,Bahrain,2000,Female,71.27
EMR,Eastern Mediterranean,BHR,Bahrain,2000,Female,15.43
EMR,Eastern Mediterranean,BHR,Bahrain,2000,Male,68.71
EMR,Eastern Mediterranean,BHR,Bahrain,2000,Male,14.44
EMR,Eastern Mediterranean,BHR,Bahrain,2001,Female,71.58
EMR,Eastern Mediterranean,BHR,Bahrain,2001,Female,15.61
EMR,Eastern Mediterranean,BHR,Bahrain,2001,Male,69.61
EMR,Eastern Mediterranean,BHR,Bahrain,2001,Male,14.65
EMR,Eastern Mediterranean,BHR,Bahrain,2002,Female,71.79
EMR,Eastern Mediterranean,BHR,Bahrain,2002,Female,15.75
EMR,Eastern Mediterranean,BHR,Bahrain,2002,Male,69.85
EMR,Eastern Mediterranean,BHR,Bahrain,2002,Male,14.72
EMR,Eastern Mediterranean,BHR,Bahrain,2003,Female,71.93
EMR,Eastern Mediterranean,BHR,Bahrain,2003,Female,15.66
EMR,Eastern Mediterranean,BHR,Bahrain,2003,Male,69.87
EMR,Eastern Mediterranean,BHR,Bahrain,2003,Male,14.53
EMR,Eastern Mediterranean,BHR,Bahrain,2004,Female,72.15
EMR,Eastern Mediterranean,BHR,Bahrain,2004,Female,15.65
EMR,Eastern Mediterranean,BHR,Bahrain,2004,Male,70.18
EMR,Eastern Mediterranean,BHR,Bahrain,2004,Male,14.63
EMR,Eastern Mediterranean,BHR,Bahrain,2005,Female,72.5
EMR,Eastern Mediterranean,BHR,Bahrain,2005,Female,15.86
EMR,Eastern Mediterranean,BHR,Bahrain,2005,Male,70.58
EMR,Eastern Mediterranean,BHR,Bahrain,2005,Male,14.85
EMR,Eastern Mediterranean,BHR,Bahrain,2006,Female,72.98
EMR,Eastern Mediterranean,BHR,Bahrain,2006,Female,16.3
EMR,Eastern Mediterranean,BHR,Bahrain,2006,Male,70.87
EMR,Eastern Mediterranean,BHR,Bahrain,2006,Male,15.19
EMR,Eastern Mediterranean,BHR,Bahrain,2007,Female,73.54
EMR,Eastern Mediterranean,BHR,Bahrain,2007,Female,16.72
EMR,Eastern Mediterranean,BHR,Bahrain,2007,Male,71.61
EMR,Eastern Mediterranean,BHR,Bahrain,2007,Male,15.6
EMR,Eastern Mediterranean,BHR,Bahrain,2008,Female,74.03
EMR,Eastern Mediterranean,BHR,Bahrain,2008,Female,17.14
EMR,Eastern Mediterranean,BHR,Bahrain,2008,Male,72.09
EMR,Eastern Mediterranean,BHR,Bahrain,2008,Male,15.96
EMR,Eastern Mediterranean,BHR,Bahrain,2009,Female,74.5
EMR,Eastern Mediterranean,BHR,Bahrain,2009,Female,17.59
EMR,Eastern Mediterranean,BHR,Bahrain,2009,Male,72.6
EMR,Eastern Mediterranean,BHR,Bahrain,2009,Male,16.36
EMR,Eastern Mediterranean,BHR,Bahrain,2010,Female,74.94
EMR,Eastern Mediterranean,BHR,Bahrain,2010,Female,17.97
EMR,Eastern Mediterranean,BHR,Bahrain,2010,Male,73.04
EMR,Eastern Mediterranean,BHR,Bahrain,2010,Male,16.67
EMR,Eastern Mediterranean,BHR,Bahrain,2011,Female,75.21
EMR,Eastern Mediterranean,BHR,Bahrain,2011,Female,18.22
EMR,Eastern Mediterranean,BHR,Bahrain,2011,Male,73.41
EMR,Eastern Mediterranean,BHR,Bahrain,2011,Male,17.05
EMR,Eastern Mediterranean,BHR,Bahrain,2012,Female,75.44
EMR,Eastern Mediterranean,BHR,Bahrain,2012,Female,18.43
EMR,Eastern Mediterranean,BHR,Bahrain,2012,Male,73.89
EMR,Eastern Mediterranean,BHR,Bahrain,2012,Male,17.52
EMR,Eastern Mediterranean,BHR,Bahrain,2013,Female,75.72
EMR,Eastern Mediterranean,BHR,Bahrain,2013,Female,18.65
EMR,Eastern Mediterranean,BHR,Bahrain,2013,Male,74.51
EMR,Eastern Mediterranean,BHR,Bahrain,2013,Male,18.08
EMR,Eastern Mediterranean,BHR,Bahrain,2014,Female,76.43
EMR,Eastern Mediterranean,BHR,Bahrain,2014,Female,19.34
EMR,Eastern Mediterranean,BHR,Bahrain,2014,Male,75.06
EMR,Eastern Mediterranean,BHR,Bahrain,2014,Male,18.57
EMR,Eastern Mediterranean,BHR,Bahrain,2015,Female,76.54
EMR,Eastern Mediterranean,BHR,Bahrain,2015,Female,19.4
EMR,Eastern Mediterranean,BHR,Bahrain,2015,Male,75.16
EMR,Eastern Mediterranean,BHR,Bahrain,2015,Male,18.57
EMR,Eastern Mediterranean,BHR,Bahrain,2016,Female,76.5
EMR,Eastern Mediterranean,BHR,Bahrain,2016,Female,19.32
EMR,Eastern Mediterranean,BHR,Bahrain,2016,Male,75.03
EMR,Eastern Mediterranean,BHR,Bahrain,2016,Male,18.34
EMR,Eastern Mediterranean,BHR,Bahrain,2017,Female,76.78
EMR,Eastern Mediterranean,BHR,Bahrain,2017,Female,19.6
EMR,Eastern Mediterranean,BHR,Bahrain,2017,Male,74.92
EMR,Eastern Mediterranean,BHR,Bahrain,2017,Male,18.23
EMR,Eastern Mediterranean,BHR,Bahrain,2018,Female,77.03
EMR,Eastern Mediterranean,BHR,Bahrain,2018,Female,19.81
EMR,Eastern Mediterranean,BHR,Bahrain,2018,Male,75.12
EMR,Eastern Mediterranean,BHR,Bahrain,2018,Male,18.35
EMR,Eastern Mediterranean,BHR,Bahrain,2019,Female,76.86
EMR,Eastern Mediterranean,BHR,Bahrain,2019,Female,19.58
EMR,Eastern Mediterranean,BHR,Bahrain,2019,Male,75.39
EMR,Eastern Mediterranean,BHR,Bahrain,2019,Male,18.58
EMR,Eastern Mediterranean,BHR,Bahrain,2020,Female,76.77
EMR,Eastern Mediterranean,BHR,Bahrain,2020,Female,19.2
EMR,Eastern Mediterranean,BHR,Bahrain,2020,Male,73.61
EMR,Eastern Mediterranean,BHR,Bahrain,2020,Male,17.37
EMR,Eastern Mediterranean,BHR,Bahrain,2021,Female,75.09
EMR,Eastern Mediterranean,BHR,Bahrain,2021,Female,18.2
EMR,Eastern Mediterranean,BHR,Bahrain,2021,Male,73.82
EMR,Eastern Mediterranean,BHR,Bahrain,2021,Male,17.35
SEAR,South-East Asia,BGD,Bangladesh,2000,Female,67.4
SEAR,South-East Asia,BGD,Bangladesh,2000,Female,18.64
SEAR,South-East Asia,BGD,Bangladesh,2000,Male,63.71
SEAR,South-East Asia,BGD,Bangladesh,2000,Male,16.4
SEAR,South-East Asia,BGD,Bangladesh,2001,Female,67.98
SEAR,South-East Asia,BGD,Bangladesh,2001,Female,18.71
SEAR,South-East Asia,BGD,Bangladesh,2001,Male,64.31
SEAR,South-East Asia,BGD,Bangladesh,2001,Male,16.5
SEAR,South-East Asia,BGD,Bangladesh,2002,Female,68.24
SEAR,South-East Asia,BGD,Bangladesh,2002,Female,18.54
SEAR,South-East Asia,BGD,Bangladesh,2002,Male,64.78
SEAR,South-East Asia,BGD,Bangladesh,2002,Male,16.55
SEAR,South-East Asia,BGD,Bangladesh,2003,Female,68.67
SEAR,South-East Asia,BGD,Bangladesh,2003,Female,18.63
SEAR,South-East Asia,BGD,Bangladesh,2003,Male,65.2
SEAR,South-East Asia,BGD,Bangladesh,2003,Male,16.66
SEAR,South-East Asia,BGD,Bangladesh,2004,Female,69.34
SEAR,South-East Asia,BGD,Bangladesh,2004,Female,19.02
SEAR,South-East Asia,BGD,Bangladesh,2004,Male,65.74
SEAR,South-East Asia,BGD,Bangladesh,2004,Male,16.86
SEAR,South-East Asia,BGD,Bangladesh,2005,Female,69.87
SEAR,South-East Asia,BGD,Bangladesh,2005,Female,19.32
SEAR,South-East Asia,BGD,Bangladesh,2005,Male,66.09
SEAR,South-East Asia,BGD,Bangladesh,2005,Male,16.97
SEAR,South-East Asia,BGD,Bangladesh,2006,Female,70.28
SEAR,South-East Asia,BGD,Bangladesh,2006,Female,19.45
SEAR,South-East Asia,BGD,Bangladesh,2006,Male,66.31
SEAR,South-East Asia,BGD,Bangladesh,2006,Male,16.92
SEAR,South-East Asia,BGD,Bangladesh,2007,Female,70.61
SEAR,South-East Asia,BGD,Bangladesh,2007,Female,19.52
SEAR,South-East Asia,BGD,Bangladesh,2007,Male,66.61
SEAR,South-East Asia,BGD,Bangladesh,2007,Male,16.94
SEAR,South-East Asia,BGD,Bangladesh,2008,Female,71.15
SEAR,South-East Asia,BGD,Bangladesh,2008,Female,19.73
SEAR,South-East Asia,BGD,Bangladesh,2008,Male,67.22
SEAR,South-East Asia,BGD,Bangladesh,2008,Male,17.24
SEAR,South-East Asia,BGD,Bangladesh,2009,Female,71.6
SEAR,South-East Asia,BGD,Bangladesh,2009,Female,19.83
SEAR,South-East Asia,BGD,Bangladesh,2009,Male,67.86
SEAR,South-East Asia,BGD,Bangladesh,2009,Male,17.56
SEAR,South-East Asia,BGD,Bangladesh,2010,Female,71.87
SEAR,South-East Asia,BGD,Bangladesh,2010,Female,19.79
SEAR,South-East Asia,BGD,Bangladesh,2010,Male,68.45
SEAR,South-East Asia,BGD,Bangladesh,2010,Male,17.81
SEAR,South-East Asia,BGD,Bangladesh,2011,Female,72.62
SEAR,South-East Asia,BGD,Bangladesh,2011,Female,20.24
SEAR,South-East Asia,BGD,Bangladesh,2011,Male,69.66
SEAR,South-East Asia,BGD,Bangladesh,2011,Male,18.81
SEAR,South-East Asia,BGD,Bangladesh,2012,Female,73.27
SEAR,South-East Asia,BGD,Bangladesh,2012,Female,20.68
SEAR,South-East Asia,BGD,Bangladesh,2012,Male,70.97
SEAR,South-East Asia,BGD,Bangladesh,2012,Male,19.98
SEAR,South-East Asia,BGD,Bangladesh,2013,Female,73.72
SEAR,South-East Asia,BGD,Bangladesh,2013,Female,20.85
SEAR,South-East Asia,BGD,Bangladesh,2013,Male,71.51
SEAR,South-East Asia,BGD,Bangladesh,2013,Male,20.22
SEAR,South-East Asia,BGD,Bangladesh,2014,Female,74.01
SEAR,South-East Asia,BGD,Bangladesh,2014,Female,20.87
SEAR,South-East Asia,BGD,Bangladesh,2014,Male,71.59
SEAR,South-East Asia,BGD,Bangladesh,2014,Male,19.93
SEAR,South-East Asia,BGD,Bangladesh,2015,Female,74.35
SEAR,South-East Asia,BGD,Bangladesh,2015,Female,21.02
SEAR,South-East Asia,BGD,Bangladesh,2015,Male,72.07
SEAR,South-East Asia,BGD,Bangladesh,2015,Male,20.21
SEAR,South-East Asia,BGD,Bangladesh,2016,Female,74.6
SEAR,South-East Asia,BGD,Bangladesh,2016,Female,21.08
SEAR,South-East Asia,BGD,Bangladesh,2016,Male,72.31
SEAR,South-East Asia,BGD,Bangladesh,2016,Male,20.23
SEAR,South-East Asia,BGD,Bangladesh,2017,Female,74.69
SEAR,South-East Asia,BGD,Bangladesh,2017,Female,20.97
SEAR,South-East Asia,BGD,Bangladesh,2017,Male,72.08
SEAR,South-East Asia,BGD,Bangladesh,2017,Male,19.73
SEAR,South-East Asia,BGD,Bangladesh,2018,Female,74.98
SEAR,South-East Asia,BGD,Bangladesh,2018,Female,21.08
SEAR,South-East Asia,BGD,Bangladesh,2018,Male,72.38
SEAR,South-East Asia,BGD,Bangladesh,2018,Male,19.82
SEAR,South-East Asia,BGD,Bangladesh,2019,Female,75.26
SEAR,South-East Asia,BGD,Bangladesh,2019,Female,21.18
SEAR,South-East Asia,BGD,Bangladesh,2019,Male,72.64
SEAR,South-East Asia,BGD,Bangladesh,2019,Male,19.92
SEAR,South-East Asia,BGD,Bangladesh,2020,Female,74.97
SEAR,South-East Asia,BGD,Bangladesh,2020,Female,20.74
SEAR,South-East Asia,BGD,Bangladesh,2020,Male,71.67
SEAR,South-East Asia,BGD,Bangladesh,2020,Male,18.73
SEAR,South-East Asia,BGD,Bangladesh,2021,Female,74.56
SEAR,South-East Asia,BGD,Bangladesh,2021,Female,20.44
SEAR,South-East Asia,BGD,Bangladesh,2021,Male,71.65
SEAR,South-East Asia,BGD,Bangladesh,2021,Male,19.0
AMR,Americas,BRB,Barbados,2000,Female,76.74
AMR,Americas,BRB,Barbados,2000,Female,21.36
AMR,Americas,BRB,Barbados,2000,Male,72.32
AMR,Americas,BRB,Barbados,2000,Male,19.71
AMR,Americas,BRB,Barbados,2001,Female,76.93
AMR,Americas,BRB,Barbados,2001,Female,21.5
AMR,Americas,BRB,Barbados,2001,Male,73.03
AMR,Americas,BRB,Barbados,2001,Male,20.01
AMR,Americas,BRB,Barbados,2002,Female,76.73
AMR,Americas,BRB,Barbados,2002,Female,21.34
AMR,Americas,BRB,Barbados,2002,Male,72.81
AMR,Americas,BRB,Barbados,2002,Male,19.57
AMR,Americas,BRB,Barbados,2003,Female,76.46
AMR,Americas,BRB,Barbados,2003,Female,21.16
AMR,Americas,BRB,Barbados,2003,Male,72.46
AMR,Americas,BRB,Barbados,2003,Male,19.16
AMR,Americas,BRB,Barbados,2004,Female,76.56
AMR,Americas,BRB,Barbados,2004,Female,21.21
AMR,Americas,BRB,Barbados,2004,Male,72.49
AMR,Americas,BRB,Barbados,2004,Male,19.11
AMR,Americas,BRB,Barbados,2005,Female,76.82
AMR,Americas,BRB,Barbados,2005,Female,21.39
AMR,Americas,BRB,Barbados,2005,Male,72.93
AMR,Americas,BRB,Barbados,2005,Male,19.52
AMR,Americas,BRB,Barbados,2006,Female,77.01
AMR,Americas,BRB,Barbados,2006,Female,21.52
AMR,Americas,BRB,Barbados,2006,Male,72.92
AMR,Americas,BRB,Barbados,2006,Male,19.51
AMR,Americas,BRB,Barbados,2007,Female,77.06
AMR,Americas,BRB,Barbados,2007,Female,21.53
AMR,Americas,BRB,Barbados,2007,Male,73.25
AMR,Americas,BRB,Barbados,2007,Male,19.69
AMR,Americas,BRB,Barbados,2008,Female,77.15
AMR,Americas,BRB,Barbados,2008,Female,21.55
AMR,Americas,BRB,Barbados,2008,Male,73.7
AMR,Americas,BRB,Barbados,2008,Male,19.96
AMR,Americas,BRB,Barbados,2009,Female,77.19
AMR,Americas,BRB,Barbados,2009,Female,21.57
AMR,Americas,BRB,Barbados,2009,Male,74.51
AMR,Americas,BRB,Barbados,2009,Male,20.72
AMR,Americas,BRB,Barbados,2010,Female,77.19
AMR,Americas,BRB,Barbados,2010,Female,21.61
AMR,Americas,BRB,Barbados,2010,Male,74.62
AMR,Americas,BRB,Barbados,2010,Male,20.84
AMR,Americas,BRB,Barbados,2011,Female,77.11
AMR,Americas,BRB,Barbados,2011,Female,21.55
AMR,Americas,BRB,Barbados,2011,Male,74.86
AMR,Americas,BRB,Barbados,2011,Male,20.98
AMR,Americas,BRB,Barbados,2012,Female,77.33
AMR,Americas,BRB,Barbados,2012,Female,21.69
AMR,Americas,BRB,Barbados,2012,Male,75.05
AMR,Americas,BRB,Barbados,2012,Male,21.05
AMR,Americas,BRB,Barbados,2013,Female,77.31
AMR,Americas,BRB,Barbados,2013,Female,21.66
AMR,Americas,BRB,Barbados,2013,Male,75.1
AMR,Americas,BRB,Barbados,2013,Male,21.04
AMR,Americas,BRB,Barbados,2014,Female,77.33
AMR,Americas,BRB,Barbados,2014,Female,21.66
AMR,Americas,BRB,Barbados,2014,Male,75.08
AMR,Americas,BRB,Barbados,2014,Male,21.0
AMR,Americas,BRB,Barbados,2015,Female,77.38
AMR,Americas,BRB,Barbados,2015,Female,21.67
AMR,Americas,BRB,Barbados,2015,Male,75.12
AMR,Americas,BRB,Barbados,2015,Male,21.03
AMR,Americas,BRB,Barbados,2016,Female,77.43
AMR,Americas,BRB,Barbados,2016,Female,21.68
AMR,Americas,BRB,Barbados,2016,Male,75.14
AMR,Americas,BRB,Barbados,2016,Male,21.01
AMR,Americas,BRB,Barbados,2017,Female,77.47
AMR,Americas,BRB,Barbados,2017,Female,21.69
AMR,Americas,BRB,Barbados,2017,Male,75.12
AMR,Americas,BRB,Barbados,2017,Male,20.94
AMR,Americas,BRB,Barbados,2018,Female,77.54
AMR,Americas,BRB,Barbados,2018,Female,21.72
AMR,Americas,BRB,Barbados,2018,Male,74.92
AMR,Americas,BRB,Barbados,2018,Male,20.67
AMR,Americas,BRB,Barbados,2019,Female,77.61
AMR,Americas,BRB,Barbados,2019,Female,21.74
AMR,Americas,BRB,Barbados,2019,Male,74.33
AMR,Americas,BRB,Barbados,2019,Male,19.97
AMR,Americas,BRB,Barbados,2020,Female,78.59
AMR,Americas,BRB,Barbados,2020,Female,22.51
AMR,Americas,BRB,Barbados,2020,Male,75.15
AMR,Americas,BRB,Barbados,2020,Male,20.6
AMR,Americas,BRB,Barbados,2021,Female,78.41
AMR,Americas,BRB,Barbados,2021,Female,22.2
AMR,Americas,BRB,Barbados,2021,Male,75.12
AMR,Americas,BRB,Barbados,2021,Male,20.29
EUR,Europe,BLR,Belarus,2000,Female,74.58
EUR,Europe,BLR,Belarus,2000,Female,19.45
EUR,Europe,BLR,Belarus,2000,Male,63.19
EUR,Europe,BLR,Belarus,2000,Male,14.07
EUR,Europe,BLR,Belarus,2001,Female,74.39
EUR,Europe,BLR,Belarus,2001,Female,19.24
EUR,Europe,BLR,Belarus,2001,Male,62.67
EUR,Europe,BLR,Belarus,2001,Male,13.73
EUR,Europe,BLR,Belarus,2002,Female,74.03
EUR,Europe,BLR,Belarus,2002,Female,19.01
EUR,Europe,BLR,Belarus,2002,Male,62.17
EUR,Europe,BLR,Belarus,2002,Male,13.32
EUR,Europe,BLR,Belarus,2003,Female,74.52
EUR,Europe,BLR,Belarus,2003,Female,19.27
EUR,Europe,BLR,Belarus,2003,Male,62.59
EUR,Europe,BLR,Belarus,2003,Male,13.42
EUR,Europe,BLR,Belarus,2004,Female,74.82
EUR,Europe,BLR,Belarus,2004,Female,19.53
EUR,Europe,BLR,Belarus,2004,Male,63.08
EUR,Europe,BLR,Belarus,2004,Male,13.59
EUR,Europe,BLR,Belarus,2005,Female,74.93
EUR,Europe,BLR,Belarus,2005,Female,19.58
EUR,Europe,BLR,Belarus,2005,Male,62.84
EUR,Europe,BLR,Belarus,2005,Male,13.49
EUR,Europe,BLR,Belarus,2006,Female,75.41
EUR,Europe,BLR,Belarus,2006,Female,19.87
EUR,Europe,BLR,Belarus,2006,Male,63.5
EUR,Europe,BLR,Belarus,2006,Male,13.76
EUR,Europe,BLR,Belarus,2007,Female,76.05
EUR,Europe,BLR,Belarus,2007,Female,20.29
EUR,Europe,BLR,Belarus,2007,Male,64.51
EUR,Europe,BLR,Belarus,2007,Male,14.2
EUR,Europe,BLR,Belarus,2008,Female,76.31
EUR,Europe,BLR,Belarus,2008,Female,20.39
EUR,Europe,BLR,Belarus,2008,Male,64.57
EUR,Europe,BLR,Belarus,2008,Male,14.14
EUR,Europe,BLR,Belarus,2009,Female,76.37
EUR,Europe,BLR,Belarus,2009,Female,20.49
EUR,Europe,BLR,Belarus,2009,Male,64.77
EUR,Europe,BLR,Belarus,2009,Male,14.15
EUR,Europe,BLR,Belarus,2010,Female,76.43
EUR,Europe,BLR,Belarus,2010,Female,20.51
EUR,Europe,BLR,Belarus,2010,Male,64.52
EUR,Europe,BLR,Belarus,2010,Male,14.14
EUR,Europe,BLR,Belarus,2011,Female,76.71
EUR,Europe,BLR,Belarus,2011,Female,20.87
EUR,Europe,BLR,Belarus,2011,Male,64.67
EUR,Europe,BLR,Belarus,2011,Male,14.35
EUR,Europe,BLR,Belarus,2012,Female,77.63
EUR,Europe,BLR,Belarus,2012,Female,21.29
EUR,Europe,BLR,Belarus,2012,Male,66.55
EUR,Europe,BLR,Belarus,2012,Male,14.96
EUR,Europe,BLR,Belarus,2013,Female,77.84
EUR,Europe,BLR,Belarus,2013,Female,21.39
EUR,Europe,BLR,Belarus,2013,Male,67.22
EUR,Europe,BLR,Belarus,2013,Male,15.27
EUR,Europe,BLR,Belarus,2014,Female,78.37
EUR,Europe,BLR,Belarus,2014,Female,21.76
EUR,Europe,BLR,Belarus,2014,Male,67.78
EUR,Europe,BLR,Belarus,2014,Male,15.49
EUR,Europe,BLR,Belarus,2015,Female,78.76
EUR,Europe,BLR,Belarus,2015,Female,21.87
EUR,Europe,BLR,Belarus,2015,Male,68.51
EUR,Europe,BLR,Belarus,2015,Male,15.67
EUR,Europe,BLR,Belarus,2016,Female,78.88
EUR,Europe,BLR,Belarus,2016,Female,22.02
EUR,Europe,BLR,Belarus,2016,Male,68.69
EUR,Europe,BLR,Belarus,2016,Male,15.71
EUR,Europe,BLR,Belarus,2017,Female,79.15
EUR,Europe,BLR,Belarus,2017,Female,22.19
EUR,Europe,BLR,Belarus,2017,Male,69.07
EUR,Europe,BLR,Belarus,2017,Male,15.84
EUR,Europe,BLR,Belarus,2018,Female,79.25
EUR,Europe,BLR,Belarus,2018,Female,22.23
EUR,Europe,BLR,Belarus,2018,Male,69.22
EUR,Europe,BLR,Belarus,2018,Male,15.84
EUR,Europe,BLR,Belarus,2019,Female,79.66
EUR,Europe,BLR,Belarus,2019,Female,22.49
EUR,Europe,BLR,Belarus,2019,Male,69.73
EUR,Europe,BLR,Belarus,2019,Male,16.07
EUR,Europe,BLR,Belarus,2020,Female,78.27
EUR,Europe,BLR,Belarus,2020,Female,21.23
EUR,Europe,BLR,Belarus,2020,Male,67.78
EUR,Europe,BLR,Belarus,2020,Male,14.26
EUR,Europe,BLR,Belarus,2021,Female,78.13
EUR,Europe,BLR,Belarus,2021,Female,21.07
EUR,Europe,BLR,Belarus,2021,Male,68.06
EUR,Europe,BLR,Belarus,2021,Male,14.42
EUR,Europe,BEL,Belgium,2000,Female,80.74
EUR,Europe,BEL,Belgium,2000,Female,23.69
EUR,Europe,BEL,Belgium,2000,Male,74.54
EUR,Europe,BEL,Belgium,2000,Male,19.31
EUR,Europe,BEL,Belgium,2001,Female,80.98
EUR,Europe,BEL,Belgium,2001,Female,23.89
EUR,Europe,BEL,Belgium,2001,Male,74.89
EUR,Europe,BEL,Belgium,2001,Male,19.63
EUR,Europe,BEL,Belgium,2002,Female,80.94
EUR,Europe,BEL,Belgium,2002,Female,23.75
EUR,Europe,BEL,Belgium,2002,Male,75.02
EUR,Europe,BEL,Belgium,2002,Male,19.58
EUR,Europe,BEL,Belgium,2003,Female,80.88
EUR,Europe,BEL,Belgium,2003,Female,23.59
EUR,Europe,BEL,Belgium,2003,Male,75.27
EUR,Europe,BEL,Belgium,2003,Male,19.7
EUR,Europe,BEL,Belgium,2004,Female,81.55
EUR,Europe,BEL,Belgium,2004,Female,24.18
EUR,Europe,BEL,Belgium,2004,Male,75.94
EUR,Europe,BEL,Belgium,2004,Male,20.19
EUR,Europe,BEL,Belgium,2005,Female,81.54
EUR,Europe,BEL,Belgium,2005,Female,24.15
EUR,Europe,BEL,Belgium,2005,Male,76.07
EUR,Europe,BEL,Belgium,2005,Male,20.24
EUR,Europe,BEL,Belgium,2006,Female,81.89
EUR,Europe,BEL,Belgium,2006,Female,24.51
EUR,Europe,BEL,Belgium,2006,Male,76.48
EUR,Europe,BEL,Belgium,2006,Male,20.61
EUR,Europe,BEL,Belgium,2007,Female,82.14
EUR,Europe,BEL,Belgium,2007,Female,24.77
EUR,Europe,BEL,Belgium,2007,Male,76.89
EUR,Europe,BEL,Belgium,2007,Male,20.96
EUR,Europe,BEL,Belgium,2008,Female,82.18
EUR,Europe,BEL,Belgium,2008,Female,24.76
EUR,Europe,BEL,Belgium,2008,Male,76.86
EUR,Europe,BEL,Belgium,2008,Male,20.97
EUR,Europe,BEL,Belgium,2009,Female,82.33
EUR,Europe,BEL,Belgium,2009,Female,24.89
EUR,Europe,BEL,Belgium,2009,Male,77.23
EUR,Europe,BEL,Belgium,2009,Male,21.2
EUR,Europe,BEL,Belgium,2010,Female,82.38
EUR,Europe,BEL,Belgium,2010,Female,24.88
EUR,Europe,BEL,Belgium,2010,Male,77.24
EUR,Europe,BEL,Belgium,2010,Male,21.12
EUR,Europe,BEL,Belgium,2011,Female,82.61
EUR,Europe,BEL,Belgium,2011,Female,25.13
EUR,Europe,BEL,Belgium,2011,Male,77.64
EUR,Europe,BEL,Belgium,2011,Male,21.42
EUR,Europe,BEL,Belgium,2012,Female,82.57
EUR,Europe,BEL,Belgium,2012,Female,24.98
EUR,Europe,BEL,Belgium,2012,Male,77.51
EUR,Europe,BEL,Belgium,2012,Male,21.26
EUR,Europe,BEL,Belgium,2013,Female,82.69
EUR,Europe,BEL,Belgium,2013,Female,25.1
EUR,Europe,BEL,Belgium,2013,Male,77.89
EUR,Europe,BEL,Belgium,2013,Male,21.43
EUR,Europe,BEL,Belgium,2014,Female,83.27
EUR,Europe,BEL,Belgium,2014,Female,25.54
EUR,Europe,BEL,Belgium,2014,Male,78.53
EUR,Europe,BEL,Belgium,2014,Male,22.03
EUR,Europe,BEL,Belgium,2015,Female,82.86
EUR,Europe,BEL,Belgium,2015,Female,25.15
EUR,Europe,BEL,Belgium,2015,Male,78.48
EUR,Europe,BEL,Belgium,2015,Male,21.85
EUR,Europe,BEL,Belgium,2016,Female,83.39
EUR,Europe,BEL,Belgium,2016,Female,25.55
EUR,Europe,BEL,Belgium,2016,Male,78.7
EUR,Europe,BEL,Belgium,2016,Male,22.05
EUR,Europe,BEL,Belgium,2017,Female,83.34
EUR,Europe,BEL,Belgium,2017,Female,25.5
EUR,Europe,BEL,Belgium,2017,Male,78.9
EUR,Europe,BEL,Belgium,2017,Male,22.17
EUR,Europe,BEL,Belgium,2018,Female,83.34
EUR,Europe,BEL,Belgium,2018,Female,25.5
EUR,Europe,BEL,Belgium,2018,Male,79.1
EUR,Europe,BEL,Belgium,2018,Male,22.28
EUR,Europe,BEL,Belgium,2019,Female,83.66
EUR,Europe,BEL,Belgium,2019,Female,25.72
EUR,Europe,BEL,Belgium,2019,Male,79.5
EUR,Europe,BEL,Belgium,2019,Male,22.6
EUR,Europe,BEL,Belgium,2020,Female,82.88
EUR,Europe,BEL,Belgium,2020,Female,24.73
EUR,Europe,BEL,Belgium,2020,Male,78.65
EUR,Europe,BEL,Belgium,2020,Male,21.5
EUR,Europe,BEL,Belgium,2021,Female,83.69
EUR,Europe,BEL,Belgium,2021,Female,25.64
EUR,Europe,BEL,Belgium,2021,Male,79.29
EUR,Europe,BEL,Belgium,2021,Male,22.27
AMR,Americas,BLZ,Belize,2000,Female,73.73
AMR,Americas,BLZ,Belize,2000,Female,20.49
AMR,Americas,BLZ,Belize,2000,Male,67.06
AMR,Americas,BLZ,Belize,2000,Male,16.91
AMR,Americas,BLZ,Belize,2001,Female,73.96
AMR,Americas,BLZ,Belize,2001,Female,20.75
AMR,Americas,BLZ,Belize,2001,Male,67.73
AMR,Americas,BLZ,Belize,2001,Male,17.8
AMR,Americas,BLZ,Belize,2002,Female,74.49
AMR,Americas,BLZ,Belize,2002,Female,21.1
AMR,Americas,BLZ,Belize,2002,Male,68.56
AMR,Americas,BLZ,Belize,2002,Male,18.76
AMR,Americas,BLZ,Belize,2003,Female,74.73
AMR,Americas,BLZ,Belize,2003,Female,21.17
AMR,Americas,BLZ,Belize,2003,Male,69.18
AMR,Americas,BLZ,Belize,2003,Male,19.16
AMR,Americas,BLZ,Belize,2004,Female,74.88
AMR,Americas,BLZ,Belize,2004,Female,21.17
AMR,Americas,BLZ,Belize,2004,Male,69.47
AMR,Americas,BLZ,Belize,2004,Male,19.14
AMR,Americas,BLZ,Belize,2005,Female,75.12
AMR,Americas,BLZ,Belize,2005,Female,21.32
AMR,Americas,BLZ,Belize,2005,Male,69.94
AMR,Americas,BLZ,Belize,2005,Male,19.32
AMR,Americas,BLZ,Belize,2006,Female,75.1
AMR,Americas,BLZ,Belize,2006,Female,21.17
AMR,Americas,BLZ,Belize,2006,Male,70.36
AMR,Americas,BLZ,Belize,2006,Male,19.59
AMR,Americas,BLZ,Belize,2007,Female,75.56
AMR,Americas,BLZ,Belize,2007,Female,21.55
AMR,Americas,BLZ,Belize,2007,Male,70.77
AMR,Americas,BLZ,Belize,2007,Male,19.91
AMR,Americas,BLZ,Belize,2008,Female,76.21
AMR,Americas,BLZ,Belize,2008,Female,22.23
AMR,Americas,BLZ,Belize,2008,Male,71.11
AMR,Americas,BLZ,Belize,2008,Male,20.29
AMR,Americas,BLZ,Belize,2009,Female,76.38
AMR,Americas,BLZ,Belize,2009,Female,22.37
AMR,Americas,BLZ,Belize,2009,Male,71.21
AMR,Americas,BLZ,Belize,2009,Male,20.58
AMR,Americas,BLZ,Belize,2010,Female,76.31
AMR,Americas,BLZ,Belize,2010,Female,22.27
AMR,Americas,BLZ,Belize,2010,Male,71.13
AMR,Americas,BLZ,Belize,2010,Male,20.75
AMR,Americas,BLZ,Belize,2011,Female,76.55
AMR,Americas,BLZ,Belize,2011,Female,22.47
AMR,Americas,BLZ,Belize,2011,Male,71.36
AMR,Americas,BLZ,Belize,2011,Male,21.06
AMR,Americas,BLZ,Belize,2012,Female,76.9
AMR,Americas,BLZ,Belize,2012,Female,22.76
AMR,Americas,BLZ,Belize,2012,Male,71.66
AMR,Americas,BLZ,Belize,2012,Male,21.25
AMR,Americas,BLZ,Belize,2013,Female,77.03
AMR,Americas,BLZ,Belize,2013,Female,22.77
AMR,Americas,BLZ,Belize,2013,Male,71.8
AMR,Americas,BLZ,Belize,2013,Male,21.18
AMR,Americas,BLZ,Belize,2014,Female,76.99
AMR,Americas,BLZ,Belize,2014,Female,22.65
AMR,Americas,BLZ,Belize,2014,Male,71.67
AMR,Americas,BLZ,Belize,2014,Male,20.9
AMR,Americas,BLZ,Belize,2015,Female,77.41
AMR,Americas,BLZ,Belize,2015,Female,22.98
AMR,Americas,BLZ,Belize,2015,Male,71.51
AMR,Americas,BLZ,Belize,2015,Male,20.65
AMR,Americas,BLZ,Belize,2016,Female,77.55
AMR,Americas,BLZ,Belize,2016,Female,23.08
AMR,Americas,BLZ,Belize,2016,Male,71.55
AMR,Americas,BLZ,Belize,2016,Male,20.67
AMR,Americas,BLZ,Belize,2017,Female,77.46
AMR,Americas,BLZ,Belize,2017,Female,22.88
AMR,Americas,BLZ,Belize,2017,Male,71.93
AMR,Americas,BLZ,Belize,2017,Male,20.67
AMR,Americas,BLZ,Belize,2018,Female,77.27
AMR,Americas,BLZ,Belize,2018,Female,22.62
AMR,Americas,BLZ,Belize,2018,Male,72.12
AMR,Americas,BLZ,Belize,2018,Male,20.6
AMR,Americas,BLZ,Belize,2019,Female,77.38
AMR,Americas,BLZ,Belize,2019,Female,22.65
AMR,Americas,BLZ,Belize,2019,Male,72.55
AMR,Americas,BLZ,Belize,2019,Male,20.81
AMR,Americas,BLZ,Belize,2020,Female,76.65
AMR,Americas,BLZ,Belize,2020,Female,21.66
AMR,Americas,BLZ,Belize,2020,Male,72.88
AMR,Americas,BLZ,Belize,2020,Male,20.05
AMR,Americas,BLZ,Belize,2021,Female,75.44
AMR,Americas,BLZ,Belize,2021,Female,20.97
AMR,Americas,BLZ,Belize,2021,Male,71.36
AMR,Americas,BLZ,Belize,2021,Male,19.37
AFR,Africa,BEN,Benin,2000,Female,59.38
AFR,Africa,BEN,Benin,2000,Female,17.39
AFR,Africa,BEN,Benin,2000,Male,55.4
AFR,Africa,BEN,Benin,2000,Male,14.87
AFR,Africa,BEN,Benin,2001,Female,59.72
AFR,Africa,BEN,Benin,2001,Female,17.49
AFR,Africa,BEN,Benin,2001,Male,55.72
AFR,Africa,BEN,Benin,2001,Male,14.95
AFR,Africa,BEN,Benin,2002,Female,60.06
AFR,Africa,BEN,Benin,2002,Female,17.6
AFR,Africa,BEN,Benin,2002,Male,56.08
AFR,Africa,BEN,Benin,2002,Male,15.08
AFR,Africa,BEN,Benin,2003,Female,60.42
AFR,Africa,BEN,Benin,2003,Female,17.71
AFR,Africa,BEN,Benin,2003,Male,56.44
AFR,Africa,BEN,Benin,2003,Male,15.2
AFR,Africa,BEN,Benin,2004,Female,60.79
AFR,Africa,BEN,Benin,2004,Female,17.78
AFR,Africa,BEN,Benin,2004,Male,56.9
AFR,Africa,BEN,Benin,2004,Male,15.32
AFR,Africa,BEN,Benin,2005,Female,61.09
AFR,Africa,BEN,Benin,2005,Female,17.84
AFR,Africa,BEN,Benin,2005,Male,57.28
AFR,Africa,BEN,Benin,2005,Male,15.44
AFR,Africa,BEN,Benin,2006,Female,61.42
AFR,Africa,BEN,Benin,2006,Female,17.91
AFR,Africa,BEN,Benin,2006,Male,57.61
AFR,Africa,BEN,Benin,2006,Male,15.53
AFR,Africa,BEN,Benin,2007,Female,61.74
AFR,Africa,BEN,Benin,2007,Female,17.94
AFR,Africa,BEN,Benin,2007,Male,57.88
AFR,Africa,BEN,Benin,2007,Male,15.55
AFR,Africa,BEN,Benin,2008,Female,62.48
AFR,Africa,BEN,Benin,2008,Female,18.04
AFR,Africa,BEN,Benin,2008,Male,58.4
AFR,Africa,BEN,Benin,2008,Male,15.69
AFR,Africa,BEN,Benin,2009,Female,63.18
AFR,Africa,BEN,Benin,2009,Female,18.1
AFR,Africa,BEN,Benin,2009,Male,58.8
AFR,Africa,BEN,Benin,2009,Male,15.72
AFR,Africa,BEN,Benin,2010,Female,63.55
AFR,Africa,BEN,Benin,2010,Female,18.13
AFR,Africa,BEN,Benin,2010,Male,59.06
AFR,Africa,BEN,Benin,2010,Male,15.71
AFR,Africa,BEN,Benin,2011,Female,63.86
AFR,Africa,BEN,Benin,2011,Female,18.17
AFR,Africa,BEN,Benin,2011,Male,59.28
AFR,Africa,BEN,Benin,2011,Male,15.74
AFR,Africa,BEN,Benin,2012,Female,64.16
AFR,Africa,BEN,Benin,2012,Female,18.21
AFR,Africa,BEN,Benin,2012,Male,59.49
AFR,Africa,BEN,Benin,2012,Male,15.74
AFR,Africa,BEN,Benin,2013,Female,64.49
AFR,Africa,BEN,Benin,2013,Female,18.34
AFR,Africa,BEN,Benin,2013,Male,59.78
AFR,Africa,BEN,Benin,2013,Male,15.85
AFR,Africa,BEN,Benin,2014,Female,64.77
AFR,Africa,BEN,Benin,2014,Female,18.46
AFR,Africa,BEN,Benin,2014,Male,60.02
AFR,Africa,BEN,Benin,2014,Male,15.91
AFR,Africa,BEN,Benin,2015,Female,65.05
AFR,Africa,BEN,Benin,2015,Female,18.51
AFR,Africa,BEN,Benin,2015,Male,60.25
AFR,Africa,BEN,Benin,2015,Male,15.93
AFR,Africa,BEN,Benin,2016,Female,65.41
AFR,Africa,BEN,Benin,2016,Female,18.63
AFR,Africa,BEN,Benin,2016,Male,60.65
AFR,Africa,BEN,Benin,2016,Male,16.06
AFR,Africa,BEN,Benin,2017,Female,65.76
AFR,Africa,BEN,Benin,2017,Female,18.72
AFR,Africa,BEN,Benin,2017,Male,61.0
AFR,Africa,BEN,Benin,2017,Male,16.16
AFR,Africa,BEN,Benin,2018,Female,66.15
AFR,Africa,BEN,Benin,2018,Female,18.86
AFR,Africa,BEN,Benin,2018,Male,61.39
AFR,Africa,BEN,Benin,2018,Male,16.34
AFR,Africa,BEN,Benin,2019,Female,66.58
AFR,Africa,BEN,Benin,2019,Female,18.98
AFR,Africa,BEN,Benin,2019,Male,61.76
AFR,Africa,BEN,Benin,2019,Male,16.47
AFR,Africa,BEN,Benin,2020,Female,67.04
AFR,Africa,BEN,Benin,2020,Female,18.86
AFR,Africa,BEN,Benin,2020,Male,61.89
AFR,Africa,BEN,Benin,2020,Male,15.91
AFR,Africa,BEN,Benin,2021,Female,66.38
AFR,Africa,BEN,Benin,2021,Female,18.46
AFR,Africa,BEN,Benin,2021,Male,61.72
AFR,Africa,BEN,Benin,2021,Male,16.18
SEAR,South-East Asia,BTN,Bhutan,2000,Female,66.27
SEAR,South-East Asia,BTN,Bhutan,2000,Female,18.17
SEAR,South-East Asia,BTN,Bhutan,2000,Male,65.73
SEAR,South-East Asia,BTN,Bhutan,2000,Male,18.32
SEAR,South-East Asia,BTN,Bhutan,2001,Female,67.66
SEAR,South-East Asia,BTN,Bhutan,2001,Female,18.63
SEAR,South-East Asia,BTN,Bhutan,2001,Male,66.75
SEAR,South-East Asia,BTN,Bhutan,2001,Male,18.69
SEAR,South-East Asia,BTN,Bhutan,2002,Female,68.43
SEAR,South-East Asia,BTN,Bhutan,2002,Female,18.9
SEAR,South-East Asia,BTN,Bhutan,2002,Male,67.33
SEAR,South-East Asia,BTN,Bhutan,2002,Male,18.85
SEAR,South-East Asia,BTN,Bhutan,2003,Female,69.09
SEAR,South-East Asia,BTN,Bhutan,2003,Female,19.09
SEAR,South-East Asia,BTN,Bhutan,2003,Male,67.76
SEAR,South-East Asia,BTN,Bhutan,2003,Male,18.91
SEAR,South-East Asia,BTN,Bhutan,2004,Female,69.64
SEAR,South-East Asia,BTN,Bhutan,2004,Female,19.24
SEAR,South-East Asia,BTN,Bhutan,2004,Male,68.22
SEAR,South-East Asia,BTN,Bhutan,2004,Male,19.02
SEAR,South-East Asia,BTN,Bhutan,2005,Female,70.18
SEAR,South-East Asia,BTN,Bhutan,2005,Female,19.37
SEAR,South-East Asia,BTN,Bhutan,2005,Male,68.65
SEAR,South-East Asia,BTN,Bhutan,2005,Male,19.11
SEAR,South-East Asia,BTN,Bhutan,2006,Female,70.85
SEAR,South-East Asia,BTN,Bhutan,2006,Female,19.57
SEAR,South-East Asia,BTN,Bhutan,2006,Male,69.18
SEAR,South-East Asia,BTN,Bhutan,2006,Male,19.22
SEAR,South-East Asia,BTN,Bhutan,2007,Female,71.44
SEAR,South-East Asia,BTN,Bhutan,2007,Female,19.78
SEAR,South-East Asia,BTN,Bhutan,2007,Male,69.64
SEAR,South-East Asia,BTN,Bhutan,2007,Male,19.31
SEAR,South-East Asia,BTN,Bhutan,2008,Female,71.95
SEAR,South-East Asia,BTN,Bhutan,2008,Female,19.96
SEAR,South-East Asia,BTN,Bhutan,2008,Male,70.0
SEAR,South-East Asia,BTN,Bhutan,2008,Male,19.39
SEAR,South-East Asia,BTN,Bhutan,2009,Female,72.38
SEAR,South-East Asia,BTN,Bhutan,2009,Female,20.08
SEAR,South-East Asia,BTN,Bhutan,2009,Male,70.3
SEAR,South-East Asia,BTN,Bhutan,2009,Male,19.37
SEAR,South-East Asia,BTN,Bhutan,2010,Female,72.86
SEAR,South-East Asia,BTN,Bhutan,2010,Female,20.2
SEAR,South-East Asia,BTN,Bhutan,2010,Male,70.74
SEAR,South-East Asia,BTN,Bhutan,2010,Male,19.46
SEAR,South-East Asia,BTN,Bhutan,2011,Female,73.27
SEAR,South-East Asia,BTN,Bhutan,2011,Female,20.29
SEAR,South-East Asia,BTN,Bhutan,2011,Male,71.13
SEAR,South-East Asia,BTN,Bhutan,2011,Male,19.51
SEAR,South-East Asia,BTN,Bhutan,2012,Female,73.61
SEAR,South-East Asia,BTN,Bhutan,2012,Female,20.36
SEAR,South-East Asia,BTN,Bhutan,2012,Male,71.45
SEAR,South-East Asia,BTN,Bhutan,2012,Male,19.55
SEAR,South-East Asia,BTN,Bhutan,2013,Female,73.87
SEAR,South-East Asia,BTN,Bhutan,2013,Female,20.41
SEAR,South-East Asia,BTN,Bhutan,2013,Male,71.71
SEAR,South-East Asia,BTN,Bhutan,2013,Male,19.58
SEAR,South-East Asia,BTN,Bhutan,2014,Female,74.07
SEAR,South-East Asia,BTN,Bhutan,2014,Female,20.43
SEAR,South-East Asia,BTN,Bhutan,2014,Male,71.9
SEAR,South-East Asia,BTN,Bhutan,2014,Male,19.58
SEAR,South-East Asia,BTN,Bhutan,2015,Female,74.24
SEAR,South-East Asia,BTN,Bhutan,2015,Female,20.45
SEAR,South-East Asia,BTN,Bhutan,2015,Male,72.05
SEAR,South-East Asia,BTN,Bhutan,2015,Male,19.58
SEAR,South-East Asia,BTN,Bhutan,2016,Female,74.45
SEAR,South-East Asia,BTN,Bhutan,2016,Female,20.48
SEAR,South-East Asia,BTN,Bhutan,2016,Male,72.26
SEAR,South-East Asia,BTN,Bhutan,2016,Male,19.59
SEAR,South-East Asia,BTN,Bhutan,2017,Female,74.72
SEAR,South-East Asia,BTN,Bhutan,2017,Female,20.52
SEAR,South-East Asia,BTN,Bhutan,2017,Male,72.52
SEAR,South-East Asia,BTN,Bhutan,2017,Male,19.61
SEAR,South-East Asia,BTN,Bhutan,2018,Female,74.95
SEAR,South-East Asia,BTN,Bhutan,2018,Female,20.56
SEAR,South-East Asia,BTN,Bhutan,2018,Male,72.69
SEAR,South-East Asia,BTN,Bhutan,2018,Male,19.63
SEAR,South-East Asia,BTN,Bhutan,2019,Female,75.13
SEAR,South-East Asia,BTN,Bhutan,2019,Female,20.61
SEAR,South-East Asia,BTN,Bhutan,2019,Male,72.87
SEAR,South-East Asia,BTN,Bhutan,2019,Male,19.66
SEAR,South-East Asia,BTN,Bhutan,2020,Female,75.91
SEAR,South-East Asia,BTN,Bhutan,2020,Female,21.16
SEAR,South-East Asia,BTN,Bhutan,2020,Male,73.17
SEAR,South-East Asia,BTN,Bhutan,2020,Male,19.9
SEAR,South-East Asia,BTN,Bhutan,2021,Female,75.94
SEAR,South-East Asia,BTN,Bhutan,2021,Female,21.24
SEAR,South-East Asia,BTN,Bhutan,2021,Male,73.93
SEAR,South-East Asia,BTN,Bhutan,2021,Male,20.49
AMR,Americas,BOL,Bolivia (Plurinational State of),2000,Female,67.14
AMR,Americas,BOL,Bolivia (Plurinational State of),2000,Female,18.15
AMR,Americas,BOL,Bolivia (Plurinational State of),2000,Male,65.06
AMR,Americas,BOL,Bolivia (Plurinational State of),2000,Male,17.4
AMR,Americas,BOL,Bolivia (Plurinational State of),2001,Female,67.82
AMR,Americas,BOL,Bolivia (Plurinational State of),2001,Female,18.36
AMR,Americas,BOL,Bolivia (Plurinational State of),2001,Male,65.68
AMR,Americas,BOL,Bolivia (Plurinational State of),2001,Male,17.57
AMR,Americas,BOL,Bolivia (Plurinational State of),2002,Female,68.22
AMR,Americas,BOL,Bolivia (Plurinational State of),2002,Female,18.4
AMR,Americas,BOL,Bolivia (Plurinational State of),2002,Male,66.16
AMR,Americas,BOL,Bolivia (Plurinational State of),2002,Male,17.7
AMR,Americas,BOL,Bolivia (Plurinational State of),2003,Female,68.8
AMR,Americas,BOL,Bolivia (Plurinational State of),2003,Female,18.56
AMR,Americas,BOL,Bolivia (Plurinational State of),2003,Male,66.68
AMR,Americas,BOL,Bolivia (Plurinational State of),2003,Male,17.83
AMR,Americas,BOL,Bolivia (Plurinational State of),2004,Female,69.29
AMR,Americas,BOL,Bolivia (Plurinational State of),2004,Female,18.67
AMR,Americas,BOL,Bolivia (Plurinational State of),2004,Male,67.28
AMR,Americas,BOL,Bolivia (Plurinational State of),2004,Male,18.04
AMR,Americas,BOL,Bolivia (Plurinational State of),2005,Female,69.66
AMR,Americas,BOL,Bolivia (Plurinational State of),2005,Female,18.73
AMR,Americas,BOL,Bolivia (Plurinational State of),2005,Male,67.81
AMR,Americas,BOL,Bolivia (Plurinational State of),2005,Male,18.19
AMR,Americas,BOL,Bolivia (Plurinational State of),2006,Female,70.13
AMR,Americas,BOL,Bolivia (Plurinational State of),2006,Female,18.86
AMR,Americas,BOL,Bolivia (Plurinational State of),2006,Male,68.2
AMR,Americas,BOL,Bolivia (Plurinational State of),2006,Male,18.28
AMR,Americas,BOL,Bolivia (Plurinational State of),2007,Female,70.34
AMR,Americas,BOL,Bolivia (Plurinational State of),2007,Female,18.82
AMR,Americas,BOL,Bolivia (Plurinational State of),2007,Male,68.61
AMR,Americas,BOL,Bolivia (Plurinational State of),2007,Male,18.36
AMR,Americas,BOL,Bolivia (Plurinational State of),2008,Female,70.67
AMR,Americas,BOL,Bolivia (Plurinational State of),2008,Female,18.87
AMR,Americas,BOL,Bolivia (Plurinational State of),2008,Male,68.91
AMR,Americas,BOL,Bolivia (Plurinational State of),2008,Male,18.4
AMR,Americas,BOL,Bolivia (Plurinational State of),2009,Female,71.01
AMR,Americas,BOL,Bolivia (Plurinational State of),2009,Female,18.93
AMR,Americas,BOL,Bolivia (Plurinational State of),2009,Male,69.27
AMR,Americas,BOL,Bolivia (Plurinational State of),2009,Male,18.44
AMR,Americas,BOL,Bolivia (Plurinational State of),2010,Female,71.3
AMR,Americas,BOL,Bolivia (Plurinational State of),2010,Female,18.96
AMR,Americas,BOL,Bolivia (Plurinational State of),2010,Male,69.56
AMR,Americas,BOL,Bolivia (Plurinational State of),2010,Male,18.46
AMR,Americas,BOL,Bolivia (Plurinational State of),2011,Female,71.6
AMR,Americas,BOL,Bolivia (Plurinational State of),2011,Female,19.01
AMR,Americas,BOL,Bolivia (Plurinational State of),2011,Male,69.84
AMR,Americas,BOL,Bolivia (Plurinational State of),2011,Male,18.48
AMR,Americas,BOL,Bolivia (Plurinational State of),2012,Female,71.92
AMR,Americas,BOL,Bolivia (Plurinational State of),2012,Female,19.07
AMR,Americas,BOL,Bolivia (Plurinational State of),2012,Male,70.15
AMR,Americas,BOL,Bolivia (Plurinational State of),2012,Male,18.52
AMR,Americas,BOL,Bolivia (Plurinational State of),2013,Female,72.22
AMR,Americas,BOL,Bolivia (Plurinational State of),2013,Female,19.17
AMR,Americas,BOL,Bolivia (Plurinational State of),2013,Male,70.45
AMR,Americas,BOL,Bolivia (Plurinational State of),2013,Male,18.6
AMR,Americas,BOL,Bolivia (Plurinational State of),2014,Female,72.53
AMR,Americas,BOL,Bolivia (Plurinational State of),2014,Female,19.26
AMR,Americas,BOL,Bolivia (Plurinational State of),2014,Male,70.76
AMR,Americas,BOL,Bolivia (Plurinational State of),2014,Male,18.67
AMR,Americas,BOL,Bolivia (Plurinational State of),2015,Female,72.84
AMR,Americas,BOL,Bolivia (Plurinational State of),2015,Female,19.36
AMR,Americas,BOL,Bolivia (Plurinational State of),2015,Male,71.05
AMR,Americas,BOL,Bolivia (Plurinational State of),2015,Male,18.74
AMR,Americas,BOL,Bolivia (Plurinational State of),2016,Female,73.11
AMR,Americas,BOL,Bolivia (Plurinational State of),2016,Female,19.46
AMR,Americas,BOL,Bolivia (Plurinational State of),2016,Male,71.32
AMR,Americas,BOL,Bolivia (Plurinational State of),2016,Male,18.83
AMR,Americas,BOL,Bolivia (Plurinational State of),2017,Female,73.33
AMR,Americas,BOL,Bolivia (Plurinational State of),2017,Female,19.53
AMR,Americas,BOL,Bolivia (Plurinational State of),2017,Male,71.55
AMR,Americas,BOL,Bolivia (Plurinational State of),2017,Male,18.89
AMR,Americas,BOL,Bolivia (Plurinational State of),2018,Female,73.58
AMR,Americas,BOL,Bolivia (Plurinational State of),2018,Female,19.63
AMR,Americas,BOL,Bolivia (Plurinational State of),2018,Male,71.78
AMR,Americas,BOL,Bolivia (Plurinational State of),2018,Male,18.98
AMR,Americas,BOL,Bolivia (Plurinational State of),2019,Female,73.79
AMR,Americas,BOL,Bolivia (Plurinational State of),2019,Female,19.71
AMR,Americas,BOL,Bolivia (Plurinational State of),2019,Male,72.03
AMR,Americas,BOL,Bolivia (Plurinational State of),2019,Male,19.07
AMR,Americas,BOL,Bolivia (Plurinational State of),2020,Female,70.37
AMR,Americas,BOL,Bolivia (Plurinational State of),2020,Female,17.22
AMR,Americas,BOL,Bolivia (Plurinational State of),2020,Male,64.4
AMR,Americas,BOL,Bolivia (Plurinational State of),2020,Male,12.55
AMR,Americas,BOL,Bolivia (Plurinational State of),2021,Female,68.39
AMR,Americas,BOL,Bolivia (Plurinational State of),2021,Female,16.03
AMR,Americas,BOL,Bolivia (Plurinational State of),2021,Male,62.87
AMR,Americas,BOL,Bolivia (Plurinational State of),2021,Male,11.91
EUR,Europe,BIH,Bosnia and Herzegovina,2000,Female,77.96
EUR,Europe,BIH,Bosnia and Herzegovina,2000,Female,21.13
EUR,Europe,BIH,Bosnia and Herzegovina,2000,Male,72.73
EUR,Europe,BIH,Bosnia and Herzegovina,2000,Male,18.07
EUR,Europe,BIH,Bosnia and Herzegovina,2001,Female,78.48
EUR,Europe,BIH,Bosnia and Herzegovina,2001,Female,21.58
EUR,Europe,BIH,Bosnia and Herzegovina,2001,Male,72.97
EUR,Europe,BIH,Bosnia and Herzegovina,2001,Male,18.16
EUR,Europe,BIH,Bosnia and Herzegovina,2002,Female,78.84
EUR,Europe,BIH,Bosnia and Herzegovina,2002,Female,21.86
EUR,Europe,BIH,Bosnia and Herzegovina,2002,Male,73.09
EUR,Europe,BIH,Bosnia and Herzegovina,2002,Male,18.17
EUR,Europe,BIH,Bosnia and Herzegovina,2003,Female,79.16
EUR,Europe,BIH,Bosnia and Herzegovina,2003,Female,22.1
EUR,Europe,BIH,Bosnia and Herzegovina,2003,Male,73.34
EUR,Europe,BIH,Bosnia and Herzegovina,2003,Male,18.29
EUR,Europe,BIH,Bosnia and Herzegovina,2004,Female,79.17
EUR,Europe,BIH,Bosnia and Herzegovina,2004,Female,22.1
EUR,Europe,BIH,Bosnia and Herzegovina,2004,Male,73.76
EUR,Europe,BIH,Bosnia and Herzegovina,2004,Male,18.56
EUR,Europe,BIH,Bosnia and Herzegovina,2005,Female,79.53
EUR,Europe,BIH,Bosnia and Herzegovina,2005,Female,22.4
EUR,Europe,BIH,Bosnia and Herzegovina,2005,Male,73.29
EUR,Europe,BIH,Bosnia and Herzegovina,2005,Male,18.19
EUR,Europe,BIH,Bosnia and Herzegovina,2006,Female,79.64
EUR,Europe,BIH,Bosnia and Herzegovina,2006,Female,22.51
EUR,Europe,BIH,Bosnia and Herzegovina,2006,Male,73.65
EUR,Europe,BIH,Bosnia and Herzegovina,2006,Male,18.43
EUR,Europe,BIH,Bosnia and Herzegovina,2007,Female,79.26
EUR,Europe,BIH,Bosnia and Herzegovina,2007,Female,22.19
EUR,Europe,BIH,Bosnia and Herzegovina,2007,Male,73.04
EUR,Europe,BIH,Bosnia and Herzegovina,2007,Male,17.96
EUR,Europe,BIH,Bosnia and Herzegovina,2008,Female,79.63
EUR,Europe,BIH,Bosnia and Herzegovina,2008,Female,22.39
EUR,Europe,BIH,Bosnia and Herzegovina,2008,Male,73.69
EUR,Europe,BIH,Bosnia and Herzegovina,2008,Male,18.39
EUR,Europe,BIH,Bosnia and Herzegovina,2009,Female,79.46
EUR,Europe,BIH,Bosnia and Herzegovina,2009,Female,22.17
EUR,Europe,BIH,Bosnia and Herzegovina,2009,Male,73.9
EUR,Europe,BIH,Bosnia and Herzegovina,2009,Male,18.52
EUR,Europe,BIH,Bosnia and Herzegovina,2010,Female,79.51
EUR,Europe,BIH,Bosnia and Herzegovina,2010,Female,22.19
EUR,Europe,BIH,Bosnia and Herzegovina,2010,Male,74.27
EUR,Europe,BIH,Bosnia and Herzegovina,2010,Male,18.79
EUR,Europe,BIH,Bosnia and Herzegovina,2011,Female,79.64
EUR,Europe,BIH,Bosnia and Herzegovina,2011,Female,22.25
EUR,Europe,BIH,Bosnia and Herzegovina,2011,Male,74.34
EUR,Europe,BIH,Bosnia and Herzegovina,2011,Male,18.79
EUR,Europe,BIH,Bosnia and Herzegovina,2012,Female,79.7
EUR,Europe,BIH,Bosnia and Herzegovina,2012,Female,22.29
EUR,Europe,BIH,Bosnia and Herzegovina,2012,Male,74.72
EUR,Europe,BIH,Bosnia and Herzegovina,2012,Male,19.09
EUR,Europe,BIH,Bosnia and Herzegovina,2013,Female,79.69
EUR,Europe,BIH,Bosnia and Herzegovina,2013,Female,22.27
EUR,Europe,BIH,Bosnia and Herzegovina,2013,Male,74.63
EUR,Europe,BIH,Bosnia and Herzegovina,2013,Male,19.04
EUR,Europe,BIH,Bosnia and Herzegovina,2014,Female,79.59
EUR,Europe,BIH,Bosnia and Herzegovina,2014,Female,22.18
EUR,Europe,BIH,Bosnia and Herzegovina,2014,Male,74.68
EUR,Europe,BIH,Bosnia and Herzegovina,2014,Male,19.04
EUR,Europe,BIH,Bosnia and Herzegovina,2015,Female,79.41
EUR,Europe,BIH,Bosnia and Herzegovina,2015,Female,22.02
EUR,Europe,BIH,Bosnia and Herzegovina,2015,Male,74.53
EUR,Europe,BIH,Bosnia and Herzegovina,2015,Male,18.88
EUR,Europe,BIH,Bosnia and Herzegovina,2016,Female,79.63
EUR,Europe,BIH,Bosnia and Herzegovina,2016,Female,22.2
EUR,Europe,BIH,Bosnia and Herzegovina,2016,Male,74.6
EUR,Europe,BIH,Bosnia and Herzegovina,2016,Male,18.91
EUR,Europe,BIH,Bosnia and Herzegovina,2017,Female,79.55
EUR,Europe,BIH,Bosnia and Herzegovina,2017,Female,22.11
EUR,Europe,BIH,Bosnia and Herzegovina,2017,Male,74.91
EUR,Europe,BIH,Bosnia and Herzegovina,2017,Male,19.09
EUR,Europe,BIH,Bosnia and Herzegovina,2018,Female,79.77
EUR,Europe,BIH,Bosnia and Herzegovina,2018,Female,22.24
EUR,Europe,BIH,Bosnia and Herzegovina,2018,Male,74.86
EUR,Europe,BIH,Bosnia and Herzegovina,2018,Male,19.05
EUR,Europe,BIH,Bosnia and Herzegovina,2019,Female,79.56
EUR,Europe,BIH,Bosnia and Herzegovina,2019,Female,22.07
EUR,Europe,BIH,Bosnia and Herzegovina,2019,Male,74.64
EUR,Europe,BIH,Bosnia and Herzegovina,2019,Male,18.85
EUR,Europe,BIH,Bosnia and Herzegovina,2020,Female,78.48
EUR,Europe,BIH,Bosnia and Herzegovina,2020,Female,20.86
EUR,Europe,BIH,Bosnia and Herzegovina,2020,Male,73.03
EUR,Europe,BIH,Bosnia and Herzegovina,2020,Male,17.18
EUR,Europe,BIH,Bosnia and Herzegovina,2021,Female,77.2
EUR,Europe,BIH,Bosnia and Herzegovina,2021,Female,19.8
EUR,Europe,BIH,Bosnia and Herzegovina,2021,Male,72.56
EUR,Europe,BIH,Bosnia and Herzegovina,2021,Male,16.78
AFR,Africa,BWA,Botswana,2000,Female,49.28
AFR,Africa,BWA,Botswana,2000,Female,17.52
AFR,Africa,BWA,Botswana,2000,Male,45.49
AFR,Africa,BWA,Botswana,2000,Male,11.03
AFR,Africa,BWA,Botswana,2001,Female,48.49
AFR,Africa,BWA,Botswana,2001,Female,17.15
AFR,Africa,BWA,Botswana,2001,Male,45.27
AFR,Africa,BWA,Botswana,2001,Male,11.05
AFR,Africa,BWA,Botswana,2002,Female,48.6
AFR,Africa,BWA,Botswana,2002,Female,16.97
AFR,Africa,BWA,Botswana,2002,Male,45.61
AFR,Africa,BWA,Botswana,2002,Male,11.15
AFR,Africa,BWA,Botswana,2003,Female,50.04
AFR,Africa,BWA,Botswana,2003,Female,17.27
AFR,Africa,BWA,Botswana,2003,Male,46.84
AFR,Africa,BWA,Botswana,2003,Male,11.45
AFR,Africa,BWA,Botswana,2004,Female,52.82
AFR,Africa,BWA,Botswana,2004,Female,18.0
AFR,Africa,BWA,Botswana,2004,Male,48.78
AFR,Africa,BWA,Botswana,2004,Male,11.86
AFR,Africa,BWA,Botswana,2005,Female,55.87
AFR,Africa,BWA,Botswana,2005,Female,18.79
AFR,Africa,BWA,Botswana,2005,Male,50.85
AFR,Africa,BWA,Botswana,2005,Male,12.28
AFR,Africa,BWA,Botswana,2006,Female,58.06
AFR,Africa,BWA,Botswana,2006,Female,19.51
AFR,Africa,BWA,Botswana,2006,Male,52.19
AFR,Africa,BWA,Botswana,2006,Male,12.52
AFR,Africa,BWA,Botswana,2007,Female,58.37
AFR,Africa,BWA,Botswana,2007,Female,18.77
AFR,Africa,BWA,Botswana,2007,Male,53.38
AFR,Africa,BWA,Botswana,2007,Male,13.02
AFR,Africa,BWA,Botswana,2008,Female,58.26
AFR,Africa,BWA,Botswana,2008,Female,18.01
AFR,Africa,BWA,Botswana,2008,Male,54.13
AFR,Africa,BWA,Botswana,2008,Male,13.36
AFR,Africa,BWA,Botswana,2009,Female,58.62
AFR,Africa,BWA,Botswana,2009,Female,17.5
AFR,Africa,BWA,Botswana,2009,Male,55.1
AFR,Africa,BWA,Botswana,2009,Male,13.64
AFR,Africa,BWA,Botswana,2010,Female,59.41
AFR,Africa,BWA,Botswana,2010,Female,17.23
AFR,Africa,BWA,Botswana,2010,Male,55.77
AFR,Africa,BWA,Botswana,2010,Male,13.8
AFR,Africa,BWA,Botswana,2011,Female,60.35
AFR,Africa,BWA,Botswana,2011,Female,17.18
AFR,Africa,BWA,Botswana,2011,Male,56.4
AFR,Africa,BWA,Botswana,2011,Male,13.98
AFR,Africa,BWA,Botswana,2012,Female,61.68
AFR,Africa,BWA,Botswana,2012,Female,17.44
AFR,Africa,BWA,Botswana,2012,Male,57.72
AFR,Africa,BWA,Botswana,2012,Male,14.31
AFR,Africa,BWA,Botswana,2013,Female,62.5
AFR,Africa,BWA,Botswana,2013,Female,17.47
AFR,Africa,BWA,Botswana,2013,Male,58.62
AFR,Africa,BWA,Botswana,2013,Male,14.53
AFR,Africa,BWA,Botswana,2014,Female,63.2
AFR,Africa,BWA,Botswana,2014,Female,17.62
AFR,Africa,BWA,Botswana,2014,Male,59.44
AFR,Africa,BWA,Botswana,2014,Male,14.8
AFR,Africa,BWA,Botswana,2015,Female,63.9
AFR,Africa,BWA,Botswana,2015,Female,17.89
AFR,Africa,BWA,Botswana,2015,Male,60.06
AFR,Africa,BWA,Botswana,2015,Male,14.99
AFR,Africa,BWA,Botswana,2016,Female,64.97
AFR,Africa,BWA,Botswana,2016,Female,18.51
AFR,Africa,BWA,Botswana,2016,Male,60.87
AFR,Africa,BWA,Botswana,2016,Male,15.4
AFR,Africa,BWA,Botswana,2017,Female,66.06
AFR,Africa,BWA,Botswana,2017,Female,19.04
AFR,Africa,BWA,Botswana,2017,Male,61.82
AFR,Africa,BWA,Botswana,2017,Male,15.78
AFR,Africa,BWA,Botswana,2018,Female,66.6
AFR,Africa,BWA,Botswana,2018,Female,19.33
AFR,Africa,BWA,Botswana,2018,Male,62.31
AFR,Africa,BWA,Botswana,2018,Male,15.99
AFR,Africa,BWA,Botswana,2019,Female,66.95
AFR,Africa,BWA,Botswana,2019,Female,19.42
AFR,Africa,BWA,Botswana,2019,Male,62.74
AFR,Africa,BWA,Botswana,2019,Male,16.14
AFR,Africa,BWA,Botswana,2020,Female,67.56
AFR,Africa,BWA,Botswana,2020,Female,19.29
AFR,Africa,BWA,Botswana,2020,Male,62.69
AFR,Africa,BWA,Botswana,2020,Male,15.21
AFR,Africa,BWA,Botswana,2021,Female,63.18
AFR,Africa,BWA,Botswana,2021,Female,15.61
AFR,Africa,BWA,Botswana,2021,Male,59.22
AFR,Africa,BWA,Botswana,2021,Male,12.89
AMR,Americas,BRA,Brazil,2000,Female,74.98
AMR,Americas,BRA,Brazil,2000,Female,21.11
AMR,Americas,BRA,Brazil,2000,Male,68.16
AMR,Americas,BRA,Brazil,2000,Male,18.34
AMR,Americas,BRA,Brazil,2001,Female,75.33
AMR,Americas,BRA,Brazil,2001,Female,21.27
AMR,Americas,BRA,Brazil,2001,Male,68.41
AMR,Americas,BRA,Brazil,2001,Male,18.35
AMR,Americas,BRA,Brazil,2002,Female,75.55
AMR,Americas,BRA,Brazil,2002,Female,21.3
AMR,Americas,BRA,Brazil,2002,Male,68.64
AMR,Americas,BRA,Brazil,2002,Male,18.41
AMR,Americas,BRA,Brazil,2003,Female,75.85
AMR,Americas,BRA,Brazil,2003,Female,21.4
AMR,Americas,BRA,Brazil,2003,Male,68.88
AMR,Americas,BRA,Brazil,2003,Male,18.36
AMR,Americas,BRA,Brazil,2004,Female,76.03
AMR,Americas,BRA,Brazil,2004,Female,21.42
AMR,Americas,BRA,Brazil,2004,Male,69.08
AMR,Americas,BRA,Brazil,2004,Male,18.36
AMR,Americas,BRA,Brazil,2005,Female,76.62
AMR,Americas,BRA,Brazil,2005,Female,21.81
AMR,Americas,BRA,Brazil,2005,Male,69.76
AMR,Americas,BRA,Brazil,2005,Male,18.74
AMR,Americas,BRA,Brazil,2006,Female,76.77
AMR,Americas,BRA,Brazil,2006,Female,21.83
AMR,Americas,BRA,Brazil,2006,Male,69.96
AMR,Americas,BRA,Brazil,2006,Male,18.75
AMR,Americas,BRA,Brazil,2007,Female,77.03
AMR,Americas,BRA,Brazil,2007,Female,21.95
AMR,Americas,BRA,Brazil,2007,Male,70.19
AMR,Americas,BRA,Brazil,2007,Male,18.85
AMR,Americas,BRA,Brazil,2008,Female,77.2
AMR,Americas,BRA,Brazil,2008,Female,22.05
AMR,Americas,BRA,Brazil,2008,Male,70.29
AMR,Americas,BRA,Brazil,2008,Male,18.86
AMR,Americas,BRA,Brazil,2009,Female,77.32
AMR,Americas,BRA,Brazil,2009,Female,22.12
AMR,Americas,BRA,Brazil,2009,Male,70.42
AMR,Americas,BRA,Brazil,2009,Male,18.96
AMR,Americas,BRA,Brazil,2010,Female,77.43
AMR,Americas,BRA,Brazil,2010,Female,22.11
AMR,Americas,BRA,Brazil,2010,Male,70.48
AMR,Americas,BRA,Brazil,2010,Male,18.9
AMR,Americas,BRA,Brazil,2011,Female,77.48
AMR,Americas,BRA,Brazil,2011,Female,22.11
AMR,Americas,BRA,Brazil,2011,Male,70.6
AMR,Americas,BRA,Brazil,2011,Male,18.93
AMR,Americas,BRA,Brazil,2012,Female,77.78
AMR,Americas,BRA,Brazil,2012,Female,22.32
AMR,Americas,BRA,Brazil,2012,Male,70.84
AMR,Americas,BRA,Brazil,2012,Male,19.14
AMR,Americas,BRA,Brazil,2013,Female,77.92
AMR,Americas,BRA,Brazil,2013,Female,22.4
AMR,Americas,BRA,Brazil,2013,Male,70.97
AMR,Americas,BRA,Brazil,2013,Male,19.16
AMR,Americas,BRA,Brazil,2014,Female,78.15
AMR,Americas,BRA,Brazil,2014,Female,22.52
AMR,Americas,BRA,Brazil,2014,Male,71.17
AMR,Americas,BRA,Brazil,2014,Male,19.33
AMR,Americas,BRA,Brazil,2015,Female,78.14
AMR,Americas,BRA,Brazil,2015,Female,22.47
AMR,Americas,BRA,Brazil,2015,Male,71.32
AMR,Americas,BRA,Brazil,2015,Male,19.29
AMR,Americas,BRA,Brazil,2016,Female,78.07
AMR,Americas,BRA,Brazil,2016,Female,22.5
AMR,Americas,BRA,Brazil,2016,Male,71.1
AMR,Americas,BRA,Brazil,2016,Male,19.18
AMR,Americas,BRA,Brazil,2017,Female,78.47
AMR,Americas,BRA,Brazil,2017,Female,22.67
AMR,Americas,BRA,Brazil,2017,Male,71.54
AMR,Americas,BRA,Brazil,2017,Male,19.41
AMR,Americas,BRA,Brazil,2018,Female,78.71
AMR,Americas,BRA,Brazil,2018,Female,22.85
AMR,Americas,BRA,Brazil,2018,Male,71.94
AMR,Americas,BRA,Brazil,2018,Male,19.56
AMR,Americas,BRA,Brazil,2019,Female,78.73
AMR,Americas,BRA,Brazil,2019,Female,22.84
AMR,Americas,BRA,Brazil,2019,Male,72.22
AMR,Americas,BRA,Brazil,2019,Male,19.58
AMR,Americas,BRA,Brazil,2020,Female,77.65
AMR,Americas,BRA,Brazil,2020,Female,22.07
AMR,Americas,BRA,Brazil,2020,Male,70.67
AMR,Americas,BRA,Brazil,2020,Male,18.37
AMR,Americas,BRA,Brazil,2021,Female,75.85
AMR,Americas,BRA,Brazil,2021,Female,21.07
AMR,Americas,BRA,Brazil,2021,Male,69.04
AMR,Americas,BRA,Brazil,2021,Male,17.59
WPR,Western Pacific,BRN,Brunei Darussalam,2000,Female,77.11
WPR,Western Pacific,BRN,Brunei Darussalam,2000,Female,20.52
WPR,Western Pacific,BRN,Brunei Darussalam,2000,Male,74.11
WPR,Western Pacific,BRN,Brunei Darussalam,2000,Male,18.73
WPR,Western Pacific,BRN,Brunei Darussalam,2001,Female,77.16
WPR,Western Pacific,BRN,Brunei Darussalam,2001,Female,20.57
WPR,Western Pacific,BRN,Brunei Darussalam,2001,Male,74.38
WPR,Western Pacific,BRN,Brunei Darussalam,2001,Male,18.83
WPR,Western Pacific,BRN,Brunei Darussalam,2002,Female,77.28
WPR,Western Pacific,BRN,Brunei Darussalam,2002,Female,20.67
WPR,Western Pacific,BRN,Brunei Darussalam,2002,Male,74.68
WPR,Western Pacific,BRN,Brunei Darussalam,2002,Male,19.06
WPR,Western Pacific,BRN,Brunei Darussalam,2003,Female,77.46
WPR,Western Pacific,BRN,Brunei Darussalam,2003,Female,20.84
WPR,Western Pacific,BRN,Brunei Darussalam,2003,Male,74.89
WPR,Western Pacific,BRN,Brunei Darussalam,2003,Male,19.23
WPR,Western Pacific,BRN,Brunei Darussalam,2004,Female,77.68
WPR,Western Pacific,BRN,Brunei Darussalam,2004,Female,21.02
WPR,Western Pacific,BRN,Brunei Darussalam,2004,Male,75.05
WPR,Western Pacific,BRN,Brunei Darussalam,2004,Male,19.41
WPR,Western Pacific,BRN,Brunei Darussalam,2005,Female,77.93
WPR,Western Pacific,BRN,Brunei Darussalam,2005,Female,21.29
WPR,Western Pacific,BRN,Brunei Darussalam,2005,Male,75.17
WPR,Western Pacific,BRN,Brunei Darussalam,2005,Male,19.52
WPR,Western Pacific,BRN,Brunei Darussalam,2006,Female,78.1
WPR,Western Pacific,BRN,Brunei Darussalam,2006,Female,21.44
WPR,Western Pacific,BRN,Brunei Darussalam,2006,Male,75.23
WPR,Western Pacific,BRN,Brunei Darussalam,2006,Male,19.66
WPR,Western Pacific,BRN,Brunei Darussalam,2007,Female,78.18
WPR,Western Pacific,BRN,Brunei Darussalam,2007,Female,21.5
WPR,Western Pacific,BRN,Brunei Darussalam,2007,Male,75.3
WPR,Western Pacific,BRN,Brunei Darussalam,2007,Male,19.69
WPR,Western Pacific,BRN,Brunei Darussalam,2008,Female,78.21
WPR,Western Pacific,BRN,Brunei Darussalam,2008,Female,21.49
WPR,Western Pacific,BRN,Brunei Darussalam,2008,Male,75.36
WPR,Western Pacific,BRN,Brunei Darussalam,2008,Male,19.77
WPR,Western Pacific,BRN,Brunei Darussalam,2009,Female,78.36
WPR,Western Pacific,BRN,Brunei Darussalam,2009,Female,21.61
WPR,Western Pacific,BRN,Brunei Darussalam,2009,Male,75.51
WPR,Western Pacific,BRN,Brunei Darussalam,2009,Male,19.88
WPR,Western Pacific,BRN,Brunei Darussalam,2010,Female,78.43
WPR,Western Pacific,BRN,Brunei Darussalam,2010,Female,21.69
WPR,Western Pacific,BRN,Brunei Darussalam,2010,Male,75.61
WPR,Western Pacific,BRN,Brunei Darussalam,2010,Male,19.99
WPR,Western Pacific,BRN,Brunei Darussalam,2011,Female,78.47
WPR,Western Pacific,BRN,Brunei Darussalam,2011,Female,21.73
WPR,Western Pacific,BRN,Brunei Darussalam,2011,Male,75.6
WPR,Western Pacific,BRN,Brunei Darussalam,2011,Male,20.0
WPR,Western Pacific,BRN,Brunei Darussalam,2012,Female,78.39
WPR,Western Pacific,BRN,Brunei Darussalam,2012,Female,21.69
WPR,Western Pacific,BRN,Brunei Darussalam,2012,Male,75.48
WPR,Western Pacific,BRN,Brunei Darussalam,2012,Male,19.96
WPR,Western Pacific,BRN,Brunei Darussalam,2013,Female,78.33
WPR,Western Pacific,BRN,Brunei Darussalam,2013,Female,21.67
WPR,Western Pacific,BRN,Brunei Darussalam,2013,Male,75.39
WPR,Western Pacific,BRN,Brunei Darussalam,2013,Male,19.92
WPR,Western Pacific,BRN,Brunei Darussalam,2014,Female,78.1
WPR,Western Pacific,BRN,Brunei Darussalam,2014,Female,21.52
WPR,Western Pacific,BRN,Brunei Darussalam,2014,Male,75.28
WPR,Western Pacific,BRN,Brunei Darussalam,2014,Male,19.87
WPR,Western Pacific,BRN,Brunei Darussalam,2015,Female,77.93
WPR,Western Pacific,BRN,Brunei Darussalam,2015,Female,21.41
WPR,Western Pacific,BRN,Brunei Darussalam,2015,Male,75.24
WPR,Western Pacific,BRN,Brunei Darussalam,2015,Male,19.86
WPR,Western Pacific,BRN,Brunei Darussalam,2016,Female,77.72
WPR,Western Pacific,BRN,Brunei Darussalam,2016,Female,21.21
WPR,Western Pacific,BRN,Brunei Darussalam,2016,Male,75.16
WPR,Western Pacific,BRN,Brunei Darussalam,2016,Male,19.79
WPR,Western Pacific,BRN,Brunei Darussalam,2017,Female,77.7
WPR,Western Pacific,BRN,Brunei Darussalam,2017,Female,21.18
WPR,Western Pacific,BRN,Brunei Darussalam,2017,Male,75.16
WPR,Western Pacific,BRN,Brunei Darussalam,2017,Male,19.83
WPR,Western Pacific,BRN,Brunei Darussalam,2018,Female,77.7
WPR,Western Pacific,BRN,Brunei Darussalam,2018,Female,21.16
WPR,Western Pacific,BRN,Brunei Darussalam,2018,Male,75.17
WPR,Western Pacific,BRN,Brunei Darussalam,2018,Male,19.82
WPR,Western Pacific,BRN,Brunei Darussalam,2019,Female,78.16
WPR,Western Pacific,BRN,Brunei Darussalam,2019,Female,21.72
WPR,Western Pacific,BRN,Brunei Darussalam,2019,Male,75.25
WPR,Western Pacific,BRN,Brunei Darussalam,2019,Male,20.07
WPR,Western Pacific,BRN,Brunei Darussalam,2020,Female,78.29
WPR,Western Pacific,BRN,Brunei Darussalam,2020,Female,21.87
WPR,Western Pacific,BRN,Brunei Darussalam,2020,Male,75.29
WPR,Western Pacific,BRN,Brunei Darussalam,2020,Male,20.2
WPR,Western Pacific,BRN,Brunei Darussalam,2021,Female,78.57
WPR,Western Pacific,BRN,Brunei Darussalam,2021,Female,22.22
WPR,Western Pacific,BRN,Brunei Darussalam,2021,Male,75.34
WPR,Western Pacific,BRN,Brunei Darussalam,2021,Male,20.4
EUR,Europe,BGR,Bulgaria,2000,Female,74.97
EUR,Europe,BGR,Bulgaria,2000,Female,19.2
EUR,Europe,BGR,Bulgaria,2000,Male,68.41
EUR,Europe,BGR,Bulgaria,2000,Male,15.86
EUR,Europe,BGR,Bulgaria,2001,Female,75.31
EUR,Europe,BGR,Bulgaria,2001,Female,19.62
EUR,Europe,BGR,Bulgaria,2001,Male,68.49
EUR,Europe,BGR,Bulgaria,2001,Male,16.02
EUR,Europe,BGR,Bulgaria,2002,Female,75.51
EUR,Europe,BGR,Bulgaria,2002,Female,19.64
EUR,Europe,BGR,Bulgaria,2002,Male,68.8
EUR,Europe,BGR,Bulgaria,2002,Male,16.1
EUR,Europe,BGR,Bulgaria,2003,Female,75.84
EUR,Europe,BGR,Bulgaria,2003,Female,19.81
EUR,Europe,BGR,Bulgaria,2003,Male,68.85
EUR,Europe,BGR,Bulgaria,2003,Male,16.06
EUR,Europe,BGR,Bulgaria,2004,Female,76.09
EUR,Europe,BGR,Bulgaria,2004,Female,20.16
EUR,Europe,BGR,Bulgaria,2004,Male,68.97
EUR,Europe,BGR,Bulgaria,2004,Male,16.23
EUR,Europe,BGR,Bulgaria,2005,Female,76.13
EUR,Europe,BGR,Bulgaria,2005,Female,20.04
EUR,Europe,BGR,Bulgaria,2005,Male,68.94
EUR,Europe,BGR,Bulgaria,2005,Male,16.07
EUR,Europe,BGR,Bulgaria,2006,Female,76.21
EUR,Europe,BGR,Bulgaria,2006,Female,20.21
EUR,Europe,BGR,Bulgaria,2006,Male,69.15
EUR,Europe,BGR,Bulgaria,2006,Male,16.17
EUR,Europe,BGR,Bulgaria,2007,Female,76.52
EUR,Europe,BGR,Bulgaria,2007,Female,20.36
EUR,Europe,BGR,Bulgaria,2007,Male,69.43
EUR,Europe,BGR,Bulgaria,2007,Male,16.27
EUR,Europe,BGR,Bulgaria,2008,Female,76.9
EUR,Europe,BGR,Bulgaria,2008,Female,20.65
EUR,Europe,BGR,Bulgaria,2008,Male,69.7
EUR,Europe,BGR,Bulgaria,2008,Male,16.54
EUR,Europe,BGR,Bulgaria,2009,Female,77.24
EUR,Europe,BGR,Bulgaria,2009,Female,20.91
EUR,Europe,BGR,Bulgaria,2009,Male,70.01
EUR,Europe,BGR,Bulgaria,2009,Male,16.76
EUR,Europe,BGR,Bulgaria,2010,Female,77.23
EUR,Europe,BGR,Bulgaria,2010,Female,20.92
EUR,Europe,BGR,Bulgaria,2010,Male,70.19
EUR,Europe,BGR,Bulgaria,2010,Male,16.69
EUR,Europe,BGR,Bulgaria,2011,Female,77.63
EUR,Europe,BGR,Bulgaria,2011,Female,21.21
EUR,Europe,BGR,Bulgaria,2011,Male,70.59
EUR,Europe,BGR,Bulgaria,2011,Male,16.92
EUR,Europe,BGR,Bulgaria,2012,Female,77.79
EUR,Europe,BGR,Bulgaria,2012,Female,21.19
EUR,Europe,BGR,Bulgaria,2012,Male,70.85
EUR,Europe,BGR,Bulgaria,2012,Male,17.02
EUR,Europe,BGR,Bulgaria,2013,Female,78.42
EUR,Europe,BGR,Bulgaria,2013,Female,21.84
EUR,Europe,BGR,Bulgaria,2013,Male,71.25
EUR,Europe,BGR,Bulgaria,2013,Male,17.32
EUR,Europe,BGR,Bulgaria,2014,Female,77.88
EUR,Europe,BGR,Bulgaria,2014,Female,21.5
EUR,Europe,BGR,Bulgaria,2014,Male,71.02
EUR,Europe,BGR,Bulgaria,2014,Male,17.12
EUR,Europe,BGR,Bulgaria,2015,Female,78.04
EUR,Europe,BGR,Bulgaria,2015,Female,21.5
EUR,Europe,BGR,Bulgaria,2015,Male,71.17
EUR,Europe,BGR,Bulgaria,2015,Male,17.06
EUR,Europe,BGR,Bulgaria,2016,Female,78.38
EUR,Europe,BGR,Bulgaria,2016,Female,21.77
EUR,Europe,BGR,Bulgaria,2016,Male,71.28
EUR,Europe,BGR,Bulgaria,2016,Male,17.23
EUR,Europe,BGR,Bulgaria,2017,Female,78.24
EUR,Europe,BGR,Bulgaria,2017,Female,21.63
EUR,Europe,BGR,Bulgaria,2017,Male,71.31
EUR,Europe,BGR,Bulgaria,2017,Male,17.15
EUR,Europe,BGR,Bulgaria,2018,Female,78.39
EUR,Europe,BGR,Bulgaria,2018,Female,21.82
EUR,Europe,BGR,Bulgaria,2018,Male,71.43
EUR,Europe,BGR,Bulgaria,2018,Male,17.23
EUR,Europe,BGR,Bulgaria,2019,Female,78.62
EUR,Europe,BGR,Bulgaria,2019,Female,21.92
EUR,Europe,BGR,Bulgaria,2019,Male,71.52
EUR,Europe,BGR,Bulgaria,2019,Male,17.24
EUR,Europe,BGR,Bulgaria,2020,Female,77.36
EUR,Europe,BGR,Bulgaria,2020,Female,20.83
EUR,Europe,BGR,Bulgaria,2020,Male,69.91
EUR,Europe,BGR,Bulgaria,2020,Male,15.85
EUR,Europe,BGR,Bulgaria,2021,Female,74.98
EUR,Europe,BGR,Bulgaria,2021,Female,19.08
EUR,Europe,BGR,Bulgaria,2021,Male,67.98
EUR,Europe,BGR,Bulgaria,2021,Male,14.42
AFR,Africa,BFA,Burkina Faso,2000,Female,53.33
AFR,Africa,BFA,Burkina Faso,2000,Female,16.31
AFR,Africa,BFA,Burkina Faso,2000,Male,50.34
AFR,Africa,BFA,Burkina Faso,2000,Male,14.05
AFR,Africa,BFA,Burkina Faso,2001,Female,53.82
AFR,Africa,BFA,Burkina Faso,2001,Female,16.3
AFR,Africa,BFA,Burkina Faso,2001,Male,50.8
AFR,Africa,BFA,Burkina Faso,2001,Male,14.1
AFR,Africa,BFA,Burkina Faso,2002,Female,54.39
AFR,Africa,BFA,Burkina Faso,2002,Female,16.36
AFR,Africa,BFA,Burkina Faso,2002,Male,51.31
AFR,Africa,BFA,Burkina Faso,2002,Male,14.17
AFR,Africa,BFA,Burkina Faso,2003,Female,55.08
AFR,Africa,BFA,Burkina Faso,2003,Female,16.44
AFR,Africa,BFA,Burkina Faso,2003,Male,51.97
AFR,Africa,BFA,Burkina Faso,2003,Male,14.26
AFR,Africa,BFA,Burkina Faso,2004,Female,55.88
AFR,Africa,BFA,Burkina Faso,2004,Female,16.53
AFR,Africa,BFA,Burkina Faso,2004,Male,52.68
AFR,Africa,BFA,Burkina Faso,2004,Male,14.35
AFR,Africa,BFA,Burkina Faso,2005,Female,56.81
AFR,Africa,BFA,Burkina Faso,2005,Female,16.66
AFR,Africa,BFA,Burkina Faso,2005,Male,53.47
AFR,Africa,BFA,Burkina Faso,2005,Male,14.44
AFR,Africa,BFA,Burkina Faso,2006,Female,57.64
AFR,Africa,BFA,Burkina Faso,2006,Female,16.69
AFR,Africa,BFA,Burkina Faso,2006,Male,54.2
AFR,Africa,BFA,Burkina Faso,2006,Male,14.47
AFR,Africa,BFA,Burkina Faso,2007,Female,58.45
AFR,Africa,BFA,Burkina Faso,2007,Female,16.81
AFR,Africa,BFA,Burkina Faso,2007,Male,54.86
AFR,Africa,BFA,Burkina Faso,2007,Male,14.52
AFR,Africa,BFA,Burkina Faso,2008,Female,59.24
AFR,Africa,BFA,Burkina Faso,2008,Female,16.95
AFR,Africa,BFA,Burkina Faso,2008,Male,55.5
AFR,Africa,BFA,Burkina Faso,2008,Male,14.58
AFR,Africa,BFA,Burkina Faso,2009,Female,59.97
AFR,Africa,BFA,Burkina Faso,2009,Female,17.05
AFR,Africa,BFA,Burkina Faso,2009,Male,56.04
AFR,Africa,BFA,Burkina Faso,2009,Male,14.59
AFR,Africa,BFA,Burkina Faso,2010,Female,60.65
AFR,Africa,BFA,Burkina Faso,2010,Female,17.17
AFR,Africa,BFA,Burkina Faso,2010,Male,56.45
AFR,Africa,BFA,Burkina Faso,2010,Male,14.57
AFR,Africa,BFA,Burkina Faso,2011,Female,61.24
AFR,Africa,BFA,Burkina Faso,2011,Female,17.17
AFR,Africa,BFA,Burkina Faso,2011,Male,56.79
AFR,Africa,BFA,Burkina Faso,2011,Male,14.51
AFR,Africa,BFA,Burkina Faso,2012,Female,61.82
AFR,Africa,BFA,Burkina Faso,2012,Female,17.28
AFR,Africa,BFA,Burkina Faso,2012,Male,57.11
AFR,Africa,BFA,Burkina Faso,2012,Male,14.55
AFR,Africa,BFA,Burkina Faso,2013,Female,62.34
AFR,Africa,BFA,Burkina Faso,2013,Female,17.39
AFR,Africa,BFA,Burkina Faso,2013,Male,57.49
AFR,Africa,BFA,Burkina Faso,2013,Male,14.61
AFR,Africa,BFA,Burkina Faso,2014,Female,62.88
AFR,Africa,BFA,Burkina Faso,2014,Female,17.51
AFR,Africa,BFA,Burkina Faso,2014,Male,57.96
AFR,Africa,BFA,Burkina Faso,2014,Male,14.73
AFR,Africa,BFA,Burkina Faso,2015,Female,63.34
AFR,Africa,BFA,Burkina Faso,2015,Female,17.61
AFR,Africa,BFA,Burkina Faso,2015,Male,58.44
AFR,Africa,BFA,Burkina Faso,2015,Male,14.85
AFR,Africa,BFA,Burkina Faso,2016,Female,63.73
AFR,Africa,BFA,Burkina Faso,2016,Female,17.62
AFR,Africa,BFA,Burkina Faso,2016,Male,58.88
AFR,Africa,BFA,Burkina Faso,2016,Male,14.91
AFR,Africa,BFA,Burkina Faso,2017,Female,64.25
AFR,Africa,BFA,Burkina Faso,2017,Female,17.73
AFR,Africa,BFA,Burkina Faso,2017,Male,59.41
AFR,Africa,BFA,Burkina Faso,2017,Male,15.05
AFR,Africa,BFA,Burkina Faso,2018,Female,64.71
AFR,Africa,BFA,Burkina Faso,2018,Female,17.84
AFR,Africa,BFA,Burkina Faso,2018,Male,59.91
AFR,Africa,BFA,Burkina Faso,2018,Male,15.2
AFR,Africa,BFA,Burkina Faso,2019,Female,65.06
AFR,Africa,BFA,Burkina Faso,2019,Female,17.92
AFR,Africa,BFA,Burkina Faso,2019,Male,60.08
AFR,Africa,BFA,Burkina Faso,2019,Male,15.33
AFR,Africa,BFA,Burkina Faso,2020,Female,65.47
AFR,Africa,BFA,Burkina Faso,2020,Female,17.85
AFR,Africa,BFA,Burkina Faso,2020,Male,60.31
AFR,Africa,BFA,Burkina Faso,2020,Male,14.79
AFR,Africa,BFA,Burkina Faso,2021,Female,64.64
AFR,Africa,BFA,Burkina Faso,2021,Female,17.2
AFR,Africa,BFA,Burkina Faso,2021,Male,59.88
AFR,Africa,BFA,Burkina Faso,2021,Male,14.81
AFR,Africa,BDI,Burundi,2000,Female,47.01
AFR,Africa,BDI,Burundi,2000,Female,13.45
AFR,Africa,BDI,Burundi,2000,Male,41.83
AFR,Africa,BDI,Burundi,2000,Male,11.83
AFR,Africa,BDI,Burundi,2001,Female,48.1
AFR,Africa,BDI,Burundi,2001,Female,13.78
AFR,Africa,BDI,Burundi,2001,Male,43.11
AFR,Africa,BDI,Burundi,2001,Male,12.2
AFR,Africa,BDI,Burundi,2002,Female,49.29
AFR,Africa,BDI,Burundi,2002,Female,14.11
AFR,Africa,BDI,Burundi,2002,Male,44.33
AFR,Africa,BDI,Burundi,2002,Male,12.52
AFR,Africa,BDI,Burundi,2003,Female,50.53
AFR,Africa,BDI,Burundi,2003,Female,14.44
AFR,Africa,BDI,Burundi,2003,Male,45.41
AFR,Africa,BDI,Burundi,2003,Male,12.83
AFR,Africa,BDI,Burundi,2004,Female,51.97
AFR,Africa,BDI,Burundi,2004,Female,14.73
AFR,Africa,BDI,Burundi,2004,Male,46.95
AFR,Africa,BDI,Burundi,2004,Male,13.13
AFR,Africa,BDI,Burundi,2005,Female,53.55
AFR,Africa,BDI,Burundi,2005,Female,15.1
AFR,Africa,BDI,Burundi,2005,Male,48.33
AFR,Africa,BDI,Burundi,2005,Male,13.47
AFR,Africa,BDI,Burundi,2006,Female,55.87
AFR,Africa,BDI,Burundi,2006,Female,15.59
AFR,Africa,BDI,Burundi,2006,Male,53.94
AFR,Africa,BDI,Burundi,2006,Male,13.99
AFR,Africa,BDI,Burundi,2007,Female,57.45
AFR,Africa,BDI,Burundi,2007,Female,16.03
AFR,Africa,BDI,Burundi,2007,Male,55.35
AFR,Africa,BDI,Burundi,2007,Male,14.39
AFR,Africa,BDI,Burundi,2008,Female,58.93
AFR,Africa,BDI,Burundi,2008,Female,16.39
AFR,Africa,BDI,Burundi,2008,Male,56.55
AFR,Africa,BDI,Burundi,2008,Male,14.7
AFR,Africa,BDI,Burundi,2009,Female,59.96
AFR,Africa,BDI,Burundi,2009,Female,16.5
AFR,Africa,BDI,Burundi,2009,Male,57.38
AFR,Africa,BDI,Burundi,2009,Male,14.82
AFR,Africa,BDI,Burundi,2010,Female,60.87
AFR,Africa,BDI,Burundi,2010,Female,16.61
AFR,Africa,BDI,Burundi,2010,Male,58.25
AFR,Africa,BDI,Burundi,2010,Male,14.96
AFR,Africa,BDI,Burundi,2011,Female,61.79
AFR,Africa,BDI,Burundi,2011,Female,16.75
AFR,Africa,BDI,Burundi,2011,Male,58.94
AFR,Africa,BDI,Burundi,2011,Male,15.05
AFR,Africa,BDI,Burundi,2012,Female,62.69
AFR,Africa,BDI,Burundi,2012,Female,16.9
AFR,Africa,BDI,Burundi,2012,Male,59.59
AFR,Africa,BDI,Burundi,2012,Male,15.16
AFR,Africa,BDI,Burundi,2013,Female,63.47
AFR,Africa,BDI,Burundi,2013,Female,17.02
AFR,Africa,BDI,Burundi,2013,Male,60.06
AFR,Africa,BDI,Burundi,2013,Male,15.22
AFR,Africa,BDI,Burundi,2014,Female,64.07
AFR,Africa,BDI,Burundi,2014,Female,17.13
AFR,Africa,BDI,Burundi,2014,Male,60.53
AFR,Africa,BDI,Burundi,2014,Male,15.26
AFR,Africa,BDI,Burundi,2015,Female,64.59
AFR,Africa,BDI,Burundi,2015,Female,17.29
AFR,Africa,BDI,Burundi,2015,Male,60.78
AFR,Africa,BDI,Burundi,2015,Male,15.36
AFR,Africa,BDI,Burundi,2016,Female,65.14
AFR,Africa,BDI,Burundi,2016,Female,17.39
AFR,Africa,BDI,Burundi,2016,Male,61.3
AFR,Africa,BDI,Burundi,2016,Male,15.42
AFR,Africa,BDI,Burundi,2017,Female,65.59
AFR,Africa,BDI,Burundi,2017,Female,17.43
AFR,Africa,BDI,Burundi,2017,Male,61.73
AFR,Africa,BDI,Burundi,2017,Male,15.47
AFR,Africa,BDI,Burundi,2018,Female,65.97
AFR,Africa,BDI,Burundi,2018,Female,17.43
AFR,Africa,BDI,Burundi,2018,Male,62.05
AFR,Africa,BDI,Burundi,2018,Male,15.48
AFR,Africa,BDI,Burundi,2019,Female,66.23
AFR,Africa,BDI,Burundi,2019,Female,17.42
AFR,Africa,BDI,Burundi,2019,Male,62.37
AFR,Africa,BDI,Burundi,2019,Male,15.46
AFR,Africa,BDI,Burundi,2020,Female,66.67
AFR,Africa,BDI,Burundi,2020,Female,17.39
AFR,Africa,BDI,Burundi,2020,Male,62.5
AFR,Africa,BDI,Burundi,2020,Male,15.01
AFR,Africa,BDI,Burundi,2021,Female,65.95
AFR,Africa,BDI,Burundi,2021,Female,16.94
AFR,Africa,BDI,Burundi,2021,Male,62.05
AFR,Africa,BDI,Burundi,2021,Male,15.02
AFR,Africa,CPV,Cabo Verde,2000,Female,75.06
AFR,Africa,CPV,Cabo Verde,2000,Female,22.4
AFR,Africa,CPV,Cabo Verde,2000,Male,67.7
AFR,Africa,CPV,Cabo Verde,2000,Male,18.51
AFR,Africa,CPV,Cabo Verde,2001,Female,75.39
AFR,Africa,CPV,Cabo Verde,2001,Female,22.49
AFR,Africa,CPV,Cabo Verde,2001,Male,67.97
AFR,Africa,CPV,Cabo Verde,2001,Male,18.51
AFR,Africa,CPV,Cabo Verde,2002,Female,75.65
AFR,Africa,CPV,Cabo Verde,2002,Female,22.57
AFR,Africa,CPV,Cabo Verde,2002,Male,68.15
AFR,Africa,CPV,Cabo Verde,2002,Male,18.5
AFR,Africa,CPV,Cabo Verde,2003,Female,75.87
AFR,Africa,CPV,Cabo Verde,2003,Female,22.63
AFR,Africa,CPV,Cabo Verde,2003,Male,68.26
AFR,Africa,CPV,Cabo Verde,2003,Male,18.47
AFR,Africa,CPV,Cabo Verde,2004,Female,76.06
AFR,Africa,CPV,Cabo Verde,2004,Female,22.69
AFR,Africa,CPV,Cabo Verde,2004,Male,68.34
AFR,Africa,CPV,Cabo Verde,2004,Male,18.43
AFR,Africa,CPV,Cabo Verde,2005,Female,76.35
AFR,Africa,CPV,Cabo Verde,2005,Female,22.75
AFR,Africa,CPV,Cabo Verde,2005,Male,68.47
AFR,Africa,CPV,Cabo Verde,2005,Male,18.39
AFR,Africa,CPV,Cabo Verde,2006,Female,76.67
AFR,Africa,CPV,Cabo Verde,2006,Female,22.82
AFR,Africa,CPV,Cabo Verde,2006,Male,69.74
AFR,Africa,CPV,Cabo Verde,2006,Male,19.76
AFR,Africa,CPV,Cabo Verde,2007,Female,76.79
AFR,Africa,CPV,Cabo Verde,2007,Female,22.84
AFR,Africa,CPV,Cabo Verde,2007,Male,69.83
AFR,Africa,CPV,Cabo Verde,2007,Male,20.21
AFR,Africa,CPV,Cabo Verde,2008,Female,77.11
AFR,Africa,CPV,Cabo Verde,2008,Female,22.91
AFR,Africa,CPV,Cabo Verde,2008,Male,70.46
AFR,Africa,CPV,Cabo Verde,2008,Male,20.32
AFR,Africa,CPV,Cabo Verde,2009,Female,77.19
AFR,Africa,CPV,Cabo Verde,2009,Female,22.92
AFR,Africa,CPV,Cabo Verde,2009,Male,70.55
AFR,Africa,CPV,Cabo Verde,2009,Male,20.39
AFR,Africa,CPV,Cabo Verde,2010,Female,77.4
AFR,Africa,CPV,Cabo Verde,2010,Female,22.95
AFR,Africa,CPV,Cabo Verde,2010,Male,70.86
AFR,Africa,CPV,Cabo Verde,2010,Male,20.6
AFR,Africa,CPV,Cabo Verde,2011,Female,77.46
AFR,Africa,CPV,Cabo Verde,2011,Female,22.68
AFR,Africa,CPV,Cabo Verde,2011,Male,71.02
AFR,Africa,CPV,Cabo Verde,2011,Male,20.55
AFR,Africa,CPV,Cabo Verde,2012,Female,77.64
AFR,Africa,CPV,Cabo Verde,2012,Female,22.69
AFR,Africa,CPV,Cabo Verde,2012,Male,71.09
AFR,Africa,CPV,Cabo Verde,2012,Male,20.4
AFR,Africa,CPV,Cabo Verde,2013,Female,77.87
AFR,Africa,CPV,Cabo Verde,2013,Female,22.73
AFR,Africa,CPV,Cabo Verde,2013,Male,71.34
AFR,Africa,CPV,Cabo Verde,2013,Male,20.42
AFR,Africa,CPV,Cabo Verde,2014,Female,77.86
AFR,Africa,CPV,Cabo Verde,2014,Female,22.49
AFR,Africa,CPV,Cabo Verde,2014,Male,71.74
AFR,Africa,CPV,Cabo Verde,2014,Male,20.63
AFR,Africa,CPV,Cabo Verde,2015,Female,77.72
AFR,Africa,CPV,Cabo Verde,2015,Female,22.15
AFR,Africa,CPV,Cabo Verde,2015,Male,71.88
AFR,Africa,CPV,Cabo Verde,2015,Male,20.66
AFR,Africa,CPV,Cabo Verde,2016,Female,77.59
AFR,Africa,CPV,Cabo Verde,2016,Female,21.7
AFR,Africa,CPV,Cabo Verde,2016,Male,72.19
AFR,Africa,CPV,Cabo Verde,2016,Male,20.65
AFR,Africa,CPV,Cabo Verde,2017,Female,77.81
AFR,Africa,CPV,Cabo Verde,2017,Female,21.78
AFR,Africa,CPV,Cabo Verde,2017,Male,71.99
AFR,Africa,CPV,Cabo Verde,2017,Male,20.14
AFR,Africa,CPV,Cabo Verde,2018,Female,78.03
AFR,Africa,CPV,Cabo Verde,2018,Female,21.86
AFR,Africa,CPV,Cabo Verde,2018,Male,69.51
AFR,Africa,CPV,Cabo Verde,2018,Male,16.47
AFR,Africa,CPV,Cabo Verde,2019,Female,78.23
AFR,Africa,CPV,Cabo Verde,2019,Female,21.95
AFR,Africa,CPV,Cabo Verde,2019,Male,69.71
AFR,Africa,CPV,Cabo Verde,2019,Male,16.54
AFR,Africa,CPV,Cabo Verde,2020,Female,78.18
AFR,Africa,CPV,Cabo Verde,2020,Female,22.01
AFR,Africa,CPV,Cabo Verde,2020,Male,69.09
AFR,Africa,CPV,Cabo Verde,2020,Male,15.61
AFR,Africa,CPV,Cabo Verde,2021,Female,77.44
AFR,Africa,CPV,Cabo Verde,2021,Female,21.29
AFR,Africa,CPV,Cabo Verde,2021,Male,68.8
AFR,Africa,CPV,Cabo Verde,2021,Male,16.01
WPR,Western Pacific,KHM,Cambodia,2000,Female,61.18
WPR,Western Pacific,KHM,Cambodia,2000,Female,16.24
WPR,Western Pacific,KHM,Cambodia,2000,Male,56.78
WPR,Western Pacific,KHM,Cambodia,2000,Male,14.08
WPR,Western Pacific,KHM,Cambodia,2001,Female,62.18
WPR,Western Pacific,KHM,Cambodia,2001,Female,16.43
WPR,Western Pacific,KHM,Cambodia,2001,Male,57.63
WPR,Western Pacific,KHM,Cambodia,2001,Male,14.24
WPR,Western Pacific,KHM,Cambodia,2002,Female,63.2
WPR,Western Pacific,KHM,Cambodia,2002,Female,16.63
WPR,Western Pacific,KHM,Cambodia,2002,Male,58.54
WPR,Western Pacific,KHM,Cambodia,2002,Male,14.39
WPR,Western Pacific,KHM,Cambodia,2003,Female,64.17
WPR,Western Pacific,KHM,Cambodia,2003,Female,16.85
WPR,Western Pacific,KHM,Cambodia,2003,Male,59.38
WPR,Western Pacific,KHM,Cambodia,2003,Male,14.54
WPR,Western Pacific,KHM,Cambodia,2004,Female,65.09
WPR,Western Pacific,KHM,Cambodia,2004,Female,17.08
WPR,Western Pacific,KHM,Cambodia,2004,Male,60.15
WPR,Western Pacific,KHM,Cambodia,2004,Male,14.68
WPR,Western Pacific,KHM,Cambodia,2005,Female,66.0
WPR,Western Pacific,KHM,Cambodia,2005,Female,17.32
WPR,Western Pacific,KHM,Cambodia,2005,Male,60.93
WPR,Western Pacific,KHM,Cambodia,2005,Male,14.84
WPR,Western Pacific,KHM,Cambodia,2006,Female,66.88
WPR,Western Pacific,KHM,Cambodia,2006,Female,17.53
WPR,Western Pacific,KHM,Cambodia,2006,Male,61.69
WPR,Western Pacific,KHM,Cambodia,2006,Male,14.97
WPR,Western Pacific,KHM,Cambodia,2007,Female,67.64
WPR,Western Pacific,KHM,Cambodia,2007,Female,17.69
WPR,Western Pacific,KHM,Cambodia,2007,Male,62.31
WPR,Western Pacific,KHM,Cambodia,2007,Male,15.02
WPR,Western Pacific,KHM,Cambodia,2008,Female,68.38
WPR,Western Pacific,KHM,Cambodia,2008,Female,17.85
WPR,Western Pacific,KHM,Cambodia,2008,Male,62.92
WPR,Western Pacific,KHM,Cambodia,2008,Male,15.09
WPR,Western Pacific,KHM,Cambodia,2009,Female,68.98
WPR,Western Pacific,KHM,Cambodia,2009,Female,17.96
WPR,Western Pacific,KHM,Cambodia,2009,Male,63.4
WPR,Western Pacific,KHM,Cambodia,2009,Male,15.11
WPR,Western Pacific,KHM,Cambodia,2010,Female,69.49
WPR,Western Pacific,KHM,Cambodia,2010,Female,18.04
WPR,Western Pacific,KHM,Cambodia,2010,Male,63.81
WPR,Western Pacific,KHM,Cambodia,2010,Male,15.15
WPR,Western Pacific,KHM,Cambodia,2011,Female,69.99
WPR,Western Pacific,KHM,Cambodia,2011,Female,18.14
WPR,Western Pacific,KHM,Cambodia,2011,Male,64.35
WPR,Western Pacific,KHM,Cambodia,2011,Male,15.21
WPR,Western Pacific,KHM,Cambodia,2012,Female,70.46
WPR,Western Pacific,KHM,Cambodia,2012,Female,18.23
WPR,Western Pacific,KHM,Cambodia,2012,Male,64.82
WPR,Western Pacific,KHM,Cambodia,2012,Male,15.28
WPR,Western Pacific,KHM,Cambodia,2013,Female,70.8
WPR,Western Pacific,KHM,Cambodia,2013,Female,18.29
WPR,Western Pacific,KHM,Cambodia,2013,Male,65.23
WPR,Western Pacific,KHM,Cambodia,2013,Male,15.36
WPR,Western Pacific,KHM,Cambodia,2014,Female,71.1
WPR,Western Pacific,KHM,Cambodia,2014,Female,18.34
WPR,Western Pacific,KHM,Cambodia,2014,Male,65.57
WPR,Western Pacific,KHM,Cambodia,2014,Male,15.41
WPR,Western Pacific,KHM,Cambodia,2015,Female,71.36
WPR,Western Pacific,KHM,Cambodia,2015,Female,18.39
WPR,Western Pacific,KHM,Cambodia,2015,Male,65.84
WPR,Western Pacific,KHM,Cambodia,2015,Male,15.46
WPR,Western Pacific,KHM,Cambodia,2016,Female,71.57
WPR,Western Pacific,KHM,Cambodia,2016,Female,18.43
WPR,Western Pacific,KHM,Cambodia,2016,Male,66.12
WPR,Western Pacific,KHM,Cambodia,2016,Male,15.52
WPR,Western Pacific,KHM,Cambodia,2017,Female,71.78
WPR,Western Pacific,KHM,Cambodia,2017,Female,18.47
WPR,Western Pacific,KHM,Cambodia,2017,Male,66.36
WPR,Western Pacific,KHM,Cambodia,2017,Male,15.56
WPR,Western Pacific,KHM,Cambodia,2018,Female,71.98
WPR,Western Pacific,KHM,Cambodia,2018,Female,18.52
WPR,Western Pacific,KHM,Cambodia,2018,Male,66.63
WPR,Western Pacific,KHM,Cambodia,2018,Male,15.64
WPR,Western Pacific,KHM,Cambodia,2019,Female,72.16
WPR,Western Pacific,KHM,Cambodia,2019,Female,18.57
WPR,Western Pacific,KHM,Cambodia,2019,Male,66.87
WPR,Western Pacific,KHM,Cambodia,2019,Male,15.72
WPR,Western Pacific,KHM,Cambodia,2020,Female,72.52
WPR,Western Pacific,KHM,Cambodia,2020,Female,18.67
WPR,Western Pacific,KHM,Cambodia,2020,Male,67.09
WPR,Western Pacific,KHM,Cambodia,2020,Male,15.5
WPR,Western Pacific,KHM,Cambodia,2021,Female,71.45
WPR,Western Pacific,KHM,Cambodia,2021,Female,17.96
WPR,Western Pacific,KHM,Cambodia,2021,Male,66.35
WPR,Western Pacific,KHM,Cambodia,2021,Male,15.27
AFR,Africa,CMR,Cameroon,2000,Female,54.29
AFR,Africa,CMR,Cameroon,2000,Female,15.86
AFR,Africa,CMR,Cameroon,2000,Male,51.64
AFR,Africa,CMR,Cameroon,2000,Male,13.64
AFR,Africa,CMR,Cameroon,2001,Female,54.15
AFR,Africa,CMR,Cameroon,2001,Female,15.83
AFR,Africa,CMR,Cameroon,2001,Male,51.65
AFR,Africa,CMR,Cameroon,2001,Male,13.6
AFR,Africa,CMR,Cameroon,2002,Female,54.09
AFR,Africa,CMR,Cameroon,2002,Female,15.78
AFR,Africa,CMR,Cameroon,2002,Male,51.72
AFR,Africa,CMR,Cameroon,2002,Male,13.55
AFR,Africa,CMR,Cameroon,2003,Female,54.22
AFR,Africa,CMR,Cameroon,2003,Female,15.81
AFR,Africa,CMR,Cameroon,2003,Male,51.9
AFR,Africa,CMR,Cameroon,2003,Male,13.57
AFR,Africa,CMR,Cameroon,2004,Female,54.76
AFR,Africa,CMR,Cameroon,2004,Female,15.91
AFR,Africa,CMR,Cameroon,2004,Male,52.38
AFR,Africa,CMR,Cameroon,2004,Male,13.66
AFR,Africa,CMR,Cameroon,2005,Female,55.38
AFR,Africa,CMR,Cameroon,2005,Female,16.03
AFR,Africa,CMR,Cameroon,2005,Male,52.88
AFR,Africa,CMR,Cameroon,2005,Male,13.76
AFR,Africa,CMR,Cameroon,2006,Female,55.79
AFR,Africa,CMR,Cameroon,2006,Female,16.13
AFR,Africa,CMR,Cameroon,2006,Male,53.27
AFR,Africa,CMR,Cameroon,2006,Male,13.85
AFR,Africa,CMR,Cameroon,2007,Female,56.35
AFR,Africa,CMR,Cameroon,2007,Female,16.23
AFR,Africa,CMR,Cameroon,2007,Male,53.68
AFR,Africa,CMR,Cameroon,2007,Male,13.89
AFR,Africa,CMR,Cameroon,2008,Female,57.1
AFR,Africa,CMR,Cameroon,2008,Female,16.42
AFR,Africa,CMR,Cameroon,2008,Male,54.31
AFR,Africa,CMR,Cameroon,2008,Male,14.04
AFR,Africa,CMR,Cameroon,2009,Female,57.69
AFR,Africa,CMR,Cameroon,2009,Female,16.57
AFR,Africa,CMR,Cameroon,2009,Male,54.87
AFR,Africa,CMR,Cameroon,2009,Male,14.21
AFR,Africa,CMR,Cameroon,2010,Female,58.19
AFR,Africa,CMR,Cameroon,2010,Female,16.69
AFR,Africa,CMR,Cameroon,2010,Male,55.4
AFR,Africa,CMR,Cameroon,2010,Male,14.37
AFR,Africa,CMR,Cameroon,2011,Female,58.71
AFR,Africa,CMR,Cameroon,2011,Female,16.78
AFR,Africa,CMR,Cameroon,2011,Male,55.83
AFR,Africa,CMR,Cameroon,2011,Male,14.5
AFR,Africa,CMR,Cameroon,2012,Female,59.48
AFR,Africa,CMR,Cameroon,2012,Female,16.9
AFR,Africa,CMR,Cameroon,2012,Male,56.12
AFR,Africa,CMR,Cameroon,2012,Male,14.55
AFR,Africa,CMR,Cameroon,2013,Female,60.07
AFR,Africa,CMR,Cameroon,2013,Female,17.02
AFR,Africa,CMR,Cameroon,2013,Male,56.33
AFR,Africa,CMR,Cameroon,2013,Male,14.63
AFR,Africa,CMR,Cameroon,2014,Female,60.31
AFR,Africa,CMR,Cameroon,2014,Female,17.06
AFR,Africa,CMR,Cameroon,2014,Male,56.63
AFR,Africa,CMR,Cameroon,2014,Male,14.74
AFR,Africa,CMR,Cameroon,2015,Female,60.82
AFR,Africa,CMR,Cameroon,2015,Female,17.18
AFR,Africa,CMR,Cameroon,2015,Male,57.22
AFR,Africa,CMR,Cameroon,2015,Male,14.9
AFR,Africa,CMR,Cameroon,2016,Female,61.6
AFR,Africa,CMR,Cameroon,2016,Female,17.34
AFR,Africa,CMR,Cameroon,2016,Male,58.04
AFR,Africa,CMR,Cameroon,2016,Male,15.12
AFR,Africa,CMR,Cameroon,2017,Female,62.53
AFR,Africa,CMR,Cameroon,2017,Female,17.53
AFR,Africa,CMR,Cameroon,2017,Male,58.83
AFR,Africa,CMR,Cameroon,2017,Male,15.3
AFR,Africa,CMR,Cameroon,2018,Female,63.38
AFR,Africa,CMR,Cameroon,2018,Female,17.74
AFR,Africa,CMR,Cameroon,2018,Male,59.47
AFR,Africa,CMR,Cameroon,2018,Male,15.5
AFR,Africa,CMR,Cameroon,2019,Female,64.06
AFR,Africa,CMR,Cameroon,2019,Female,17.89
AFR,Africa,CMR,Cameroon,2019,Male,60.08
AFR,Africa,CMR,Cameroon,2019,Male,15.66
AFR,Africa,CMR,Cameroon,2020,Female,64.39
AFR,Africa,CMR,Cameroon,2020,Female,17.56
AFR,Africa,CMR,Cameroon,2020,Male,60.1
AFR,Africa,CMR,Cameroon,2020,Male,14.92
AFR,Africa,CMR,Cameroon,2021,Female,63.72
AFR,Africa,CMR,Cameroon,2021,Female,17.03
AFR,Africa,CMR,Cameroon,2021,Male,59.89
AFR,Africa,CMR,Cameroon,2021,Male,15.03
AMR,Americas,CAN,Canada,2000,Female,81.54
AMR,Americas,CAN,Canada,2000,Female,24.23
AMR,Americas,CAN,Canada,2000,Male,76.53
AMR,Americas,CAN,Canada,2000,Male,20.48
AMR,Americas,CAN,Canada,2001,Female,81.71
AMR,Americas,CAN,Canada,2001,Female,24.37
AMR,Americas,CAN,Canada,2001,Male,76.8
AMR,Americas,CAN,Canada,2001,Male,20.75
AMR,Americas,CAN,Canada,2002,Female,81.7
AMR,Americas,CAN,Canada,2002,Female,24.37
AMR,Americas,CAN,Canada,2002,Male,77.03
AMR,Americas,CAN,Canada,2002,Male,20.88
AMR,Americas,CAN,Canada,2003,Female,81.89
AMR,Americas,CAN,Canada,2003,Female,24.51
AMR,Americas,CAN,Canada,2003,Male,77.16
AMR,Americas,CAN,Canada,2003,Male,21.05
AMR,Americas,CAN,Canada,2004,Female,82.08
AMR,Americas,CAN,Canada,2004,Female,24.66
AMR,Americas,CAN,Canada,2004,Male,77.51
AMR,Americas,CAN,Canada,2004,Male,21.31
AMR,Americas,CAN,Canada,2005,Female,82.15
AMR,Americas,CAN,Canada,2005,Female,24.76
AMR,Americas,CAN,Canada,2005,Male,77.64
AMR,Americas,CAN,Canada,2005,Male,21.52
AMR,Americas,CAN,Canada,2006,Female,82.53
AMR,Americas,CAN,Canada,2006,Female,25.09
AMR,Americas,CAN,Canada,2006,Male,78.1
AMR,Americas,CAN,Canada,2006,Male,21.89
AMR,Americas,CAN,Canada,2007,Female,82.54
AMR,Americas,CAN,Canada,2007,Female,25.09
AMR,Americas,CAN,Canada,2007,Male,78.13
AMR,Americas,CAN,Canada,2007,Male,21.91
AMR,Americas,CAN,Canada,2008,Female,82.66
AMR,Americas,CAN,Canada,2008,Female,25.23
AMR,Americas,CAN,Canada,2008,Male,78.36
AMR,Americas,CAN,Canada,2008,Male,22.08
AMR,Americas,CAN,Canada,2009,Female,82.92
AMR,Americas,CAN,Canada,2009,Female,25.47
AMR,Americas,CAN,Canada,2009,Male,78.74
AMR,Americas,CAN,Canada,2009,Male,22.37
AMR,Americas,CAN,Canada,2010,Female,83.14
AMR,Americas,CAN,Canada,2010,Female,25.59
AMR,Americas,CAN,Canada,2010,Male,79.05
AMR,Americas,CAN,Canada,2010,Male,22.65
AMR,Americas,CAN,Canada,2011,Female,83.3
AMR,Americas,CAN,Canada,2011,Female,25.71
AMR,Americas,CAN,Canada,2011,Male,79.41
AMR,Americas,CAN,Canada,2011,Male,22.86
AMR,Americas,CAN,Canada,2012,Female,83.39
AMR,Americas,CAN,Canada,2012,Female,25.86
AMR,Americas,CAN,Canada,2012,Male,79.51
AMR,Americas,CAN,Canada,2012,Male,22.97
AMR,Americas,CAN,Canada,2013,Female,83.42
AMR,Americas,CAN,Canada,2013,Female,25.85
AMR,Americas,CAN,Canada,2013,Male,79.62
AMR,Americas,CAN,Canada,2013,Male,23.08
AMR,Americas,CAN,Canada,2014,Female,83.47
AMR,Americas,CAN,Canada,2014,Female,25.89
AMR,Americas,CAN,Canada,2014,Male,79.65
AMR,Americas,CAN,Canada,2014,Male,23.11
AMR,Americas,CAN,Canada,2015,Female,83.48
AMR,Americas,CAN,Canada,2015,Female,25.87
AMR,Americas,CAN,Canada,2015,Male,79.76
AMR,Americas,CAN,Canada,2015,Male,23.23
AMR,Americas,CAN,Canada,2016,Female,83.59
AMR,Americas,CAN,Canada,2016,Female,26.04
AMR,Americas,CAN,Canada,2016,Male,79.85
AMR,Americas,CAN,Canada,2016,Male,23.4
AMR,Americas,CAN,Canada,2017,Female,83.62
AMR,Americas,CAN,Canada,2017,Female,26.02
AMR,Americas,CAN,Canada,2017,Male,79.76
AMR,Americas,CAN,Canada,2017,Male,23.4
AMR,Americas,CAN,Canada,2018,Female,83.61
AMR,Americas,CAN,Canada,2018,Female,26.02
AMR,Americas,CAN,Canada,2018,Male,79.84
AMR,Americas,CAN,Canada,2018,Male,23.47
AMR,Americas,CAN,Canada,2019,Female,83.9
AMR,Americas,CAN,Canada,2019,Female,26.23
AMR,Americas,CAN,Canada,2019,Male,80.12
AMR,Americas,CAN,Canada,2019,Male,23.66
AMR,Americas,CAN,Canada,2020,Female,83.32
AMR,Americas,CAN,Canada,2020,Female,25.9
AMR,Americas,CAN,Canada,2020,Male,79.28
AMR,Americas,CAN,Canada,2020,Male,23.3
AMR,Americas,CAN,Canada,2021,Female,83.81
AMR,Americas,CAN,Canada,2021,Female,26.21
AMR,Americas,CAN,Canada,2021,Male,79.37
AMR,Americas,CAN,Canada,2021,Male,23.26
AFR,Africa,CAF,Central African Republic,2000,Female,45.44
AFR,Africa,CAF,Central African Republic,2000,Female,12.7
AFR,Africa,CAF,Central African Republic,2000,Male,43.42
AFR,Africa,CAF,Central African Republic,2000,Male,10.02
AFR,Africa,CAF,Central African Republic,2001,Female,45.69
AFR,Africa,CAF,Central African Republic,2001,Female,12.76
AFR,Africa,CAF,Central African Republic,2001,Male,43.63
AFR,Africa,CAF,Central African Republic,2001,Male,10.08
AFR,Africa,CAF,Central African Republic,2002,Female,46.04
AFR,Africa,CAF,Central African Republic,2002,Female,12.8
AFR,Africa,CAF,Central African Republic,2002,Male,43.87
AFR,Africa,CAF,Central African Republic,2002,Male,10.11
AFR,Africa,CAF,Central African Republic,2003,Female,46.45
AFR,Africa,CAF,Central African Republic,2003,Female,12.84
AFR,Africa,CAF,Central African Republic,2003,Male,44.32
AFR,Africa,CAF,Central African Republic,2003,Male,10.16
AFR,Africa,CAF,Central African Republic,2004,Female,46.91
AFR,Africa,CAF,Central African Republic,2004,Female,12.9
AFR,Africa,CAF,Central African Republic,2004,Male,44.67
AFR,Africa,CAF,Central African Republic,2004,Male,10.21
AFR,Africa,CAF,Central African Republic,2005,Female,47.51
AFR,Africa,CAF,Central African Republic,2005,Female,12.99
AFR,Africa,CAF,Central African Republic,2005,Male,45.12
AFR,Africa,CAF,Central African Republic,2005,Male,10.28
AFR,Africa,CAF,Central African Republic,2006,Female,48.21
AFR,Africa,CAF,Central African Republic,2006,Female,13.09
AFR,Africa,CAF,Central African Republic,2006,Male,45.54
AFR,Africa,CAF,Central African Republic,2006,Male,10.35
AFR,Africa,CAF,Central African Republic,2007,Female,49.06
AFR,Africa,CAF,Central African Republic,2007,Female,13.23
AFR,Africa,CAF,Central African Republic,2007,Male,46.09
AFR,Africa,CAF,Central African Republic,2007,Male,10.43
AFR,Africa,CAF,Central African Republic,2008,Female,50.13
AFR,Africa,CAF,Central African Republic,2008,Female,13.41
AFR,Africa,CAF,Central African Republic,2008,Male,46.85
AFR,Africa,CAF,Central African Republic,2008,Male,10.53
AFR,Africa,CAF,Central African Republic,2009,Female,50.83
AFR,Africa,CAF,Central African Republic,2009,Female,13.54
AFR,Africa,CAF,Central African Republic,2009,Male,47.29
AFR,Africa,CAF,Central African Republic,2009,Male,10.62
AFR,Africa,CAF,Central African Republic,2010,Female,51.16
AFR,Africa,CAF,Central African Republic,2010,Female,13.6
AFR,Africa,CAF,Central African Republic,2010,Male,47.6
AFR,Africa,CAF,Central African Republic,2010,Male,10.69
AFR,Africa,CAF,Central African Republic,2011,Female,51.39
AFR,Africa,CAF,Central African Republic,2011,Female,13.63
AFR,Africa,CAF,Central African Republic,2011,Male,47.88
AFR,Africa,CAF,Central African Republic,2011,Male,10.75
AFR,Africa,CAF,Central African Republic,2012,Female,51.73
AFR,Africa,CAF,Central African Republic,2012,Female,13.68
AFR,Africa,CAF,Central African Republic,2012,Male,48.22
AFR,Africa,CAF,Central African Republic,2012,Male,10.84
AFR,Africa,CAF,Central African Republic,2013,Female,51.72
AFR,Africa,CAF,Central African Republic,2013,Female,13.64
AFR,Africa,CAF,Central African Republic,2013,Male,47.25
AFR,Africa,CAF,Central African Republic,2013,Male,10.8
AFR,Africa,CAF,Central African Republic,2014,Female,52.09
AFR,Africa,CAF,Central African Republic,2014,Female,13.7
AFR,Africa,CAF,Central African Republic,2014,Male,46.67
AFR,Africa,CAF,Central African Republic,2014,Male,10.81
AFR,Africa,CAF,Central African Republic,2015,Female,53.34
AFR,Africa,CAF,Central African Republic,2015,Female,13.87
AFR,Africa,CAF,Central African Republic,2015,Male,48.9
AFR,Africa,CAF,Central African Republic,2015,Male,10.95
AFR,Africa,CAF,Central African Republic,2016,Female,54.2
AFR,Africa,CAF,Central African Republic,2016,Female,13.99
AFR,Africa,CAF,Central African Republic,2016,Male,49.15
AFR,Africa,CAF,Central African Republic,2016,Male,10.98
AFR,Africa,CAF,Central African Republic,2017,Female,54.69
AFR,Africa,CAF,Central African Republic,2017,Female,14.08
AFR,Africa,CAF,Central African Republic,2017,Male,48.32
AFR,Africa,CAF,Central African Republic,2017,Male,10.97
AFR,Africa,CAF,Central African Republic,2018,Female,55.29
AFR,Africa,CAF,Central African Republic,2018,Female,14.16
AFR,Africa,CAF,Central African Republic,2018,Male,49.39
AFR,Africa,CAF,Central African Republic,2018,Male,11.06
AFR,Africa,CAF,Central African Republic,2019,Female,55.89
AFR,Africa,CAF,Central African Republic,2019,Female,14.27
AFR,Africa,CAF,Central African Republic,2019,Male,50.31
AFR,Africa,CAF,Central African Republic,2019,Male,11.19
AFR,Africa,CAF,Central African Republic,2020,Female,56.03
AFR,Africa,CAF,Central African Republic,2020,Female,13.81
AFR,Africa,CAF,Central African Republic,2020,Male,50.49
AFR,Africa,CAF,Central African Republic,2020,Male,10.54
AFR,Africa,CAF,Central African Republic,2021,Female,55.38
AFR,Africa,CAF,Central African Republic,2021,Female,13.63
AFR,Africa,CAF,Central African Republic,2021,Male,49.57
AFR,Africa,CAF,Central African Republic,2021,Male,10.69
AFR,Africa,TCD,Chad,2000,Female,52.86
AFR,Africa,TCD,Chad,2000,Female,15.57
AFR,Africa,TCD,Chad,2000,Male,49.52
AFR,Africa,TCD,Chad,2000,Male,13.63
AFR,Africa,TCD,Chad,2001,Female,53.14
AFR,Africa,TCD,Chad,2001,Female,15.57
AFR,Africa,TCD,Chad,2001,Male,50.07
AFR,Africa,TCD,Chad,2001,Male,13.66
AFR,Africa,TCD,Chad,2002,Female,53.3
AFR,Africa,TCD,Chad,2002,Female,15.52
AFR,Africa,TCD,Chad,2002,Male,50.31
AFR,Africa,TCD,Chad,2002,Male,13.65
AFR,Africa,TCD,Chad,2003,Female,53.53
AFR,Africa,TCD,Chad,2003,Female,15.47
AFR,Africa,TCD,Chad,2003,Male,50.71
AFR,Africa,TCD,Chad,2003,Male,13.68
AFR,Africa,TCD,Chad,2004,Female,53.89
AFR,Africa,TCD,Chad,2004,Female,15.56
AFR,Africa,TCD,Chad,2004,Male,51.1
AFR,Africa,TCD,Chad,2004,Male,13.84
AFR,Africa,TCD,Chad,2005,Female,54.36
AFR,Africa,TCD,Chad,2005,Female,15.68
AFR,Africa,TCD,Chad,2005,Male,51.56
AFR,Africa,TCD,Chad,2005,Male,14.01
AFR,Africa,TCD,Chad,2006,Female,54.75
AFR,Africa,TCD,Chad,2006,Female,15.75
AFR,Africa,TCD,Chad,2006,Male,51.48
AFR,Africa,TCD,Chad,2006,Male,14.08
AFR,Africa,TCD,Chad,2007,Female,55.41
AFR,Africa,TCD,Chad,2007,Female,15.82
AFR,Africa,TCD,Chad,2007,Male,52.57
AFR,Africa,TCD,Chad,2007,Male,14.18
AFR,Africa,TCD,Chad,2008,Female,55.92
AFR,Africa,TCD,Chad,2008,Female,15.84
AFR,Africa,TCD,Chad,2008,Male,52.92
AFR,Africa,TCD,Chad,2008,Male,14.22
AFR,Africa,TCD,Chad,2009,Female,56.65
AFR,Africa,TCD,Chad,2009,Female,15.96
AFR,Africa,TCD,Chad,2009,Male,53.77
AFR,Africa,TCD,Chad,2009,Male,14.37
AFR,Africa,TCD,Chad,2010,Female,57.21
AFR,Africa,TCD,Chad,2010,Female,16.05
AFR,Africa,TCD,Chad,2010,Male,54.27
AFR,Africa,TCD,Chad,2010,Male,14.47
AFR,Africa,TCD,Chad,2011,Female,57.69
AFR,Africa,TCD,Chad,2011,Female,16.15
AFR,Africa,TCD,Chad,2011,Male,54.7
AFR,Africa,TCD,Chad,2011,Male,14.58
AFR,Africa,TCD,Chad,2012,Female,58.1
AFR,Africa,TCD,Chad,2012,Female,16.24
AFR,Africa,TCD,Chad,2012,Male,55.13
AFR,Africa,TCD,Chad,2012,Male,14.7
AFR,Africa,TCD,Chad,2013,Female,58.5
AFR,Africa,TCD,Chad,2013,Female,16.33
AFR,Africa,TCD,Chad,2013,Male,55.56
AFR,Africa,TCD,Chad,2013,Male,14.82
AFR,Africa,TCD,Chad,2014,Female,58.91
AFR,Africa,TCD,Chad,2014,Female,16.43
AFR,Africa,TCD,Chad,2014,Male,56.04
AFR,Africa,TCD,Chad,2014,Male,14.99
AFR,Africa,TCD,Chad,2015,Female,59.37
AFR,Africa,TCD,Chad,2015,Female,16.49
AFR,Africa,TCD,Chad,2015,Male,56.35
AFR,Africa,TCD,Chad,2015,Male,15.06
AFR,Africa,TCD,Chad,2016,Female,59.76
AFR,Africa,TCD,Chad,2016,Female,16.57
AFR,Africa,TCD,Chad,2016,Male,56.89
AFR,Africa,TCD,Chad,2016,Male,15.16
AFR,Africa,TCD,Chad,2017,Female,60.05
AFR,Africa,TCD,Chad,2017,Female,16.6
AFR,Africa,TCD,Chad,2017,Male,57.19
AFR,Africa,TCD,Chad,2017,Male,15.2
AFR,Africa,TCD,Chad,2018,Female,60.46
AFR,Africa,TCD,Chad,2018,Female,16.64
AFR,Africa,TCD,Chad,2018,Male,57.48
AFR,Africa,TCD,Chad,2018,Male,15.25
AFR,Africa,TCD,Chad,2019,Female,60.94
AFR,Africa,TCD,Chad,2019,Female,16.71
AFR,Africa,TCD,Chad,2019,Male,57.84
AFR,Africa,TCD,Chad,2019,Male,15.34
AFR,Africa,TCD,Chad,2020,Female,60.87
AFR,Africa,TCD,Chad,2020,Female,16.18
AFR,Africa,TCD,Chad,2020,Male,57.6
AFR,Africa,TCD,Chad,2020,Male,14.39
AFR,Africa,TCD,Chad,2021,Female,60.67
AFR,Africa,TCD,Chad,2021,Female,16.1
AFR,Africa,TCD,Chad,2021,Male,57.53
AFR,Africa,TCD,Chad,2021,Male,14.76
AMR,Americas,CHL,Chile,2000,Female,79.64
AMR,Americas,CHL,Chile,2000,Female,22.97
AMR,Americas,CHL,Chile,2000,Male,73.88
AMR,Americas,CHL,Chile,2000,Male,19.42
AMR,Americas,CHL,Chile,2001,Female,79.63
AMR,Americas,CHL,Chile,2001,Female,23.02
AMR,Americas,CHL,Chile,2001,Male,73.82
AMR,Americas,CHL,Chile,2001,Male,19.45
AMR,Americas,CHL,Chile,2002,Female,80.24
AMR,Americas,CHL,Chile,2002,Female,23.39
AMR,Americas,CHL,Chile,2002,Male,74.37
AMR,Americas,CHL,Chile,2002,Male,19.78
AMR,Americas,CHL,Chile,2003,Female,80.27
AMR,Americas,CHL,Chile,2003,Female,23.42
AMR,Americas,CHL,Chile,2003,Male,74.55
AMR,Americas,CHL,Chile,2003,Male,19.85
AMR,Americas,CHL,Chile,2004,Female,80.32
AMR,Americas,CHL,Chile,2004,Female,23.44
AMR,Americas,CHL,Chile,2004,Male,74.71
AMR,Americas,CHL,Chile,2004,Male,19.99
AMR,Americas,CHL,Chile,2005,Female,80.74
AMR,Americas,CHL,Chile,2005,Female,23.76
AMR,Americas,CHL,Chile,2005,Male,75.19
AMR,Americas,CHL,Chile,2005,Male,20.29
AMR,Americas,CHL,Chile,2006,Female,81.15
AMR,Americas,CHL,Chile,2006,Female,24.19
AMR,Americas,CHL,Chile,2006,Male,75.71
AMR,Americas,CHL,Chile,2006,Male,20.73
AMR,Americas,CHL,Chile,2007,Female,81.14
AMR,Americas,CHL,Chile,2007,Female,24.15
AMR,Americas,CHL,Chile,2007,Male,75.75
AMR,Americas,CHL,Chile,2007,Male,20.73
AMR,Americas,CHL,Chile,2008,Female,81.88
AMR,Americas,CHL,Chile,2008,Female,24.87
AMR,Americas,CHL,Chile,2008,Male,76.44
AMR,Americas,CHL,Chile,2008,Male,21.43
AMR,Americas,CHL,Chile,2009,Female,81.78
AMR,Americas,CHL,Chile,2009,Female,24.82
AMR,Americas,CHL,Chile,2009,Male,76.18
AMR,Americas,CHL,Chile,2009,Male,21.34
AMR,Americas,CHL,Chile,2010,Female,81.47
AMR,Americas,CHL,Chile,2010,Female,24.49
AMR,Americas,CHL,Chile,2010,Male,76.14
AMR,Americas,CHL,Chile,2010,Male,21.12
AMR,Americas,CHL,Chile,2011,Female,82.1
AMR,Americas,CHL,Chile,2011,Female,25.08
AMR,Americas,CHL,Chile,2011,Male,76.93
AMR,Americas,CHL,Chile,2011,Male,21.77
AMR,Americas,CHL,Chile,2012,Female,82.01
AMR,Americas,CHL,Chile,2012,Female,24.91
AMR,Americas,CHL,Chile,2012,Male,77.09
AMR,Americas,CHL,Chile,2012,Male,21.82
AMR,Americas,CHL,Chile,2013,Female,82.39
AMR,Americas,CHL,Chile,2013,Female,25.26
AMR,Americas,CHL,Chile,2013,Male,77.21
AMR,Americas,CHL,Chile,2013,Male,21.94
AMR,Americas,CHL,Chile,2014,Female,82.48
AMR,Americas,CHL,Chile,2014,Female,25.34
AMR,Americas,CHL,Chile,2014,Male,77.34
AMR,Americas,CHL,Chile,2014,Male,22.05
AMR,Americas,CHL,Chile,2015,Female,82.65
AMR,Americas,CHL,Chile,2015,Female,25.55
AMR,Americas,CHL,Chile,2015,Male,77.55
AMR,Americas,CHL,Chile,2015,Male,22.22
AMR,Americas,CHL,Chile,2016,Female,82.88
AMR,Americas,CHL,Chile,2016,Female,25.69
AMR,Americas,CHL,Chile,2016,Male,77.97
AMR,Americas,CHL,Chile,2016,Male,22.5
AMR,Americas,CHL,Chile,2017,Female,83.02
AMR,Americas,CHL,Chile,2017,Female,25.74
AMR,Americas,CHL,Chile,2017,Male,78.22
AMR,Americas,CHL,Chile,2017,Male,22.62
AMR,Americas,CHL,Chile,2018,Female,83.29
AMR,Americas,CHL,Chile,2018,Female,25.95
AMR,Americas,CHL,Chile,2018,Male,78.57
AMR,Americas,CHL,Chile,2018,Male,22.92
AMR,Americas,CHL,Chile,2019,Female,83.34
AMR,Americas,CHL,Chile,2019,Female,25.97
AMR,Americas,CHL,Chile,2019,Male,78.66
AMR,Americas,CHL,Chile,2019,Male,23.01
AMR,Americas,CHL,Chile,2020,Female,82.5
AMR,Americas,CHL,Chile,2020,Female,25.12
AMR,Americas,CHL,Chile,2020,Male,77.32
AMR,Americas,CHL,Chile,2020,Male,21.74
AMR,Americas,CHL,Chile,2021,Female,81.42
AMR,Americas,CHL,Chile,2021,Female,24.22
AMR,Americas,CHL,Chile,2021,Male,76.69
AMR,Americas,CHL,Chile,2021,Male,21.51
WPR,Western Pacific,CHN,China,2000,Female,73.33
WPR,Western Pacific,CHN,China,2000,Female,19.39
WPR,Western Pacific,CHN,China,2000,Male,68.59
WPR,Western Pacific,CHN,China,2000,Male,16.58
WPR,Western Pacific,CHN,China,2001,Female,73.67
WPR,Western Pacific,CHN,China,2001,Female,19.44
WPR,Western Pacific,CHN,China,2001,Male,68.86
WPR,Western Pacific,CHN,China,2001,Male,16.6
WPR,Western Pacific,CHN,China,2002,Female,74.05
WPR,Western Pacific,CHN,China,2002,Female,19.58
WPR,Western Pacific,CHN,China,2002,Male,69.14
WPR,Western Pacific,CHN,China,2002,Male,16.65
WPR,Western Pacific,CHN,China,2003,Female,74.35
WPR,Western Pacific,CHN,China,2003,Female,19.62
WPR,Western Pacific,CHN,China,2003,Male,69.34
WPR,Western Pacific,CHN,China,2003,Male,16.6
WPR,Western Pacific,CHN,China,2004,Female,74.64
WPR,Western Pacific,CHN,China,2004,Female,19.65
WPR,Western Pacific,CHN,China,2004,Male,69.55
WPR,Western Pacific,CHN,China,2004,Male,16.58
WPR,Western Pacific,CHN,China,2005,Female,75.19
WPR,Western Pacific,CHN,China,2005,Female,19.93
WPR,Western Pacific,CHN,China,2005,Male,70.02
WPR,Western Pacific,CHN,China,2005,Male,16.81
WPR,Western Pacific,CHN,China,2006,Female,76.09
WPR,Western Pacific,CHN,China,2006,Female,20.57
WPR,Western Pacific,CHN,China,2006,Male,70.81
WPR,Western Pacific,CHN,China,2006,Male,17.34
WPR,Western Pacific,CHN,China,2007,Female,76.72
WPR,Western Pacific,CHN,China,2007,Female,20.97
WPR,Western Pacific,CHN,China,2007,Male,71.29
WPR,Western Pacific,CHN,China,2007,Male,17.61
WPR,Western Pacific,CHN,China,2008,Female,76.9
WPR,Western Pacific,CHN,China,2008,Female,21.05
WPR,Western Pacific,CHN,China,2008,Male,71.44
WPR,Western Pacific,CHN,China,2008,Male,17.6
WPR,Western Pacific,CHN,China,2009,Female,77.4
WPR,Western Pacific,CHN,China,2009,Female,21.21
WPR,Western Pacific,CHN,China,2009,Male,71.74
WPR,Western Pacific,CHN,China,2009,Male,17.6
WPR,Western Pacific,CHN,China,2010,Female,77.72
WPR,Western Pacific,CHN,China,2010,Female,21.34
WPR,Western Pacific,CHN,China,2010,Male,71.98
WPR,Western Pacific,CHN,China,2010,Male,17.62
WPR,Western Pacific,CHN,China,2011,Female,78.1
WPR,Western Pacific,CHN,China,2011,Female,21.55
WPR,Western Pacific,CHN,China,2011,Male,72.35
WPR,Western Pacific,CHN,China,2011,Male,17.79
WPR,Western Pacific,CHN,China,2012,Female,78.67
WPR,Western Pacific,CHN,China,2012,Female,21.97
WPR,Western Pacific,CHN,China,2012,Male,72.7
WPR,Western Pacific,CHN,China,2012,Male,17.95
WPR,Western Pacific,CHN,China,2013,Female,79.07
WPR,Western Pacific,CHN,China,2013,Female,22.22
WPR,Western Pacific,CHN,China,2013,Male,73.04
WPR,Western Pacific,CHN,China,2013,Male,18.13
WPR,Western Pacific,CHN,China,2014,Female,79.41
WPR,Western Pacific,CHN,China,2014,Female,22.43
WPR,Western Pacific,CHN,China,2014,Male,73.39
WPR,Western Pacific,CHN,China,2014,Male,18.38
WPR,Western Pacific,CHN,China,2015,Female,79.76
WPR,Western Pacific,CHN,China,2015,Female,22.68
WPR,Western Pacific,CHN,China,2015,Male,73.67
WPR,Western Pacific,CHN,China,2015,Male,18.54
WPR,Western Pacific,CHN,China,2016,Female,79.94
WPR,Western Pacific,CHN,China,2016,Female,22.78
WPR,Western Pacific,CHN,China,2016,Male,73.89
WPR,Western Pacific,CHN,China,2016,Male,18.65
WPR,Western Pacific,CHN,China,2017,Female,80.09
WPR,Western Pacific,CHN,China,2017,Female,22.84
WPR,Western Pacific,CHN,China,2017,Male,74.16
WPR,Western Pacific,CHN,China,2017,Male,18.84
WPR,Western Pacific,CHN,China,2018,Female,80.22
WPR,Western Pacific,CHN,China,2018,Female,22.9
WPR,Western Pacific,CHN,China,2018,Male,74.39
WPR,Western Pacific,CHN,China,2018,Male,18.99
WPR,Western Pacific,CHN,China,2019,Female,80.36
WPR,Western Pacific,CHN,China,2019,Female,22.98
WPR,Western Pacific,CHN,China,2019,Male,74.58
WPR,Western Pacific,CHN,China,2019,Male,19.09
WPR,Western Pacific,CHN,China,2020,Female,80.74
WPR,Western Pacific,CHN,China,2020,Female,23.25
WPR,Western Pacific,CHN,China,2020,Male,74.59
WPR,Western Pacific,CHN,China,2020,Male,19.11
WPR,Western Pacific,CHN,China,2021,Female,80.52
WPR,Western Pacific,CHN,China,2021,Female,23.07
WPR,Western Pacific,CHN,China,2021,Male,74.95
WPR,Western Pacific,CHN,China,2021,Male,19.39
AMR,Americas,COL,Colombia,2000,Female,76.63
AMR,Americas,COL,Colombia,2000,Female,21.73
AMR,Americas,COL,Colombia,2000,Male,68.64
AMR,Americas,COL,Colombia,2000,Male,18.73
AMR,Americas,COL,Colombia,2001,Female,76.68
AMR,Americas,COL,Colombia,2001,Female,21.7
AMR,Americas,COL,Colombia,2001,Male,68.75
AMR,Americas,COL,Colombia,2001,Male,18.78
AMR,Americas,COL,Colombia,2002,Female,76.91
AMR,Americas,COL,Colombia,2002,Female,21.83
AMR,Americas,COL,Colombia,2002,Male,68.92
AMR,Americas,COL,Colombia,2002,Male,18.98
AMR,Americas,COL,Colombia,2003,Female,76.99
AMR,Americas,COL,Colombia,2003,Female,21.71
AMR,Americas,COL,Colombia,2003,Male,70.19
AMR,Americas,COL,Colombia,2003,Male,18.89
AMR,Americas,COL,Colombia,2004,Female,77.43
AMR,Americas,COL,Colombia,2004,Female,22.0
AMR,Americas,COL,Colombia,2004,Male,70.62
AMR,Americas,COL,Colombia,2004,Male,19.12
AMR,Americas,COL,Colombia,2005,Female,77.67
AMR,Americas,COL,Colombia,2005,Female,22.1
AMR,Americas,COL,Colombia,2005,Male,71.27
AMR,Americas,COL,Colombia,2005,Male,19.16
AMR,Americas,COL,Colombia,2006,Female,77.85
AMR,Americas,COL,Colombia,2006,Female,22.15
AMR,Americas,COL,Colombia,2006,Male,71.59
AMR,Americas,COL,Colombia,2006,Male,19.29
AMR,Americas,COL,Colombia,2007,Female,78.23
AMR,Americas,COL,Colombia,2007,Female,22.42
AMR,Americas,COL,Colombia,2007,Male,72.19
AMR,Americas,COL,Colombia,2007,Male,19.58
AMR,Americas,COL,Colombia,2008,Female,78.4
AMR,Americas,COL,Colombia,2008,Female,22.5
AMR,Americas,COL,Colombia,2008,Male,72.44
AMR,Americas,COL,Colombia,2008,Male,19.72
AMR,Americas,COL,Colombia,2009,Female,78.94
AMR,Americas,COL,Colombia,2009,Female,23.04
AMR,Americas,COL,Colombia,2009,Male,72.61
AMR,Americas,COL,Colombia,2009,Male,20.14
AMR,Americas,COL,Colombia,2010,Female,79.0
AMR,Americas,COL,Colombia,2010,Female,23.0
AMR,Americas,COL,Colombia,2010,Male,72.94
AMR,Americas,COL,Colombia,2010,Male,20.21
AMR,Americas,COL,Colombia,2011,Female,79.63
AMR,Americas,COL,Colombia,2011,Female,23.5
AMR,Americas,COL,Colombia,2011,Male,73.74
AMR,Americas,COL,Colombia,2011,Male,20.63
AMR,Americas,COL,Colombia,2012,Female,79.86
AMR,Americas,COL,Colombia,2012,Female,23.65
AMR,Americas,COL,Colombia,2012,Male,74.03
AMR,Americas,COL,Colombia,2012,Male,20.72
AMR,Americas,COL,Colombia,2013,Female,80.11
AMR,Americas,COL,Colombia,2013,Female,23.82
AMR,Americas,COL,Colombia,2013,Male,74.34
AMR,Americas,COL,Colombia,2013,Male,20.85
AMR,Americas,COL,Colombia,2014,Female,80.0
AMR,Americas,COL,Colombia,2014,Female,23.65
AMR,Americas,COL,Colombia,2014,Male,74.7
AMR,Americas,COL,Colombia,2014,Male,20.88
AMR,Americas,COL,Colombia,2015,Female,79.99
AMR,Americas,COL,Colombia,2015,Female,23.6
AMR,Americas,COL,Colombia,2015,Male,74.68
AMR,Americas,COL,Colombia,2015,Male,20.8
AMR,Americas,COL,Colombia,2016,Female,80.26
AMR,Americas,COL,Colombia,2016,Female,23.86
AMR,Americas,COL,Colombia,2016,Male,74.87
AMR,Americas,COL,Colombia,2016,Male,20.91
AMR,Americas,COL,Colombia,2017,Female,80.38
AMR,Americas,COL,Colombia,2017,Female,23.88
AMR,Americas,COL,Colombia,2017,Male,75.17
AMR,Americas,COL,Colombia,2017,Male,21.07
AMR,Americas,COL,Colombia,2018,Female,80.46
AMR,Americas,COL,Colombia,2018,Female,23.99
AMR,Americas,COL,Colombia,2018,Male,75.16
AMR,Americas,COL,Colombia,2018,Male,21.13
AMR,Americas,COL,Colombia,2019,Female,80.55
AMR,Americas,COL,Colombia,2019,Female,24.03
AMR,Americas,COL,Colombia,2019,Male,75.33
AMR,Americas,COL,Colombia,2019,Male,21.2
AMR,Americas,COL,Colombia,2020,Female,79.28
AMR,Americas,COL,Colombia,2020,Female,23.0
AMR,Americas,COL,Colombia,2020,Male,73.18
AMR,Americas,COL,Colombia,2020,Male,19.31
AMR,Americas,COL,Colombia,2021,Female,77.62
AMR,Americas,COL,Colombia,2021,Female,21.73
AMR,Americas,COL,Colombia,2021,Male,71.55
AMR,Americas,COL,Colombia,2021,Male,18.5
AFR,Africa,COM,Comoros,2000,Female,62.95
AFR,Africa,COM,Comoros,2000,Female,16.52
AFR,Africa,COM,Comoros,2000,Male,61.18
AFR,Africa,COM,Comoros,2000,Male,15.71
AFR,Africa,COM,Comoros,2001,Female,63.5
AFR,Africa,COM,Comoros,2001,Female,16.73
AFR,Africa,COM,Comoros,2001,Male,61.95
AFR,Africa,COM,Comoros,2001,Male,16.06
AFR,Africa,COM,Comoros,2002,Female,63.94
AFR,Africa,COM,Comoros,2002,Female,16.92
AFR,Africa,COM,Comoros,2002,Male,62.33
AFR,Africa,COM,Comoros,2002,Male,16.22
AFR,Africa,COM,Comoros,2003,Female,64.36
AFR,Africa,COM,Comoros,2003,Female,17.1
AFR,Africa,COM,Comoros,2003,Male,62.93
AFR,Africa,COM,Comoros,2003,Male,16.54
AFR,Africa,COM,Comoros,2004,Female,64.79
AFR,Africa,COM,Comoros,2004,Female,17.3
AFR,Africa,COM,Comoros,2004,Male,63.18
AFR,Africa,COM,Comoros,2004,Male,16.69
AFR,Africa,COM,Comoros,2005,Female,65.17
AFR,Africa,COM,Comoros,2005,Female,17.45
AFR,Africa,COM,Comoros,2005,Male,63.4
AFR,Africa,COM,Comoros,2005,Male,16.82
AFR,Africa,COM,Comoros,2006,Female,65.55
AFR,Africa,COM,Comoros,2006,Female,17.6
AFR,Africa,COM,Comoros,2006,Male,63.57
AFR,Africa,COM,Comoros,2006,Male,16.88
AFR,Africa,COM,Comoros,2007,Female,65.95
AFR,Africa,COM,Comoros,2007,Female,17.72
AFR,Africa,COM,Comoros,2007,Male,63.62
AFR,Africa,COM,Comoros,2007,Male,16.89
AFR,Africa,COM,Comoros,2008,Female,66.34
AFR,Africa,COM,Comoros,2008,Female,17.79
AFR,Africa,COM,Comoros,2008,Male,64.36
AFR,Africa,COM,Comoros,2008,Male,17.02
AFR,Africa,COM,Comoros,2009,Female,66.46
AFR,Africa,COM,Comoros,2009,Female,17.83
AFR,Africa,COM,Comoros,2009,Male,63.61
AFR,Africa,COM,Comoros,2009,Male,16.93
AFR,Africa,COM,Comoros,2010,Female,66.96
AFR,Africa,COM,Comoros,2010,Female,17.93
AFR,Africa,COM,Comoros,2010,Male,64.99
AFR,Africa,COM,Comoros,2010,Male,17.19
AFR,Africa,COM,Comoros,2011,Female,67.1
AFR,Africa,COM,Comoros,2011,Female,17.96
AFR,Africa,COM,Comoros,2011,Male,64.54
AFR,Africa,COM,Comoros,2011,Male,17.09
AFR,Africa,COM,Comoros,2012,Female,67.51
AFR,Africa,COM,Comoros,2012,Female,18.06
AFR,Africa,COM,Comoros,2012,Male,65.31
AFR,Africa,COM,Comoros,2012,Male,17.25
AFR,Africa,COM,Comoros,2013,Female,67.84
AFR,Africa,COM,Comoros,2013,Female,18.16
AFR,Africa,COM,Comoros,2013,Male,65.64
AFR,Africa,COM,Comoros,2013,Male,17.34
AFR,Africa,COM,Comoros,2014,Female,68.17
AFR,Africa,COM,Comoros,2014,Female,18.24
AFR,Africa,COM,Comoros,2014,Male,66.0
AFR,Africa,COM,Comoros,2014,Male,17.42
AFR,Africa,COM,Comoros,2015,Female,68.48
AFR,Africa,COM,Comoros,2015,Female,18.3
AFR,Africa,COM,Comoros,2015,Male,66.39
AFR,Africa,COM,Comoros,2015,Male,17.47
AFR,Africa,COM,Comoros,2016,Female,68.77
AFR,Africa,COM,Comoros,2016,Female,18.36
AFR,Africa,COM,Comoros,2016,Male,66.65
AFR,Africa,COM,Comoros,2016,Male,17.51
AFR,Africa,COM,Comoros,2017,Female,69.02
AFR,Africa,COM,Comoros,2017,Female,18.43
AFR,Africa,COM,Comoros,2017,Male,66.67
AFR,Africa,COM,Comoros,2017,Male,17.56
AFR,Africa,COM,Comoros,2018,Female,69.33
AFR,Africa,COM,Comoros,2018,Female,18.49
AFR,Africa,COM,Comoros,2018,Male,67.09
AFR,Africa,COM,Comoros,2018,Male,17.6
AFR,Africa,COM,Comoros,2019,Female,69.43
AFR,Africa,COM,Comoros,2019,Female,18.49
AFR,Africa,COM,Comoros,2019,Male,66.8
AFR,Africa,COM,Comoros,2019,Male,17.58
AFR,Africa,COM,Comoros,2020,Female,69.69
AFR,Africa,COM,Comoros,2020,Female,18.35
AFR,Africa,COM,Comoros,2020,Male,66.96
AFR,Africa,COM,Comoros,2020,Male,16.81
AFR,Africa,COM,Comoros,2021,Female,68.73
AFR,Africa,COM,Comoros,2021,Female,17.68
AFR,Africa,COM,Comoros,2021,Male,66.3
AFR,Africa,COM,Comoros,2021,Male,16.63
AFR,Africa,COG,Congo,2000,Female,52.67
AFR,Africa,COG,Congo,2000,Female,13.52
AFR,Africa,COG,Congo,2000,Male,51.74
AFR,Africa,COG,Congo,2000,Male,12.55
AFR,Africa,COG,Congo,2001,Female,53.31
AFR,Africa,COG,Congo,2001,Female,13.69
AFR,Africa,COG,Congo,2001,Male,52.88
AFR,Africa,COG,Congo,2001,Male,12.79
AFR,Africa,COG,Congo,2002,Female,53.94
AFR,Africa,COG,Congo,2002,Female,13.87
AFR,Africa,COG,Congo,2002,Male,53.66
AFR,Africa,COG,Congo,2002,Male,13.08
AFR,Africa,COG,Congo,2003,Female,54.45
AFR,Africa,COG,Congo,2003,Female,13.93
AFR,Africa,COG,Congo,2003,Male,54.54
AFR,Africa,COG,Congo,2003,Male,13.27
AFR,Africa,COG,Congo,2004,Female,55.24
AFR,Africa,COG,Congo,2004,Female,14.02
AFR,Africa,COG,Congo,2004,Male,55.57
AFR,Africa,COG,Congo,2004,Male,13.53
AFR,Africa,COG,Congo,2005,Female,56.23
AFR,Africa,COG,Congo,2005,Female,14.18
AFR,Africa,COG,Congo,2005,Male,56.8
AFR,Africa,COG,Congo,2005,Male,13.86
AFR,Africa,COG,Congo,2006,Female,57.2
AFR,Africa,COG,Congo,2006,Female,14.32
AFR,Africa,COG,Congo,2006,Male,57.89
AFR,Africa,COG,Congo,2006,Male,14.11
AFR,Africa,COG,Congo,2007,Female,57.93
AFR,Africa,COG,Congo,2007,Female,14.42
AFR,Africa,COG,Congo,2007,Male,58.61
AFR,Africa,COG,Congo,2007,Male,14.26
AFR,Africa,COG,Congo,2008,Female,58.99
AFR,Africa,COG,Congo,2008,Female,14.6
AFR,Africa,COG,Congo,2008,Male,59.47
AFR,Africa,COG,Congo,2008,Male,14.43
AFR,Africa,COG,Congo,2009,Female,59.98
AFR,Africa,COG,Congo,2009,Female,14.81
AFR,Africa,COG,Congo,2009,Male,60.21
AFR,Africa,COG,Congo,2009,Male,14.6
AFR,Africa,COG,Congo,2010,Female,60.43
AFR,Africa,COG,Congo,2010,Female,14.89
AFR,Africa,COG,Congo,2010,Male,60.79
AFR,Africa,COG,Congo,2010,Male,14.75
AFR,Africa,COG,Congo,2011,Female,61.1
AFR,Africa,COG,Congo,2011,Female,15.08
AFR,Africa,COG,Congo,2011,Male,61.17
AFR,Africa,COG,Congo,2011,Male,14.86
AFR,Africa,COG,Congo,2012,Female,61.44
AFR,Africa,COG,Congo,2012,Female,15.18
AFR,Africa,COG,Congo,2012,Male,60.99
AFR,Africa,COG,Congo,2012,Male,14.88
AFR,Africa,COG,Congo,2013,Female,61.57
AFR,Africa,COG,Congo,2013,Female,15.23
AFR,Africa,COG,Congo,2013,Male,61.29
AFR,Africa,COG,Congo,2013,Male,14.97
AFR,Africa,COG,Congo,2014,Female,61.74
AFR,Africa,COG,Congo,2014,Female,15.27
AFR,Africa,COG,Congo,2014,Male,61.54
AFR,Africa,COG,Congo,2014,Male,15.03
AFR,Africa,COG,Congo,2015,Female,62.22
AFR,Africa,COG,Congo,2015,Female,15.39
AFR,Africa,COG,Congo,2015,Male,61.88
AFR,Africa,COG,Congo,2015,Male,15.07
AFR,Africa,COG,Congo,2016,Female,62.89
AFR,Africa,COG,Congo,2016,Female,15.58
AFR,Africa,COG,Congo,2016,Male,62.23
AFR,Africa,COG,Congo,2016,Male,15.14
AFR,Africa,COG,Congo,2017,Female,63.19
AFR,Africa,COG,Congo,2017,Female,15.66
AFR,Africa,COG,Congo,2017,Male,62.48
AFR,Africa,COG,Congo,2017,Male,15.2
AFR,Africa,COG,Congo,2018,Female,63.4
AFR,Africa,COG,Congo,2018,Female,15.71
AFR,Africa,COG,Congo,2018,Male,62.71
AFR,Africa,COG,Congo,2018,Male,15.26
AFR,Africa,COG,Congo,2019,Female,63.08
AFR,Africa,COG,Congo,2019,Female,15.79
AFR,Africa,COG,Congo,2019,Male,62.43
AFR,Africa,COG,Congo,2019,Male,15.31
AFR,Africa,COG,Congo,2020,Female,64.0
AFR,Africa,COG,Congo,2020,Female,15.59
AFR,Africa,COG,Congo,2020,Male,62.7
AFR,Africa,COG,Congo,2020,Male,14.5
AFR,Africa,COG,Congo,2021,Female,63.79
AFR,Africa,COG,Congo,2021,Female,15.53
AFR,Africa,COG,Congo,2021,Male,62.54
AFR,Africa,COG,Congo,2021,Male,14.8
AMR,Americas,CRI,Costa Rica,2000,Female,80.6
AMR,Americas,CRI,Costa Rica,2000,Female,23.92
AMR,Americas,CRI,Costa Rica,2000,Male,75.84
AMR,Americas,CRI,Costa Rica,2000,Male,21.17
AMR,Americas,CRI,Costa Rica,2001,Female,80.38
AMR,Americas,CRI,Costa Rica,2001,Female,23.76
AMR,Americas,CRI,Costa Rica,2001,Male,75.85
AMR,Americas,CRI,Costa Rica,2001,Male,21.25
AMR,Americas,CRI,Costa Rica,2002,Female,81.37
AMR,Americas,CRI,Costa Rica,2002,Female,24.76
AMR,Americas,CRI,Costa Rica,2002,Male,76.45
AMR,Americas,CRI,Costa Rica,2002,Male,21.86
AMR,Americas,CRI,Costa Rica,2003,Female,81.02
AMR,Americas,CRI,Costa Rica,2003,Female,24.34
AMR,Americas,CRI,Costa Rica,2003,Male,76.47
AMR,Americas,CRI,Costa Rica,2003,Male,21.78
AMR,Americas,CRI,Costa Rica,2004,Female,81.05
AMR,Americas,CRI,Costa Rica,2004,Female,24.27
AMR,Americas,CRI,Costa Rica,2004,Male,76.38
AMR,Americas,CRI,Costa Rica,2004,Male,21.67
AMR,Americas,CRI,Costa Rica,2005,Female,81.99
AMR,Americas,CRI,Costa Rica,2005,Female,25.13
AMR,Americas,CRI,Costa Rica,2005,Male,77.49
AMR,Americas,CRI,Costa Rica,2005,Male,22.44
AMR,Americas,CRI,Costa Rica,2006,Female,81.99
AMR,Americas,CRI,Costa Rica,2006,Female,25.29
AMR,Americas,CRI,Costa Rica,2006,Male,76.84
AMR,Americas,CRI,Costa Rica,2006,Male,22.15
AMR,Americas,CRI,Costa Rica,2007,Female,82.67
AMR,Americas,CRI,Costa Rica,2007,Female,25.56
AMR,Americas,CRI,Costa Rica,2007,Male,77.84
AMR,Americas,CRI,Costa Rica,2007,Male,22.8
AMR,Americas,CRI,Costa Rica,2008,Female,82.7
AMR,Americas,CRI,Costa Rica,2008,Female,25.73
AMR,Americas,CRI,Costa Rica,2008,Male,77.92
AMR,Americas,CRI,Costa Rica,2008,Male,22.98
AMR,Americas,CRI,Costa Rica,2009,Female,83.0
AMR,Americas,CRI,Costa Rica,2009,Female,25.98
AMR,Americas,CRI,Costa Rica,2009,Male,78.25
AMR,Americas,CRI,Costa Rica,2009,Male,23.06
AMR,Americas,CRI,Costa Rica,2010,Female,82.15
AMR,Americas,CRI,Costa Rica,2010,Female,25.31
AMR,Americas,CRI,Costa Rica,2010,Male,76.96
AMR,Americas,CRI,Costa Rica,2010,Male,22.38
AMR,Americas,CRI,Costa Rica,2011,Female,82.67
AMR,Americas,CRI,Costa Rica,2011,Female,25.78
AMR,Americas,CRI,Costa Rica,2011,Male,77.89
AMR,Americas,CRI,Costa Rica,2011,Male,22.93
AMR,Americas,CRI,Costa Rica,2012,Female,82.76
AMR,Americas,CRI,Costa Rica,2012,Female,25.83
AMR,Americas,CRI,Costa Rica,2012,Male,78.11
AMR,Americas,CRI,Costa Rica,2012,Male,23.09
AMR,Americas,CRI,Costa Rica,2013,Female,82.96
AMR,Americas,CRI,Costa Rica,2013,Female,25.97
AMR,Americas,CRI,Costa Rica,2013,Male,78.26
AMR,Americas,CRI,Costa Rica,2013,Male,23.18
AMR,Americas,CRI,Costa Rica,2014,Female,82.92
AMR,Americas,CRI,Costa Rica,2014,Female,25.91
AMR,Americas,CRI,Costa Rica,2014,Male,78.08
AMR,Americas,CRI,Costa Rica,2014,Male,22.99
AMR,Americas,CRI,Costa Rica,2015,Female,83.28
AMR,Americas,CRI,Costa Rica,2015,Female,26.16
AMR,Americas,CRI,Costa Rica,2015,Male,77.94
AMR,Americas,CRI,Costa Rica,2015,Male,23.05
AMR,Americas,CRI,Costa Rica,2016,Female,82.71
AMR,Americas,CRI,Costa Rica,2016,Female,25.69
AMR,Americas,CRI,Costa Rica,2016,Male,77.57
AMR,Americas,CRI,Costa Rica,2016,Male,22.99
AMR,Americas,CRI,Costa Rica,2017,Female,82.67
AMR,Americas,CRI,Costa Rica,2017,Female,25.78
AMR,Americas,CRI,Costa Rica,2017,Male,77.76
AMR,Americas,CRI,Costa Rica,2017,Male,22.95
AMR,Americas,CRI,Costa Rica,2018,Female,82.97
AMR,Americas,CRI,Costa Rica,2018,Female,26.09
AMR,Americas,CRI,Costa Rica,2018,Male,77.68
AMR,Americas,CRI,Costa Rica,2018,Male,22.97
AMR,Americas,CRI,Costa Rica,2019,Female,82.71
AMR,Americas,CRI,Costa Rica,2019,Female,25.85
AMR,Americas,CRI,Costa Rica,2019,Male,77.93
AMR,Americas,CRI,Costa Rica,2019,Male,23.11
AMR,Americas,CRI,Costa Rica,2020,Female,82.8
AMR,Americas,CRI,Costa Rica,2020,Female,25.94
AMR,Americas,CRI,Costa Rica,2020,Male,77.29
AMR,Americas,CRI,Costa Rica,2020,Male,22.4
AMR,Americas,CRI,Costa Rica,2021,Female,81.51
AMR,Americas,CRI,Costa Rica,2021,Female,24.96
AMR,Americas,CRI,Costa Rica,2021,Male,75.88
AMR,Americas,CRI,Costa Rica,2021,Male,21.97
AFR,Africa,CIV,Cote d'Ivoire,2000,Female,53.25
AFR,Africa,CIV,Cote d'Ivoire,2000,Female,17.07
AFR,Africa,CIV,Cote d'Ivoire,2000,Male,49.72
AFR,Africa,CIV,Cote d'Ivoire,2000,Male,12.86
AFR,Africa,CIV,Cote d'Ivoire,2001,Female,53.46
AFR,Africa,CIV,Cote d'Ivoire,2001,Female,16.91
AFR,Africa,CIV,Cote d'Ivoire,2001,Male,50.12
AFR,Africa,CIV,Cote d'Ivoire,2001,Male,12.91
AFR,Africa,CIV,Cote d'Ivoire,2002,Female,53.8
AFR,Africa,CIV,Cote d'Ivoire,2002,Female,16.85
AFR,Africa,CIV,Cote d'Ivoire,2002,Male,50.38
AFR,Africa,CIV,Cote d'Ivoire,2002,Male,12.97
AFR,Africa,CIV,Cote d'Ivoire,2003,Female,54.16
AFR,Africa,CIV,Cote d'Ivoire,2003,Female,16.78
AFR,Africa,CIV,Cote d'Ivoire,2003,Male,50.8
AFR,Africa,CIV,Cote d'Ivoire,2003,Male,13.04
AFR,Africa,CIV,Cote d'Ivoire,2004,Female,54.8
AFR,Africa,CIV,Cote d'Ivoire,2004,Female,16.81
AFR,Africa,CIV,Cote d'Ivoire,2004,Male,51.35
AFR,Africa,CIV,Cote d'Ivoire,2004,Male,13.1
AFR,Africa,CIV,Cote d'Ivoire,2005,Female,55.92
AFR,Africa,CIV,Cote d'Ivoire,2005,Female,16.87
AFR,Africa,CIV,Cote d'Ivoire,2005,Male,52.31
AFR,Africa,CIV,Cote d'Ivoire,2005,Male,13.3
AFR,Africa,CIV,Cote d'Ivoire,2006,Female,57.1
AFR,Africa,CIV,Cote d'Ivoire,2006,Female,16.96
AFR,Africa,CIV,Cote d'Ivoire,2006,Male,53.27
AFR,Africa,CIV,Cote d'Ivoire,2006,Male,13.5
AFR,Africa,CIV,Cote d'Ivoire,2007,Female,57.97
AFR,Africa,CIV,Cote d'Ivoire,2007,Female,17.06
AFR,Africa,CIV,Cote d'Ivoire,2007,Male,54.02
AFR,Africa,CIV,Cote d'Ivoire,2007,Male,13.69
AFR,Africa,CIV,Cote d'Ivoire,2008,Female,58.9
AFR,Africa,CIV,Cote d'Ivoire,2008,Female,17.18
AFR,Africa,CIV,Cote d'Ivoire,2008,Male,54.77
AFR,Africa,CIV,Cote d'Ivoire,2008,Male,13.88
AFR,Africa,CIV,Cote d'Ivoire,2009,Female,59.43
AFR,Africa,CIV,Cote d'Ivoire,2009,Female,17.27
AFR,Africa,CIV,Cote d'Ivoire,2009,Male,55.42
AFR,Africa,CIV,Cote d'Ivoire,2009,Male,14.07
AFR,Africa,CIV,Cote d'Ivoire,2010,Female,59.41
AFR,Africa,CIV,Cote d'Ivoire,2010,Female,17.32
AFR,Africa,CIV,Cote d'Ivoire,2010,Male,55.7
AFR,Africa,CIV,Cote d'Ivoire,2010,Male,14.2
AFR,Africa,CIV,Cote d'Ivoire,2011,Female,59.83
AFR,Africa,CIV,Cote d'Ivoire,2011,Female,17.38
AFR,Africa,CIV,Cote d'Ivoire,2011,Male,55.73
AFR,Africa,CIV,Cote d'Ivoire,2011,Male,14.3
AFR,Africa,CIV,Cote d'Ivoire,2012,Female,61.14
AFR,Africa,CIV,Cote d'Ivoire,2012,Female,17.56
AFR,Africa,CIV,Cote d'Ivoire,2012,Male,56.47
AFR,Africa,CIV,Cote d'Ivoire,2012,Male,14.49
AFR,Africa,CIV,Cote d'Ivoire,2013,Female,62.13
AFR,Africa,CIV,Cote d'Ivoire,2013,Female,17.72
AFR,Africa,CIV,Cote d'Ivoire,2013,Male,57.03
AFR,Africa,CIV,Cote d'Ivoire,2013,Male,14.65
AFR,Africa,CIV,Cote d'Ivoire,2014,Female,62.83
AFR,Africa,CIV,Cote d'Ivoire,2014,Female,17.86
AFR,Africa,CIV,Cote d'Ivoire,2014,Male,57.82
AFR,Africa,CIV,Cote d'Ivoire,2014,Male,14.88
AFR,Africa,CIV,Cote d'Ivoire,2015,Female,63.67
AFR,Africa,CIV,Cote d'Ivoire,2015,Female,18.02
AFR,Africa,CIV,Cote d'Ivoire,2015,Male,58.68
AFR,Africa,CIV,Cote d'Ivoire,2015,Male,15.11
AFR,Africa,CIV,Cote d'Ivoire,2016,Female,64.37
AFR,Africa,CIV,Cote d'Ivoire,2016,Female,18.16
AFR,Africa,CIV,Cote d'Ivoire,2016,Male,59.35
AFR,Africa,CIV,Cote d'Ivoire,2016,Male,15.31
AFR,Africa,CIV,Cote d'Ivoire,2017,Female,65.04
AFR,Africa,CIV,Cote d'Ivoire,2017,Female,18.3
AFR,Africa,CIV,Cote d'Ivoire,2017,Male,59.97
AFR,Africa,CIV,Cote d'Ivoire,2017,Male,15.49
AFR,Africa,CIV,Cote d'Ivoire,2018,Female,65.66
AFR,Africa,CIV,Cote d'Ivoire,2018,Female,18.42
AFR,Africa,CIV,Cote d'Ivoire,2018,Male,60.59
AFR,Africa,CIV,Cote d'Ivoire,2018,Male,15.66
AFR,Africa,CIV,Cote d'Ivoire,2019,Female,66.19
AFR,Africa,CIV,Cote d'Ivoire,2019,Female,18.55
AFR,Africa,CIV,Cote d'Ivoire,2019,Male,61.19
AFR,Africa,CIV,Cote d'Ivoire,2019,Male,15.86
AFR,Africa,CIV,Cote d'Ivoire,2020,Female,66.08
AFR,Africa,CIV,Cote d'Ivoire,2020,Female,18.01
AFR,Africa,CIV,Cote d'Ivoire,2020,Male,61.0
AFR,Africa,CIV,Cote d'Ivoire,2020,Male,15.01
AFR,Africa,CIV,Cote d'Ivoire,2021,Female,65.98
AFR,Africa,CIV,Cote d'Ivoire,2021,Female,18.1
AFR,Africa,CIV,Cote d'Ivoire,2021,Male,61.39
AFR,Africa,CIV,Cote d'Ivoire,2021,Male,15.64
EUR,Europe,HRV,Croatia,2000,Female,78.33
EUR,Europe,HRV,Croatia,2000,Female,21.35
EUR,Europe,HRV,Croatia,2000,Male,71.05
EUR,Europe,HRV,Croatia,2000,Male,16.92
EUR,Europe,HRV,Croatia,2001,Female,78.57
EUR,Europe,HRV,Croatia,2001,Female,21.5
EUR,Europe,HRV,Croatia,2001,Male,71.32
EUR,Europe,HRV,Croatia,2001,Male,17.15
EUR,Europe,HRV,Croatia,2002,Female,78.6
EUR,Europe,HRV,Croatia,2002,Female,21.49
EUR,Europe,HRV,Croatia,2002,Male,71.32
EUR,Europe,HRV,Croatia,2002,Male,16.98
EUR,Europe,HRV,Croatia,2003,Female,78.37
EUR,Europe,HRV,Croatia,2003,Female,21.21
EUR,Europe,HRV,Croatia,2003,Male,71.27
EUR,Europe,HRV,Croatia,2003,Male,16.83
EUR,Europe,HRV,Croatia,2004,Female,79.08
EUR,Europe,HRV,Croatia,2004,Female,21.88
EUR,Europe,HRV,Croatia,2004,Male,72.04
EUR,Europe,HRV,Croatia,2004,Male,17.35
EUR,Europe,HRV,Croatia,2005,Female,79.02
EUR,Europe,HRV,Croatia,2005,Female,21.7
EUR,Europe,HRV,Croatia,2005,Male,71.87
EUR,Europe,HRV,Croatia,2005,Male,17.32
EUR,Europe,HRV,Croatia,2006,Female,79.48
EUR,Europe,HRV,Croatia,2006,Female,22.13
EUR,Europe,HRV,Croatia,2006,Male,72.48
EUR,Europe,HRV,Croatia,2006,Male,17.84
EUR,Europe,HRV,Croatia,2007,Female,79.43
EUR,Europe,HRV,Croatia,2007,Female,22.11
EUR,Europe,HRV,Croatia,2007,Male,72.35
EUR,Europe,HRV,Croatia,2007,Male,17.66
EUR,Europe,HRV,Croatia,2008,Female,79.63
EUR,Europe,HRV,Croatia,2008,Female,22.29
EUR,Europe,HRV,Croatia,2008,Male,72.47
EUR,Europe,HRV,Croatia,2008,Male,17.91
EUR,Europe,HRV,Croatia,2009,Female,79.81
EUR,Europe,HRV,Croatia,2009,Female,22.31
EUR,Europe,HRV,Croatia,2009,Male,73.01
EUR,Europe,HRV,Croatia,2009,Male,18.08
EUR,Europe,HRV,Croatia,2010,Female,79.94
EUR,Europe,HRV,Croatia,2010,Female,22.48
EUR,Europe,HRV,Croatia,2010,Male,73.56
EUR,Europe,HRV,Croatia,2010,Male,18.3
EUR,Europe,HRV,Croatia,2011,Female,80.38
EUR,Europe,HRV,Croatia,2011,Female,22.87
EUR,Europe,HRV,Croatia,2011,Male,73.95
EUR,Europe,HRV,Croatia,2011,Male,18.63
EUR,Europe,HRV,Croatia,2012,Female,80.65
EUR,Europe,HRV,Croatia,2012,Female,23.05
EUR,Europe,HRV,Croatia,2012,Male,74.01
EUR,Europe,HRV,Croatia,2012,Male,18.64
EUR,Europe,HRV,Croatia,2013,Female,80.96
EUR,Europe,HRV,Croatia,2013,Female,23.37
EUR,Europe,HRV,Croatia,2013,Male,74.64
EUR,Europe,HRV,Croatia,2013,Male,18.98
EUR,Europe,HRV,Croatia,2014,Female,81.06
EUR,Europe,HRV,Croatia,2014,Female,23.38
EUR,Europe,HRV,Croatia,2014,Male,74.96
EUR,Europe,HRV,Croatia,2014,Male,19.2
EUR,Europe,HRV,Croatia,2015,Female,80.61
EUR,Europe,HRV,Croatia,2015,Female,22.96
EUR,Europe,HRV,Croatia,2015,Male,74.55
EUR,Europe,HRV,Croatia,2015,Male,18.83
EUR,Europe,HRV,Croatia,2016,Female,81.34
EUR,Europe,HRV,Croatia,2016,Female,23.47
EUR,Europe,HRV,Croatia,2016,Male,75.16
EUR,Europe,HRV,Croatia,2016,Male,19.3
EUR,Europe,HRV,Croatia,2017,Female,81.0
EUR,Europe,HRV,Croatia,2017,Female,23.22
EUR,Europe,HRV,Croatia,2017,Male,75.19
EUR,Europe,HRV,Croatia,2017,Male,19.25
EUR,Europe,HRV,Croatia,2018,Female,81.41
EUR,Europe,HRV,Croatia,2018,Female,23.63
EUR,Europe,HRV,Croatia,2018,Male,75.24
EUR,Europe,HRV,Croatia,2018,Male,19.36
EUR,Europe,HRV,Croatia,2019,Female,81.59
EUR,Europe,HRV,Croatia,2019,Female,23.79
EUR,Europe,HRV,Croatia,2019,Male,75.58
EUR,Europe,HRV,Croatia,2019,Male,19.71
EUR,Europe,HRV,Croatia,2020,Female,80.93
EUR,Europe,HRV,Croatia,2020,Female,23.1
EUR,Europe,HRV,Croatia,2020,Male,74.81
EUR,Europe,HRV,Croatia,2020,Male,18.81
EUR,Europe,HRV,Croatia,2021,Female,80.01
EUR,Europe,HRV,Croatia,2021,Female,22.41
EUR,Europe,HRV,Croatia,2021,Male,73.78
EUR,Europe,HRV,Croatia,2021,Male,18.01
AMR,Americas,CUB,Cuba,2000,Female,78.96
AMR,Americas,CUB,Cuba,2000,Female,22.93
AMR,Americas,CUB,Cuba,2000,Male,74.65
AMR,Americas,CUB,Cuba,2000,Male,20.32
AMR,Americas,CUB,Cuba,2001,Female,78.7
AMR,Americas,CUB,Cuba,2001,Female,22.54
AMR,Americas,CUB,Cuba,2001,Male,74.82
AMR,Americas,CUB,Cuba,2001,Male,20.21
AMR,Americas,CUB,Cuba,2002,Female,79.89
AMR,Americas,CUB,Cuba,2002,Female,23.57
AMR,Americas,CUB,Cuba,2002,Male,75.7
AMR,Americas,CUB,Cuba,2002,Male,21.01
AMR,Americas,CUB,Cuba,2003,Female,79.37
AMR,Americas,CUB,Cuba,2003,Female,23.06
AMR,Americas,CUB,Cuba,2003,Male,75.58
AMR,Americas,CUB,Cuba,2003,Male,20.7
AMR,Americas,CUB,Cuba,2004,Female,79.49
AMR,Americas,CUB,Cuba,2004,Female,22.99
AMR,Americas,CUB,Cuba,2004,Male,75.48
AMR,Americas,CUB,Cuba,2004,Male,20.51
AMR,Americas,CUB,Cuba,2005,Female,79.26
AMR,Americas,CUB,Cuba,2005,Female,22.81
AMR,Americas,CUB,Cuba,2005,Male,75.24
AMR,Americas,CUB,Cuba,2005,Male,20.29
AMR,Americas,CUB,Cuba,2006,Female,80.1
AMR,Americas,CUB,Cuba,2006,Female,23.38
AMR,Americas,CUB,Cuba,2006,Male,76.03
AMR,Americas,CUB,Cuba,2006,Male,20.74
AMR,Americas,CUB,Cuba,2007,Female,80.07
AMR,Americas,CUB,Cuba,2007,Female,23.35
AMR,Americas,CUB,Cuba,2007,Male,76.18
AMR,Americas,CUB,Cuba,2007,Male,20.93
AMR,Americas,CUB,Cuba,2008,Female,79.79
AMR,Americas,CUB,Cuba,2008,Female,23.07
AMR,Americas,CUB,Cuba,2008,Male,76.03
AMR,Americas,CUB,Cuba,2008,Male,20.6
AMR,Americas,CUB,Cuba,2009,Female,80.02
AMR,Americas,CUB,Cuba,2009,Female,23.24
AMR,Americas,CUB,Cuba,2009,Male,76.08
AMR,Americas,CUB,Cuba,2009,Male,20.76
AMR,Americas,CUB,Cuba,2010,Female,79.9
AMR,Americas,CUB,Cuba,2010,Female,23.01
AMR,Americas,CUB,Cuba,2010,Male,75.84
AMR,Americas,CUB,Cuba,2010,Male,20.44
AMR,Americas,CUB,Cuba,2011,Female,80.48
AMR,Americas,CUB,Cuba,2011,Female,23.53
AMR,Americas,CUB,Cuba,2011,Male,76.64
AMR,Americas,CUB,Cuba,2011,Male,21.14
AMR,Americas,CUB,Cuba,2012,Female,80.54
AMR,Americas,CUB,Cuba,2012,Female,23.62
AMR,Americas,CUB,Cuba,2012,Male,76.37
AMR,Americas,CUB,Cuba,2012,Male,21.05
AMR,Americas,CUB,Cuba,2013,Female,80.4
AMR,Americas,CUB,Cuba,2013,Female,23.45
AMR,Americas,CUB,Cuba,2013,Male,76.29
AMR,Americas,CUB,Cuba,2013,Male,20.91
AMR,Americas,CUB,Cuba,2014,Female,80.25
AMR,Americas,CUB,Cuba,2014,Female,23.2
AMR,Americas,CUB,Cuba,2014,Male,76.1
AMR,Americas,CUB,Cuba,2014,Male,20.65
AMR,Americas,CUB,Cuba,2015,Female,80.11
AMR,Americas,CUB,Cuba,2015,Female,23.18
AMR,Americas,CUB,Cuba,2015,Male,75.82
AMR,Americas,CUB,Cuba,2015,Male,20.49
AMR,Americas,CUB,Cuba,2016,Female,80.44
AMR,Americas,CUB,Cuba,2016,Female,23.45
AMR,Americas,CUB,Cuba,2016,Male,75.93
AMR,Americas,CUB,Cuba,2016,Male,20.52
AMR,Americas,CUB,Cuba,2017,Female,80.0
AMR,Americas,CUB,Cuba,2017,Female,22.91
AMR,Americas,CUB,Cuba,2017,Male,75.4
AMR,Americas,CUB,Cuba,2017,Male,19.93
AMR,Americas,CUB,Cuba,2018,Female,80.24
AMR,Americas,CUB,Cuba,2018,Female,23.17
AMR,Americas,CUB,Cuba,2018,Male,75.55
AMR,Americas,CUB,Cuba,2018,Male,20.08
AMR,Americas,CUB,Cuba,2019,Female,80.12
AMR,Americas,CUB,Cuba,2019,Female,23.15
AMR,Americas,CUB,Cuba,2019,Male,75.3
AMR,Americas,CUB,Cuba,2019,Male,19.96
AMR,Americas,CUB,Cuba,2020,Female,80.1
AMR,Americas,CUB,Cuba,2020,Female,23.07
AMR,Americas,CUB,Cuba,2020,Male,75.26
AMR,Americas,CUB,Cuba,2020,Male,19.76
AMR,Americas,CUB,Cuba,2021,Female,76.51
AMR,Americas,CUB,Cuba,2021,Female,20.16
AMR,Americas,CUB,Cuba,2021,Male,71.13
AMR,Americas,CUB,Cuba,2021,Male,16.22
EUR,Europe,CYP,Cyprus,2000,Female,81.03
EUR,Europe,CYP,Cyprus,2000,Female,23.21
EUR,Europe,CYP,Cyprus,2000,Male,76.65
EUR,Europe,CYP,Cyprus,2000,Male,20.34
EUR,Europe,CYP,Cyprus,2001,Female,81.13
EUR,Europe,CYP,Cyprus,2001,Female,23.33
EUR,Europe,CYP,Cyprus,2001,Male,76.62
EUR,Europe,CYP,Cyprus,2001,Male,20.43
EUR,Europe,CYP,Cyprus,2002,Female,81.28
EUR,Europe,CYP,Cyprus,2002,Female,23.5
EUR,Europe,CYP,Cyprus,2002,Male,76.73
EUR,Europe,CYP,Cyprus,2002,Male,20.57
EUR,Europe,CYP,Cyprus,2003,Female,81.39
EUR,Europe,CYP,Cyprus,2003,Female,23.58
EUR,Europe,CYP,Cyprus,2003,Male,76.86
EUR,Europe,CYP,Cyprus,2003,Male,20.67
EUR,Europe,CYP,Cyprus,2004,Female,81.51
EUR,Europe,CYP,Cyprus,2004,Female,23.66
EUR,Europe,CYP,Cyprus,2004,Male,77.07
EUR,Europe,CYP,Cyprus,2004,Male,20.85
EUR,Europe,CYP,Cyprus,2005,Female,81.73
EUR,Europe,CYP,Cyprus,2005,Female,23.84
EUR,Europe,CYP,Cyprus,2005,Male,77.36
EUR,Europe,CYP,Cyprus,2005,Male,21.08
EUR,Europe,CYP,Cyprus,2006,Female,82.02
EUR,Europe,CYP,Cyprus,2006,Female,24.05
EUR,Europe,CYP,Cyprus,2006,Male,77.68
EUR,Europe,CYP,Cyprus,2006,Male,21.36
EUR,Europe,CYP,Cyprus,2007,Female,82.38
EUR,Europe,CYP,Cyprus,2007,Female,24.34
EUR,Europe,CYP,Cyprus,2007,Male,78.07
EUR,Europe,CYP,Cyprus,2007,Male,21.67
EUR,Europe,CYP,Cyprus,2008,Female,82.73
EUR,Europe,CYP,Cyprus,2008,Female,24.6
EUR,Europe,CYP,Cyprus,2008,Male,78.47
EUR,Europe,CYP,Cyprus,2008,Male,21.97
EUR,Europe,CYP,Cyprus,2009,Female,83.04
EUR,Europe,CYP,Cyprus,2009,Female,24.83
EUR,Europe,CYP,Cyprus,2009,Male,78.83
EUR,Europe,CYP,Cyprus,2009,Male,22.19
EUR,Europe,CYP,Cyprus,2010,Female,83.27
EUR,Europe,CYP,Cyprus,2010,Female,24.97
EUR,Europe,CYP,Cyprus,2010,Male,79.11
EUR,Europe,CYP,Cyprus,2010,Male,22.32
EUR,Europe,CYP,Cyprus,2011,Female,83.44
EUR,Europe,CYP,Cyprus,2011,Female,25.07
EUR,Europe,CYP,Cyprus,2011,Male,79.35
EUR,Europe,CYP,Cyprus,2011,Male,22.4
EUR,Europe,CYP,Cyprus,2012,Female,83.68
EUR,Europe,CYP,Cyprus,2012,Female,25.26
EUR,Europe,CYP,Cyprus,2012,Male,79.57
EUR,Europe,CYP,Cyprus,2012,Male,22.52
EUR,Europe,CYP,Cyprus,2013,Female,83.95
EUR,Europe,CYP,Cyprus,2013,Female,25.51
EUR,Europe,CYP,Cyprus,2013,Male,79.75
EUR,Europe,CYP,Cyprus,2013,Male,22.65
EUR,Europe,CYP,Cyprus,2014,Female,83.94
EUR,Europe,CYP,Cyprus,2014,Female,25.51
EUR,Europe,CYP,Cyprus,2014,Male,79.75
EUR,Europe,CYP,Cyprus,2014,Male,22.62
EUR,Europe,CYP,Cyprus,2015,Female,83.9
EUR,Europe,CYP,Cyprus,2015,Female,25.48
EUR,Europe,CYP,Cyprus,2015,Male,79.7
EUR,Europe,CYP,Cyprus,2015,Male,22.56
EUR,Europe,CYP,Cyprus,2016,Female,83.77
EUR,Europe,CYP,Cyprus,2016,Female,25.37
EUR,Europe,CYP,Cyprus,2016,Male,79.67
EUR,Europe,CYP,Cyprus,2016,Male,22.5
EUR,Europe,CYP,Cyprus,2017,Female,83.92
EUR,Europe,CYP,Cyprus,2017,Female,25.52
EUR,Europe,CYP,Cyprus,2017,Male,79.83
EUR,Europe,CYP,Cyprus,2017,Male,22.64
EUR,Europe,CYP,Cyprus,2018,Female,84.06
EUR,Europe,CYP,Cyprus,2018,Female,25.64
EUR,Europe,CYP,Cyprus,2018,Male,80.06
EUR,Europe,CYP,Cyprus,2018,Male,22.82
EUR,Europe,CYP,Cyprus,2019,Female,84.16
EUR,Europe,CYP,Cyprus,2019,Female,25.77
EUR,Europe,CYP,Cyprus,2019,Male,80.2
EUR,Europe,CYP,Cyprus,2019,Male,22.91
EUR,Europe,CYP,Cyprus,2020,Female,84.07
EUR,Europe,CYP,Cyprus,2020,Female,25.72
EUR,Europe,CYP,Cyprus,2020,Male,80.05
EUR,Europe,CYP,Cyprus,2020,Male,22.75
EUR,Europe,CYP,Cyprus,2021,Female,83.96
EUR,Europe,CYP,Cyprus,2021,Female,25.66
EUR,Europe,CYP,Cyprus,2021,Male,79.87
EUR,Europe,CYP,Cyprus,2021,Male,22.6
EUR,Europe,CZE,Czechia,2000,Female,78.37
EUR,Europe,CZE,Czechia,2000,Female,21.26
EUR,Europe,CZE,Czechia,2000,Male,71.62
EUR,Europe,CZE,Czechia,2000,Male,17.03
EUR,Europe,CZE,Czechia,2001,Female,78.46
EUR,Europe,CZE,Czechia,2001,Female,21.32
EUR,Europe,CZE,Czechia,2001,Male,72.05
EUR,Europe,CZE,Czechia,2001,Male,17.32
EUR,Europe,CZE,Czechia,2002,Female,78.6
EUR,Europe,CZE,Czechia,2002,Female,21.36
EUR,Europe,CZE,Czechia,2002,Male,72.06
EUR,Europe,CZE,Czechia,2002,Male,17.27
EUR,Europe,CZE,Czechia,2003,Female,78.47
EUR,Europe,CZE,Czechia,2003,Female,21.23
EUR,Europe,CZE,Czechia,2003,Male,72.0
EUR,Europe,CZE,Czechia,2003,Male,17.19
EUR,Europe,CZE,Czechia,2004,Female,79.02
EUR,Europe,CZE,Czechia,2004,Female,21.63
EUR,Europe,CZE,Czechia,2004,Male,72.49
EUR,Europe,CZE,Czechia,2004,Male,17.57
EUR,Europe,CZE,Czechia,2005,Female,79.09
EUR,Europe,CZE,Czechia,2005,Female,21.72
EUR,Europe,CZE,Czechia,2005,Male,72.84
EUR,Europe,CZE,Czechia,2005,Male,17.78
EUR,Europe,CZE,Czechia,2006,Female,79.69
EUR,Europe,CZE,Czechia,2006,Female,22.22
EUR,Europe,CZE,Czechia,2006,Male,73.44
EUR,Europe,CZE,Czechia,2006,Male,18.17
EUR,Europe,CZE,Czechia,2007,Female,79.98
EUR,Europe,CZE,Czechia,2007,Female,22.45
EUR,Europe,CZE,Czechia,2007,Male,73.69
EUR,Europe,CZE,Czechia,2007,Male,18.41
EUR,Europe,CZE,Czechia,2008,Female,80.24
EUR,Europe,CZE,Czechia,2008,Female,22.72
EUR,Europe,CZE,Czechia,2008,Male,74.0
EUR,Europe,CZE,Czechia,2008,Male,18.61
EUR,Europe,CZE,Czechia,2009,Female,80.3
EUR,Europe,CZE,Czechia,2009,Female,22.7
EUR,Europe,CZE,Czechia,2009,Male,74.19
EUR,Europe,CZE,Czechia,2009,Male,18.61
EUR,Europe,CZE,Czechia,2010,Female,80.64
EUR,Europe,CZE,Czechia,2010,Female,22.95
EUR,Europe,CZE,Czechia,2010,Male,74.41
EUR,Europe,CZE,Czechia,2010,Male,18.77
EUR,Europe,CZE,Czechia,2011,Female,80.82
EUR,Europe,CZE,Czechia,2011,Female,23.12
EUR,Europe,CZE,Czechia,2011,Male,74.7
EUR,Europe,CZE,Czechia,2011,Male,18.98
EUR,Europe,CZE,Czechia,2012,Female,80.92
EUR,Europe,CZE,Czechia,2012,Female,23.16
EUR,Europe,CZE,Czechia,2012,Male,74.96
EUR,Europe,CZE,Czechia,2012,Male,19.07
EUR,Europe,CZE,Czechia,2013,Female,81.04
EUR,Europe,CZE,Czechia,2013,Female,23.23
EUR,Europe,CZE,Czechia,2013,Male,75.13
EUR,Europe,CZE,Czechia,2013,Male,19.13
EUR,Europe,CZE,Czechia,2014,Female,81.62
EUR,Europe,CZE,Czechia,2014,Female,23.72
EUR,Europe,CZE,Czechia,2014,Male,75.68
EUR,Europe,CZE,Czechia,2014,Male,19.53
EUR,Europe,CZE,Czechia,2015,Female,81.32
EUR,Europe,CZE,Czechia,2015,Female,23.4
EUR,Europe,CZE,Czechia,2015,Male,75.59
EUR,Europe,CZE,Czechia,2015,Male,19.34
EUR,Europe,CZE,Czechia,2016,Female,81.77
EUR,Europe,CZE,Czechia,2016,Female,23.91
EUR,Europe,CZE,Czechia,2016,Male,76.03
EUR,Europe,CZE,Czechia,2016,Male,19.71
EUR,Europe,CZE,Czechia,2017,Female,81.69
EUR,Europe,CZE,Czechia,2017,Female,23.74
EUR,Europe,CZE,Czechia,2017,Male,75.98
EUR,Europe,CZE,Czechia,2017,Male,19.68
EUR,Europe,CZE,Czechia,2018,Female,81.74
EUR,Europe,CZE,Czechia,2018,Female,23.77
EUR,Europe,CZE,Czechia,2018,Male,76.02
EUR,Europe,CZE,Czechia,2018,Male,19.76
EUR,Europe,CZE,Czechia,2019,Female,81.93
EUR,Europe,CZE,Czechia,2019,Female,24.0
EUR,Europe,CZE,Czechia,2019,Male,76.3
EUR,Europe,CZE,Czechia,2019,Male,19.93
EUR,Europe,CZE,Czechia,2020,Female,81.08
EUR,Europe,CZE,Czechia,2020,Female,23.16
EUR,Europe,CZE,Czechia,2020,Male,75.22
EUR,Europe,CZE,Czechia,2020,Male,18.79
EUR,Europe,CZE,Czechia,2021,Female,80.27
EUR,Europe,CZE,Czechia,2021,Female,22.56
EUR,Europe,CZE,Czechia,2021,Male,74.01
EUR,Europe,CZE,Czechia,2021,Male,17.93
SEAR,South-East Asia,PRK,Democratic People's Republic of Korea,2000,Female,64.98
SEAR,South-East Asia,PRK,Democratic People's Republic of Korea,2000,Female,17.48
SEAR,South-East Asia,PRK,Democratic People's Republic of Korea,2000,Male,59.64
SEAR,South-East Asia,PRK,Democratic People's Republic of Korea,2000,Male,14.62
SEAR,South-East Asia,PRK,Democratic People's Republic of Korea,2001,Female,65.12
SEAR,South-East Asia,PRK,Democratic People's Republic of Korea,2001,Female,17.49
SEAR,South-East Asia,PRK,Democratic People's Republic of Korea,2001,Male,59.76
SEAR,South-East Asia,PRK,Democratic People's Republic of Korea,2001,Male,14.63
SEAR,South-East Asia,PRK,Democratic People's Republic of Korea,2002,Female,65.31
SEAR,South-East Asia,PRK,Democratic People's Republic of Korea,2002,Female,17.51
SEAR,South-East Asia,PRK,Democratic People's Republic of Korea,2002,Male,59.92
SEAR,South-East Asia,PRK,Democratic People's Republic of Korea,2002,Male,14.63
SEAR,South-East Asia,PRK,Democratic People's Republic of Korea,2003,Female,72.0
SEAR,South-East Asia,PRK,Democratic People's Republic of Korea,2003,Female,18.79
SEAR,South-East Asia,PRK,Democratic People's Republic of Korea,2003,Male,66.26
SEAR,South-East Asia,PRK,Democratic People's Republic of Korea,2003,Male,15.71
SEAR,South-East Asia,PRK,Democratic People's Republic of Korea,2004,Female,72.14
SEAR,South-East Asia,PRK,Democratic People's Republic of Korea,2004,Female,18.83
SEAR,South-East Asia,PRK,Democratic People's Republic of Korea,2004,Male,66.38
SEAR,South-East Asia,PRK,Democratic People's Republic of Korea,2004,Male,15.74
SEAR,South-East Asia,PRK,Democratic People's Republic of Korea,2005,Female,72.27
SEAR,South-East Asia,PRK,Democratic People's Republic of Korea,2005,Female,18.87
SEAR,South-East Asia,PRK,Democratic People's Republic of Korea,2005,Male,66.54
SEAR,South-East Asia,PRK,Democratic People's Republic of Korea,2005,Male,15.78
SEAR,South-East Asia,PRK,Democratic People's Republic of Korea,2006,Female,72.36
SEAR,South-East Asia,PRK,Democratic People's Republic of Korea,2006,Female,18.89
SEAR,South-East Asia,PRK,Democratic People's Republic of Korea,2006,Male,66.63
SEAR,South-East Asia,PRK,Democratic People's Republic of Korea,2006,Male,15.8
SEAR,South-East Asia,PRK,Democratic People's Republic of Korea,2007,Female,72.37
SEAR,South-East Asia,PRK,Democratic People's Republic of Korea,2007,Female,18.89
SEAR,South-East Asia,PRK,Democratic People's Republic of Korea,2007,Male,66.62
SEAR,South-East Asia,PRK,Democratic People's Republic of Korea,2007,Male,15.79
SEAR,South-East Asia,PRK,Democratic People's Republic of Korea,2008,Female,72.5
SEAR,South-East Asia,PRK,Democratic People's Republic of Korea,2008,Female,18.91
SEAR,South-East Asia,PRK,Democratic People's Republic of Korea,2008,Male,66.72
SEAR,South-East Asia,PRK,Democratic People's Republic of Korea,2008,Male,15.76
SEAR,South-East Asia,PRK,Democratic People's Republic of Korea,2009,Female,72.6
SEAR,South-East Asia,PRK,Democratic People's Republic of Korea,2009,Female,18.92
SEAR,South-East Asia,PRK,Democratic People's Republic of Korea,2009,Male,66.8
SEAR,South-East Asia,PRK,Democratic People's Republic of Korea,2009,Male,15.74
SEAR,South-East Asia,PRK,Democratic People's Republic of Korea,2010,Female,72.78
SEAR,South-East Asia,PRK,Democratic People's Republic of Korea,2010,Female,18.96
SEAR,South-East Asia,PRK,Democratic People's Republic of Korea,2010,Male,66.95
SEAR,South-East Asia,PRK,Democratic People's Republic of Korea,2010,Male,15.76
SEAR,South-East Asia,PRK,Democratic People's Republic of Korea,2011,Female,73.03
SEAR,South-East Asia,PRK,Democratic People's Republic of Korea,2011,Female,19.05
SEAR,South-East Asia,PRK,Democratic People's Republic of Korea,2011,Male,67.21
SEAR,South-East Asia,PRK,Democratic People's Republic of Korea,2011,Male,15.82
SEAR,South-East Asia,PRK,Democratic People's Republic of Korea,2012,Female,73.32
SEAR,South-East Asia,PRK,Democratic People's Republic of Korea,2012,Female,19.14
SEAR,South-East Asia,PRK,Democratic People's Republic of Korea,2012,Male,67.49
SEAR,South-East Asia,PRK,Democratic People's Republic of Korea,2012,Male,15.9
SEAR,South-East Asia,PRK,Democratic People's Republic of Korea,2013,Female,73.64
SEAR,South-East Asia,PRK,Democratic People's Republic of Korea,2013,Female,19.29
SEAR,South-East Asia,PRK,Democratic People's Republic of Korea,2013,Male,67.79
SEAR,South-East Asia,PRK,Democratic People's Republic of Korea,2013,Male,16.01
SEAR,South-East Asia,PRK,Democratic People's Republic of Korea,2014,Female,73.97
SEAR,South-East Asia,PRK,Democratic People's Republic of Korea,2014,Female,19.48
SEAR,South-East Asia,PRK,Democratic People's Republic of Korea,2014,Male,68.11
SEAR,South-East Asia,PRK,Democratic People's Republic of Korea,2014,Male,16.17
SEAR,South-East Asia,PRK,Democratic People's Republic of Korea,2015,Female,74.27
SEAR,South-East Asia,PRK,Democratic People's Republic of Korea,2015,Female,19.67
SEAR,South-East Asia,PRK,Democratic People's Republic of Korea,2015,Male,68.39
SEAR,South-East Asia,PRK,Democratic People's Republic of Korea,2015,Male,16.35
SEAR,South-East Asia,PRK,Democratic People's Republic of Korea,2016,Female,74.51
SEAR,South-East Asia,PRK,Democratic People's Republic of Korea,2016,Female,19.88
SEAR,South-East Asia,PRK,Democratic People's Republic of Korea,2016,Male,68.62
SEAR,South-East Asia,PRK,Democratic People's Republic of Korea,2016,Male,16.54
SEAR,South-East Asia,PRK,Democratic People's Republic of Korea,2017,Female,74.86
SEAR,South-East Asia,PRK,Democratic People's Republic of Korea,2017,Female,20.1
SEAR,South-East Asia,PRK,Democratic People's Republic of Korea,2017,Male,68.92
SEAR,South-East Asia,PRK,Democratic People's Republic of Korea,2017,Male,16.75
SEAR,South-East Asia,PRK,Democratic People's Republic of Korea,2018,Female,75.05
SEAR,South-East Asia,PRK,Democratic People's Republic of Korea,2018,Female,20.23
SEAR,South-East Asia,PRK,Democratic People's Republic of Korea,2018,Male,69.13
SEAR,South-East Asia,PRK,Democratic People's Republic of Korea,2018,Male,16.91
SEAR,South-East Asia,PRK,Democratic People's Republic of Korea,2019,Female,75.3
SEAR,South-East Asia,PRK,Democratic People's Republic of Korea,2019,Female,20.39
SEAR,South-East Asia,PRK,Democratic People's Republic of Korea,2019,Male,69.34
SEAR,South-East Asia,PRK,Democratic People's Republic of Korea,2019,Male,17.04
SEAR,South-East Asia,PRK,Democratic People's Republic of Korea,2020,Female,75.51
SEAR,South-East Asia,PRK,Democratic People's Republic of Korea,2020,Female,20.43
SEAR,South-East Asia,PRK,Democratic People's Republic of Korea,2020,Male,69.33
SEAR,South-East Asia,PRK,Democratic People's Republic of Korea,2020,Male,16.71
SEAR,South-East Asia,PRK,Democratic People's Republic of Korea,2021,Female,75.65
SEAR,South-East Asia,PRK,Democratic People's Republic of Korea,2021,Female,20.68
SEAR,South-East Asia,PRK,Democratic People's Republic of Korea,2021,Male,69.76
SEAR,South-East Asia,PRK,Democratic People's Republic of Korea,2021,Male,17.39
AFR,Africa,COD,Democratic Republic of the Congo,2000,Female,54.48
AFR,Africa,COD,Democratic Republic of the Congo,2000,Female,15.75
AFR,Africa,COD,Democratic Republic of the Congo,2000,Male,50.86
AFR,Africa,COD,Democratic Republic of the Congo,2000,Male,13.1
AFR,Africa,COD,Democratic Republic of the Congo,2001,Female,54.72
AFR,Africa,COD,Democratic Republic of the Congo,2001,Female,15.68
AFR,Africa,COD,Democratic Republic of the Congo,2001,Male,51.31
AFR,Africa,COD,Democratic Republic of the Congo,2001,Male,13.17
AFR,Africa,COD,Democratic Republic of the Congo,2002,Female,55.02
AFR,Africa,COD,Democratic Republic of the Congo,2002,Female,15.68
AFR,Africa,COD,Democratic Republic of the Congo,2002,Male,51.52
AFR,Africa,COD,Democratic Republic of the Congo,2002,Male,13.31
AFR,Africa,COD,Democratic Republic of the Congo,2003,Female,55.35
AFR,Africa,COD,Democratic Republic of the Congo,2003,Female,15.62
AFR,Africa,COD,Democratic Republic of the Congo,2003,Male,52.06
AFR,Africa,COD,Democratic Republic of the Congo,2003,Male,13.3
AFR,Africa,COD,Democratic Republic of the Congo,2004,Female,55.88
AFR,Africa,COD,Democratic Republic of the Congo,2004,Female,15.67
AFR,Africa,COD,Democratic Republic of the Congo,2004,Male,52.82
AFR,Africa,COD,Democratic Republic of the Congo,2004,Male,13.46
AFR,Africa,COD,Democratic Republic of the Congo,2005,Female,56.45
AFR,Africa,COD,Democratic Republic of the Congo,2005,Female,15.76
AFR,Africa,COD,Democratic Republic of the Congo,2005,Male,53.44
AFR,Africa,COD,Democratic Republic of the Congo,2005,Male,13.63
AFR,Africa,COD,Democratic Republic of the Congo,2006,Female,56.95
AFR,Africa,COD,Democratic Republic of the Congo,2006,Female,15.79
AFR,Africa,COD,Democratic Republic of the Congo,2006,Male,54.02
AFR,Africa,COD,Democratic Republic of the Congo,2006,Male,13.74
AFR,Africa,COD,Democratic Republic of the Congo,2007,Female,57.45
AFR,Africa,COD,Democratic Republic of the Congo,2007,Female,15.82
AFR,Africa,COD,Democratic Republic of the Congo,2007,Male,54.51
AFR,Africa,COD,Democratic Republic of the Congo,2007,Male,13.84
AFR,Africa,COD,Democratic Republic of the Congo,2008,Female,57.88
AFR,Africa,COD,Democratic Republic of the Congo,2008,Female,15.84
AFR,Africa,COD,Democratic Republic of the Congo,2008,Male,54.77
AFR,Africa,COD,Democratic Republic of the Congo,2008,Male,13.86
AFR,Africa,COD,Democratic Republic of the Congo,2009,Female,58.44
AFR,Africa,COD,Democratic Republic of the Congo,2009,Female,15.93
AFR,Africa,COD,Democratic Republic of the Congo,2009,Male,55.19
AFR,Africa,COD,Democratic Republic of the Congo,2009,Male,13.94
AFR,Africa,COD,Democratic Republic of the Congo,2010,Female,59.04
AFR,Africa,COD,Democratic Republic of the Congo,2010,Female,16.02
AFR,Africa,COD,Democratic Republic of the Congo,2010,Male,55.78
AFR,Africa,COD,Democratic Republic of the Congo,2010,Male,13.99
AFR,Africa,COD,Democratic Republic of the Congo,2011,Female,59.6
AFR,Africa,COD,Democratic Republic of the Congo,2011,Female,16.12
AFR,Africa,COD,Democratic Republic of the Congo,2011,Male,56.2
AFR,Africa,COD,Democratic Republic of the Congo,2011,Male,14.07
AFR,Africa,COD,Democratic Republic of the Congo,2012,Female,60.14
AFR,Africa,COD,Democratic Republic of the Congo,2012,Female,16.22
AFR,Africa,COD,Democratic Republic of the Congo,2012,Male,56.58
AFR,Africa,COD,Democratic Republic of the Congo,2012,Male,14.16
AFR,Africa,COD,Democratic Republic of the Congo,2013,Female,60.78
AFR,Africa,COD,Democratic Republic of the Congo,2013,Female,16.36
AFR,Africa,COD,Democratic Republic of the Congo,2013,Male,57.05
AFR,Africa,COD,Democratic Republic of the Congo,2013,Male,14.29
AFR,Africa,COD,Democratic Republic of the Congo,2014,Female,61.37
AFR,Africa,COD,Democratic Republic of the Congo,2014,Female,16.49
AFR,Africa,COD,Democratic Republic of the Congo,2014,Male,57.6
AFR,Africa,COD,Democratic Republic of the Congo,2014,Male,14.41
AFR,Africa,COD,Democratic Republic of the Congo,2015,Female,61.9
AFR,Africa,COD,Democratic Republic of the Congo,2015,Female,16.59
AFR,Africa,COD,Democratic Republic of the Congo,2015,Male,58.07
AFR,Africa,COD,Democratic Republic of the Congo,2015,Male,14.49
AFR,Africa,COD,Democratic Republic of the Congo,2016,Female,62.43
AFR,Africa,COD,Democratic Republic of the Congo,2016,Female,16.71
AFR,Africa,COD,Democratic Republic of the Congo,2016,Male,58.49
AFR,Africa,COD,Democratic Republic of the Congo,2016,Male,14.61
AFR,Africa,COD,Democratic Republic of the Congo,2017,Female,62.97
AFR,Africa,COD,Democratic Republic of the Congo,2017,Female,16.83
AFR,Africa,COD,Democratic Republic of the Congo,2017,Male,58.78
AFR,Africa,COD,Democratic Republic of the Congo,2017,Male,14.72
AFR,Africa,COD,Democratic Republic of the Congo,2018,Female,63.61
AFR,Africa,COD,Democratic Republic of the Congo,2018,Female,16.96
AFR,Africa,COD,Democratic Republic of the Congo,2018,Male,59.32
AFR,Africa,COD,Democratic Republic of the Congo,2018,Male,14.83
AFR,Africa,COD,Democratic Republic of the Congo,2019,Female,64.08
AFR,Africa,COD,Democratic Republic of the Congo,2019,Female,17.04
AFR,Africa,COD,Democratic Republic of the Congo,2019,Male,59.67
AFR,Africa,COD,Democratic Republic of the Congo,2019,Male,14.89
AFR,Africa,COD,Democratic Republic of the Congo,2020,Female,64.46
AFR,Africa,COD,Democratic Republic of the Congo,2020,Female,16.77
AFR,Africa,COD,Democratic Republic of the Congo,2020,Male,59.73
AFR,Africa,COD,Democratic Republic of the Congo,2020,Male,14.23
AFR,Africa,COD,Democratic Republic of the Congo,2021,Female,63.91
AFR,Africa,COD,Democratic Republic of the Congo,2021,Female,16.43
AFR,Africa,COD,Democratic Republic of the Congo,2021,Male,59.43
AFR,Africa,COD,Democratic Republic of the Congo,2021,Male,14.32
EUR,Europe,DNK,Denmark,2000,Female,79.13
EUR,Europe,DNK,Denmark,2000,Female,22.08
EUR,Europe,DNK,Denmark,2000,Male,74.66
EUR,Europe,DNK,Denmark,2000,Male,18.97
EUR,Europe,DNK,Denmark,2001,Female,79.12
EUR,Europe,DNK,Denmark,2001,Female,22.13
EUR,Europe,DNK,Denmark,2001,Male,74.89
EUR,Europe,DNK,Denmark,2001,Male,19.06
EUR,Europe,DNK,Denmark,2002,Female,79.13
EUR,Europe,DNK,Denmark,2002,Female,22.07
EUR,Europe,DNK,Denmark,2002,Male,74.87
EUR,Europe,DNK,Denmark,2002,Male,19.12
EUR,Europe,DNK,Denmark,2003,Female,79.56
EUR,Europe,DNK,Denmark,2003,Female,22.35
EUR,Europe,DNK,Denmark,2003,Male,75.04
EUR,Europe,DNK,Denmark,2003,Male,19.26
EUR,Europe,DNK,Denmark,2004,Female,79.89
EUR,Europe,DNK,Denmark,2004,Female,22.72
EUR,Europe,DNK,Denmark,2004,Male,75.43
EUR,Europe,DNK,Denmark,2004,Male,19.57
EUR,Europe,DNK,Denmark,2005,Female,80.24
EUR,Europe,DNK,Denmark,2005,Female,22.88
EUR,Europe,DNK,Denmark,2005,Male,75.96
EUR,Europe,DNK,Denmark,2005,Male,19.91
EUR,Europe,DNK,Denmark,2006,Female,80.35
EUR,Europe,DNK,Denmark,2006,Female,22.92
EUR,Europe,DNK,Denmark,2006,Male,76.0
EUR,Europe,DNK,Denmark,2006,Male,19.98
EUR,Europe,DNK,Denmark,2007,Female,80.35
EUR,Europe,DNK,Denmark,2007,Female,23.0
EUR,Europe,DNK,Denmark,2007,Male,76.21
EUR,Europe,DNK,Denmark,2007,Male,20.25
EUR,Europe,DNK,Denmark,2008,Female,80.72
EUR,Europe,DNK,Denmark,2008,Female,23.3
EUR,Europe,DNK,Denmark,2008,Male,76.52
EUR,Europe,DNK,Denmark,2008,Male,20.38
EUR,Europe,DNK,Denmark,2009,Female,80.81
EUR,Europe,DNK,Denmark,2009,Female,23.31
EUR,Europe,DNK,Denmark,2009,Male,76.9
EUR,Europe,DNK,Denmark,2009,Male,20.52
EUR,Europe,DNK,Denmark,2010,Female,81.1
EUR,Europe,DNK,Denmark,2010,Female,23.5
EUR,Europe,DNK,Denmark,2010,Male,77.2
EUR,Europe,DNK,Denmark,2010,Male,20.76
EUR,Europe,DNK,Denmark,2011,Female,81.57
EUR,Europe,DNK,Denmark,2011,Female,23.92
EUR,Europe,DNK,Denmark,2011,Male,77.76
EUR,Europe,DNK,Denmark,2011,Male,21.16
EUR,Europe,DNK,Denmark,2012,Female,81.77
EUR,Europe,DNK,Denmark,2012,Female,24.03
EUR,Europe,DNK,Denmark,2012,Male,78.11
EUR,Europe,DNK,Denmark,2012,Male,21.33
EUR,Europe,DNK,Denmark,2013,Female,82.02
EUR,Europe,DNK,Denmark,2013,Female,24.21
EUR,Europe,DNK,Denmark,2013,Male,78.28
EUR,Europe,DNK,Denmark,2013,Male,21.43
EUR,Europe,DNK,Denmark,2014,Female,82.37
EUR,Europe,DNK,Denmark,2014,Female,24.49
EUR,Europe,DNK,Denmark,2014,Male,78.62
EUR,Europe,DNK,Denmark,2014,Male,21.79
EUR,Europe,DNK,Denmark,2015,Female,82.36
EUR,Europe,DNK,Denmark,2015,Female,24.45
EUR,Europe,DNK,Denmark,2015,Male,78.8
EUR,Europe,DNK,Denmark,2015,Male,21.78
EUR,Europe,DNK,Denmark,2016,Female,82.43
EUR,Europe,DNK,Denmark,2016,Female,24.52
EUR,Europe,DNK,Denmark,2016,Male,78.97
EUR,Europe,DNK,Denmark,2016,Male,21.97
EUR,Europe,DNK,Denmark,2017,Female,82.74
EUR,Europe,DNK,Denmark,2017,Female,24.69
EUR,Europe,DNK,Denmark,2017,Male,79.13
EUR,Europe,DNK,Denmark,2017,Male,22.03
EUR,Europe,DNK,Denmark,2018,Female,82.61
EUR,Europe,DNK,Denmark,2018,Female,24.56
EUR,Europe,DNK,Denmark,2018,Male,79.02
EUR,Europe,DNK,Denmark,2018,Male,21.9
EUR,Europe,DNK,Denmark,2019,Female,83.06
EUR,Europe,DNK,Denmark,2019,Female,24.85
EUR,Europe,DNK,Denmark,2019,Male,79.49
EUR,Europe,DNK,Denmark,2019,Male,22.18
EUR,Europe,DNK,Denmark,2020,Female,83.16
EUR,Europe,DNK,Denmark,2020,Female,24.96
EUR,Europe,DNK,Denmark,2020,Male,79.56
EUR,Europe,DNK,Denmark,2020,Male,22.28
EUR,Europe,DNK,Denmark,2021,Female,82.9
EUR,Europe,DNK,Denmark,2021,Female,24.79
EUR,Europe,DNK,Denmark,2021,Male,79.46
EUR,Europe,DNK,Denmark,2021,Male,22.08
EMR,Eastern Mediterranean,DJI,Djibouti,2000,Female,61.4
EMR,Eastern Mediterranean,DJI,Djibouti,2000,Female,17.13
EMR,Eastern Mediterranean,DJI,Djibouti,2000,Male,57.7
EMR,Eastern Mediterranean,DJI,Djibouti,2000,Male,14.77
EMR,Eastern Mediterranean,DJI,Djibouti,2001,Female,61.28
EMR,Eastern Mediterranean,DJI,Djibouti,2001,Female,17.16
EMR,Eastern Mediterranean,DJI,Djibouti,2001,Male,57.75
EMR,Eastern Mediterranean,DJI,Djibouti,2001,Male,14.82
EMR,Eastern Mediterranean,DJI,Djibouti,2002,Female,61.24
EMR,Eastern Mediterranean,DJI,Djibouti,2002,Female,17.2
EMR,Eastern Mediterranean,DJI,Djibouti,2002,Male,57.81
EMR,Eastern Mediterranean,DJI,Djibouti,2002,Male,14.86
EMR,Eastern Mediterranean,DJI,Djibouti,2003,Female,61.34
EMR,Eastern Mediterranean,DJI,Djibouti,2003,Female,17.25
EMR,Eastern Mediterranean,DJI,Djibouti,2003,Male,58.02
EMR,Eastern Mediterranean,DJI,Djibouti,2003,Male,14.93
EMR,Eastern Mediterranean,DJI,Djibouti,2004,Female,61.38
EMR,Eastern Mediterranean,DJI,Djibouti,2004,Female,17.26
EMR,Eastern Mediterranean,DJI,Djibouti,2004,Male,58.17
EMR,Eastern Mediterranean,DJI,Djibouti,2004,Male,14.96
EMR,Eastern Mediterranean,DJI,Djibouti,2005,Female,61.73
EMR,Eastern Mediterranean,DJI,Djibouti,2005,Female,17.4
EMR,Eastern Mediterranean,DJI,Djibouti,2005,Male,58.5
EMR,Eastern Mediterranean,DJI,Djibouti,2005,Male,15.09
EMR,Eastern Mediterranean,DJI,Djibouti,2006,Female,62.07
EMR,Eastern Mediterranean,DJI,Djibouti,2006,Female,17.5
EMR,Eastern Mediterranean,DJI,Djibouti,2006,Male,58.43
EMR,Eastern Mediterranean,DJI,Djibouti,2006,Male,15.13
EMR,Eastern Mediterranean,DJI,Djibouti,2007,Female,62.65
EMR,Eastern Mediterranean,DJI,Djibouti,2007,Female,17.66
EMR,Eastern Mediterranean,DJI,Djibouti,2007,Male,59.37
EMR,Eastern Mediterranean,DJI,Djibouti,2007,Male,15.33
EMR,Eastern Mediterranean,DJI,Djibouti,2008,Female,63.06
EMR,Eastern Mediterranean,DJI,Djibouti,2008,Female,17.78
EMR,Eastern Mediterranean,DJI,Djibouti,2008,Male,59.76
EMR,Eastern Mediterranean,DJI,Djibouti,2008,Male,15.46
EMR,Eastern Mediterranean,DJI,Djibouti,2009,Female,63.36
EMR,Eastern Mediterranean,DJI,Djibouti,2009,Female,17.84
EMR,Eastern Mediterranean,DJI,Djibouti,2009,Male,60.11
EMR,Eastern Mediterranean,DJI,Djibouti,2009,Male,15.54
EMR,Eastern Mediterranean,DJI,Djibouti,2010,Female,63.62
EMR,Eastern Mediterranean,DJI,Djibouti,2010,Female,17.9
EMR,Eastern Mediterranean,DJI,Djibouti,2010,Male,60.44
EMR,Eastern Mediterranean,DJI,Djibouti,2010,Male,15.59
EMR,Eastern Mediterranean,DJI,Djibouti,2011,Female,63.92
EMR,Eastern Mediterranean,DJI,Djibouti,2011,Female,17.96
EMR,Eastern Mediterranean,DJI,Djibouti,2011,Male,60.78
EMR,Eastern Mediterranean,DJI,Djibouti,2011,Male,15.67
EMR,Eastern Mediterranean,DJI,Djibouti,2012,Female,64.35
EMR,Eastern Mediterranean,DJI,Djibouti,2012,Female,18.05
EMR,Eastern Mediterranean,DJI,Djibouti,2012,Male,61.18
EMR,Eastern Mediterranean,DJI,Djibouti,2012,Male,15.78
EMR,Eastern Mediterranean,DJI,Djibouti,2013,Female,64.75
EMR,Eastern Mediterranean,DJI,Djibouti,2013,Female,18.13
EMR,Eastern Mediterranean,DJI,Djibouti,2013,Male,61.55
EMR,Eastern Mediterranean,DJI,Djibouti,2013,Male,15.87
EMR,Eastern Mediterranean,DJI,Djibouti,2014,Female,65.16
EMR,Eastern Mediterranean,DJI,Djibouti,2014,Female,18.2
EMR,Eastern Mediterranean,DJI,Djibouti,2014,Male,61.9
EMR,Eastern Mediterranean,DJI,Djibouti,2014,Male,15.97
EMR,Eastern Mediterranean,DJI,Djibouti,2015,Female,65.57
EMR,Eastern Mediterranean,DJI,Djibouti,2015,Female,18.28
EMR,Eastern Mediterranean,DJI,Djibouti,2015,Male,62.2
EMR,Eastern Mediterranean,DJI,Djibouti,2015,Male,16.01
EMR,Eastern Mediterranean,DJI,Djibouti,2016,Female,65.98
EMR,Eastern Mediterranean,DJI,Djibouti,2016,Female,18.34
EMR,Eastern Mediterranean,DJI,Djibouti,2016,Male,62.71
EMR,Eastern Mediterranean,DJI,Djibouti,2016,Male,16.1
EMR,Eastern Mediterranean,DJI,Djibouti,2017,Female,66.44
EMR,Eastern Mediterranean,DJI,Djibouti,2017,Female,18.4
EMR,Eastern Mediterranean,DJI,Djibouti,2017,Male,63.04
EMR,Eastern Mediterranean,DJI,Djibouti,2017,Male,16.15
EMR,Eastern Mediterranean,DJI,Djibouti,2018,Female,66.88
EMR,Eastern Mediterranean,DJI,Djibouti,2018,Female,18.47
EMR,Eastern Mediterranean,DJI,Djibouti,2018,Male,63.38
EMR,Eastern Mediterranean,DJI,Djibouti,2018,Male,16.22
EMR,Eastern Mediterranean,DJI,Djibouti,2019,Female,67.27
EMR,Eastern Mediterranean,DJI,Djibouti,2019,Female,18.54
EMR,Eastern Mediterranean,DJI,Djibouti,2019,Male,63.63
EMR,Eastern Mediterranean,DJI,Djibouti,2019,Male,16.3
EMR,Eastern Mediterranean,DJI,Djibouti,2020,Female,67.23
EMR,Eastern Mediterranean,DJI,Djibouti,2020,Female,18.11
EMR,Eastern Mediterranean,DJI,Djibouti,2020,Male,63.36
EMR,Eastern Mediterranean,DJI,Djibouti,2020,Male,15.42
EMR,Eastern Mediterranean,DJI,Djibouti,2021,Female,66.73
EMR,Eastern Mediterranean,DJI,Djibouti,2021,Female,17.73
EMR,Eastern Mediterranean,DJI,Djibouti,2021,Male,63.04
EMR,Eastern Mediterranean,DJI,Djibouti,2021,Male,15.52
AMR,Americas,DOM,Dominican Republic,2000,Female,76.56
AMR,Americas,DOM,Dominican Republic,2000,Female,24.13
AMR,Americas,DOM,Dominican Republic,2000,Male,70.5
AMR,Americas,DOM,Dominican Republic,2000,Male,20.87
AMR,Americas,DOM,Dominican Republic,2001,Female,76.59
AMR,Americas,DOM,Dominican Republic,2001,Female,24.06
AMR,Americas,DOM,Dominican Republic,2001,Male,70.86
AMR,Americas,DOM,Dominican Republic,2001,Male,21.05
AMR,Americas,DOM,Dominican Republic,2002,Female,76.55
AMR,Americas,DOM,Dominican Republic,2002,Female,23.94
AMR,Americas,DOM,Dominican Republic,2002,Male,70.89
AMR,Americas,DOM,Dominican Republic,2002,Male,21.0
AMR,Americas,DOM,Dominican Republic,2003,Female,76.08
AMR,Americas,DOM,Dominican Republic,2003,Female,23.43
AMR,Americas,DOM,Dominican Republic,2003,Male,70.62
AMR,Americas,DOM,Dominican Republic,2003,Male,20.74
AMR,Americas,DOM,Dominican Republic,2004,Female,75.54
AMR,Americas,DOM,Dominican Republic,2004,Female,22.93
AMR,Americas,DOM,Dominican Republic,2004,Male,70.19
AMR,Americas,DOM,Dominican Republic,2004,Male,20.38
AMR,Americas,DOM,Dominican Republic,2005,Female,75.6
AMR,Americas,DOM,Dominican Republic,2005,Female,22.86
AMR,Americas,DOM,Dominican Republic,2005,Male,70.24
AMR,Americas,DOM,Dominican Republic,2005,Male,20.34
AMR,Americas,DOM,Dominican Republic,2006,Female,75.57
AMR,Americas,DOM,Dominican Republic,2006,Female,22.75
AMR,Americas,DOM,Dominican Republic,2006,Male,70.27
AMR,Americas,DOM,Dominican Republic,2006,Male,20.28
AMR,Americas,DOM,Dominican Republic,2007,Female,75.74
AMR,Americas,DOM,Dominican Republic,2007,Female,22.8
AMR,Americas,DOM,Dominican Republic,2007,Male,70.45
AMR,Americas,DOM,Dominican Republic,2007,Male,20.33
AMR,Americas,DOM,Dominican Republic,2008,Female,76.07
AMR,Americas,DOM,Dominican Republic,2008,Female,22.94
AMR,Americas,DOM,Dominican Republic,2008,Male,70.72
AMR,Americas,DOM,Dominican Republic,2008,Male,20.47
AMR,Americas,DOM,Dominican Republic,2009,Female,76.34
AMR,Americas,DOM,Dominican Republic,2009,Female,23.09
AMR,Americas,DOM,Dominican Republic,2009,Male,70.97
AMR,Americas,DOM,Dominican Republic,2009,Male,20.63
AMR,Americas,DOM,Dominican Republic,2010,Female,76.6
AMR,Americas,DOM,Dominican Republic,2010,Female,23.26
AMR,Americas,DOM,Dominican Republic,2010,Male,71.21
AMR,Americas,DOM,Dominican Republic,2010,Male,20.84
AMR,Americas,DOM,Dominican Republic,2011,Female,76.88
AMR,Americas,DOM,Dominican Republic,2011,Female,23.47
AMR,Americas,DOM,Dominican Republic,2011,Male,71.38
AMR,Americas,DOM,Dominican Republic,2011,Male,21.03
AMR,Americas,DOM,Dominican Republic,2012,Female,76.79
AMR,Americas,DOM,Dominican Republic,2012,Female,23.44
AMR,Americas,DOM,Dominican Republic,2012,Male,70.88
AMR,Americas,DOM,Dominican Republic,2012,Male,20.75
AMR,Americas,DOM,Dominican Republic,2013,Female,76.65
AMR,Americas,DOM,Dominican Republic,2013,Female,23.38
AMR,Americas,DOM,Dominican Republic,2013,Male,70.2
AMR,Americas,DOM,Dominican Republic,2013,Male,20.36
AMR,Americas,DOM,Dominican Republic,2014,Female,76.84
AMR,Americas,DOM,Dominican Republic,2014,Female,23.72
AMR,Americas,DOM,Dominican Republic,2014,Male,70.0
AMR,Americas,DOM,Dominican Republic,2014,Male,20.61
AMR,Americas,DOM,Dominican Republic,2015,Female,76.97
AMR,Americas,DOM,Dominican Republic,2015,Female,23.83
AMR,Americas,DOM,Dominican Republic,2015,Male,69.95
AMR,Americas,DOM,Dominican Republic,2015,Male,20.6
AMR,Americas,DOM,Dominican Republic,2016,Female,76.96
AMR,Americas,DOM,Dominican Republic,2016,Female,23.84
AMR,Americas,DOM,Dominican Republic,2016,Male,70.02
AMR,Americas,DOM,Dominican Republic,2016,Male,20.71
AMR,Americas,DOM,Dominican Republic,2017,Female,76.93
AMR,Americas,DOM,Dominican Republic,2017,Female,23.84
AMR,Americas,DOM,Dominican Republic,2017,Male,70.17
AMR,Americas,DOM,Dominican Republic,2017,Male,20.85
AMR,Americas,DOM,Dominican Republic,2018,Female,76.92
AMR,Americas,DOM,Dominican Republic,2018,Female,23.8
AMR,Americas,DOM,Dominican Republic,2018,Male,70.38
AMR,Americas,DOM,Dominican Republic,2018,Male,20.95
AMR,Americas,DOM,Dominican Republic,2019,Female,77.18
AMR,Americas,DOM,Dominican Republic,2019,Female,23.94
AMR,Americas,DOM,Dominican Republic,2019,Male,70.87
AMR,Americas,DOM,Dominican Republic,2019,Male,21.24
AMR,Americas,DOM,Dominican Republic,2020,Female,77.52
AMR,Americas,DOM,Dominican Republic,2020,Female,23.65
AMR,Americas,DOM,Dominican Republic,2020,Male,70.07
AMR,Americas,DOM,Dominican Republic,2020,Male,18.98
AMR,Americas,DOM,Dominican Republic,2021,Female,76.76
AMR,Americas,DOM,Dominican Republic,2021,Female,22.86
AMR,Americas,DOM,Dominican Republic,2021,Male,70.16
AMR,Americas,DOM,Dominican Republic,2021,Male,19.56
AMR,Americas,ECU,Ecuador,2000,Female,75.94
AMR,Americas,ECU,Ecuador,2000,Female,22.16
AMR,Americas,ECU,Ecuador,2000,Male,69.41
AMR,Americas,ECU,Ecuador,2000,Male,18.89
AMR,Americas,ECU,Ecuador,2001,Female,76.25
AMR,Americas,ECU,Ecuador,2001,Female,22.38
AMR,Americas,ECU,Ecuador,2001,Male,70.02
AMR,Americas,ECU,Ecuador,2001,Male,19.14
AMR,Americas,ECU,Ecuador,2002,Female,76.59
AMR,Americas,ECU,Ecuador,2002,Female,22.51
AMR,Americas,ECU,Ecuador,2002,Male,69.94
AMR,Americas,ECU,Ecuador,2002,Male,19.08
AMR,Americas,ECU,Ecuador,2003,Female,77.16
AMR,Americas,ECU,Ecuador,2003,Female,22.9
AMR,Americas,ECU,Ecuador,2003,Male,70.82
AMR,Americas,ECU,Ecuador,2003,Male,19.6
AMR,Americas,ECU,Ecuador,2004,Female,77.27
AMR,Americas,ECU,Ecuador,2004,Female,22.89
AMR,Americas,ECU,Ecuador,2004,Male,70.83
AMR,Americas,ECU,Ecuador,2004,Male,19.52
AMR,Americas,ECU,Ecuador,2005,Female,77.17
AMR,Americas,ECU,Ecuador,2005,Female,22.75
AMR,Americas,ECU,Ecuador,2005,Male,70.53
AMR,Americas,ECU,Ecuador,2005,Male,19.42
AMR,Americas,ECU,Ecuador,2006,Female,77.18
AMR,Americas,ECU,Ecuador,2006,Female,22.64
AMR,Americas,ECU,Ecuador,2006,Male,70.93
AMR,Americas,ECU,Ecuador,2006,Male,19.49
AMR,Americas,ECU,Ecuador,2007,Female,77.66
AMR,Americas,ECU,Ecuador,2007,Female,22.91
AMR,Americas,ECU,Ecuador,2007,Male,71.21
AMR,Americas,ECU,Ecuador,2007,Male,19.73
AMR,Americas,ECU,Ecuador,2008,Female,77.78
AMR,Americas,ECU,Ecuador,2008,Female,22.95
AMR,Americas,ECU,Ecuador,2008,Male,71.22
AMR,Americas,ECU,Ecuador,2008,Male,19.69
AMR,Americas,ECU,Ecuador,2009,Female,78.12
AMR,Americas,ECU,Ecuador,2009,Female,23.18
AMR,Americas,ECU,Ecuador,2009,Male,71.89
AMR,Americas,ECU,Ecuador,2009,Male,20.17
AMR,Americas,ECU,Ecuador,2010,Female,78.26
AMR,Americas,ECU,Ecuador,2010,Female,23.12
AMR,Americas,ECU,Ecuador,2010,Male,72.17
AMR,Americas,ECU,Ecuador,2010,Male,20.18
AMR,Americas,ECU,Ecuador,2011,Female,78.65
AMR,Americas,ECU,Ecuador,2011,Female,23.43
AMR,Americas,ECU,Ecuador,2011,Male,72.65
AMR,Americas,ECU,Ecuador,2011,Male,20.26
AMR,Americas,ECU,Ecuador,2012,Female,78.6
AMR,Americas,ECU,Ecuador,2012,Female,23.24
AMR,Americas,ECU,Ecuador,2012,Male,73.1
AMR,Americas,ECU,Ecuador,2012,Male,20.36
AMR,Americas,ECU,Ecuador,2013,Female,79.08
AMR,Americas,ECU,Ecuador,2013,Female,23.52
AMR,Americas,ECU,Ecuador,2013,Male,73.8
AMR,Americas,ECU,Ecuador,2013,Male,20.64
AMR,Americas,ECU,Ecuador,2014,Female,79.45
AMR,Americas,ECU,Ecuador,2014,Female,23.74
AMR,Americas,ECU,Ecuador,2014,Male,74.39
AMR,Americas,ECU,Ecuador,2014,Male,20.96
AMR,Americas,ECU,Ecuador,2015,Female,79.66
AMR,Americas,ECU,Ecuador,2015,Female,23.73
AMR,Americas,ECU,Ecuador,2015,Male,74.69
AMR,Americas,ECU,Ecuador,2015,Male,21.05
AMR,Americas,ECU,Ecuador,2016,Female,79.56
AMR,Americas,ECU,Ecuador,2016,Female,23.71
AMR,Americas,ECU,Ecuador,2016,Male,74.83
AMR,Americas,ECU,Ecuador,2016,Male,21.08
AMR,Americas,ECU,Ecuador,2017,Female,79.77
AMR,Americas,ECU,Ecuador,2017,Female,23.77
AMR,Americas,ECU,Ecuador,2017,Male,74.9
AMR,Americas,ECU,Ecuador,2017,Male,21.05
AMR,Americas,ECU,Ecuador,2018,Female,79.94
AMR,Americas,ECU,Ecuador,2018,Female,23.89
AMR,Americas,ECU,Ecuador,2018,Male,75.05
AMR,Americas,ECU,Ecuador,2018,Male,21.26
AMR,Americas,ECU,Ecuador,2019,Female,80.23
AMR,Americas,ECU,Ecuador,2019,Female,24.12
AMR,Americas,ECU,Ecuador,2019,Male,75.32
AMR,Americas,ECU,Ecuador,2019,Male,21.46
AMR,Americas,ECU,Ecuador,2020,Female,76.36
AMR,Americas,ECU,Ecuador,2020,Female,20.86
AMR,Americas,ECU,Ecuador,2020,Male,69.52
AMR,Americas,ECU,Ecuador,2020,Male,16.54
AMR,Americas,ECU,Ecuador,2021,Female,77.2
AMR,Americas,ECU,Ecuador,2021,Female,21.73
AMR,Americas,ECU,Ecuador,2021,Male,70.95
AMR,Americas,ECU,Ecuador,2021,Male,18.31
EMR,Eastern Mediterranean,EGY,Egypt,2000,Female,71.94
EMR,Eastern Mediterranean,EGY,Egypt,2000,Female,19.5
EMR,Eastern Mediterranean,EGY,Egypt,2000,Male,66.39
EMR,Eastern Mediterranean,EGY,Egypt,2000,Male,15.98
EMR,Eastern Mediterranean,EGY,Egypt,2001,Female,71.63
EMR,Eastern Mediterranean,EGY,Egypt,2001,Female,19.01
EMR,Eastern Mediterranean,EGY,Egypt,2001,Male,66.11
EMR,Eastern Mediterranean,EGY,Egypt,2001,Male,15.49
EMR,Eastern Mediterranean,EGY,Egypt,2002,Female,71.62
EMR,Eastern Mediterranean,EGY,Egypt,2002,Female,18.72
EMR,Eastern Mediterranean,EGY,Egypt,2002,Male,66.16
EMR,Eastern Mediterranean,EGY,Egypt,2002,Male,15.32
EMR,Eastern Mediterranean,EGY,Egypt,2003,Female,71.53
EMR,Eastern Mediterranean,EGY,Egypt,2003,Female,18.39
EMR,Eastern Mediterranean,EGY,Egypt,2003,Male,66.12
EMR,Eastern Mediterranean,EGY,Egypt,2003,Male,15.0
EMR,Eastern Mediterranean,EGY,Egypt,2004,Female,71.94
EMR,Eastern Mediterranean,EGY,Egypt,2004,Female,18.61
EMR,Eastern Mediterranean,EGY,Egypt,2004,Male,66.5
EMR,Eastern Mediterranean,EGY,Egypt,2004,Male,15.23
EMR,Eastern Mediterranean,EGY,Egypt,2005,Female,72.2
EMR,Eastern Mediterranean,EGY,Egypt,2005,Female,18.77
EMR,Eastern Mediterranean,EGY,Egypt,2005,Male,66.9
EMR,Eastern Mediterranean,EGY,Egypt,2005,Male,15.46
EMR,Eastern Mediterranean,EGY,Egypt,2006,Female,72.28
EMR,Eastern Mediterranean,EGY,Egypt,2006,Female,18.68
EMR,Eastern Mediterranean,EGY,Egypt,2006,Male,66.93
EMR,Eastern Mediterranean,EGY,Egypt,2006,Male,15.4
EMR,Eastern Mediterranean,EGY,Egypt,2007,Female,72.51
EMR,Eastern Mediterranean,EGY,Egypt,2007,Female,18.71
EMR,Eastern Mediterranean,EGY,Egypt,2007,Male,67.07
EMR,Eastern Mediterranean,EGY,Egypt,2007,Male,15.36
EMR,Eastern Mediterranean,EGY,Egypt,2008,Female,72.51
EMR,Eastern Mediterranean,EGY,Egypt,2008,Female,18.6
EMR,Eastern Mediterranean,EGY,Egypt,2008,Male,67.12
EMR,Eastern Mediterranean,EGY,Egypt,2008,Male,15.32
EMR,Eastern Mediterranean,EGY,Egypt,2009,Female,72.57
EMR,Eastern Mediterranean,EGY,Egypt,2009,Female,18.62
EMR,Eastern Mediterranean,EGY,Egypt,2009,Male,67.12
EMR,Eastern Mediterranean,EGY,Egypt,2009,Male,15.26
EMR,Eastern Mediterranean,EGY,Egypt,2010,Female,72.57
EMR,Eastern Mediterranean,EGY,Egypt,2010,Female,18.54
EMR,Eastern Mediterranean,EGY,Egypt,2010,Male,67.2
EMR,Eastern Mediterranean,EGY,Egypt,2010,Male,15.22
EMR,Eastern Mediterranean,EGY,Egypt,2011,Female,73.06
EMR,Eastern Mediterranean,EGY,Egypt,2011,Female,18.79
EMR,Eastern Mediterranean,EGY,Egypt,2011,Male,67.25
EMR,Eastern Mediterranean,EGY,Egypt,2011,Male,15.29
EMR,Eastern Mediterranean,EGY,Egypt,2012,Female,72.65
EMR,Eastern Mediterranean,EGY,Egypt,2012,Female,18.25
EMR,Eastern Mediterranean,EGY,Egypt,2012,Male,67.14
EMR,Eastern Mediterranean,EGY,Egypt,2012,Male,14.86
EMR,Eastern Mediterranean,EGY,Egypt,2013,Female,73.44
EMR,Eastern Mediterranean,EGY,Egypt,2013,Female,18.89
EMR,Eastern Mediterranean,EGY,Egypt,2013,Male,67.65
EMR,Eastern Mediterranean,EGY,Egypt,2013,Male,15.35
EMR,Eastern Mediterranean,EGY,Egypt,2014,Female,73.24
EMR,Eastern Mediterranean,EGY,Egypt,2014,Female,18.53
EMR,Eastern Mediterranean,EGY,Egypt,2014,Male,67.78
EMR,Eastern Mediterranean,EGY,Egypt,2014,Male,15.15
EMR,Eastern Mediterranean,EGY,Egypt,2015,Female,72.71
EMR,Eastern Mediterranean,EGY,Egypt,2015,Female,17.91
EMR,Eastern Mediterranean,EGY,Egypt,2015,Male,67.5
EMR,Eastern Mediterranean,EGY,Egypt,2015,Male,14.69
EMR,Eastern Mediterranean,EGY,Egypt,2016,Female,73.46
EMR,Eastern Mediterranean,EGY,Egypt,2016,Female,18.48
EMR,Eastern Mediterranean,EGY,Egypt,2016,Male,68.04
EMR,Eastern Mediterranean,EGY,Egypt,2016,Male,14.97
EMR,Eastern Mediterranean,EGY,Egypt,2017,Female,73.96
EMR,Eastern Mediterranean,EGY,Egypt,2017,Female,18.74
EMR,Eastern Mediterranean,EGY,Egypt,2017,Male,68.62
EMR,Eastern Mediterranean,EGY,Egypt,2017,Male,15.3
EMR,Eastern Mediterranean,EGY,Egypt,2018,Female,73.97
EMR,Eastern Mediterranean,EGY,Egypt,2018,Female,18.69
EMR,Eastern Mediterranean,EGY,Egypt,2018,Male,68.81
EMR,Eastern Mediterranean,EGY,Egypt,2018,Male,15.26
EMR,Eastern Mediterranean,EGY,Egypt,2019,Female,74.3
EMR,Eastern Mediterranean,EGY,Egypt,2019,Female,18.94
EMR,Eastern Mediterranean,EGY,Egypt,2019,Male,68.97
EMR,Eastern Mediterranean,EGY,Egypt,2019,Male,15.3
EMR,Eastern Mediterranean,EGY,Egypt,2020,Female,72.6
EMR,Eastern Mediterranean,EGY,Egypt,2020,Female,17.41
EMR,Eastern Mediterranean,EGY,Egypt,2020,Male,67.75
EMR,Eastern Mediterranean,EGY,Egypt,2020,Male,14.24
EMR,Eastern Mediterranean,EGY,Egypt,2021,Female,71.71
EMR,Eastern Mediterranean,EGY,Egypt,2021,Female,16.63
EMR,Eastern Mediterranean,EGY,Egypt,2021,Male,66.69
EMR,Eastern Mediterranean,EGY,Egypt,2021,Male,13.24
AMR,Americas,SLV,El Salvador,2000,Female,75.89
AMR,Americas,SLV,El Salvador,2000,Female,22.34
AMR,Americas,SLV,El Salvador,2000,Male,67.29
AMR,Americas,SLV,El Salvador,2000,Male,19.12
AMR,Americas,SLV,El Salvador,2001,Female,75.48
AMR,Americas,SLV,El Salvador,2001,Female,22.1
AMR,Americas,SLV,El Salvador,2001,Male,67.78
AMR,Americas,SLV,El Salvador,2001,Male,19.4
AMR,Americas,SLV,El Salvador,2002,Female,77.16
AMR,Americas,SLV,El Salvador,2002,Female,23.21
AMR,Americas,SLV,El Salvador,2002,Male,69.2
AMR,Americas,SLV,El Salvador,2002,Male,20.29
AMR,Americas,SLV,El Salvador,2003,Female,77.02
AMR,Americas,SLV,El Salvador,2003,Female,22.87
AMR,Americas,SLV,El Salvador,2003,Male,68.89
AMR,Americas,SLV,El Salvador,2003,Male,20.21
AMR,Americas,SLV,El Salvador,2004,Female,77.49
AMR,Americas,SLV,El Salvador,2004,Female,23.36
AMR,Americas,SLV,El Salvador,2004,Male,68.89
AMR,Americas,SLV,El Salvador,2004,Male,20.77
AMR,Americas,SLV,El Salvador,2005,Female,77.67
AMR,Americas,SLV,El Salvador,2005,Female,23.5
AMR,Americas,SLV,El Salvador,2005,Male,68.92
AMR,Americas,SLV,El Salvador,2005,Male,21.0
AMR,Americas,SLV,El Salvador,2006,Female,78.06
AMR,Americas,SLV,El Salvador,2006,Female,23.82
AMR,Americas,SLV,El Salvador,2006,Male,69.12
AMR,Americas,SLV,El Salvador,2006,Male,21.45
AMR,Americas,SLV,El Salvador,2007,Female,78.4
AMR,Americas,SLV,El Salvador,2007,Female,23.99
AMR,Americas,SLV,El Salvador,2007,Male,69.67
AMR,Americas,SLV,El Salvador,2007,Male,21.52
AMR,Americas,SLV,El Salvador,2008,Female,78.5
AMR,Americas,SLV,El Salvador,2008,Female,23.82
AMR,Americas,SLV,El Salvador,2008,Male,70.05
AMR,Americas,SLV,El Salvador,2008,Male,21.28
AMR,Americas,SLV,El Salvador,2009,Female,78.21
AMR,Americas,SLV,El Salvador,2009,Female,23.79
AMR,Americas,SLV,El Salvador,2009,Male,69.52
AMR,Americas,SLV,El Salvador,2009,Male,21.16
AMR,Americas,SLV,El Salvador,2010,Female,78.26
AMR,Americas,SLV,El Salvador,2010,Female,23.44
AMR,Americas,SLV,El Salvador,2010,Male,70.57
AMR,Americas,SLV,El Salvador,2010,Male,21.24
AMR,Americas,SLV,El Salvador,2011,Female,78.51
AMR,Americas,SLV,El Salvador,2011,Female,23.79
AMR,Americas,SLV,El Salvador,2011,Male,70.35
AMR,Americas,SLV,El Salvador,2011,Male,21.11
AMR,Americas,SLV,El Salvador,2012,Female,78.74
AMR,Americas,SLV,El Salvador,2012,Female,23.55
AMR,Americas,SLV,El Salvador,2012,Male,71.46
AMR,Americas,SLV,El Salvador,2012,Male,21.14
AMR,Americas,SLV,El Salvador,2013,Female,78.27
AMR,Americas,SLV,El Salvador,2013,Female,23.02
AMR,Americas,SLV,El Salvador,2013,Male,70.96
AMR,Americas,SLV,El Salvador,2013,Male,20.58
AMR,Americas,SLV,El Salvador,2014,Female,77.97
AMR,Americas,SLV,El Salvador,2014,Female,22.65
AMR,Americas,SLV,El Salvador,2014,Male,69.46
AMR,Americas,SLV,El Salvador,2014,Male,19.89
AMR,Americas,SLV,El Salvador,2015,Female,77.6
AMR,Americas,SLV,El Salvador,2015,Female,22.53
AMR,Americas,SLV,El Salvador,2015,Male,67.63
AMR,Americas,SLV,El Salvador,2015,Male,19.8
AMR,Americas,SLV,El Salvador,2016,Female,78.2
AMR,Americas,SLV,El Salvador,2016,Female,23.14
AMR,Americas,SLV,El Salvador,2016,Male,68.71
AMR,Americas,SLV,El Salvador,2016,Male,20.11
AMR,Americas,SLV,El Salvador,2017,Female,77.97
AMR,Americas,SLV,El Salvador,2017,Female,22.84
AMR,Americas,SLV,El Salvador,2017,Male,69.13
AMR,Americas,SLV,El Salvador,2017,Male,19.8
AMR,Americas,SLV,El Salvador,2018,Female,79.11
AMR,Americas,SLV,El Salvador,2018,Female,23.79
AMR,Americas,SLV,El Salvador,2018,Male,69.84
AMR,Americas,SLV,El Salvador,2018,Male,20.45
AMR,Americas,SLV,El Salvador,2019,Female,78.73
AMR,Americas,SLV,El Salvador,2019,Female,23.48
AMR,Americas,SLV,El Salvador,2019,Male,69.48
AMR,Americas,SLV,El Salvador,2019,Male,20.2
AMR,Americas,SLV,El Salvador,2020,Female,76.75
AMR,Americas,SLV,El Salvador,2020,Female,21.67
AMR,Americas,SLV,El Salvador,2020,Male,67.13
AMR,Americas,SLV,El Salvador,2020,Male,17.88
AMR,Americas,SLV,El Salvador,2021,Female,76.25
AMR,Americas,SLV,El Salvador,2021,Female,21.4
AMR,Americas,SLV,El Salvador,2021,Male,66.77
AMR,Americas,SLV,El Salvador,2021,Male,18.12
AFR,Africa,GNQ,Equatorial Guinea,2000,Female,55.76
AFR,Africa,GNQ,Equatorial Guinea,2000,Female,16.33
AFR,Africa,GNQ,Equatorial Guinea,2000,Male,52.43
AFR,Africa,GNQ,Equatorial Guinea,2000,Male,13.68
AFR,Africa,GNQ,Equatorial Guinea,2001,Female,56.25
AFR,Africa,GNQ,Equatorial Guinea,2001,Female,16.68
AFR,Africa,GNQ,Equatorial Guinea,2001,Male,53.48
AFR,Africa,GNQ,Equatorial Guinea,2001,Male,14.25
AFR,Africa,GNQ,Equatorial Guinea,2002,Female,56.57
AFR,Africa,GNQ,Equatorial Guinea,2002,Female,16.95
AFR,Africa,GNQ,Equatorial Guinea,2002,Male,54.36
AFR,Africa,GNQ,Equatorial Guinea,2002,Male,14.77
AFR,Africa,GNQ,Equatorial Guinea,2003,Female,56.55
AFR,Africa,GNQ,Equatorial Guinea,2003,Female,16.99
AFR,Africa,GNQ,Equatorial Guinea,2003,Male,54.84
AFR,Africa,GNQ,Equatorial Guinea,2003,Male,15.03
AFR,Africa,GNQ,Equatorial Guinea,2004,Female,56.79
AFR,Africa,GNQ,Equatorial Guinea,2004,Female,17.1
AFR,Africa,GNQ,Equatorial Guinea,2004,Male,55.46
AFR,Africa,GNQ,Equatorial Guinea,2004,Male,15.34
AFR,Africa,GNQ,Equatorial Guinea,2005,Female,57.41
AFR,Africa,GNQ,Equatorial Guinea,2005,Female,17.32
AFR,Africa,GNQ,Equatorial Guinea,2005,Male,56.0
AFR,Africa,GNQ,Equatorial Guinea,2005,Male,15.64
AFR,Africa,GNQ,Equatorial Guinea,2006,Female,58.18
AFR,Africa,GNQ,Equatorial Guinea,2006,Female,17.51
AFR,Africa,GNQ,Equatorial Guinea,2006,Male,57.13
AFR,Africa,GNQ,Equatorial Guinea,2006,Male,15.92
AFR,Africa,GNQ,Equatorial Guinea,2007,Female,59.11
AFR,Africa,GNQ,Equatorial Guinea,2007,Female,17.73
AFR,Africa,GNQ,Equatorial Guinea,2007,Male,57.93
AFR,Africa,GNQ,Equatorial Guinea,2007,Male,16.1
AFR,Africa,GNQ,Equatorial Guinea,2008,Female,59.74
AFR,Africa,GNQ,Equatorial Guinea,2008,Female,17.81
AFR,Africa,GNQ,Equatorial Guinea,2008,Male,58.57
AFR,Africa,GNQ,Equatorial Guinea,2008,Male,16.23
AFR,Africa,GNQ,Equatorial Guinea,2009,Female,59.81
AFR,Africa,GNQ,Equatorial Guinea,2009,Female,17.8
AFR,Africa,GNQ,Equatorial Guinea,2009,Male,59.57
AFR,Africa,GNQ,Equatorial Guinea,2009,Male,16.48
AFR,Africa,GNQ,Equatorial Guinea,2010,Female,59.32
AFR,Africa,GNQ,Equatorial Guinea,2010,Female,17.6
AFR,Africa,GNQ,Equatorial Guinea,2010,Male,60.36
AFR,Africa,GNQ,Equatorial Guinea,2010,Male,16.7
AFR,Africa,GNQ,Equatorial Guinea,2011,Female,59.25
AFR,Africa,GNQ,Equatorial Guinea,2011,Female,17.6
AFR,Africa,GNQ,Equatorial Guinea,2011,Male,60.05
AFR,Africa,GNQ,Equatorial Guinea,2011,Male,16.57
AFR,Africa,GNQ,Equatorial Guinea,2012,Female,60.17
AFR,Africa,GNQ,Equatorial Guinea,2012,Female,17.9
AFR,Africa,GNQ,Equatorial Guinea,2012,Male,59.75
AFR,Africa,GNQ,Equatorial Guinea,2012,Male,16.42
AFR,Africa,GNQ,Equatorial Guinea,2013,Female,61.66
AFR,Africa,GNQ,Equatorial Guinea,2013,Female,18.29
AFR,Africa,GNQ,Equatorial Guinea,2013,Male,60.07
AFR,Africa,GNQ,Equatorial Guinea,2013,Male,16.41
AFR,Africa,GNQ,Equatorial Guinea,2014,Female,62.65
AFR,Africa,GNQ,Equatorial Guinea,2014,Female,18.57
AFR,Africa,GNQ,Equatorial Guinea,2014,Male,60.3
AFR,Africa,GNQ,Equatorial Guinea,2014,Male,16.39
AFR,Africa,GNQ,Equatorial Guinea,2015,Female,62.16
AFR,Africa,GNQ,Equatorial Guinea,2015,Female,18.34
AFR,Africa,GNQ,Equatorial Guinea,2015,Male,59.99
AFR,Africa,GNQ,Equatorial Guinea,2015,Male,16.12
AFR,Africa,GNQ,Equatorial Guinea,2016,Female,62.09
AFR,Africa,GNQ,Equatorial Guinea,2016,Female,18.22
AFR,Africa,GNQ,Equatorial Guinea,2016,Male,59.6
AFR,Africa,GNQ,Equatorial Guinea,2016,Male,15.86
AFR,Africa,GNQ,Equatorial Guinea,2017,Female,62.76
AFR,Africa,GNQ,Equatorial Guinea,2017,Female,18.33
AFR,Africa,GNQ,Equatorial Guinea,2017,Male,59.72
AFR,Africa,GNQ,Equatorial Guinea,2017,Male,15.82
AFR,Africa,GNQ,Equatorial Guinea,2018,Female,63.11
AFR,Africa,GNQ,Equatorial Guinea,2018,Female,18.35
AFR,Africa,GNQ,Equatorial Guinea,2018,Male,59.87
AFR,Africa,GNQ,Equatorial Guinea,2018,Male,15.76
AFR,Africa,GNQ,Equatorial Guinea,2019,Female,63.05
AFR,Africa,GNQ,Equatorial Guinea,2019,Female,18.23
AFR,Africa,GNQ,Equatorial Guinea,2019,Male,59.88
AFR,Africa,GNQ,Equatorial Guinea,2019,Male,15.62
AFR,Africa,GNQ,Equatorial Guinea,2020,Female,62.92
AFR,Africa,GNQ,Equatorial Guinea,2020,Female,17.66
AFR,Africa,GNQ,Equatorial Guinea,2020,Male,59.61
AFR,Africa,GNQ,Equatorial Guinea,2020,Male,14.73
AFR,Africa,GNQ,Equatorial Guinea,2021,Female,63.21
AFR,Africa,GNQ,Equatorial Guinea,2021,Female,17.83
AFR,Africa,GNQ,Equatorial Guinea,2021,Male,60.17
AFR,Africa,GNQ,Equatorial Guinea,2021,Male,15.33
AFR,Africa,ERI,Eritrea,2000,Female,59.02
AFR,Africa,ERI,Eritrea,2000,Female,14.98
AFR,Africa,ERI,Eritrea,2000,Male,51.25
AFR,Africa,ERI,Eritrea,2000,Male,11.51
AFR,Africa,ERI,Eritrea,2001,Female,59.76
AFR,Africa,ERI,Eritrea,2001,Female,15.08
AFR,Africa,ERI,Eritrea,2001,Male,52.95
AFR,Africa,ERI,Eritrea,2001,Male,11.69
AFR,Africa,ERI,Eritrea,2002,Female,60.24
AFR,Africa,ERI,Eritrea,2002,Female,15.15
AFR,Africa,ERI,Eritrea,2002,Male,53.56
AFR,Africa,ERI,Eritrea,2002,Male,11.83
AFR,Africa,ERI,Eritrea,2003,Female,60.65
AFR,Africa,ERI,Eritrea,2003,Female,15.18
AFR,Africa,ERI,Eritrea,2003,Male,54.08
AFR,Africa,ERI,Eritrea,2003,Male,11.96
AFR,Africa,ERI,Eritrea,2004,Female,61.05
AFR,Africa,ERI,Eritrea,2004,Female,15.23
AFR,Africa,ERI,Eritrea,2004,Male,54.59
AFR,Africa,ERI,Eritrea,2004,Male,12.08
AFR,Africa,ERI,Eritrea,2005,Female,61.49
AFR,Africa,ERI,Eritrea,2005,Female,15.29
AFR,Africa,ERI,Eritrea,2005,Male,55.02
AFR,Africa,ERI,Eritrea,2005,Male,12.2
AFR,Africa,ERI,Eritrea,2006,Female,62.02
AFR,Africa,ERI,Eritrea,2006,Female,15.36
AFR,Africa,ERI,Eritrea,2006,Male,55.7
AFR,Africa,ERI,Eritrea,2006,Male,12.34
AFR,Africa,ERI,Eritrea,2007,Female,62.55
AFR,Africa,ERI,Eritrea,2007,Female,15.43
AFR,Africa,ERI,Eritrea,2007,Male,56.22
AFR,Africa,ERI,Eritrea,2007,Male,12.45
AFR,Africa,ERI,Eritrea,2008,Female,62.93
AFR,Africa,ERI,Eritrea,2008,Female,15.44
AFR,Africa,ERI,Eritrea,2008,Male,56.5
AFR,Africa,ERI,Eritrea,2008,Male,12.5
AFR,Africa,ERI,Eritrea,2009,Female,63.29
AFR,Africa,ERI,Eritrea,2009,Female,15.47
AFR,Africa,ERI,Eritrea,2009,Male,57.01
AFR,Africa,ERI,Eritrea,2009,Male,12.59
AFR,Africa,ERI,Eritrea,2010,Female,63.63
AFR,Africa,ERI,Eritrea,2010,Female,15.52
AFR,Africa,ERI,Eritrea,2010,Male,57.41
AFR,Africa,ERI,Eritrea,2010,Male,12.7
AFR,Africa,ERI,Eritrea,2011,Female,64.06
AFR,Africa,ERI,Eritrea,2011,Female,15.63
AFR,Africa,ERI,Eritrea,2011,Male,57.89
AFR,Africa,ERI,Eritrea,2011,Male,12.86
AFR,Africa,ERI,Eritrea,2012,Female,64.46
AFR,Africa,ERI,Eritrea,2012,Female,15.72
AFR,Africa,ERI,Eritrea,2012,Male,58.36
AFR,Africa,ERI,Eritrea,2012,Male,13.02
AFR,Africa,ERI,Eritrea,2013,Female,64.75
AFR,Africa,ERI,Eritrea,2013,Female,15.78
AFR,Africa,ERI,Eritrea,2013,Male,58.78
AFR,Africa,ERI,Eritrea,2013,Male,13.14
AFR,Africa,ERI,Eritrea,2014,Female,65.17
AFR,Africa,ERI,Eritrea,2014,Female,15.89
AFR,Africa,ERI,Eritrea,2014,Male,59.28
AFR,Africa,ERI,Eritrea,2014,Male,13.29
AFR,Africa,ERI,Eritrea,2015,Female,65.46
AFR,Africa,ERI,Eritrea,2015,Female,15.96
AFR,Africa,ERI,Eritrea,2015,Male,59.63
AFR,Africa,ERI,Eritrea,2015,Male,13.41
AFR,Africa,ERI,Eritrea,2016,Female,65.76
AFR,Africa,ERI,Eritrea,2016,Female,16.04
AFR,Africa,ERI,Eritrea,2016,Male,60.03
AFR,Africa,ERI,Eritrea,2016,Male,13.55
AFR,Africa,ERI,Eritrea,2017,Female,66.0
AFR,Africa,ERI,Eritrea,2017,Female,16.08
AFR,Africa,ERI,Eritrea,2017,Male,60.36
AFR,Africa,ERI,Eritrea,2017,Male,13.66
AFR,Africa,ERI,Eritrea,2018,Female,66.28
AFR,Africa,ERI,Eritrea,2018,Female,16.14
AFR,Africa,ERI,Eritrea,2018,Male,60.68
AFR,Africa,ERI,Eritrea,2018,Male,13.77
AFR,Africa,ERI,Eritrea,2019,Female,66.53
AFR,Africa,ERI,Eritrea,2019,Female,16.18
AFR,Africa,ERI,Eritrea,2019,Male,61.0
AFR,Africa,ERI,Eritrea,2019,Male,13.87
AFR,Africa,ERI,Eritrea,2020,Female,66.66
AFR,Africa,ERI,Eritrea,2020,Female,15.99
AFR,Africa,ERI,Eritrea,2020,Male,61.01
AFR,Africa,ERI,Eritrea,2020,Male,13.32
AFR,Africa,ERI,Eritrea,2021,Female,66.24
AFR,Africa,ERI,Eritrea,2021,Female,15.8
AFR,Africa,ERI,Eritrea,2021,Male,60.91
AFR,Africa,ERI,Eritrea,2021,Male,13.63
EUR,Europe,EST,Estonia,2000,Female,76.2
EUR,Europe,EST,Estonia,2000,Female,20.94
EUR,Europe,EST,Estonia,2000,Male,65.62
EUR,Europe,EST,Estonia,2000,Male,15.39
EUR,Europe,EST,Estonia,2001,Female,76.47
EUR,Europe,EST,Estonia,2001,Female,21.26
EUR,Europe,EST,Estonia,2001,Male,65.22
EUR,Europe,EST,Estonia,2001,Male,15.41
EUR,Europe,EST,Estonia,2002,Female,76.85
EUR,Europe,EST,Estonia,2002,Female,21.26
EUR,Europe,EST,Estonia,2002,Male,65.52
EUR,Europe,EST,Estonia,2002,Male,15.53
EUR,Europe,EST,Estonia,2003,Female,77.15
EUR,Europe,EST,Estonia,2003,Female,21.3
EUR,Europe,EST,Estonia,2003,Male,66.48
EUR,Europe,EST,Estonia,2003,Male,15.57
EUR,Europe,EST,Estonia,2004,Female,77.87
EUR,Europe,EST,Estonia,2004,Female,21.74
EUR,Europe,EST,Estonia,2004,Male,66.6
EUR,Europe,EST,Estonia,2004,Male,15.69
EUR,Europe,EST,Estonia,2005,Female,78.15
EUR,Europe,EST,Estonia,2005,Female,22.08
EUR,Europe,EST,Estonia,2005,Male,67.45
EUR,Europe,EST,Estonia,2005,Male,15.94
EUR,Europe,EST,Estonia,2006,Female,78.31
EUR,Europe,EST,Estonia,2006,Female,22.07
EUR,Europe,EST,Estonia,2006,Male,67.57
EUR,Europe,EST,Estonia,2006,Male,16.01
EUR,Europe,EST,Estonia,2007,Female,78.71
EUR,Europe,EST,Estonia,2007,Female,22.38
EUR,Europe,EST,Estonia,2007,Male,67.45
EUR,Europe,EST,Estonia,2007,Male,16.07
EUR,Europe,EST,Estonia,2008,Female,79.28
EUR,Europe,EST,Estonia,2008,Female,22.69
EUR,Europe,EST,Estonia,2008,Male,68.94
EUR,Europe,EST,Estonia,2008,Male,16.56
EUR,Europe,EST,Estonia,2009,Female,79.92
EUR,Europe,EST,Estonia,2009,Female,23.08
EUR,Europe,EST,Estonia,2009,Male,69.83
EUR,Europe,EST,Estonia,2009,Male,17.12
EUR,Europe,EST,Estonia,2010,Female,80.42
EUR,Europe,EST,Estonia,2010,Female,23.2
EUR,Europe,EST,Estonia,2010,Male,70.83
EUR,Europe,EST,Estonia,2010,Male,17.34
EUR,Europe,EST,Estonia,2011,Female,80.89
EUR,Europe,EST,Estonia,2011,Female,23.84
EUR,Europe,EST,Estonia,2011,Male,71.26
EUR,Europe,EST,Estonia,2011,Male,17.92
EUR,Europe,EST,Estonia,2012,Female,81.16
EUR,Europe,EST,Estonia,2012,Female,23.97
EUR,Europe,EST,Estonia,2012,Male,71.28
EUR,Europe,EST,Estonia,2012,Male,17.85
EUR,Europe,EST,Estonia,2013,Female,81.29
EUR,Europe,EST,Estonia,2013,Female,24.04
EUR,Europe,EST,Estonia,2013,Male,72.31
EUR,Europe,EST,Estonia,2013,Male,18.07
EUR,Europe,EST,Estonia,2014,Female,81.49
EUR,Europe,EST,Estonia,2014,Female,24.18
EUR,Europe,EST,Estonia,2014,Male,72.27
EUR,Europe,EST,Estonia,2014,Male,18.21
EUR,Europe,EST,Estonia,2015,Female,81.74
EUR,Europe,EST,Estonia,2015,Female,24.32
EUR,Europe,EST,Estonia,2015,Male,73.06
EUR,Europe,EST,Estonia,2015,Male,18.62
EUR,Europe,EST,Estonia,2016,Female,81.73
EUR,Europe,EST,Estonia,2016,Female,24.57
EUR,Europe,EST,Estonia,2016,Male,73.22
EUR,Europe,EST,Estonia,2016,Male,18.65
EUR,Europe,EST,Estonia,2017,Female,82.28
EUR,Europe,EST,Estonia,2017,Female,24.59
EUR,Europe,EST,Estonia,2017,Male,73.71
EUR,Europe,EST,Estonia,2017,Male,18.75
EUR,Europe,EST,Estonia,2018,Female,82.3
EUR,Europe,EST,Estonia,2018,Female,24.56
EUR,Europe,EST,Estonia,2018,Male,73.97
EUR,Europe,EST,Estonia,2018,Male,18.92
EUR,Europe,EST,Estonia,2019,Female,82.61
EUR,Europe,EST,Estonia,2019,Female,24.96
EUR,Europe,EST,Estonia,2019,Male,74.69
EUR,Europe,EST,Estonia,2019,Male,19.2
EUR,Europe,EST,Estonia,2020,Female,82.53
EUR,Europe,EST,Estonia,2020,Female,24.9
EUR,Europe,EST,Estonia,2020,Male,74.33
EUR,Europe,EST,Estonia,2020,Male,19.07
EUR,Europe,EST,Estonia,2021,Female,81.2
EUR,Europe,EST,Estonia,2021,Female,23.66
EUR,Europe,EST,Estonia,2021,Male,72.83
EUR,Europe,EST,Estonia,2021,Male,17.71
AFR,Africa,SWZ,Eswatini,2000,Female,48.86
AFR,Africa,SWZ,Eswatini,2000,Female,14.55
AFR,Africa,SWZ,Eswatini,2000,Male,44.74
AFR,Africa,SWZ,Eswatini,2000,Male,10.68
AFR,Africa,SWZ,Eswatini,2001,Female,46.79
AFR,Africa,SWZ,Eswatini,2001,Female,14.07
AFR,Africa,SWZ,Eswatini,2001,Male,43.22
AFR,Africa,SWZ,Eswatini,2001,Male,10.2
AFR,Africa,SWZ,Eswatini,2002,Female,45.07
AFR,Africa,SWZ,Eswatini,2002,Female,13.57
AFR,Africa,SWZ,Eswatini,2002,Male,42.24
AFR,Africa,SWZ,Eswatini,2002,Male,9.89
AFR,Africa,SWZ,Eswatini,2003,Female,43.83
AFR,Africa,SWZ,Eswatini,2003,Female,13.29
AFR,Africa,SWZ,Eswatini,2003,Male,41.4
AFR,Africa,SWZ,Eswatini,2003,Male,9.61
AFR,Africa,SWZ,Eswatini,2004,Female,42.95
AFR,Africa,SWZ,Eswatini,2004,Female,13.02
AFR,Africa,SWZ,Eswatini,2004,Male,40.86
AFR,Africa,SWZ,Eswatini,2004,Male,9.43
AFR,Africa,SWZ,Eswatini,2005,Female,42.74
AFR,Africa,SWZ,Eswatini,2005,Female,12.88
AFR,Africa,SWZ,Eswatini,2005,Male,40.87
AFR,Africa,SWZ,Eswatini,2005,Male,9.42
AFR,Africa,SWZ,Eswatini,2006,Female,43.78
AFR,Africa,SWZ,Eswatini,2006,Female,13.0
AFR,Africa,SWZ,Eswatini,2006,Male,41.76
AFR,Africa,SWZ,Eswatini,2006,Male,9.53
AFR,Africa,SWZ,Eswatini,2007,Female,45.08
AFR,Africa,SWZ,Eswatini,2007,Female,13.2
AFR,Africa,SWZ,Eswatini,2007,Male,42.24
AFR,Africa,SWZ,Eswatini,2007,Male,9.59
AFR,Africa,SWZ,Eswatini,2008,Female,46.36
AFR,Africa,SWZ,Eswatini,2008,Female,13.52
AFR,Africa,SWZ,Eswatini,2008,Male,42.44
AFR,Africa,SWZ,Eswatini,2008,Male,9.64
AFR,Africa,SWZ,Eswatini,2009,Female,47.46
AFR,Africa,SWZ,Eswatini,2009,Female,13.75
AFR,Africa,SWZ,Eswatini,2009,Male,42.96
AFR,Africa,SWZ,Eswatini,2009,Male,9.73
AFR,Africa,SWZ,Eswatini,2010,Female,49.12
AFR,Africa,SWZ,Eswatini,2010,Female,14.05
AFR,Africa,SWZ,Eswatini,2010,Male,44.04
AFR,Africa,SWZ,Eswatini,2010,Male,9.93
AFR,Africa,SWZ,Eswatini,2011,Female,51.13
AFR,Africa,SWZ,Eswatini,2011,Female,14.4
AFR,Africa,SWZ,Eswatini,2011,Male,45.45
AFR,Africa,SWZ,Eswatini,2011,Male,10.2
AFR,Africa,SWZ,Eswatini,2012,Female,52.31
AFR,Africa,SWZ,Eswatini,2012,Female,14.62
AFR,Africa,SWZ,Eswatini,2012,Male,46.34
AFR,Africa,SWZ,Eswatini,2012,Male,10.4
AFR,Africa,SWZ,Eswatini,2013,Female,53.2
AFR,Africa,SWZ,Eswatini,2013,Female,14.81
AFR,Africa,SWZ,Eswatini,2013,Male,47.17
AFR,Africa,SWZ,Eswatini,2013,Male,10.6
AFR,Africa,SWZ,Eswatini,2014,Female,54.16
AFR,Africa,SWZ,Eswatini,2014,Female,15.03
AFR,Africa,SWZ,Eswatini,2014,Male,48.09
AFR,Africa,SWZ,Eswatini,2014,Male,10.88
AFR,Africa,SWZ,Eswatini,2015,Female,55.48
AFR,Africa,SWZ,Eswatini,2015,Female,15.31
AFR,Africa,SWZ,Eswatini,2015,Male,49.12
AFR,Africa,SWZ,Eswatini,2015,Male,11.15
AFR,Africa,SWZ,Eswatini,2016,Female,56.7
AFR,Africa,SWZ,Eswatini,2016,Female,15.56
AFR,Africa,SWZ,Eswatini,2016,Male,49.97
AFR,Africa,SWZ,Eswatini,2016,Male,11.34
AFR,Africa,SWZ,Eswatini,2017,Female,57.48
AFR,Africa,SWZ,Eswatini,2017,Female,15.76
AFR,Africa,SWZ,Eswatini,2017,Male,50.55
AFR,Africa,SWZ,Eswatini,2017,Male,11.52
AFR,Africa,SWZ,Eswatini,2018,Female,58.39
AFR,Africa,SWZ,Eswatini,2018,Female,15.94
AFR,Africa,SWZ,Eswatini,2018,Male,51.47
AFR,Africa,SWZ,Eswatini,2018,Male,11.72
AFR,Africa,SWZ,Eswatini,2019,Female,59.38
AFR,Africa,SWZ,Eswatini,2019,Female,16.13
AFR,Africa,SWZ,Eswatini,2019,Male,52.47
AFR,Africa,SWZ,Eswatini,2019,Male,11.96
AFR,Africa,SWZ,Eswatini,2020,Female,59.47
AFR,Africa,SWZ,Eswatini,2020,Female,15.59
AFR,Africa,SWZ,Eswatini,2020,Male,52.8
AFR,Africa,SWZ,Eswatini,2020,Male,11.26
AFR,Africa,SWZ,Eswatini,2021,Female,57.87
AFR,Africa,SWZ,Eswatini,2021,Female,14.67
AFR,Africa,SWZ,Eswatini,2021,Male,51.64
AFR,Africa,SWZ,Eswatini,2021,Male,11.05
AFR,Africa,ETH,Ethiopia,2000,Female,52.13
AFR,Africa,ETH,Ethiopia,2000,Female,13.83
AFR,Africa,ETH,Ethiopia,2000,Male,49.53
AFR,Africa,ETH,Ethiopia,2000,Male,13.04
AFR,Africa,ETH,Ethiopia,2001,Female,53.43
AFR,Africa,ETH,Ethiopia,2001,Female,14.2
AFR,Africa,ETH,Ethiopia,2001,Male,52.24
AFR,Africa,ETH,Ethiopia,2001,Male,13.45
AFR,Africa,ETH,Ethiopia,2002,Female,54.45
AFR,Africa,ETH,Ethiopia,2002,Female,14.53
AFR,Africa,ETH,Ethiopia,2002,Male,53.2
AFR,Africa,ETH,Ethiopia,2002,Male,13.78
AFR,Africa,ETH,Ethiopia,2003,Female,55.46
AFR,Africa,ETH,Ethiopia,2003,Female,14.82
AFR,Africa,ETH,Ethiopia,2003,Male,54.14
AFR,Africa,ETH,Ethiopia,2003,Male,14.04
AFR,Africa,ETH,Ethiopia,2004,Female,56.55
AFR,Africa,ETH,Ethiopia,2004,Female,15.12
AFR,Africa,ETH,Ethiopia,2004,Male,55.14
AFR,Africa,ETH,Ethiopia,2004,Male,14.31
AFR,Africa,ETH,Ethiopia,2005,Female,57.83
AFR,Africa,ETH,Ethiopia,2005,Female,15.53
AFR,Africa,ETH,Ethiopia,2005,Male,56.26
AFR,Africa,ETH,Ethiopia,2005,Male,14.65
AFR,Africa,ETH,Ethiopia,2006,Female,59.28
AFR,Africa,ETH,Ethiopia,2006,Female,15.97
AFR,Africa,ETH,Ethiopia,2006,Male,57.39
AFR,Africa,ETH,Ethiopia,2006,Male,14.96
AFR,Africa,ETH,Ethiopia,2007,Female,60.88
AFR,Africa,ETH,Ethiopia,2007,Female,16.47
AFR,Africa,ETH,Ethiopia,2007,Male,58.61
AFR,Africa,ETH,Ethiopia,2007,Male,15.34
AFR,Africa,ETH,Ethiopia,2008,Female,62.32
AFR,Africa,ETH,Ethiopia,2008,Female,16.93
AFR,Africa,ETH,Ethiopia,2008,Male,59.73
AFR,Africa,ETH,Ethiopia,2008,Male,15.71
AFR,Africa,ETH,Ethiopia,2009,Female,63.59
AFR,Africa,ETH,Ethiopia,2009,Female,17.35
AFR,Africa,ETH,Ethiopia,2009,Male,60.78
AFR,Africa,ETH,Ethiopia,2009,Male,16.06
AFR,Africa,ETH,Ethiopia,2010,Female,64.75
AFR,Africa,ETH,Ethiopia,2010,Female,17.74
AFR,Africa,ETH,Ethiopia,2010,Male,61.8
AFR,Africa,ETH,Ethiopia,2010,Male,16.39
AFR,Africa,ETH,Ethiopia,2011,Female,65.84
AFR,Africa,ETH,Ethiopia,2011,Female,18.12
AFR,Africa,ETH,Ethiopia,2011,Male,62.72
AFR,Africa,ETH,Ethiopia,2011,Male,16.69
AFR,Africa,ETH,Ethiopia,2012,Female,66.78
AFR,Africa,ETH,Ethiopia,2012,Female,18.45
AFR,Africa,ETH,Ethiopia,2012,Male,63.53
AFR,Africa,ETH,Ethiopia,2012,Male,16.95
AFR,Africa,ETH,Ethiopia,2013,Female,67.59
AFR,Africa,ETH,Ethiopia,2013,Female,18.72
AFR,Africa,ETH,Ethiopia,2013,Male,64.27
AFR,Africa,ETH,Ethiopia,2013,Male,17.17
AFR,Africa,ETH,Ethiopia,2014,Female,68.27
AFR,Africa,ETH,Ethiopia,2014,Female,18.9
AFR,Africa,ETH,Ethiopia,2014,Male,64.89
AFR,Africa,ETH,Ethiopia,2014,Male,17.33
AFR,Africa,ETH,Ethiopia,2015,Female,68.82
AFR,Africa,ETH,Ethiopia,2015,Female,19.0
AFR,Africa,ETH,Ethiopia,2015,Male,65.42
AFR,Africa,ETH,Ethiopia,2015,Male,17.45
AFR,Africa,ETH,Ethiopia,2016,Female,69.32
AFR,Africa,ETH,Ethiopia,2016,Female,19.13
AFR,Africa,ETH,Ethiopia,2016,Male,65.88
AFR,Africa,ETH,Ethiopia,2016,Male,17.58
AFR,Africa,ETH,Ethiopia,2017,Female,69.8
AFR,Africa,ETH,Ethiopia,2017,Female,19.24
AFR,Africa,ETH,Ethiopia,2017,Male,66.37
AFR,Africa,ETH,Ethiopia,2017,Male,17.7
AFR,Africa,ETH,Ethiopia,2018,Female,70.18
AFR,Africa,ETH,Ethiopia,2018,Female,19.33
AFR,Africa,ETH,Ethiopia,2018,Male,66.78
AFR,Africa,ETH,Ethiopia,2018,Male,17.8
AFR,Africa,ETH,Ethiopia,2019,Female,70.54
AFR,Africa,ETH,Ethiopia,2019,Female,19.39
AFR,Africa,ETH,Ethiopia,2019,Male,67.17
AFR,Africa,ETH,Ethiopia,2019,Male,17.89
AFR,Africa,ETH,Ethiopia,2020,Female,70.7
AFR,Africa,ETH,Ethiopia,2020,Female,19.19
AFR,Africa,ETH,Ethiopia,2020,Male,66.93
AFR,Africa,ETH,Ethiopia,2020,Male,17.18
AFR,Africa,ETH,Ethiopia,2021,Female,69.75
AFR,Africa,ETH,Ethiopia,2021,Female,18.54
AFR,Africa,ETH,Ethiopia,2021,Male,65.96
AFR,Africa,ETH,Ethiopia,2021,Male,17.05
WPR,Western Pacific,FJI,Fiji,2000,Female,68.36
WPR,Western Pacific,FJI,Fiji,2000,Female,16.1
WPR,Western Pacific,FJI,Fiji,2000,Male,63.64
WPR,Western Pacific,FJI,Fiji,2000,Male,13.18
WPR,Western Pacific,FJI,Fiji,2001,Female,69.08
WPR,Western Pacific,FJI,Fiji,2001,Female,16.5
WPR,Western Pacific,FJI,Fiji,2001,Male,64.04
WPR,Western Pacific,FJI,Fiji,2001,Male,13.34
WPR,Western Pacific,FJI,Fiji,2002,Female,69.05
WPR,Western Pacific,FJI,Fiji,2002,Female,16.53
WPR,Western Pacific,FJI,Fiji,2002,Male,64.71
WPR,Western Pacific,FJI,Fiji,2002,Male,13.63
WPR,Western Pacific,FJI,Fiji,2003,Female,68.89
WPR,Western Pacific,FJI,Fiji,2003,Female,16.43
WPR,Western Pacific,FJI,Fiji,2003,Male,64.69
WPR,Western Pacific,FJI,Fiji,2003,Male,13.6
WPR,Western Pacific,FJI,Fiji,2004,Female,69.41
WPR,Western Pacific,FJI,Fiji,2004,Female,16.85
WPR,Western Pacific,FJI,Fiji,2004,Male,65.16
WPR,Western Pacific,FJI,Fiji,2004,Male,14.06
WPR,Western Pacific,FJI,Fiji,2005,Female,69.57
WPR,Western Pacific,FJI,Fiji,2005,Female,17.08
WPR,Western Pacific,FJI,Fiji,2005,Male,64.96
WPR,Western Pacific,FJI,Fiji,2005,Male,14.09
WPR,Western Pacific,FJI,Fiji,2006,Female,69.56
WPR,Western Pacific,FJI,Fiji,2006,Female,17.09
WPR,Western Pacific,FJI,Fiji,2006,Male,64.96
WPR,Western Pacific,FJI,Fiji,2006,Male,14.13
WPR,Western Pacific,FJI,Fiji,2007,Female,69.45
WPR,Western Pacific,FJI,Fiji,2007,Female,16.95
WPR,Western Pacific,FJI,Fiji,2007,Male,65.07
WPR,Western Pacific,FJI,Fiji,2007,Male,14.21
WPR,Western Pacific,FJI,Fiji,2008,Female,69.12
WPR,Western Pacific,FJI,Fiji,2008,Female,16.64
WPR,Western Pacific,FJI,Fiji,2008,Male,65.16
WPR,Western Pacific,FJI,Fiji,2008,Male,14.31
WPR,Western Pacific,FJI,Fiji,2009,Female,69.14
WPR,Western Pacific,FJI,Fiji,2009,Female,16.57
WPR,Western Pacific,FJI,Fiji,2009,Male,65.51
WPR,Western Pacific,FJI,Fiji,2009,Male,14.48
WPR,Western Pacific,FJI,Fiji,2010,Female,69.3
WPR,Western Pacific,FJI,Fiji,2010,Female,16.56
WPR,Western Pacific,FJI,Fiji,2010,Male,65.48
WPR,Western Pacific,FJI,Fiji,2010,Male,14.4
WPR,Western Pacific,FJI,Fiji,2011,Female,69.42
WPR,Western Pacific,FJI,Fiji,2011,Female,16.55
WPR,Western Pacific,FJI,Fiji,2011,Male,65.52
WPR,Western Pacific,FJI,Fiji,2011,Male,14.4
WPR,Western Pacific,FJI,Fiji,2012,Female,69.6
WPR,Western Pacific,FJI,Fiji,2012,Female,16.68
WPR,Western Pacific,FJI,Fiji,2012,Male,65.57
WPR,Western Pacific,FJI,Fiji,2012,Male,14.43
WPR,Western Pacific,FJI,Fiji,2013,Female,69.74
WPR,Western Pacific,FJI,Fiji,2013,Female,16.76
WPR,Western Pacific,FJI,Fiji,2013,Male,65.66
WPR,Western Pacific,FJI,Fiji,2013,Male,14.48
WPR,Western Pacific,FJI,Fiji,2014,Female,69.85
WPR,Western Pacific,FJI,Fiji,2014,Female,16.84
WPR,Western Pacific,FJI,Fiji,2014,Male,65.74
WPR,Western Pacific,FJI,Fiji,2014,Male,14.5
WPR,Western Pacific,FJI,Fiji,2015,Female,69.94
WPR,Western Pacific,FJI,Fiji,2015,Female,16.92
WPR,Western Pacific,FJI,Fiji,2015,Male,65.8
WPR,Western Pacific,FJI,Fiji,2015,Male,14.55
WPR,Western Pacific,FJI,Fiji,2016,Female,69.89
WPR,Western Pacific,FJI,Fiji,2016,Female,16.99
WPR,Western Pacific,FJI,Fiji,2016,Male,65.74
WPR,Western Pacific,FJI,Fiji,2016,Male,14.56
WPR,Western Pacific,FJI,Fiji,2017,Female,70.07
WPR,Western Pacific,FJI,Fiji,2017,Female,17.13
WPR,Western Pacific,FJI,Fiji,2017,Male,65.82
WPR,Western Pacific,FJI,Fiji,2017,Male,14.61
WPR,Western Pacific,FJI,Fiji,2018,Female,70.07
WPR,Western Pacific,FJI,Fiji,2018,Female,17.2
WPR,Western Pacific,FJI,Fiji,2018,Male,65.81
WPR,Western Pacific,FJI,Fiji,2018,Male,14.66
WPR,Western Pacific,FJI,Fiji,2019,Female,70.09
WPR,Western Pacific,FJI,Fiji,2019,Female,17.27
WPR,Western Pacific,FJI,Fiji,2019,Male,65.78
WPR,Western Pacific,FJI,Fiji,2019,Male,14.71
WPR,Western Pacific,FJI,Fiji,2020,Female,70.24
WPR,Western Pacific,FJI,Fiji,2020,Female,17.42
WPR,Western Pacific,FJI,Fiji,2020,Male,65.39
WPR,Western Pacific,FJI,Fiji,2020,Male,14.56
WPR,Western Pacific,FJI,Fiji,2021,Female,67.67
WPR,Western Pacific,FJI,Fiji,2021,Female,15.67
WPR,Western Pacific,FJI,Fiji,2021,Male,63.49
WPR,Western Pacific,FJI,Fiji,2021,Male,13.26
EUR,Europe,FIN,Finland,2000,Female,80.91
EUR,Europe,FIN,Finland,2000,Female,23.56
EUR,Europe,FIN,Finland,2000,Male,74.12
EUR,Europe,FIN,Finland,2000,Male,19.17
EUR,Europe,FIN,Finland,2001,Female,81.31
EUR,Europe,FIN,Finland,2001,Female,23.83
EUR,Europe,FIN,Finland,2001,Male,74.56
EUR,Europe,FIN,Finland,2001,Male,19.45
EUR,Europe,FIN,Finland,2002,Female,81.34
EUR,Europe,FIN,Finland,2002,Female,23.86
EUR,Europe,FIN,Finland,2002,Male,74.78
EUR,Europe,FIN,Finland,2002,Male,19.51
EUR,Europe,FIN,Finland,2003,Female,81.62
EUR,Europe,FIN,Finland,2003,Female,24.04
EUR,Europe,FIN,Finland,2003,Male,75.08
EUR,Europe,FIN,Finland,2003,Male,19.83
EUR,Europe,FIN,Finland,2004,Female,82.04
EUR,Europe,FIN,Finland,2004,Female,24.61
EUR,Europe,FIN,Finland,2004,Male,75.31
EUR,Europe,FIN,Finland,2004,Male,20.15
EUR,Europe,FIN,Finland,2005,Female,82.25
EUR,Europe,FIN,Finland,2005,Female,24.82
EUR,Europe,FIN,Finland,2005,Male,75.61
EUR,Europe,FIN,Finland,2005,Male,20.41
EUR,Europe,FIN,Finland,2006,Female,82.62
EUR,Europe,FIN,Finland,2006,Female,25.03
EUR,Europe,FIN,Finland,2006,Male,75.76
EUR,Europe,FIN,Finland,2006,Male,20.51
EUR,Europe,FIN,Finland,2007,Female,82.66
EUR,Europe,FIN,Finland,2007,Female,25.08
EUR,Europe,FIN,Finland,2007,Male,75.83
EUR,Europe,FIN,Finland,2007,Male,20.63
EUR,Europe,FIN,Finland,2008,Female,82.77
EUR,Europe,FIN,Finland,2008,Female,25.16
EUR,Europe,FIN,Finland,2008,Male,76.34
EUR,Europe,FIN,Finland,2008,Male,21.01
EUR,Europe,FIN,Finland,2009,Female,82.94
EUR,Europe,FIN,Finland,2009,Female,25.3
EUR,Europe,FIN,Finland,2009,Male,76.42
EUR,Europe,FIN,Finland,2009,Male,20.91
EUR,Europe,FIN,Finland,2010,Female,83.02
EUR,Europe,FIN,Finland,2010,Female,25.28
EUR,Europe,FIN,Finland,2010,Male,76.68
EUR,Europe,FIN,Finland,2010,Male,21.03
EUR,Europe,FIN,Finland,2011,Female,83.33
EUR,Europe,FIN,Finland,2011,Female,25.49
EUR,Europe,FIN,Finland,2011,Male,77.19
EUR,Europe,FIN,Finland,2011,Male,21.36
EUR,Europe,FIN,Finland,2012,Female,83.22
EUR,Europe,FIN,Finland,2012,Female,25.38
EUR,Europe,FIN,Finland,2012,Male,77.47
EUR,Europe,FIN,Finland,2012,Male,21.42
EUR,Europe,FIN,Finland,2013,Female,83.51
EUR,Europe,FIN,Finland,2013,Female,25.57
EUR,Europe,FIN,Finland,2013,Male,77.8
EUR,Europe,FIN,Finland,2013,Male,21.63
EUR,Europe,FIN,Finland,2014,Female,83.59
EUR,Europe,FIN,Finland,2014,Female,25.51
EUR,Europe,FIN,Finland,2014,Male,78.1
EUR,Europe,FIN,Finland,2014,Male,21.76
EUR,Europe,FIN,Finland,2015,Female,83.86
EUR,Europe,FIN,Finland,2015,Female,25.71
EUR,Europe,FIN,Finland,2015,Male,78.49
EUR,Europe,FIN,Finland,2015,Male,21.95
EUR,Europe,FIN,Finland,2016,Female,83.82
EUR,Europe,FIN,Finland,2016,Female,25.67
EUR,Europe,FIN,Finland,2016,Male,78.38
EUR,Europe,FIN,Finland,2016,Male,21.89
EUR,Europe,FIN,Finland,2017,Female,83.92
EUR,Europe,FIN,Finland,2017,Female,25.85
EUR,Europe,FIN,Finland,2017,Male,78.68
EUR,Europe,FIN,Finland,2017,Male,22.1
EUR,Europe,FIN,Finland,2018,Female,83.96
EUR,Europe,FIN,Finland,2018,Female,25.85
EUR,Europe,FIN,Finland,2018,Male,78.83
EUR,Europe,FIN,Finland,2018,Male,22.22
EUR,Europe,FIN,Finland,2019,Female,84.15
EUR,Europe,FIN,Finland,2019,Female,26.06
EUR,Europe,FIN,Finland,2019,Male,79.11
EUR,Europe,FIN,Finland,2019,Male,22.49
EUR,Europe,FIN,Finland,2020,Female,84.16
EUR,Europe,FIN,Finland,2020,Female,26.01
EUR,Europe,FIN,Finland,2020,Male,78.94
EUR,Europe,FIN,Finland,2020,Male,22.46
EUR,Europe,FIN,Finland,2021,Female,84.06
EUR,Europe,FIN,Finland,2021,Female,25.9
EUR,Europe,FIN,Finland,2021,Male,79.01
EUR,Europe,FIN,Finland,2021,Male,22.28
EUR,Europe,FRA,France,2000,Female,82.52
EUR,Europe,FRA,France,2000,Female,25.29
EUR,Europe,FRA,France,2000,Male,75.24
EUR,Europe,FRA,France,2000,Male,20.39
EUR,Europe,FRA,France,2001,Female,82.56
EUR,Europe,FRA,France,2001,Female,25.35
EUR,Europe,FRA,France,2001,Male,75.39
EUR,Europe,FRA,France,2001,Male,20.57
EUR,Europe,FRA,France,2002,Female,82.57
EUR,Europe,FRA,France,2002,Female,25.3
EUR,Europe,FRA,France,2002,Male,75.64
EUR,Europe,FRA,France,2002,Male,20.68
EUR,Europe,FRA,France,2003,Female,82.39
EUR,Europe,FRA,France,2003,Female,25.04
EUR,Europe,FRA,France,2003,Male,75.71
EUR,Europe,FRA,France,2003,Male,20.65
EUR,Europe,FRA,France,2004,Female,83.27
EUR,Europe,FRA,France,2004,Female,25.87
EUR,Europe,FRA,France,2004,Male,76.59
EUR,Europe,FRA,France,2004,Male,21.31
EUR,Europe,FRA,France,2005,Female,83.25
EUR,Europe,FRA,France,2005,Female,25.78
EUR,Europe,FRA,France,2005,Male,76.64
EUR,Europe,FRA,France,2005,Male,21.31
EUR,Europe,FRA,France,2006,Female,83.78
EUR,Europe,FRA,France,2006,Female,26.29
EUR,Europe,FRA,France,2006,Male,77.14
EUR,Europe,FRA,France,2006,Male,21.75
EUR,Europe,FRA,France,2007,Female,84.06
EUR,Europe,FRA,France,2007,Female,26.5
EUR,Europe,FRA,France,2007,Male,77.4
EUR,Europe,FRA,France,2007,Male,21.92
EUR,Europe,FRA,France,2008,Female,84.01
EUR,Europe,FRA,France,2008,Female,26.49
EUR,Europe,FRA,France,2008,Male,77.6
EUR,Europe,FRA,France,2008,Male,22.03
EUR,Europe,FRA,France,2009,Female,84.17
EUR,Europe,FRA,France,2009,Female,26.64
EUR,Europe,FRA,France,2009,Male,77.78
EUR,Europe,FRA,France,2009,Male,22.24
EUR,Europe,FRA,France,2010,Female,84.34
EUR,Europe,FRA,France,2010,Female,26.77
EUR,Europe,FRA,France,2010,Male,77.96
EUR,Europe,FRA,France,2010,Male,22.35
EUR,Europe,FRA,France,2011,Female,84.66
EUR,Europe,FRA,France,2011,Female,27.04
EUR,Europe,FRA,France,2011,Male,78.36
EUR,Europe,FRA,France,2011,Male,22.64
EUR,Europe,FRA,France,2012,Female,84.53
EUR,Europe,FRA,France,2012,Female,26.84
EUR,Europe,FRA,France,2012,Male,78.49
EUR,Europe,FRA,France,2012,Male,22.58
EUR,Europe,FRA,France,2013,Female,84.72
EUR,Europe,FRA,France,2013,Female,26.99
EUR,Europe,FRA,France,2013,Male,78.78
EUR,Europe,FRA,France,2013,Male,22.75
EUR,Europe,FRA,France,2014,Female,85.06
EUR,Europe,FRA,France,2014,Female,27.29
EUR,Europe,FRA,France,2014,Male,79.28
EUR,Europe,FRA,France,2014,Male,23.1
EUR,Europe,FRA,France,2015,Female,84.72
EUR,Europe,FRA,France,2015,Female,27.24
EUR,Europe,FRA,France,2015,Male,78.96
EUR,Europe,FRA,France,2015,Male,23.2
EUR,Europe,FRA,France,2016,Female,84.89
EUR,Europe,FRA,France,2016,Female,27.36
EUR,Europe,FRA,France,2016,Male,79.24
EUR,Europe,FRA,France,2016,Male,23.35
EUR,Europe,FRA,France,2017,Female,84.81
EUR,Europe,FRA,France,2017,Female,26.99
EUR,Europe,FRA,France,2017,Male,79.41
EUR,Europe,FRA,France,2017,Male,23.06
EUR,Europe,FRA,France,2018,Female,85.04
EUR,Europe,FRA,France,2018,Female,27.46
EUR,Europe,FRA,France,2018,Male,79.58
EUR,Europe,FRA,France,2018,Male,23.49
EUR,Europe,FRA,France,2019,Female,85.15
EUR,Europe,FRA,France,2019,Female,27.51
EUR,Europe,FRA,France,2019,Male,79.77
EUR,Europe,FRA,France,2019,Male,23.63
EUR,Europe,FRA,France,2020,Female,84.6
EUR,Europe,FRA,France,2020,Female,26.69
EUR,Europe,FRA,France,2020,Male,79.06
EUR,Europe,FRA,France,2020,Male,22.6
EUR,Europe,FRA,France,2021,Female,84.69
EUR,Europe,FRA,France,2021,Female,26.8
EUR,Europe,FRA,France,2021,Male,79.08
EUR,Europe,FRA,France,2021,Male,22.73
AFR,Africa,GAB,Gabon,2000,Female,59.46
AFR,Africa,GAB,Gabon,2000,Female,15.85
AFR,Africa,GAB,Gabon,2000,Male,56.05
AFR,Africa,GAB,Gabon,2000,Male,13.22
AFR,Africa,GAB,Gabon,2001,Female,59.26
AFR,Africa,GAB,Gabon,2001,Female,15.77
AFR,Africa,GAB,Gabon,2001,Male,56.26
AFR,Africa,GAB,Gabon,2001,Male,13.29
AFR,Africa,GAB,Gabon,2002,Female,59.5
AFR,Africa,GAB,Gabon,2002,Female,15.91
AFR,Africa,GAB,Gabon,2002,Male,56.7
AFR,Africa,GAB,Gabon,2002,Male,13.44
AFR,Africa,GAB,Gabon,2003,Female,59.51
AFR,Africa,GAB,Gabon,2003,Female,15.84
AFR,Africa,GAB,Gabon,2003,Male,56.99
AFR,Africa,GAB,Gabon,2003,Male,13.52
AFR,Africa,GAB,Gabon,2004,Female,60.03
AFR,Africa,GAB,Gabon,2004,Female,15.93
AFR,Africa,GAB,Gabon,2004,Male,57.46
AFR,Africa,GAB,Gabon,2004,Male,13.63
AFR,Africa,GAB,Gabon,2005,Female,61.33
AFR,Africa,GAB,Gabon,2005,Female,16.33
AFR,Africa,GAB,Gabon,2005,Male,58.18
AFR,Africa,GAB,Gabon,2005,Male,13.77
AFR,Africa,GAB,Gabon,2006,Female,61.99
AFR,Africa,GAB,Gabon,2006,Female,16.49
AFR,Africa,GAB,Gabon,2006,Male,58.75
AFR,Africa,GAB,Gabon,2006,Male,13.88
AFR,Africa,GAB,Gabon,2007,Female,62.33
AFR,Africa,GAB,Gabon,2007,Female,16.69
AFR,Africa,GAB,Gabon,2007,Male,59.15
AFR,Africa,GAB,Gabon,2007,Male,13.97
AFR,Africa,GAB,Gabon,2008,Female,62.47
AFR,Africa,GAB,Gabon,2008,Female,16.7
AFR,Africa,GAB,Gabon,2008,Male,59.28
AFR,Africa,GAB,Gabon,2008,Male,13.98
AFR,Africa,GAB,Gabon,2009,Female,63.06
AFR,Africa,GAB,Gabon,2009,Female,16.9
AFR,Africa,GAB,Gabon,2009,Male,59.58
AFR,Africa,GAB,Gabon,2009,Male,14.01
AFR,Africa,GAB,Gabon,2010,Female,63.69
AFR,Africa,GAB,Gabon,2010,Female,17.13
AFR,Africa,GAB,Gabon,2010,Male,60.0
AFR,Africa,GAB,Gabon,2010,Male,14.1
AFR,Africa,GAB,Gabon,2011,Female,64.04
AFR,Africa,GAB,Gabon,2011,Female,17.22
AFR,Africa,GAB,Gabon,2011,Male,60.36
AFR,Africa,GAB,Gabon,2011,Male,14.22
AFR,Africa,GAB,Gabon,2012,Female,64.91
AFR,Africa,GAB,Gabon,2012,Female,17.44
AFR,Africa,GAB,Gabon,2012,Male,60.72
AFR,Africa,GAB,Gabon,2012,Male,14.33
AFR,Africa,GAB,Gabon,2013,Female,66.01
AFR,Africa,GAB,Gabon,2013,Female,17.72
AFR,Africa,GAB,Gabon,2013,Male,60.92
AFR,Africa,GAB,Gabon,2013,Male,14.39
AFR,Africa,GAB,Gabon,2014,Female,66.71
AFR,Africa,GAB,Gabon,2014,Female,17.87
AFR,Africa,GAB,Gabon,2014,Male,61.3
AFR,Africa,GAB,Gabon,2014,Male,14.44
AFR,Africa,GAB,Gabon,2015,Female,66.88
AFR,Africa,GAB,Gabon,2015,Female,17.86
AFR,Africa,GAB,Gabon,2015,Male,61.58
AFR,Africa,GAB,Gabon,2015,Male,14.46
AFR,Africa,GAB,Gabon,2016,Female,67.15
AFR,Africa,GAB,Gabon,2016,Female,17.92
AFR,Africa,GAB,Gabon,2016,Male,61.82
AFR,Africa,GAB,Gabon,2016,Male,14.56
AFR,Africa,GAB,Gabon,2017,Female,67.44
AFR,Africa,GAB,Gabon,2017,Female,17.97
AFR,Africa,GAB,Gabon,2017,Male,62.07
AFR,Africa,GAB,Gabon,2017,Male,14.62
AFR,Africa,GAB,Gabon,2018,Female,67.57
AFR,Africa,GAB,Gabon,2018,Female,17.97
AFR,Africa,GAB,Gabon,2018,Male,62.28
AFR,Africa,GAB,Gabon,2018,Male,14.67
AFR,Africa,GAB,Gabon,2019,Female,67.75
AFR,Africa,GAB,Gabon,2019,Female,17.96
AFR,Africa,GAB,Gabon,2019,Male,62.61
AFR,Africa,GAB,Gabon,2019,Male,14.72
AFR,Africa,GAB,Gabon,2020,Female,68.06
AFR,Africa,GAB,Gabon,2020,Female,17.77
AFR,Africa,GAB,Gabon,2020,Male,62.68
AFR,Africa,GAB,Gabon,2020,Male,14.18
AFR,Africa,GAB,Gabon,2021,Female,67.92
AFR,Africa,GAB,Gabon,2021,Female,17.69
AFR,Africa,GAB,Gabon,2021,Male,62.68
AFR,Africa,GAB,Gabon,2021,Male,14.54
AFR,Africa,GMB,Gambia,2000,Female,61.16
AFR,Africa,GMB,Gambia,2000,Female,17.15
AFR,Africa,GMB,Gambia,2000,Male,57.3
AFR,Africa,GMB,Gambia,2000,Male,14.99
AFR,Africa,GMB,Gambia,2001,Female,61.35
AFR,Africa,GMB,Gambia,2001,Female,17.13
AFR,Africa,GMB,Gambia,2001,Male,57.58
AFR,Africa,GMB,Gambia,2001,Male,15.0
AFR,Africa,GMB,Gambia,2002,Female,61.51
AFR,Africa,GMB,Gambia,2002,Female,17.07
AFR,Africa,GMB,Gambia,2002,Male,57.79
AFR,Africa,GMB,Gambia,2002,Male,14.98
AFR,Africa,GMB,Gambia,2003,Female,61.72
AFR,Africa,GMB,Gambia,2003,Female,17.04
AFR,Africa,GMB,Gambia,2003,Male,58.09
AFR,Africa,GMB,Gambia,2003,Male,14.97
AFR,Africa,GMB,Gambia,2004,Female,61.98
AFR,Africa,GMB,Gambia,2004,Female,17.01
AFR,Africa,GMB,Gambia,2004,Male,58.44
AFR,Africa,GMB,Gambia,2004,Male,14.99
AFR,Africa,GMB,Gambia,2005,Female,62.34
AFR,Africa,GMB,Gambia,2005,Female,17.01
AFR,Africa,GMB,Gambia,2005,Male,58.8
AFR,Africa,GMB,Gambia,2005,Male,15.02
AFR,Africa,GMB,Gambia,2006,Female,62.68
AFR,Africa,GMB,Gambia,2006,Female,17.02
AFR,Africa,GMB,Gambia,2006,Male,59.17
AFR,Africa,GMB,Gambia,2006,Male,15.06
AFR,Africa,GMB,Gambia,2007,Female,62.92
AFR,Africa,GMB,Gambia,2007,Female,17.02
AFR,Africa,GMB,Gambia,2007,Male,59.4
AFR,Africa,GMB,Gambia,2007,Male,15.07
AFR,Africa,GMB,Gambia,2008,Female,63.28
AFR,Africa,GMB,Gambia,2008,Female,17.05
AFR,Africa,GMB,Gambia,2008,Male,59.8
AFR,Africa,GMB,Gambia,2008,Male,15.12
AFR,Africa,GMB,Gambia,2009,Female,63.65
AFR,Africa,GMB,Gambia,2009,Female,17.1
AFR,Africa,GMB,Gambia,2009,Male,60.14
AFR,Africa,GMB,Gambia,2009,Male,15.18
AFR,Africa,GMB,Gambia,2010,Female,64.17
AFR,Africa,GMB,Gambia,2010,Female,17.16
AFR,Africa,GMB,Gambia,2010,Male,60.62
AFR,Africa,GMB,Gambia,2010,Male,15.24
AFR,Africa,GMB,Gambia,2011,Female,64.79
AFR,Africa,GMB,Gambia,2011,Female,17.21
AFR,Africa,GMB,Gambia,2011,Male,60.99
AFR,Africa,GMB,Gambia,2011,Male,15.25
AFR,Africa,GMB,Gambia,2012,Female,65.27
AFR,Africa,GMB,Gambia,2012,Female,17.25
AFR,Africa,GMB,Gambia,2012,Male,61.23
AFR,Africa,GMB,Gambia,2012,Male,15.27
AFR,Africa,GMB,Gambia,2013,Female,65.47
AFR,Africa,GMB,Gambia,2013,Female,17.25
AFR,Africa,GMB,Gambia,2013,Male,61.46
AFR,Africa,GMB,Gambia,2013,Male,15.27
AFR,Africa,GMB,Gambia,2014,Female,65.58
AFR,Africa,GMB,Gambia,2014,Female,17.24
AFR,Africa,GMB,Gambia,2014,Male,61.65
AFR,Africa,GMB,Gambia,2014,Male,15.28
AFR,Africa,GMB,Gambia,2015,Female,65.79
AFR,Africa,GMB,Gambia,2015,Female,17.26
AFR,Africa,GMB,Gambia,2015,Male,61.87
AFR,Africa,GMB,Gambia,2015,Male,15.32
AFR,Africa,GMB,Gambia,2016,Female,66.05
AFR,Africa,GMB,Gambia,2016,Female,17.27
AFR,Africa,GMB,Gambia,2016,Male,62.13
AFR,Africa,GMB,Gambia,2016,Male,15.34
AFR,Africa,GMB,Gambia,2017,Female,66.36
AFR,Africa,GMB,Gambia,2017,Female,17.31
AFR,Africa,GMB,Gambia,2017,Male,62.34
AFR,Africa,GMB,Gambia,2017,Male,15.35
AFR,Africa,GMB,Gambia,2018,Female,66.67
AFR,Africa,GMB,Gambia,2018,Female,17.37
AFR,Africa,GMB,Gambia,2018,Male,62.61
AFR,Africa,GMB,Gambia,2018,Male,15.41
AFR,Africa,GMB,Gambia,2019,Female,66.98
AFR,Africa,GMB,Gambia,2019,Female,17.44
AFR,Africa,GMB,Gambia,2019,Male,62.91
AFR,Africa,GMB,Gambia,2019,Male,15.48
AFR,Africa,GMB,Gambia,2020,Female,66.99
AFR,Africa,GMB,Gambia,2020,Female,17.13
AFR,Africa,GMB,Gambia,2020,Male,62.68
AFR,Africa,GMB,Gambia,2020,Male,14.82
AFR,Africa,GMB,Gambia,2021,Female,66.26
AFR,Africa,GMB,Gambia,2021,Female,16.69
AFR,Africa,GMB,Gambia,2021,Male,62.22
AFR,Africa,GMB,Gambia,2021,Male,14.8
EUR,Europe,GEO,Georgia,2000,Female,74.55
EUR,Europe,GEO,Georgia,2000,Female,19.49
EUR,Europe,GEO,Georgia,2000,Male,67.28
EUR,Europe,GEO,Georgia,2000,Male,16.17
EUR,Europe,GEO,Georgia,2001,Female,75.28
EUR,Europe,GEO,Georgia,2001,Female,20.16
EUR,Europe,GEO,Georgia,2001,Male,67.57
EUR,Europe,GEO,Georgia,2001,Male,16.52
EUR,Europe,GEO,Georgia,2002,Female,73.49
EUR,Europe,GEO,Georgia,2002,Female,18.86
EUR,Europe,GEO,Georgia,2002,Male,66.03
EUR,Europe,GEO,Georgia,2002,Male,15.68
EUR,Europe,GEO,Georgia,2003,Female,74.19
EUR,Europe,GEO,Georgia,2003,Female,19.32
EUR,Europe,GEO,Georgia,2003,Male,67.14
EUR,Europe,GEO,Georgia,2003,Male,15.53
EUR,Europe,GEO,Georgia,2004,Female,74.4
EUR,Europe,GEO,Georgia,2004,Female,19.06
EUR,Europe,GEO,Georgia,2004,Male,66.48
EUR,Europe,GEO,Georgia,2004,Male,15.25
EUR,Europe,GEO,Georgia,2005,Female,76.01
EUR,Europe,GEO,Georgia,2005,Female,20.64
EUR,Europe,GEO,Georgia,2005,Male,67.8
EUR,Europe,GEO,Georgia,2005,Male,16.45
EUR,Europe,GEO,Georgia,2006,Female,76.51
EUR,Europe,GEO,Georgia,2006,Female,20.62
EUR,Europe,GEO,Georgia,2006,Male,67.35
EUR,Europe,GEO,Georgia,2006,Male,16.1
EUR,Europe,GEO,Georgia,2007,Female,76.98
EUR,Europe,GEO,Georgia,2007,Female,21.08
EUR,Europe,GEO,Georgia,2007,Male,67.93
EUR,Europe,GEO,Georgia,2007,Male,16.17
EUR,Europe,GEO,Georgia,2008,Female,76.74
EUR,Europe,GEO,Georgia,2008,Female,20.98
EUR,Europe,GEO,Georgia,2008,Male,66.62
EUR,Europe,GEO,Georgia,2008,Male,15.99
EUR,Europe,GEO,Georgia,2009,Female,75.58
EUR,Europe,GEO,Georgia,2009,Female,19.78
EUR,Europe,GEO,Georgia,2009,Male,66.91
EUR,Europe,GEO,Georgia,2009,Male,15.55
EUR,Europe,GEO,Georgia,2010,Female,76.24
EUR,Europe,GEO,Georgia,2010,Female,19.97
EUR,Europe,GEO,Georgia,2010,Male,67.29
EUR,Europe,GEO,Georgia,2010,Male,15.68
EUR,Europe,GEO,Georgia,2011,Female,76.21
EUR,Europe,GEO,Georgia,2011,Female,19.86
EUR,Europe,GEO,Georgia,2011,Male,67.58
EUR,Europe,GEO,Georgia,2011,Male,15.43
EUR,Europe,GEO,Georgia,2012,Female,76.64
EUR,Europe,GEO,Georgia,2012,Female,20.26
EUR,Europe,GEO,Georgia,2012,Male,67.66
EUR,Europe,GEO,Georgia,2012,Male,15.73
EUR,Europe,GEO,Georgia,2013,Female,76.93
EUR,Europe,GEO,Georgia,2013,Female,20.49
EUR,Europe,GEO,Georgia,2013,Male,68.18
EUR,Europe,GEO,Georgia,2013,Male,16.14
EUR,Europe,GEO,Georgia,2014,Female,76.98
EUR,Europe,GEO,Georgia,2014,Female,20.47
EUR,Europe,GEO,Georgia,2014,Male,68.35
EUR,Europe,GEO,Georgia,2014,Male,16.07
EUR,Europe,GEO,Georgia,2015,Female,77.25
EUR,Europe,GEO,Georgia,2015,Female,20.69
EUR,Europe,GEO,Georgia,2015,Male,68.35
EUR,Europe,GEO,Georgia,2015,Male,15.94
EUR,Europe,GEO,Georgia,2016,Female,77.23
EUR,Europe,GEO,Georgia,2016,Female,20.67
EUR,Europe,GEO,Georgia,2016,Male,67.97
EUR,Europe,GEO,Georgia,2016,Male,15.7
EUR,Europe,GEO,Georgia,2017,Female,78.02
EUR,Europe,GEO,Georgia,2017,Female,21.24
EUR,Europe,GEO,Georgia,2017,Male,68.85
EUR,Europe,GEO,Georgia,2017,Male,16.16
EUR,Europe,GEO,Georgia,2018,Female,78.35
EUR,Europe,GEO,Georgia,2018,Female,21.51
EUR,Europe,GEO,Georgia,2018,Male,69.11
EUR,Europe,GEO,Georgia,2018,Male,16.23
EUR,Europe,GEO,Georgia,2019,Female,78.44
EUR,Europe,GEO,Georgia,2019,Female,21.5
EUR,Europe,GEO,Georgia,2019,Male,69.1
EUR,Europe,GEO,Georgia,2019,Male,16.01
EUR,Europe,GEO,Georgia,2020,Female,77.81
EUR,Europe,GEO,Georgia,2020,Female,20.91
EUR,Europe,GEO,Georgia,2020,Male,68.33
EUR,Europe,GEO,Georgia,2020,Male,15.12
EUR,Europe,GEO,Georgia,2021,Female,75.6
EUR,Europe,GEO,Georgia,2021,Female,19.15
EUR,Europe,GEO,Georgia,2021,Male,66.85
EUR,Europe,GEO,Georgia,2021,Male,14.01
EUR,Europe,DEU,Germany,2000,Female,80.92
EUR,Europe,DEU,Germany,2000,Female,23.57
EUR,Europe,DEU,Germany,2000,Male,75.04
EUR,Europe,DEU,Germany,2000,Male,19.47
EUR,Europe,DEU,Germany,2001,Female,81.18
EUR,Europe,DEU,Germany,2001,Female,23.77
EUR,Europe,DEU,Germany,2001,Male,75.48
EUR,Europe,DEU,Germany,2001,Male,19.81
EUR,Europe,DEU,Germany,2002,Female,81.1
EUR,Europe,DEU,Germany,2002,Female,23.69
EUR,Europe,DEU,Germany,2002,Male,75.62
EUR,Europe,DEU,Germany,2002,Male,19.87
EUR,Europe,DEU,Germany,2003,Female,81.1
EUR,Europe,DEU,Germany,2003,Female,23.61
EUR,Europe,DEU,Germany,2003,Male,75.66
EUR,Europe,DEU,Germany,2003,Male,19.87
EUR,Europe,DEU,Germany,2004,Female,81.59
EUR,Europe,DEU,Germany,2004,Female,24.03
EUR,Europe,DEU,Germany,2004,Male,76.32
EUR,Europe,DEU,Germany,2004,Male,20.35
EUR,Europe,DEU,Germany,2005,Female,81.72
EUR,Europe,DEU,Germany,2005,Female,24.11
EUR,Europe,DEU,Germany,2005,Male,76.57
EUR,Europe,DEU,Germany,2005,Male,20.52
EUR,Europe,DEU,Germany,2006,Female,82.07
EUR,Europe,DEU,Germany,2006,Female,24.4
EUR,Europe,DEU,Germany,2006,Male,77.02
EUR,Europe,DEU,Germany,2006,Male,20.87
EUR,Europe,DEU,Germany,2007,Female,82.27
EUR,Europe,DEU,Germany,2007,Female,24.58
EUR,Europe,DEU,Germany,2007,Male,77.21
EUR,Europe,DEU,Germany,2007,Male,21.01
EUR,Europe,DEU,Germany,2008,Female,82.26
EUR,Europe,DEU,Germany,2008,Female,24.53
EUR,Europe,DEU,Germany,2008,Male,77.41
EUR,Europe,DEU,Germany,2008,Male,21.11
EUR,Europe,DEU,Germany,2009,Female,82.37
EUR,Europe,DEU,Germany,2009,Female,24.63
EUR,Europe,DEU,Germany,2009,Male,77.55
EUR,Europe,DEU,Germany,2009,Male,21.23
EUR,Europe,DEU,Germany,2010,Female,82.54
EUR,Europe,DEU,Germany,2010,Female,24.76
EUR,Europe,DEU,Germany,2010,Male,77.78
EUR,Europe,DEU,Germany,2010,Male,21.4
EUR,Europe,DEU,Germany,2011,Female,82.75
EUR,Europe,DEU,Germany,2011,Female,24.98
EUR,Europe,DEU,Germany,2011,Male,78.13
EUR,Europe,DEU,Germany,2011,Male,21.68
EUR,Europe,DEU,Germany,2012,Female,82.84
EUR,Europe,DEU,Germany,2012,Female,24.96
EUR,Europe,DEU,Germany,2012,Male,78.32
EUR,Europe,DEU,Germany,2012,Male,21.72
EUR,Europe,DEU,Germany,2013,Female,82.59
EUR,Europe,DEU,Germany,2013,Female,24.75
EUR,Europe,DEU,Germany,2013,Male,77.94
EUR,Europe,DEU,Germany,2013,Male,21.34
EUR,Europe,DEU,Germany,2014,Female,83.07
EUR,Europe,DEU,Germany,2014,Female,25.15
EUR,Europe,DEU,Germany,2014,Male,78.41
EUR,Europe,DEU,Germany,2014,Male,21.73
EUR,Europe,DEU,Germany,2015,Female,82.71
EUR,Europe,DEU,Germany,2015,Female,24.84
EUR,Europe,DEU,Germany,2015,Male,78.12
EUR,Europe,DEU,Germany,2015,Male,21.46
EUR,Europe,DEU,Germany,2016,Female,83.0
EUR,Europe,DEU,Germany,2016,Female,25.11
EUR,Europe,DEU,Germany,2016,Male,78.35
EUR,Europe,DEU,Germany,2016,Male,21.68
EUR,Europe,DEU,Germany,2017,Female,82.97
EUR,Europe,DEU,Germany,2017,Female,25.02
EUR,Europe,DEU,Germany,2017,Male,78.51
EUR,Europe,DEU,Germany,2017,Male,21.67
EUR,Europe,DEU,Germany,2018,Female,82.86
EUR,Europe,DEU,Germany,2018,Female,24.91
EUR,Europe,DEU,Germany,2018,Male,78.42
EUR,Europe,DEU,Germany,2018,Male,21.61
EUR,Europe,DEU,Germany,2019,Female,83.19
EUR,Europe,DEU,Germany,2019,Female,25.17
EUR,Europe,DEU,Germany,2019,Male,78.75
EUR,Europe,DEU,Germany,2019,Male,21.86
EUR,Europe,DEU,Germany,2020,Female,83.08
EUR,Europe,DEU,Germany,2020,Female,25.04
EUR,Europe,DEU,Germany,2020,Male,78.52
EUR,Europe,DEU,Germany,2020,Male,21.61
EUR,Europe,DEU,Germany,2021,Female,82.86
EUR,Europe,DEU,Germany,2021,Female,24.87
EUR,Europe,DEU,Germany,2021,Male,78.15
EUR,Europe,DEU,Germany,2021,Male,21.35
AFR,Africa,GHA,Ghana,2000,Female,60.42
AFR,Africa,GHA,Ghana,2000,Female,16.73
AFR,Africa,GHA,Ghana,2000,Male,57.77
AFR,Africa,GHA,Ghana,2000,Male,14.88
AFR,Africa,GHA,Ghana,2001,Female,60.53
AFR,Africa,GHA,Ghana,2001,Female,16.7
AFR,Africa,GHA,Ghana,2001,Male,57.8
AFR,Africa,GHA,Ghana,2001,Male,14.75
AFR,Africa,GHA,Ghana,2002,Female,60.77
AFR,Africa,GHA,Ghana,2002,Female,16.73
AFR,Africa,GHA,Ghana,2002,Male,57.89
AFR,Africa,GHA,Ghana,2002,Male,14.63
AFR,Africa,GHA,Ghana,2003,Female,61.1
AFR,Africa,GHA,Ghana,2003,Female,16.82
AFR,Africa,GHA,Ghana,2003,Male,58.01
AFR,Africa,GHA,Ghana,2003,Male,14.53
AFR,Africa,GHA,Ghana,2004,Female,61.51
AFR,Africa,GHA,Ghana,2004,Female,16.93
AFR,Africa,GHA,Ghana,2004,Male,58.14
AFR,Africa,GHA,Ghana,2004,Male,14.46
AFR,Africa,GHA,Ghana,2005,Female,61.91
AFR,Africa,GHA,Ghana,2005,Female,17.02
AFR,Africa,GHA,Ghana,2005,Male,58.3
AFR,Africa,GHA,Ghana,2005,Male,14.39
AFR,Africa,GHA,Ghana,2006,Female,62.33
AFR,Africa,GHA,Ghana,2006,Female,17.12
AFR,Africa,GHA,Ghana,2006,Male,58.45
AFR,Africa,GHA,Ghana,2006,Male,14.34
AFR,Africa,GHA,Ghana,2007,Female,62.74
AFR,Africa,GHA,Ghana,2007,Female,17.18
AFR,Africa,GHA,Ghana,2007,Male,58.69
AFR,Africa,GHA,Ghana,2007,Male,14.32
AFR,Africa,GHA,Ghana,2008,Female,63.26
AFR,Africa,GHA,Ghana,2008,Female,17.27
AFR,Africa,GHA,Ghana,2008,Male,59.02
AFR,Africa,GHA,Ghana,2008,Male,14.35
AFR,Africa,GHA,Ghana,2009,Female,63.78
AFR,Africa,GHA,Ghana,2009,Female,17.35
AFR,Africa,GHA,Ghana,2009,Male,59.4
AFR,Africa,GHA,Ghana,2009,Male,14.37
AFR,Africa,GHA,Ghana,2010,Female,64.28
AFR,Africa,GHA,Ghana,2010,Female,17.42
AFR,Africa,GHA,Ghana,2010,Male,59.79
AFR,Africa,GHA,Ghana,2010,Male,14.42
AFR,Africa,GHA,Ghana,2011,Female,65.04
AFR,Africa,GHA,Ghana,2011,Female,17.61
AFR,Africa,GHA,Ghana,2011,Male,60.27
AFR,Africa,GHA,Ghana,2011,Male,14.52
AFR,Africa,GHA,Ghana,2012,Female,65.75
AFR,Africa,GHA,Ghana,2012,Female,17.77
AFR,Africa,GHA,Ghana,2012,Male,60.73
AFR,Africa,GHA,Ghana,2012,Male,14.63
AFR,Africa,GHA,Ghana,2013,Female,66.2
AFR,Africa,GHA,Ghana,2013,Female,17.89
AFR,Africa,GHA,Ghana,2013,Male,61.13
AFR,Africa,GHA,Ghana,2013,Male,14.72
AFR,Africa,GHA,Ghana,2014,Female,66.56
AFR,Africa,GHA,Ghana,2014,Female,17.99
AFR,Africa,GHA,Ghana,2014,Male,61.52
AFR,Africa,GHA,Ghana,2014,Male,14.83
AFR,Africa,GHA,Ghana,2015,Female,66.97
AFR,Africa,GHA,Ghana,2015,Female,18.1
AFR,Africa,GHA,Ghana,2015,Male,61.85
AFR,Africa,GHA,Ghana,2015,Male,14.95
AFR,Africa,GHA,Ghana,2016,Female,67.39
AFR,Africa,GHA,Ghana,2016,Female,18.21
AFR,Africa,GHA,Ghana,2016,Male,62.17
AFR,Africa,GHA,Ghana,2016,Male,15.06
AFR,Africa,GHA,Ghana,2017,Female,67.78
AFR,Africa,GHA,Ghana,2017,Female,18.31
AFR,Africa,GHA,Ghana,2017,Male,62.53
AFR,Africa,GHA,Ghana,2017,Male,15.18
AFR,Africa,GHA,Ghana,2018,Female,68.18
AFR,Africa,GHA,Ghana,2018,Female,18.41
AFR,Africa,GHA,Ghana,2018,Male,62.98
AFR,Africa,GHA,Ghana,2018,Male,15.3
AFR,Africa,GHA,Ghana,2019,Female,68.59
AFR,Africa,GHA,Ghana,2019,Female,18.52
AFR,Africa,GHA,Ghana,2019,Male,63.47
AFR,Africa,GHA,Ghana,2019,Male,15.45
AFR,Africa,GHA,Ghana,2020,Female,68.9
AFR,Africa,GHA,Ghana,2020,Female,18.37
AFR,Africa,GHA,Ghana,2020,Male,63.62
AFR,Africa,GHA,Ghana,2020,Male,14.98
AFR,Africa,GHA,Ghana,2021,Female,68.6
AFR,Africa,GHA,Ghana,2021,Female,18.18
AFR,Africa,GHA,Ghana,2021,Male,63.69
AFR,Africa,GHA,Ghana,2021,Male,15.29
EUR,Europe,GRC,Greece,2000,Female,80.96
EUR,Europe,GRC,Greece,2000,Female,23.15
EUR,Europe,GRC,Greece,2000,Male,75.97
EUR,Europe,GRC,Greece,2000,Male,20.39
EUR,Europe,GRC,Greece,2001,Female,81.33
EUR,Europe,GRC,Greece,2001,Female,23.46
EUR,Europe,GRC,Greece,2001,Male,76.4
EUR,Europe,GRC,Greece,2001,Male,20.8
EUR,Europe,GRC,Greece,2002,Female,81.39
EUR,Europe,GRC,Greece,2002,Female,23.54
EUR,Europe,GRC,Greece,2002,Male,76.63
EUR,Europe,GRC,Greece,2002,Male,20.83
EUR,Europe,GRC,Greece,2003,Female,81.49
EUR,Europe,GRC,Greece,2003,Female,23.55
EUR,Europe,GRC,Greece,2003,Male,76.78
EUR,Europe,GRC,Greece,2003,Male,20.94
EUR,Europe,GRC,Greece,2004,Female,81.67
EUR,Europe,GRC,Greece,2004,Female,23.81
EUR,Europe,GRC,Greece,2004,Male,76.84
EUR,Europe,GRC,Greece,2004,Male,21.1
EUR,Europe,GRC,Greece,2005,Female,81.91
EUR,Europe,GRC,Greece,2005,Female,24.08
EUR,Europe,GRC,Greece,2005,Male,76.99
EUR,Europe,GRC,Greece,2005,Male,21.26
EUR,Europe,GRC,Greece,2006,Female,82.18
EUR,Europe,GRC,Greece,2006,Female,24.2
EUR,Europe,GRC,Greece,2006,Male,77.38
EUR,Europe,GRC,Greece,2006,Male,21.51
EUR,Europe,GRC,Greece,2007,Female,81.99
EUR,Europe,GRC,Greece,2007,Female,24.05
EUR,Europe,GRC,Greece,2007,Male,77.01
EUR,Europe,GRC,Greece,2007,Male,21.34
EUR,Europe,GRC,Greece,2008,Female,82.42
EUR,Europe,GRC,Greece,2008,Female,24.36
EUR,Europe,GRC,Greece,2008,Male,77.52
EUR,Europe,GRC,Greece,2008,Male,21.63
EUR,Europe,GRC,Greece,2009,Female,82.6
EUR,Europe,GRC,Greece,2009,Female,24.65
EUR,Europe,GRC,Greece,2009,Male,77.53
EUR,Europe,GRC,Greece,2009,Male,21.8
EUR,Europe,GRC,Greece,2010,Female,82.61
EUR,Europe,GRC,Greece,2010,Female,24.71
EUR,Europe,GRC,Greece,2010,Male,77.93
EUR,Europe,GRC,Greece,2010,Male,22.08
EUR,Europe,GRC,Greece,2011,Female,82.81
EUR,Europe,GRC,Greece,2011,Female,24.86
EUR,Europe,GRC,Greece,2011,Male,77.96
EUR,Europe,GRC,Greece,2011,Male,22.03
EUR,Europe,GRC,Greece,2012,Female,82.63
EUR,Europe,GRC,Greece,2012,Female,24.61
EUR,Europe,GRC,Greece,2012,Male,77.9
EUR,Europe,GRC,Greece,2012,Male,21.84
EUR,Europe,GRC,Greece,2013,Female,83.06
EUR,Europe,GRC,Greece,2013,Female,25.05
EUR,Europe,GRC,Greece,2013,Male,78.53
EUR,Europe,GRC,Greece,2013,Male,22.31
EUR,Europe,GRC,Greece,2014,Female,83.15
EUR,Europe,GRC,Greece,2014,Female,25.12
EUR,Europe,GRC,Greece,2014,Male,78.56
EUR,Europe,GRC,Greece,2014,Male,22.34
EUR,Europe,GRC,Greece,2015,Female,82.7
EUR,Europe,GRC,Greece,2015,Female,24.8
EUR,Europe,GRC,Greece,2015,Male,78.16
EUR,Europe,GRC,Greece,2015,Male,22.03
EUR,Europe,GRC,Greece,2016,Female,82.91
EUR,Europe,GRC,Greece,2016,Female,25.0
EUR,Europe,GRC,Greece,2016,Male,78.53
EUR,Europe,GRC,Greece,2016,Male,22.37
EUR,Europe,GRC,Greece,2017,Female,82.86
EUR,Europe,GRC,Greece,2017,Female,24.76
EUR,Europe,GRC,Greece,2017,Male,78.53
EUR,Europe,GRC,Greece,2017,Male,22.15
EUR,Europe,GRC,Greece,2018,Female,83.24
EUR,Europe,GRC,Greece,2018,Female,25.11
EUR,Europe,GRC,Greece,2018,Male,78.86
EUR,Europe,GRC,Greece,2018,Male,22.52
EUR,Europe,GRC,Greece,2019,Female,83.01
EUR,Europe,GRC,Greece,2019,Female,24.94
EUR,Europe,GRC,Greece,2019,Male,78.8
EUR,Europe,GRC,Greece,2019,Male,22.42
EUR,Europe,GRC,Greece,2020,Female,82.76
EUR,Europe,GRC,Greece,2020,Female,24.63
EUR,Europe,GRC,Greece,2020,Male,78.49
EUR,Europe,GRC,Greece,2020,Male,22.04
EUR,Europe,GRC,Greece,2021,Female,81.95
EUR,Europe,GRC,Greece,2021,Female,23.98
EUR,Europe,GRC,Greece,2021,Male,77.26
EUR,Europe,GRC,Greece,2021,Male,21.21
AMR,Americas,GRD,Grenada,2000,Female,76.45
AMR,Americas,GRD,Grenada,2000,Female,21.63
AMR,Americas,GRD,Grenada,2000,Male,67.93
AMR,Americas,GRD,Grenada,2000,Male,14.26
AMR,Americas,GRD,Grenada,2001,Female,76.54
AMR,Americas,GRD,Grenada,2001,Female,21.71
AMR,Americas,GRD,Grenada,2001,Male,67.94
AMR,Americas,GRD,Grenada,2001,Male,14.19
AMR,Americas,GRD,Grenada,2002,Female,76.5
AMR,Americas,GRD,Grenada,2002,Female,21.71
AMR,Americas,GRD,Grenada,2002,Male,67.57
AMR,Americas,GRD,Grenada,2002,Male,13.78
AMR,Americas,GRD,Grenada,2003,Female,76.61
AMR,Americas,GRD,Grenada,2003,Female,21.77
AMR,Americas,GRD,Grenada,2003,Male,67.36
AMR,Americas,GRD,Grenada,2003,Male,13.48
AMR,Americas,GRD,Grenada,2004,Female,76.32
AMR,Americas,GRD,Grenada,2004,Female,21.64
AMR,Americas,GRD,Grenada,2004,Male,67.14
AMR,Americas,GRD,Grenada,2004,Male,13.3
AMR,Americas,GRD,Grenada,2005,Female,76.62
AMR,Americas,GRD,Grenada,2005,Female,21.71
AMR,Americas,GRD,Grenada,2005,Male,67.54
AMR,Americas,GRD,Grenada,2005,Male,13.64
AMR,Americas,GRD,Grenada,2006,Female,76.59
AMR,Americas,GRD,Grenada,2006,Female,21.59
AMR,Americas,GRD,Grenada,2006,Male,67.95
AMR,Americas,GRD,Grenada,2006,Male,14.1
AMR,Americas,GRD,Grenada,2007,Female,76.46
AMR,Americas,GRD,Grenada,2007,Female,21.46
AMR,Americas,GRD,Grenada,2007,Male,68.12
AMR,Americas,GRD,Grenada,2007,Male,14.27
AMR,Americas,GRD,Grenada,2008,Female,76.27
AMR,Americas,GRD,Grenada,2008,Female,21.26
AMR,Americas,GRD,Grenada,2008,Male,67.94
AMR,Americas,GRD,Grenada,2008,Male,14.02
AMR,Americas,GRD,Grenada,2009,Female,76.05
AMR,Americas,GRD,Grenada,2009,Female,21.04
AMR,Americas,GRD,Grenada,2009,Male,68.06
AMR,Americas,GRD,Grenada,2009,Male,14.15
AMR,Americas,GRD,Grenada,2010,Female,75.88
AMR,Americas,GRD,Grenada,2010,Female,20.91
AMR,Americas,GRD,Grenada,2010,Male,68.27
AMR,Americas,GRD,Grenada,2010,Male,14.45
AMR,Americas,GRD,Grenada,2011,Female,75.73
AMR,Americas,GRD,Grenada,2011,Female,20.81
AMR,Americas,GRD,Grenada,2011,Male,69.4
AMR,Americas,GRD,Grenada,2011,Male,15.73
AMR,Americas,GRD,Grenada,2012,Female,75.63
AMR,Americas,GRD,Grenada,2012,Female,20.74
AMR,Americas,GRD,Grenada,2012,Male,70.24
AMR,Americas,GRD,Grenada,2012,Male,16.62
AMR,Americas,GRD,Grenada,2013,Female,75.59
AMR,Americas,GRD,Grenada,2013,Female,20.71
AMR,Americas,GRD,Grenada,2013,Male,70.18
AMR,Americas,GRD,Grenada,2013,Male,16.56
AMR,Americas,GRD,Grenada,2014,Female,75.53
AMR,Americas,GRD,Grenada,2014,Female,20.67
AMR,Americas,GRD,Grenada,2014,Male,70.1
AMR,Americas,GRD,Grenada,2014,Male,16.49
AMR,Americas,GRD,Grenada,2015,Female,75.57
AMR,Americas,GRD,Grenada,2015,Female,20.69
AMR,Americas,GRD,Grenada,2015,Male,70.08
AMR,Americas,GRD,Grenada,2015,Male,16.46
AMR,Americas,GRD,Grenada,2016,Female,75.35
AMR,Americas,GRD,Grenada,2016,Female,20.42
AMR,Americas,GRD,Grenada,2016,Male,70.1
AMR,Americas,GRD,Grenada,2016,Male,16.48
AMR,Americas,GRD,Grenada,2017,Female,75.43
AMR,Americas,GRD,Grenada,2017,Female,20.48
AMR,Americas,GRD,Grenada,2017,Male,70.24
AMR,Americas,GRD,Grenada,2017,Male,16.57
AMR,Americas,GRD,Grenada,2018,Female,75.54
AMR,Americas,GRD,Grenada,2018,Female,20.55
AMR,Americas,GRD,Grenada,2018,Male,70.43
AMR,Americas,GRD,Grenada,2018,Male,16.71
AMR,Americas,GRD,Grenada,2019,Female,75.32
AMR,Americas,GRD,Grenada,2019,Female,20.26
AMR,Americas,GRD,Grenada,2019,Male,70.46
AMR,Americas,GRD,Grenada,2019,Male,16.72
AMR,Americas,GRD,Grenada,2020,Female,78.17
AMR,Americas,GRD,Grenada,2020,Female,22.56
AMR,Americas,GRD,Grenada,2020,Male,72.85
AMR,Americas,GRD,Grenada,2020,Male,18.47
AMR,Americas,GRD,Grenada,2021,Female,75.2
AMR,Americas,GRD,Grenada,2021,Female,20.21
AMR,Americas,GRD,Grenada,2021,Male,70.52
AMR,Americas,GRD,Grenada,2021,Male,16.95
AMR,Americas,GTM,Guatemala,2000,Female,71.4
AMR,Americas,GTM,Guatemala,2000,Female,20.74
AMR,Americas,GTM,Guatemala,2000,Male,65.32
AMR,Americas,GTM,Guatemala,2000,Male,18.76
AMR,Americas,GTM,Guatemala,2001,Female,71.97
AMR,Americas,GTM,Guatemala,2001,Female,20.78
AMR,Americas,GTM,Guatemala,2001,Male,65.45
AMR,Americas,GTM,Guatemala,2001,Male,18.69
AMR,Americas,GTM,Guatemala,2002,Female,72.45
AMR,Americas,GTM,Guatemala,2002,Female,21.13
AMR,Americas,GTM,Guatemala,2002,Male,66.33
AMR,Americas,GTM,Guatemala,2002,Male,19.14
AMR,Americas,GTM,Guatemala,2003,Female,72.63
AMR,Americas,GTM,Guatemala,2003,Female,21.07
AMR,Americas,GTM,Guatemala,2003,Male,66.24
AMR,Americas,GTM,Guatemala,2003,Male,19.27
AMR,Americas,GTM,Guatemala,2004,Female,72.92
AMR,Americas,GTM,Guatemala,2004,Female,21.24
AMR,Americas,GTM,Guatemala,2004,Male,66.49
AMR,Americas,GTM,Guatemala,2004,Male,19.23
AMR,Americas,GTM,Guatemala,2005,Female,72.72
AMR,Americas,GTM,Guatemala,2005,Female,21.08
AMR,Americas,GTM,Guatemala,2005,Male,66.0
AMR,Americas,GTM,Guatemala,2005,Male,19.15
AMR,Americas,GTM,Guatemala,2006,Female,73.32
AMR,Americas,GTM,Guatemala,2006,Female,21.32
AMR,Americas,GTM,Guatemala,2006,Male,66.49
AMR,Americas,GTM,Guatemala,2006,Male,19.5
AMR,Americas,GTM,Guatemala,2007,Female,73.77
AMR,Americas,GTM,Guatemala,2007,Female,21.52
AMR,Americas,GTM,Guatemala,2007,Male,67.65
AMR,Americas,GTM,Guatemala,2007,Male,19.85
AMR,Americas,GTM,Guatemala,2008,Female,74.38
AMR,Americas,GTM,Guatemala,2008,Female,21.88
AMR,Americas,GTM,Guatemala,2008,Male,67.73
AMR,Americas,GTM,Guatemala,2008,Male,19.88
AMR,Americas,GTM,Guatemala,2009,Female,74.11
AMR,Americas,GTM,Guatemala,2009,Female,21.66
AMR,Americas,GTM,Guatemala,2009,Male,67.64
AMR,Americas,GTM,Guatemala,2009,Male,19.88
AMR,Americas,GTM,Guatemala,2010,Female,74.17
AMR,Americas,GTM,Guatemala,2010,Female,21.52
AMR,Americas,GTM,Guatemala,2010,Male,68.01
AMR,Americas,GTM,Guatemala,2010,Male,19.78
AMR,Americas,GTM,Guatemala,2011,Female,74.54
AMR,Americas,GTM,Guatemala,2011,Female,21.67
AMR,Americas,GTM,Guatemala,2011,Male,68.6
AMR,Americas,GTM,Guatemala,2011,Male,19.95
AMR,Americas,GTM,Guatemala,2012,Female,74.78
AMR,Americas,GTM,Guatemala,2012,Female,21.7
AMR,Americas,GTM,Guatemala,2012,Male,69.07
AMR,Americas,GTM,Guatemala,2012,Male,19.86
AMR,Americas,GTM,Guatemala,2013,Female,74.59
AMR,Americas,GTM,Guatemala,2013,Female,21.35
AMR,Americas,GTM,Guatemala,2013,Male,68.92
AMR,Americas,GTM,Guatemala,2013,Male,19.76
AMR,Americas,GTM,Guatemala,2014,Female,74.77
AMR,Americas,GTM,Guatemala,2014,Female,21.46
AMR,Americas,GTM,Guatemala,2014,Male,69.2
AMR,Americas,GTM,Guatemala,2014,Male,19.64
AMR,Americas,GTM,Guatemala,2015,Female,74.82
AMR,Americas,GTM,Guatemala,2015,Female,21.42
AMR,Americas,GTM,Guatemala,2015,Male,69.28
AMR,Americas,GTM,Guatemala,2015,Male,19.66
AMR,Americas,GTM,Guatemala,2016,Female,74.94
AMR,Americas,GTM,Guatemala,2016,Female,21.48
AMR,Americas,GTM,Guatemala,2016,Male,69.53
AMR,Americas,GTM,Guatemala,2016,Male,19.75
AMR,Americas,GTM,Guatemala,2017,Female,75.35
AMR,Americas,GTM,Guatemala,2017,Female,21.7
AMR,Americas,GTM,Guatemala,2017,Male,70.04
AMR,Americas,GTM,Guatemala,2017,Male,19.89
AMR,Americas,GTM,Guatemala,2018,Female,75.22
AMR,Americas,GTM,Guatemala,2018,Female,21.51
AMR,Americas,GTM,Guatemala,2018,Male,70.22
AMR,Americas,GTM,Guatemala,2018,Male,19.92
AMR,Americas,GTM,Guatemala,2019,Female,75.2
AMR,Americas,GTM,Guatemala,2019,Female,21.45
AMR,Americas,GTM,Guatemala,2019,Male,70.19
AMR,Americas,GTM,Guatemala,2019,Male,19.76
AMR,Americas,GTM,Guatemala,2020,Female,74.31
AMR,Americas,GTM,Guatemala,2020,Female,20.64
AMR,Americas,GTM,Guatemala,2020,Male,67.76
AMR,Americas,GTM,Guatemala,2020,Male,17.18
AMR,Americas,GTM,Guatemala,2021,Female,71.9
AMR,Americas,GTM,Guatemala,2021,Female,18.81
AMR,Americas,GTM,Guatemala,2021,Male,65.65
AMR,Americas,GTM,Guatemala,2021,Male,15.77
AFR,Africa,GIN,Guinea,2000,Female,55.12
AFR,Africa,GIN,Guinea,2000,Female,15.86
AFR,Africa,GIN,Guinea,2000,Male,53.24
AFR,Africa,GIN,Guinea,2000,Male,15.05
AFR,Africa,GIN,Guinea,2001,Female,55.54
AFR,Africa,GIN,Guinea,2001,Female,15.86
AFR,Africa,GIN,Guinea,2001,Male,53.77
AFR,Africa,GIN,Guinea,2001,Male,15.03
AFR,Africa,GIN,Guinea,2002,Female,55.98
AFR,Africa,GIN,Guinea,2002,Female,15.85
AFR,Africa,GIN,Guinea,2002,Male,54.34
AFR,Africa,GIN,Guinea,2002,Male,14.97
AFR,Africa,GIN,Guinea,2003,Female,56.45
AFR,Africa,GIN,Guinea,2003,Female,15.91
AFR,Africa,GIN,Guinea,2003,Male,54.78
AFR,Africa,GIN,Guinea,2003,Male,14.98
AFR,Africa,GIN,Guinea,2004,Female,56.88
AFR,Africa,GIN,Guinea,2004,Female,15.97
AFR,Africa,GIN,Guinea,2004,Male,55.14
AFR,Africa,GIN,Guinea,2004,Male,14.99
AFR,Africa,GIN,Guinea,2005,Female,57.33
AFR,Africa,GIN,Guinea,2005,Female,16.04
AFR,Africa,GIN,Guinea,2005,Male,55.52
AFR,Africa,GIN,Guinea,2005,Male,15.0
AFR,Africa,GIN,Guinea,2006,Female,57.78
AFR,Africa,GIN,Guinea,2006,Female,16.06
AFR,Africa,GIN,Guinea,2006,Male,55.87
AFR,Africa,GIN,Guinea,2006,Male,14.99
AFR,Africa,GIN,Guinea,2007,Female,58.14
AFR,Africa,GIN,Guinea,2007,Female,16.08
AFR,Africa,GIN,Guinea,2007,Male,56.11
AFR,Africa,GIN,Guinea,2007,Male,14.97
AFR,Africa,GIN,Guinea,2008,Female,58.53
AFR,Africa,GIN,Guinea,2008,Female,16.12
AFR,Africa,GIN,Guinea,2008,Male,56.46
AFR,Africa,GIN,Guinea,2008,Male,14.99
AFR,Africa,GIN,Guinea,2009,Female,58.98
AFR,Africa,GIN,Guinea,2009,Female,16.18
AFR,Africa,GIN,Guinea,2009,Male,56.65
AFR,Africa,GIN,Guinea,2009,Male,14.98
AFR,Africa,GIN,Guinea,2010,Female,59.43
AFR,Africa,GIN,Guinea,2010,Female,16.27
AFR,Africa,GIN,Guinea,2010,Male,57.0
AFR,Africa,GIN,Guinea,2010,Male,14.99
AFR,Africa,GIN,Guinea,2011,Female,59.76
AFR,Africa,GIN,Guinea,2011,Female,16.33
AFR,Africa,GIN,Guinea,2011,Male,57.32
AFR,Africa,GIN,Guinea,2011,Male,15.06
AFR,Africa,GIN,Guinea,2012,Female,60.09
AFR,Africa,GIN,Guinea,2012,Female,16.38
AFR,Africa,GIN,Guinea,2012,Male,57.58
AFR,Africa,GIN,Guinea,2012,Male,15.15
AFR,Africa,GIN,Guinea,2013,Female,60.41
AFR,Africa,GIN,Guinea,2013,Female,16.44
AFR,Africa,GIN,Guinea,2013,Male,57.73
AFR,Africa,GIN,Guinea,2013,Male,15.23
AFR,Africa,GIN,Guinea,2014,Female,59.83
AFR,Africa,GIN,Guinea,2014,Female,16.36
AFR,Africa,GIN,Guinea,2014,Male,57.27
AFR,Africa,GIN,Guinea,2014,Male,15.21
AFR,Africa,GIN,Guinea,2015,Female,60.46
AFR,Africa,GIN,Guinea,2015,Female,16.5
AFR,Africa,GIN,Guinea,2015,Male,57.83
AFR,Africa,GIN,Guinea,2015,Male,15.33
AFR,Africa,GIN,Guinea,2016,Female,61.1
AFR,Africa,GIN,Guinea,2016,Female,16.64
AFR,Africa,GIN,Guinea,2016,Male,58.47
AFR,Africa,GIN,Guinea,2016,Male,15.48
AFR,Africa,GIN,Guinea,2017,Female,61.44
AFR,Africa,GIN,Guinea,2017,Female,16.76
AFR,Africa,GIN,Guinea,2017,Male,58.96
AFR,Africa,GIN,Guinea,2017,Male,15.68
AFR,Africa,GIN,Guinea,2018,Female,61.82
AFR,Africa,GIN,Guinea,2018,Female,16.87
AFR,Africa,GIN,Guinea,2018,Male,59.39
AFR,Africa,GIN,Guinea,2018,Male,15.84
AFR,Africa,GIN,Guinea,2019,Female,62.36
AFR,Africa,GIN,Guinea,2019,Female,17.01
AFR,Africa,GIN,Guinea,2019,Male,59.8
AFR,Africa,GIN,Guinea,2019,Male,16.02
AFR,Africa,GIN,Guinea,2020,Female,62.54
AFR,Africa,GIN,Guinea,2020,Female,16.75
AFR,Africa,GIN,Guinea,2020,Male,59.65
AFR,Africa,GIN,Guinea,2020,Male,15.31
AFR,Africa,GIN,Guinea,2021,Female,62.48
AFR,Africa,GIN,Guinea,2021,Female,16.74
AFR,Africa,GIN,Guinea,2021,Male,59.95
AFR,Africa,GIN,Guinea,2021,Male,15.81
AFR,Africa,GNB,Guinea-Bissau,2000,Female,52.47
AFR,Africa,GNB,Guinea-Bissau,2000,Female,14.32
AFR,Africa,GNB,Guinea-Bissau,2000,Male,48.06
AFR,Africa,GNB,Guinea-Bissau,2000,Male,11.74
AFR,Africa,GNB,Guinea-Bissau,2001,Female,52.92
AFR,Africa,GNB,Guinea-Bissau,2001,Female,14.41
AFR,Africa,GNB,Guinea-Bissau,2001,Male,48.46
AFR,Africa,GNB,Guinea-Bissau,2001,Male,11.8
AFR,Africa,GNB,Guinea-Bissau,2002,Female,53.27
AFR,Africa,GNB,Guinea-Bissau,2002,Female,14.41
AFR,Africa,GNB,Guinea-Bissau,2002,Male,48.88
AFR,Africa,GNB,Guinea-Bissau,2002,Male,11.87
AFR,Africa,GNB,Guinea-Bissau,2003,Female,53.61
AFR,Africa,GNB,Guinea-Bissau,2003,Female,14.43
AFR,Africa,GNB,Guinea-Bissau,2003,Male,49.31
AFR,Africa,GNB,Guinea-Bissau,2003,Male,11.93
AFR,Africa,GNB,Guinea-Bissau,2004,Female,53.94
AFR,Africa,GNB,Guinea-Bissau,2004,Female,14.41
AFR,Africa,GNB,Guinea-Bissau,2004,Male,49.62
AFR,Africa,GNB,Guinea-Bissau,2004,Male,11.92
AFR,Africa,GNB,Guinea-Bissau,2005,Female,54.39
AFR,Africa,GNB,Guinea-Bissau,2005,Female,14.47
AFR,Africa,GNB,Guinea-Bissau,2005,Male,50.05
AFR,Africa,GNB,Guinea-Bissau,2005,Male,12.0
AFR,Africa,GNB,Guinea-Bissau,2006,Female,54.89
AFR,Africa,GNB,Guinea-Bissau,2006,Female,14.5
AFR,Africa,GNB,Guinea-Bissau,2006,Male,50.6
AFR,Africa,GNB,Guinea-Bissau,2006,Male,12.13
AFR,Africa,GNB,Guinea-Bissau,2007,Female,55.55
AFR,Africa,GNB,Guinea-Bissau,2007,Female,14.55
AFR,Africa,GNB,Guinea-Bissau,2007,Male,51.35
AFR,Africa,GNB,Guinea-Bissau,2007,Male,12.25
AFR,Africa,GNB,Guinea-Bissau,2008,Female,56.28
AFR,Africa,GNB,Guinea-Bissau,2008,Female,14.62
AFR,Africa,GNB,Guinea-Bissau,2008,Male,52.07
AFR,Africa,GNB,Guinea-Bissau,2008,Male,12.36
AFR,Africa,GNB,Guinea-Bissau,2009,Female,56.85
AFR,Africa,GNB,Guinea-Bissau,2009,Female,14.66
AFR,Africa,GNB,Guinea-Bissau,2009,Male,52.52
AFR,Africa,GNB,Guinea-Bissau,2009,Male,12.42
AFR,Africa,GNB,Guinea-Bissau,2010,Female,57.44
AFR,Africa,GNB,Guinea-Bissau,2010,Female,14.75
AFR,Africa,GNB,Guinea-Bissau,2010,Male,53.17
AFR,Africa,GNB,Guinea-Bissau,2010,Male,12.51
AFR,Africa,GNB,Guinea-Bissau,2011,Female,58.1
AFR,Africa,GNB,Guinea-Bissau,2011,Female,14.86
AFR,Africa,GNB,Guinea-Bissau,2011,Male,53.73
AFR,Africa,GNB,Guinea-Bissau,2011,Male,12.62
AFR,Africa,GNB,Guinea-Bissau,2012,Female,58.69
AFR,Africa,GNB,Guinea-Bissau,2012,Female,14.93
AFR,Africa,GNB,Guinea-Bissau,2012,Male,54.15
AFR,Africa,GNB,Guinea-Bissau,2012,Male,12.72
AFR,Africa,GNB,Guinea-Bissau,2013,Female,59.27
AFR,Africa,GNB,Guinea-Bissau,2013,Female,15.02
AFR,Africa,GNB,Guinea-Bissau,2013,Male,54.48
AFR,Africa,GNB,Guinea-Bissau,2013,Male,12.8
AFR,Africa,GNB,Guinea-Bissau,2014,Female,59.56
AFR,Africa,GNB,Guinea-Bissau,2014,Female,15.05
AFR,Africa,GNB,Guinea-Bissau,2014,Male,54.71
AFR,Africa,GNB,Guinea-Bissau,2014,Male,12.87
AFR,Africa,GNB,Guinea-Bissau,2015,Female,59.89
AFR,Africa,GNB,Guinea-Bissau,2015,Female,15.1
AFR,Africa,GNB,Guinea-Bissau,2015,Male,55.15
AFR,Africa,GNB,Guinea-Bissau,2015,Male,12.97
AFR,Africa,GNB,Guinea-Bissau,2016,Female,60.29
AFR,Africa,GNB,Guinea-Bissau,2016,Female,15.2
AFR,Africa,GNB,Guinea-Bissau,2016,Male,55.65
AFR,Africa,GNB,Guinea-Bissau,2016,Male,13.11
AFR,Africa,GNB,Guinea-Bissau,2017,Female,60.59
AFR,Africa,GNB,Guinea-Bissau,2017,Female,15.28
AFR,Africa,GNB,Guinea-Bissau,2017,Male,55.99
AFR,Africa,GNB,Guinea-Bissau,2017,Male,13.25
AFR,Africa,GNB,Guinea-Bissau,2018,Female,60.95
AFR,Africa,GNB,Guinea-Bissau,2018,Female,15.37
AFR,Africa,GNB,Guinea-Bissau,2018,Male,56.14
AFR,Africa,GNB,Guinea-Bissau,2018,Male,13.34
AFR,Africa,GNB,Guinea-Bissau,2019,Female,61.44
AFR,Africa,GNB,Guinea-Bissau,2019,Female,15.47
AFR,Africa,GNB,Guinea-Bissau,2019,Male,56.41
AFR,Africa,GNB,Guinea-Bissau,2019,Male,13.43
AFR,Africa,GNB,Guinea-Bissau,2020,Female,60.96
AFR,Africa,GNB,Guinea-Bissau,2020,Female,14.75
AFR,Africa,GNB,Guinea-Bissau,2020,Male,55.73
AFR,Africa,GNB,Guinea-Bissau,2020,Male,12.35
AFR,Africa,GNB,Guinea-Bissau,2021,Female,61.1
AFR,Africa,GNB,Guinea-Bissau,2021,Female,14.93
AFR,Africa,GNB,Guinea-Bissau,2021,Male,56.08
AFR,Africa,GNB,Guinea-Bissau,2021,Male,12.96
AMR,Americas,GUY,Guyana,2000,Female,67.83
AMR,Americas,GUY,Guyana,2000,Female,17.74
AMR,Americas,GUY,Guyana,2000,Male,61.74
AMR,Americas,GUY,Guyana,2000,Male,15.17
AMR,Americas,GUY,Guyana,2001,Female,67.85
AMR,Americas,GUY,Guyana,2001,Female,17.65
AMR,Americas,GUY,Guyana,2001,Male,61.75
AMR,Americas,GUY,Guyana,2001,Male,15.12
AMR,Americas,GUY,Guyana,2002,Female,67.76
AMR,Americas,GUY,Guyana,2002,Female,17.46
AMR,Americas,GUY,Guyana,2002,Male,61.75
AMR,Americas,GUY,Guyana,2002,Male,15.06
AMR,Americas,GUY,Guyana,2003,Female,67.73
AMR,Americas,GUY,Guyana,2003,Female,17.31
AMR,Americas,GUY,Guyana,2003,Male,61.87
AMR,Americas,GUY,Guyana,2003,Male,15.06
AMR,Americas,GUY,Guyana,2004,Female,67.81
AMR,Americas,GUY,Guyana,2004,Female,17.3
AMR,Americas,GUY,Guyana,2004,Male,62.12
AMR,Americas,GUY,Guyana,2004,Male,15.16
AMR,Americas,GUY,Guyana,2005,Female,68.02
AMR,Americas,GUY,Guyana,2005,Female,17.41
AMR,Americas,GUY,Guyana,2005,Male,62.3
AMR,Americas,GUY,Guyana,2005,Male,15.2
AMR,Americas,GUY,Guyana,2006,Female,68.32
AMR,Americas,GUY,Guyana,2006,Female,17.56
AMR,Americas,GUY,Guyana,2006,Male,62.51
AMR,Americas,GUY,Guyana,2006,Male,15.26
AMR,Americas,GUY,Guyana,2007,Female,68.67
AMR,Americas,GUY,Guyana,2007,Female,17.77
AMR,Americas,GUY,Guyana,2007,Male,62.88
AMR,Americas,GUY,Guyana,2007,Male,15.43
AMR,Americas,GUY,Guyana,2008,Female,68.85
AMR,Americas,GUY,Guyana,2008,Female,17.86
AMR,Americas,GUY,Guyana,2008,Male,62.88
AMR,Americas,GUY,Guyana,2008,Male,15.56
AMR,Americas,GUY,Guyana,2009,Female,69.2
AMR,Americas,GUY,Guyana,2009,Female,18.03
AMR,Americas,GUY,Guyana,2009,Male,63.2
AMR,Americas,GUY,Guyana,2009,Male,15.62
AMR,Americas,GUY,Guyana,2010,Female,69.41
AMR,Americas,GUY,Guyana,2010,Female,18.18
AMR,Americas,GUY,Guyana,2010,Male,63.13
AMR,Americas,GUY,Guyana,2010,Male,15.62
AMR,Americas,GUY,Guyana,2011,Female,69.47
AMR,Americas,GUY,Guyana,2011,Female,18.24
AMR,Americas,GUY,Guyana,2011,Male,63.06
AMR,Americas,GUY,Guyana,2011,Male,15.65
AMR,Americas,GUY,Guyana,2012,Female,69.55
AMR,Americas,GUY,Guyana,2012,Female,18.31
AMR,Americas,GUY,Guyana,2012,Male,63.05
AMR,Americas,GUY,Guyana,2012,Male,15.69
AMR,Americas,GUY,Guyana,2013,Female,69.67
AMR,Americas,GUY,Guyana,2013,Female,18.38
AMR,Americas,GUY,Guyana,2013,Male,63.06
AMR,Americas,GUY,Guyana,2013,Male,15.68
AMR,Americas,GUY,Guyana,2014,Female,69.97
AMR,Americas,GUY,Guyana,2014,Female,18.52
AMR,Americas,GUY,Guyana,2014,Male,63.34
AMR,Americas,GUY,Guyana,2014,Male,15.8
AMR,Americas,GUY,Guyana,2015,Female,70.36
AMR,Americas,GUY,Guyana,2015,Female,18.68
AMR,Americas,GUY,Guyana,2015,Male,63.72
AMR,Americas,GUY,Guyana,2015,Male,15.92
AMR,Americas,GUY,Guyana,2016,Female,70.91
AMR,Americas,GUY,Guyana,2016,Female,18.96
AMR,Americas,GUY,Guyana,2016,Male,64.35
AMR,Americas,GUY,Guyana,2016,Male,16.23
AMR,Americas,GUY,Guyana,2017,Female,71.52
AMR,Americas,GUY,Guyana,2017,Female,19.31
AMR,Americas,GUY,Guyana,2017,Male,64.96
AMR,Americas,GUY,Guyana,2017,Male,16.53
AMR,Americas,GUY,Guyana,2018,Female,72.01
AMR,Americas,GUY,Guyana,2018,Female,19.56
AMR,Americas,GUY,Guyana,2018,Male,65.57
AMR,Americas,GUY,Guyana,2018,Male,16.87
AMR,Americas,GUY,Guyana,2019,Female,71.99
AMR,Americas,GUY,Guyana,2019,Female,19.4
AMR,Americas,GUY,Guyana,2019,Male,65.58
AMR,Americas,GUY,Guyana,2019,Male,16.52
AMR,Americas,GUY,Guyana,2020,Female,70.19
AMR,Americas,GUY,Guyana,2020,Female,18.02
AMR,Americas,GUY,Guyana,2020,Male,63.81
AMR,Americas,GUY,Guyana,2020,Male,15.14
AMR,Americas,GUY,Guyana,2021,Female,69.31
AMR,Americas,GUY,Guyana,2021,Female,17.31
AMR,Americas,GUY,Guyana,2021,Male,62.98
AMR,Americas,GUY,Guyana,2021,Male,14.33
AMR,Americas,HTI,Haiti,2000,Female,56.52
AMR,Americas,HTI,Haiti,2000,Female,15.01
AMR,Americas,HTI,Haiti,2000,Male,56.99
AMR,Americas,HTI,Haiti,2000,Male,15.46
AMR,Americas,HTI,Haiti,2001,Female,56.84
AMR,Americas,HTI,Haiti,2001,Female,15.0
AMR,Americas,HTI,Haiti,2001,Male,57.5
AMR,Americas,HTI,Haiti,2001,Male,15.58
AMR,Americas,HTI,Haiti,2002,Female,57.24
AMR,Americas,HTI,Haiti,2002,Female,15.02
AMR,Americas,HTI,Haiti,2002,Male,58.01
AMR,Americas,HTI,Haiti,2002,Male,15.7
AMR,Americas,HTI,Haiti,2003,Female,57.52
AMR,Americas,HTI,Haiti,2003,Female,14.99
AMR,Americas,HTI,Haiti,2003,Male,58.42
AMR,Americas,HTI,Haiti,2003,Male,15.75
AMR,Americas,HTI,Haiti,2004,Female,56.95
AMR,Americas,HTI,Haiti,2004,Female,14.73
AMR,Americas,HTI,Haiti,2004,Male,58.24
AMR,Americas,HTI,Haiti,2004,Male,15.57
AMR,Americas,HTI,Haiti,2005,Female,58.15
AMR,Americas,HTI,Haiti,2005,Female,14.94
AMR,Americas,HTI,Haiti,2005,Male,59.26
AMR,Americas,HTI,Haiti,2005,Male,15.86
AMR,Americas,HTI,Haiti,2006,Female,58.85
AMR,Americas,HTI,Haiti,2006,Female,15.05
AMR,Americas,HTI,Haiti,2006,Male,59.76
AMR,Americas,HTI,Haiti,2006,Male,15.9
AMR,Americas,HTI,Haiti,2007,Female,59.54
AMR,Americas,HTI,Haiti,2007,Female,15.2
AMR,Americas,HTI,Haiti,2007,Male,60.27
AMR,Americas,HTI,Haiti,2007,Male,15.96
AMR,Americas,HTI,Haiti,2008,Female,60.03
AMR,Americas,HTI,Haiti,2008,Female,15.29
AMR,Americas,HTI,Haiti,2008,Male,60.57
AMR,Americas,HTI,Haiti,2008,Male,15.96
AMR,Americas,HTI,Haiti,2009,Female,60.61
AMR,Americas,HTI,Haiti,2009,Female,15.43
AMR,Americas,HTI,Haiti,2009,Male,60.97
AMR,Americas,HTI,Haiti,2009,Male,16.03
AMR,Americas,HTI,Haiti,2010,Female,36.6
AMR,Americas,HTI,Haiti,2010,Female,10.75
AMR,Americas,HTI,Haiti,2010,Male,43.93
AMR,Americas,HTI,Haiti,2010,Male,11.1
AMR,Americas,HTI,Haiti,2011,Female,61.04
AMR,Americas,HTI,Haiti,2011,Female,15.48
AMR,Americas,HTI,Haiti,2011,Male,61.24
AMR,Americas,HTI,Haiti,2011,Male,15.99
AMR,Americas,HTI,Haiti,2012,Female,61.55
AMR,Americas,HTI,Haiti,2012,Female,15.65
AMR,Americas,HTI,Haiti,2012,Male,61.58
AMR,Americas,HTI,Haiti,2012,Male,16.11
AMR,Americas,HTI,Haiti,2013,Female,62.08
AMR,Americas,HTI,Haiti,2013,Female,15.77
AMR,Americas,HTI,Haiti,2013,Male,61.81
AMR,Americas,HTI,Haiti,2013,Male,16.13
AMR,Americas,HTI,Haiti,2014,Female,62.5
AMR,Americas,HTI,Haiti,2014,Female,15.86
AMR,Americas,HTI,Haiti,2014,Male,62.05
AMR,Americas,HTI,Haiti,2014,Male,16.14
AMR,Americas,HTI,Haiti,2015,Female,62.8
AMR,Americas,HTI,Haiti,2015,Female,15.91
AMR,Americas,HTI,Haiti,2015,Male,62.27
AMR,Americas,HTI,Haiti,2015,Male,16.14
AMR,Americas,HTI,Haiti,2016,Female,63.11
AMR,Americas,HTI,Haiti,2016,Female,15.98
AMR,Americas,HTI,Haiti,2016,Male,62.51
AMR,Americas,HTI,Haiti,2016,Male,16.15
AMR,Americas,HTI,Haiti,2017,Female,63.65
AMR,Americas,HTI,Haiti,2017,Female,16.13
AMR,Americas,HTI,Haiti,2017,Male,62.87
AMR,Americas,HTI,Haiti,2017,Male,16.25
AMR,Americas,HTI,Haiti,2018,Female,63.92
AMR,Americas,HTI,Haiti,2018,Female,16.2
AMR,Americas,HTI,Haiti,2018,Male,63.05
AMR,Americas,HTI,Haiti,2018,Male,16.28
AMR,Americas,HTI,Haiti,2019,Female,64.16
AMR,Americas,HTI,Haiti,2019,Female,16.24
AMR,Americas,HTI,Haiti,2019,Male,63.18
AMR,Americas,HTI,Haiti,2019,Male,16.28
AMR,Americas,HTI,Haiti,2020,Female,64.21
AMR,Americas,HTI,Haiti,2020,Female,15.9
AMR,Americas,HTI,Haiti,2020,Male,62.58
AMR,Americas,HTI,Haiti,2020,Male,15.07
AMR,Americas,HTI,Haiti,2021,Female,63.21
AMR,Americas,HTI,Haiti,2021,Female,15.34
AMR,Americas,HTI,Haiti,2021,Male,61.7
AMR,Americas,HTI,Haiti,2021,Male,14.97
AMR,Americas,HND,Honduras,2000,Female,70.83
AMR,Americas,HND,Honduras,2000,Female,19.29
AMR,Americas,HND,Honduras,2000,Male,68.82
AMR,Americas,HND,Honduras,2000,Male,19.42
AMR,Americas,HND,Honduras,2001,Female,70.96
AMR,Americas,HND,Honduras,2001,Female,19.27
AMR,Americas,HND,Honduras,2001,Male,68.99
AMR,Americas,HND,Honduras,2001,Male,19.39
AMR,Americas,HND,Honduras,2002,Female,71.11
AMR,Americas,HND,Honduras,2002,Female,19.27
AMR,Americas,HND,Honduras,2002,Male,69.18
AMR,Americas,HND,Honduras,2002,Male,19.39
AMR,Americas,HND,Honduras,2003,Female,71.22
AMR,Americas,HND,Honduras,2003,Female,19.25
AMR,Americas,HND,Honduras,2003,Male,69.28
AMR,Americas,HND,Honduras,2003,Male,19.36
AMR,Americas,HND,Honduras,2004,Female,71.36
AMR,Americas,HND,Honduras,2004,Female,19.22
AMR,Americas,HND,Honduras,2004,Male,69.45
AMR,Americas,HND,Honduras,2004,Male,19.3
AMR,Americas,HND,Honduras,2005,Female,71.51
AMR,Americas,HND,Honduras,2005,Female,19.24
AMR,Americas,HND,Honduras,2005,Male,69.71
AMR,Americas,HND,Honduras,2005,Male,19.33
AMR,Americas,HND,Honduras,2006,Female,71.69
AMR,Americas,HND,Honduras,2006,Female,19.27
AMR,Americas,HND,Honduras,2006,Male,69.93
AMR,Americas,HND,Honduras,2006,Male,19.37
AMR,Americas,HND,Honduras,2007,Female,71.88
AMR,Americas,HND,Honduras,2007,Female,19.32
AMR,Americas,HND,Honduras,2007,Male,70.14
AMR,Americas,HND,Honduras,2007,Male,19.41
AMR,Americas,HND,Honduras,2008,Female,71.92
AMR,Americas,HND,Honduras,2008,Female,19.2
AMR,Americas,HND,Honduras,2008,Male,70.19
AMR,Americas,HND,Honduras,2008,Male,19.25
AMR,Americas,HND,Honduras,2009,Female,71.93
AMR,Americas,HND,Honduras,2009,Female,19.02
AMR,Americas,HND,Honduras,2009,Male,70.2
AMR,Americas,HND,Honduras,2009,Male,18.97
AMR,Americas,HND,Honduras,2010,Female,71.82
AMR,Americas,HND,Honduras,2010,Female,18.74
AMR,Americas,HND,Honduras,2010,Male,69.98
AMR,Americas,HND,Honduras,2010,Male,18.5
AMR,Americas,HND,Honduras,2011,Female,71.72
AMR,Americas,HND,Honduras,2011,Female,18.38
AMR,Americas,HND,Honduras,2011,Male,69.74
AMR,Americas,HND,Honduras,2011,Male,17.84
AMR,Americas,HND,Honduras,2012,Female,71.36
AMR,Americas,HND,Honduras,2012,Female,18.12
AMR,Americas,HND,Honduras,2012,Male,66.77
AMR,Americas,HND,Honduras,2012,Male,16.73
AMR,Americas,HND,Honduras,2013,Female,71.6
AMR,Americas,HND,Honduras,2013,Female,18.23
AMR,Americas,HND,Honduras,2013,Male,67.22
AMR,Americas,HND,Honduras,2013,Male,16.83
AMR,Americas,HND,Honduras,2014,Female,71.76
AMR,Americas,HND,Honduras,2014,Female,18.31
AMR,Americas,HND,Honduras,2014,Male,67.4
AMR,Americas,HND,Honduras,2014,Male,16.9
AMR,Americas,HND,Honduras,2015,Female,71.89
AMR,Americas,HND,Honduras,2015,Female,18.38
AMR,Americas,HND,Honduras,2015,Male,67.3
AMR,Americas,HND,Honduras,2015,Male,16.93
AMR,Americas,HND,Honduras,2016,Female,72.38
AMR,Americas,HND,Honduras,2016,Female,18.49
AMR,Americas,HND,Honduras,2016,Male,69.81
AMR,Americas,HND,Honduras,2016,Male,17.06
AMR,Americas,HND,Honduras,2017,Female,72.55
AMR,Americas,HND,Honduras,2017,Female,18.58
AMR,Americas,HND,Honduras,2017,Male,70.0
AMR,Americas,HND,Honduras,2017,Male,17.12
AMR,Americas,HND,Honduras,2018,Female,72.74
AMR,Americas,HND,Honduras,2018,Female,18.73
AMR,Americas,HND,Honduras,2018,Male,69.9
AMR,Americas,HND,Honduras,2018,Male,17.24
AMR,Americas,HND,Honduras,2019,Female,72.9
AMR,Americas,HND,Honduras,2019,Female,18.84
AMR,Americas,HND,Honduras,2019,Male,69.99
AMR,Americas,HND,Honduras,2019,Male,17.36
AMR,Americas,HND,Honduras,2020,Female,72.07
AMR,Americas,HND,Honduras,2020,Female,18.04
AMR,Americas,HND,Honduras,2020,Male,68.65
AMR,Americas,HND,Honduras,2020,Male,15.69
AMR,Americas,HND,Honduras,2021,Female,70.53
AMR,Americas,HND,Honduras,2021,Female,17.04
AMR,Americas,HND,Honduras,2021,Male,67.44
AMR,Americas,HND,Honduras,2021,Male,15.17
EUR,Europe,HUN,Hungary,2000,Female,75.64
EUR,Europe,HUN,Hungary,2000,Female,20.12
EUR,Europe,HUN,Hungary,2000,Male,67.11
EUR,Europe,HUN,Hungary,2000,Male,15.31
EUR,Europe,HUN,Hungary,2001,Female,76.54
EUR,Europe,HUN,Hungary,2001,Female,20.76
EUR,Europe,HUN,Hungary,2001,Male,68.21
EUR,Europe,HUN,Hungary,2001,Male,16.09
EUR,Europe,HUN,Hungary,2002,Female,76.63
EUR,Europe,HUN,Hungary,2002,Female,20.84
EUR,Europe,HUN,Hungary,2002,Male,68.29
EUR,Europe,HUN,Hungary,2002,Male,16.06
EUR,Europe,HUN,Hungary,2003,Female,76.55
EUR,Europe,HUN,Hungary,2003,Female,20.7
EUR,Europe,HUN,Hungary,2003,Male,68.29
EUR,Europe,HUN,Hungary,2003,Male,15.88
EUR,Europe,HUN,Hungary,2004,Female,77.0
EUR,Europe,HUN,Hungary,2004,Female,20.98
EUR,Europe,HUN,Hungary,2004,Male,68.66
EUR,Europe,HUN,Hungary,2004,Male,16.18
EUR,Europe,HUN,Hungary,2005,Female,77.01
EUR,Europe,HUN,Hungary,2005,Female,20.96
EUR,Europe,HUN,Hungary,2005,Male,68.63
EUR,Europe,HUN,Hungary,2005,Male,16.16
EUR,Europe,HUN,Hungary,2006,Female,77.55
EUR,Europe,HUN,Hungary,2006,Female,21.38
EUR,Europe,HUN,Hungary,2006,Male,69.12
EUR,Europe,HUN,Hungary,2006,Male,16.47
EUR,Europe,HUN,Hungary,2007,Female,77.53
EUR,Europe,HUN,Hungary,2007,Female,21.49
EUR,Europe,HUN,Hungary,2007,Male,69.29
EUR,Europe,HUN,Hungary,2007,Male,16.49
EUR,Europe,HUN,Hungary,2008,Female,78.0
EUR,Europe,HUN,Hungary,2008,Female,21.73
EUR,Europe,HUN,Hungary,2008,Male,69.87
EUR,Europe,HUN,Hungary,2008,Male,16.74
EUR,Europe,HUN,Hungary,2009,Female,78.15
EUR,Europe,HUN,Hungary,2009,Female,21.81
EUR,Europe,HUN,Hungary,2009,Male,70.16
EUR,Europe,HUN,Hungary,2009,Male,16.79
EUR,Europe,HUN,Hungary,2010,Female,78.33
EUR,Europe,HUN,Hungary,2010,Female,21.81
EUR,Europe,HUN,Hungary,2010,Male,70.63
EUR,Europe,HUN,Hungary,2010,Male,16.98
EUR,Europe,HUN,Hungary,2011,Female,78.5
EUR,Europe,HUN,Hungary,2011,Female,21.94
EUR,Europe,HUN,Hungary,2011,Male,71.12
EUR,Europe,HUN,Hungary,2011,Male,17.14
EUR,Europe,HUN,Hungary,2012,Female,78.53
EUR,Europe,HUN,Hungary,2012,Female,21.84
EUR,Europe,HUN,Hungary,2012,Male,71.51
EUR,Europe,HUN,Hungary,2012,Male,17.24
EUR,Europe,HUN,Hungary,2013,Female,78.9
EUR,Europe,HUN,Hungary,2013,Female,22.06
EUR,Europe,HUN,Hungary,2013,Male,72.06
EUR,Europe,HUN,Hungary,2013,Male,17.51
EUR,Europe,HUN,Hungary,2014,Female,79.13
EUR,Europe,HUN,Hungary,2014,Female,22.21
EUR,Europe,HUN,Hungary,2014,Male,72.21
EUR,Europe,HUN,Hungary,2014,Male,17.58
EUR,Europe,HUN,Hungary,2015,Female,78.75
EUR,Europe,HUN,Hungary,2015,Female,21.86
EUR,Europe,HUN,Hungary,2015,Male,72.19
EUR,Europe,HUN,Hungary,2015,Male,17.44
EUR,Europe,HUN,Hungary,2016,Female,79.44
EUR,Europe,HUN,Hungary,2016,Female,22.36
EUR,Europe,HUN,Hungary,2016,Male,72.52
EUR,Europe,HUN,Hungary,2016,Male,17.59
EUR,Europe,HUN,Hungary,2017,Female,79.13
EUR,Europe,HUN,Hungary,2017,Female,22.04
EUR,Europe,HUN,Hungary,2017,Male,72.49
EUR,Europe,HUN,Hungary,2017,Male,17.41
EUR,Europe,HUN,Hungary,2018,Female,79.37
EUR,Europe,HUN,Hungary,2018,Female,22.17
EUR,Europe,HUN,Hungary,2018,Male,72.64
EUR,Europe,HUN,Hungary,2018,Male,17.46
EUR,Europe,HUN,Hungary,2019,Female,79.52
EUR,Europe,HUN,Hungary,2019,Female,22.27
EUR,Europe,HUN,Hungary,2019,Male,72.98
EUR,Europe,HUN,Hungary,2019,Male,17.72
EUR,Europe,HUN,Hungary,2020,Female,79.03
EUR,Europe,HUN,Hungary,2020,Female,21.69
EUR,Europe,HUN,Hungary,2020,Male,72.38
EUR,Europe,HUN,Hungary,2020,Male,16.91
EUR,Europe,HUN,Hungary,2021,Female,77.83
EUR,Europe,HUN,Hungary,2021,Female,21.0
EUR,Europe,HUN,Hungary,2021,Male,70.94
EUR,Europe,HUN,Hungary,2021,Male,16.02
EUR,Europe,ISL,Iceland,2000,Female,81.65
EUR,Europe,ISL,Iceland,2000,Female,23.97
EUR,Europe,ISL,Iceland,2000,Male,77.72
EUR,Europe,ISL,Iceland,2000,Male,21.18
EUR,Europe,ISL,Iceland,2001,Female,81.87
EUR,Europe,ISL,Iceland,2001,Female,24.14
EUR,Europe,ISL,Iceland,2001,Male,78.1
EUR,Europe,ISL,Iceland,2001,Male,21.47
EUR,Europe,ISL,Iceland,2002,Female,82.15
EUR,Europe,ISL,Iceland,2002,Female,24.37
EUR,Europe,ISL,Iceland,2002,Male,78.42
EUR,Europe,ISL,Iceland,2002,Male,21.63
EUR,Europe,ISL,Iceland,2003,Female,82.38
EUR,Europe,ISL,Iceland,2003,Female,24.56
EUR,Europe,ISL,Iceland,2003,Male,78.72
EUR,Europe,ISL,Iceland,2003,Male,21.76
EUR,Europe,ISL,Iceland,2004,Female,82.53
EUR,Europe,ISL,Iceland,2004,Female,24.66
EUR,Europe,ISL,Iceland,2004,Male,78.96
EUR,Europe,ISL,Iceland,2004,Male,21.86
EUR,Europe,ISL,Iceland,2005,Female,82.62
EUR,Europe,ISL,Iceland,2005,Female,24.67
EUR,Europe,ISL,Iceland,2005,Male,79.15
EUR,Europe,ISL,Iceland,2005,Male,22.0
EUR,Europe,ISL,Iceland,2006,Female,82.74
EUR,Europe,ISL,Iceland,2006,Female,24.71
EUR,Europe,ISL,Iceland,2006,Male,79.31
EUR,Europe,ISL,Iceland,2006,Male,22.14
EUR,Europe,ISL,Iceland,2007,Female,82.86
EUR,Europe,ISL,Iceland,2007,Female,24.75
EUR,Europe,ISL,Iceland,2007,Male,79.42
EUR,Europe,ISL,Iceland,2007,Male,22.26
EUR,Europe,ISL,Iceland,2008,Female,83.0
EUR,Europe,ISL,Iceland,2008,Female,24.82
EUR,Europe,ISL,Iceland,2008,Male,79.58
EUR,Europe,ISL,Iceland,2008,Male,22.38
EUR,Europe,ISL,Iceland,2009,Female,83.17
EUR,Europe,ISL,Iceland,2009,Female,24.91
EUR,Europe,ISL,Iceland,2009,Male,79.82
EUR,Europe,ISL,Iceland,2009,Male,22.56
EUR,Europe,ISL,Iceland,2010,Female,83.32
EUR,Europe,ISL,Iceland,2010,Female,25.02
EUR,Europe,ISL,Iceland,2010,Male,80.02
EUR,Europe,ISL,Iceland,2010,Male,22.73
EUR,Europe,ISL,Iceland,2011,Female,83.45
EUR,Europe,ISL,Iceland,2011,Female,25.14
EUR,Europe,ISL,Iceland,2011,Male,80.24
EUR,Europe,ISL,Iceland,2011,Male,22.94
EUR,Europe,ISL,Iceland,2012,Female,83.5
EUR,Europe,ISL,Iceland,2012,Female,25.21
EUR,Europe,ISL,Iceland,2012,Male,80.44
EUR,Europe,ISL,Iceland,2012,Male,23.13
EUR,Europe,ISL,Iceland,2013,Female,83.52
EUR,Europe,ISL,Iceland,2013,Female,25.23
EUR,Europe,ISL,Iceland,2013,Male,80.59
EUR,Europe,ISL,Iceland,2013,Male,23.29
EUR,Europe,ISL,Iceland,2014,Female,83.52
EUR,Europe,ISL,Iceland,2014,Female,25.23
EUR,Europe,ISL,Iceland,2014,Male,80.64
EUR,Europe,ISL,Iceland,2014,Male,23.38
EUR,Europe,ISL,Iceland,2015,Female,83.58
EUR,Europe,ISL,Iceland,2015,Female,25.28
EUR,Europe,ISL,Iceland,2015,Male,80.65
EUR,Europe,ISL,Iceland,2015,Male,23.45
EUR,Europe,ISL,Iceland,2016,Female,83.64
EUR,Europe,ISL,Iceland,2016,Female,25.36
EUR,Europe,ISL,Iceland,2016,Male,80.7
EUR,Europe,ISL,Iceland,2016,Male,23.53
EUR,Europe,ISL,Iceland,2017,Female,83.75
EUR,Europe,ISL,Iceland,2017,Female,25.44
EUR,Europe,ISL,Iceland,2017,Male,80.81
EUR,Europe,ISL,Iceland,2017,Male,23.64
EUR,Europe,ISL,Iceland,2018,Female,83.84
EUR,Europe,ISL,Iceland,2018,Female,25.53
EUR,Europe,ISL,Iceland,2018,Male,80.95
EUR,Europe,ISL,Iceland,2018,Male,23.81
EUR,Europe,ISL,Iceland,2019,Female,83.9
EUR,Europe,ISL,Iceland,2019,Female,25.67
EUR,Europe,ISL,Iceland,2019,Male,81.1
EUR,Europe,ISL,Iceland,2019,Male,23.96
EUR,Europe,ISL,Iceland,2020,Female,83.91
EUR,Europe,ISL,Iceland,2020,Female,25.68
EUR,Europe,ISL,Iceland,2020,Male,81.27
EUR,Europe,ISL,Iceland,2020,Male,24.06
EUR,Europe,ISL,Iceland,2021,Female,83.89
EUR,Europe,ISL,Iceland,2021,Female,25.68
EUR,Europe,ISL,Iceland,2021,Male,81.33
EUR,Europe,ISL,Iceland,2021,Male,24.05
SEAR,South-East Asia,IND,India,2000,Female,64.29
SEAR,South-East Asia,IND,India,2000,Female,18.46
SEAR,South-East Asia,IND,India,2000,Male,62.18
SEAR,South-East Asia,IND,India,2000,Male,16.56
SEAR,South-East Asia,IND,India,2001,Female,64.86
SEAR,South-East Asia,IND,India,2001,Female,18.6
SEAR,South-East Asia,IND,India,2001,Male,62.54
SEAR,South-East Asia,IND,India,2001,Male,16.53
SEAR,South-East Asia,IND,India,2002,Female,65.37
SEAR,South-East Asia,IND,India,2002,Female,18.6
SEAR,South-East Asia,IND,India,2002,Male,63.05
SEAR,South-East Asia,IND,India,2002,Male,16.7
SEAR,South-East Asia,IND,India,2003,Female,65.89
SEAR,South-East Asia,IND,India,2003,Female,18.61
SEAR,South-East Asia,IND,India,2003,Male,63.37
SEAR,South-East Asia,IND,India,2003,Male,16.56
SEAR,South-East Asia,IND,India,2004,Female,66.57
SEAR,South-East Asia,IND,India,2004,Female,18.85
SEAR,South-East Asia,IND,India,2004,Male,63.68
SEAR,South-East Asia,IND,India,2004,Male,16.63
SEAR,South-East Asia,IND,India,2005,Female,67.0
SEAR,South-East Asia,IND,India,2005,Female,18.88
SEAR,South-East Asia,IND,India,2005,Male,64.18
SEAR,South-East Asia,IND,India,2005,Male,16.88
SEAR,South-East Asia,IND,India,2006,Female,67.33
SEAR,South-East Asia,IND,India,2006,Female,18.7
SEAR,South-East Asia,IND,India,2006,Male,64.54
SEAR,South-East Asia,IND,India,2006,Male,17.02
SEAR,South-East Asia,IND,India,2007,Female,67.67
SEAR,South-East Asia,IND,India,2007,Female,18.6
SEAR,South-East Asia,IND,India,2007,Male,64.66
SEAR,South-East Asia,IND,India,2007,Male,16.79
SEAR,South-East Asia,IND,India,2008,Female,68.13
SEAR,South-East Asia,IND,India,2008,Female,18.69
SEAR,South-East Asia,IND,India,2008,Male,64.88
SEAR,South-East Asia,IND,India,2008,Male,16.74
SEAR,South-East Asia,IND,India,2009,Female,68.81
SEAR,South-East Asia,IND,India,2009,Female,19.04
SEAR,South-East Asia,IND,India,2009,Male,65.45
SEAR,South-East Asia,IND,India,2009,Male,17.04
SEAR,South-East Asia,IND,India,2010,Female,69.37
SEAR,South-East Asia,IND,India,2010,Female,19.31
SEAR,South-East Asia,IND,India,2010,Male,65.77
SEAR,South-East Asia,IND,India,2010,Male,17.03
SEAR,South-East Asia,IND,India,2011,Female,69.76
SEAR,South-East Asia,IND,India,2011,Female,19.27
SEAR,South-East Asia,IND,India,2011,Male,66.09
SEAR,South-East Asia,IND,India,2011,Male,17.04
SEAR,South-East Asia,IND,India,2012,Female,69.96
SEAR,South-East Asia,IND,India,2012,Female,19.09
SEAR,South-East Asia,IND,India,2012,Male,66.64
SEAR,South-East Asia,IND,India,2012,Male,17.33
SEAR,South-East Asia,IND,India,2013,Female,70.2
SEAR,South-East Asia,IND,India,2013,Female,19.06
SEAR,South-East Asia,IND,India,2013,Male,66.97
SEAR,South-East Asia,IND,India,2013,Male,17.28
SEAR,South-East Asia,IND,India,2014,Female,70.64
SEAR,South-East Asia,IND,India,2014,Female,19.19
SEAR,South-East Asia,IND,India,2014,Male,67.35
SEAR,South-East Asia,IND,India,2014,Male,17.22
SEAR,South-East Asia,IND,India,2015,Female,70.99
SEAR,South-East Asia,IND,India,2015,Female,19.28
SEAR,South-East Asia,IND,India,2015,Male,67.9
SEAR,South-East Asia,IND,India,2015,Male,17.44
SEAR,South-East Asia,IND,India,2016,Female,71.31
SEAR,South-East Asia,IND,India,2016,Female,19.34
SEAR,South-East Asia,IND,India,2016,Male,68.36
SEAR,South-East Asia,IND,India,2016,Male,17.65
SEAR,South-East Asia,IND,India,2017,Female,71.57
SEAR,South-East Asia,IND,India,2017,Female,19.3
SEAR,South-East Asia,IND,India,2017,Male,68.66
SEAR,South-East Asia,IND,India,2017,Male,17.72
SEAR,South-East Asia,IND,India,2018,Female,71.95
SEAR,South-East Asia,IND,India,2018,Female,19.31
SEAR,South-East Asia,IND,India,2018,Male,68.88
SEAR,South-East Asia,IND,India,2018,Male,17.59
SEAR,South-East Asia,IND,India,2019,Female,72.41
SEAR,South-East Asia,IND,India,2019,Female,19.44
SEAR,South-East Asia,IND,India,2019,Male,69.18
SEAR,South-East Asia,IND,India,2019,Male,17.6
SEAR,South-East Asia,IND,India,2020,Female,72.18
SEAR,South-East Asia,IND,India,2020,Female,19.07
SEAR,South-East Asia,IND,India,2020,Male,68.41
SEAR,South-East Asia,IND,India,2020,Male,16.59
SEAR,South-East Asia,IND,India,2021,Female,69.02
SEAR,South-East Asia,IND,India,2021,Female,16.51
SEAR,South-East Asia,IND,India,2021,Male,65.77
SEAR,South-East Asia,IND,India,2021,Male,14.76
WPR,Western Pacific,IDN,Indonesia,2000,Female,68.41
WPR,Western Pacific,IDN,Indonesia,2000,Female,17.82
WPR,Western Pacific,IDN,Indonesia,2000,Male,65.99
WPR,Western Pacific,IDN,Indonesia,2000,Male,16.81
WPR,Western Pacific,IDN,Indonesia,2001,Female,68.66
WPR,Western Pacific,IDN,Indonesia,2001,Female,17.82
WPR,Western Pacific,IDN,Indonesia,2001,Male,66.22
WPR,Western Pacific,IDN,Indonesia,2001,Male,16.81
WPR,Western Pacific,IDN,Indonesia,2002,Female,68.93
WPR,Western Pacific,IDN,Indonesia,2002,Female,17.85
WPR,Western Pacific,IDN,Indonesia,2002,Male,66.37
WPR,Western Pacific,IDN,Indonesia,2002,Male,16.74
WPR,Western Pacific,IDN,Indonesia,2003,Female,69.18
WPR,Western Pacific,IDN,Indonesia,2003,Female,17.87
WPR,Western Pacific,IDN,Indonesia,2003,Male,66.51
WPR,Western Pacific,IDN,Indonesia,2003,Male,16.69
WPR,Western Pacific,IDN,Indonesia,2004,Female,67.27
WPR,Western Pacific,IDN,Indonesia,2004,Female,17.6
WPR,Western Pacific,IDN,Indonesia,2004,Male,65.2
WPR,Western Pacific,IDN,Indonesia,2004,Male,16.37
WPR,Western Pacific,IDN,Indonesia,2005,Female,69.7
WPR,Western Pacific,IDN,Indonesia,2005,Female,17.92
WPR,Western Pacific,IDN,Indonesia,2005,Male,66.76
WPR,Western Pacific,IDN,Indonesia,2005,Male,16.52
WPR,Western Pacific,IDN,Indonesia,2006,Female,69.88
WPR,Western Pacific,IDN,Indonesia,2006,Female,17.93
WPR,Western Pacific,IDN,Indonesia,2006,Male,66.92
WPR,Western Pacific,IDN,Indonesia,2006,Male,16.49
WPR,Western Pacific,IDN,Indonesia,2007,Female,70.2
WPR,Western Pacific,IDN,Indonesia,2007,Female,18.01
WPR,Western Pacific,IDN,Indonesia,2007,Male,67.07
WPR,Western Pacific,IDN,Indonesia,2007,Male,16.46
WPR,Western Pacific,IDN,Indonesia,2008,Female,70.45
WPR,Western Pacific,IDN,Indonesia,2008,Female,18.06
WPR,Western Pacific,IDN,Indonesia,2008,Male,67.23
WPR,Western Pacific,IDN,Indonesia,2008,Male,16.44
WPR,Western Pacific,IDN,Indonesia,2009,Female,70.68
WPR,Western Pacific,IDN,Indonesia,2009,Female,18.12
WPR,Western Pacific,IDN,Indonesia,2009,Male,67.37
WPR,Western Pacific,IDN,Indonesia,2009,Male,16.42
WPR,Western Pacific,IDN,Indonesia,2010,Female,70.93
WPR,Western Pacific,IDN,Indonesia,2010,Female,18.17
WPR,Western Pacific,IDN,Indonesia,2010,Male,67.54
WPR,Western Pacific,IDN,Indonesia,2010,Male,16.42
WPR,Western Pacific,IDN,Indonesia,2011,Female,71.23
WPR,Western Pacific,IDN,Indonesia,2011,Female,18.27
WPR,Western Pacific,IDN,Indonesia,2011,Male,67.82
WPR,Western Pacific,IDN,Indonesia,2011,Male,16.52
WPR,Western Pacific,IDN,Indonesia,2012,Female,71.52
WPR,Western Pacific,IDN,Indonesia,2012,Female,18.38
WPR,Western Pacific,IDN,Indonesia,2012,Male,68.07
WPR,Western Pacific,IDN,Indonesia,2012,Male,16.6
WPR,Western Pacific,IDN,Indonesia,2013,Female,71.8
WPR,Western Pacific,IDN,Indonesia,2013,Female,18.49
WPR,Western Pacific,IDN,Indonesia,2013,Male,68.32
WPR,Western Pacific,IDN,Indonesia,2013,Male,16.67
WPR,Western Pacific,IDN,Indonesia,2014,Female,72.07
WPR,Western Pacific,IDN,Indonesia,2014,Female,18.59
WPR,Western Pacific,IDN,Indonesia,2014,Male,68.54
WPR,Western Pacific,IDN,Indonesia,2014,Male,16.73
WPR,Western Pacific,IDN,Indonesia,2015,Female,72.32
WPR,Western Pacific,IDN,Indonesia,2015,Female,18.69
WPR,Western Pacific,IDN,Indonesia,2015,Male,68.76
WPR,Western Pacific,IDN,Indonesia,2015,Male,16.79
WPR,Western Pacific,IDN,Indonesia,2016,Female,72.57
WPR,Western Pacific,IDN,Indonesia,2016,Female,18.77
WPR,Western Pacific,IDN,Indonesia,2016,Male,68.99
WPR,Western Pacific,IDN,Indonesia,2016,Male,16.85
WPR,Western Pacific,IDN,Indonesia,2017,Female,72.81
WPR,Western Pacific,IDN,Indonesia,2017,Female,18.87
WPR,Western Pacific,IDN,Indonesia,2017,Male,69.2
WPR,Western Pacific,IDN,Indonesia,2017,Male,16.91
WPR,Western Pacific,IDN,Indonesia,2018,Female,73.0
WPR,Western Pacific,IDN,Indonesia,2018,Female,18.95
WPR,Western Pacific,IDN,Indonesia,2018,Male,69.36
WPR,Western Pacific,IDN,Indonesia,2018,Male,16.93
WPR,Western Pacific,IDN,Indonesia,2019,Female,73.26
WPR,Western Pacific,IDN,Indonesia,2019,Female,19.04
WPR,Western Pacific,IDN,Indonesia,2019,Male,69.55
WPR,Western Pacific,IDN,Indonesia,2019,Male,16.96
WPR,Western Pacific,IDN,Indonesia,2020,Female,71.89
WPR,Western Pacific,IDN,Indonesia,2020,Female,17.86
WPR,Western Pacific,IDN,Indonesia,2020,Male,67.6
WPR,Western Pacific,IDN,Indonesia,2020,Male,15.1
WPR,Western Pacific,IDN,Indonesia,2021,Female,70.18
WPR,Western Pacific,IDN,Indonesia,2021,Female,16.5
WPR,Western Pacific,IDN,Indonesia,2021,Male,66.41
WPR,Western Pacific,IDN,Indonesia,2021,Male,14.23
EMR,Eastern Mediterranean,IRN,Iran (Islamic Republic of),2000,Female,75.22
EMR,Eastern Mediterranean,IRN,Iran (Islamic Republic of),2000,Female,21.09
EMR,Eastern Mediterranean,IRN,Iran (Islamic Republic of),2000,Male,71.92
EMR,Eastern Mediterranean,IRN,Iran (Islamic Republic of),2000,Male,20.07
EMR,Eastern Mediterranean,IRN,Iran (Islamic Republic of),2001,Female,75.5
EMR,Eastern Mediterranean,IRN,Iran (Islamic Republic of),2001,Female,21.19
EMR,Eastern Mediterranean,IRN,Iran (Islamic Republic of),2001,Male,72.19
EMR,Eastern Mediterranean,IRN,Iran (Islamic Republic of),2001,Male,20.16
EMR,Eastern Mediterranean,IRN,Iran (Islamic Republic of),2002,Female,75.83
EMR,Eastern Mediterranean,IRN,Iran (Islamic Republic of),2002,Female,21.32
EMR,Eastern Mediterranean,IRN,Iran (Islamic Republic of),2002,Male,72.38
EMR,Eastern Mediterranean,IRN,Iran (Islamic Republic of),2002,Male,20.2
EMR,Eastern Mediterranean,IRN,Iran (Islamic Republic of),2003,Female,75.04
EMR,Eastern Mediterranean,IRN,Iran (Islamic Republic of),2003,Female,21.26
EMR,Eastern Mediterranean,IRN,Iran (Islamic Republic of),2003,Male,71.81
EMR,Eastern Mediterranean,IRN,Iran (Islamic Republic of),2003,Male,20.01
EMR,Eastern Mediterranean,IRN,Iran (Islamic Republic of),2004,Female,76.58
EMR,Eastern Mediterranean,IRN,Iran (Islamic Republic of),2004,Female,21.66
EMR,Eastern Mediterranean,IRN,Iran (Islamic Republic of),2004,Male,72.74
EMR,Eastern Mediterranean,IRN,Iran (Islamic Republic of),2004,Male,20.27
EMR,Eastern Mediterranean,IRN,Iran (Islamic Republic of),2005,Female,76.97
EMR,Eastern Mediterranean,IRN,Iran (Islamic Republic of),2005,Female,21.85
EMR,Eastern Mediterranean,IRN,Iran (Islamic Republic of),2005,Male,72.99
EMR,Eastern Mediterranean,IRN,Iran (Islamic Republic of),2005,Male,20.35
EMR,Eastern Mediterranean,IRN,Iran (Islamic Republic of),2006,Female,77.36
EMR,Eastern Mediterranean,IRN,Iran (Islamic Republic of),2006,Female,22.05
EMR,Eastern Mediterranean,IRN,Iran (Islamic Republic of),2006,Male,73.24
EMR,Eastern Mediterranean,IRN,Iran (Islamic Republic of),2006,Male,20.46
EMR,Eastern Mediterranean,IRN,Iran (Islamic Republic of),2007,Female,77.75
EMR,Eastern Mediterranean,IRN,Iran (Islamic Republic of),2007,Female,22.27
EMR,Eastern Mediterranean,IRN,Iran (Islamic Republic of),2007,Male,73.58
EMR,Eastern Mediterranean,IRN,Iran (Islamic Republic of),2007,Male,20.68
EMR,Eastern Mediterranean,IRN,Iran (Islamic Republic of),2008,Female,78.1
EMR,Eastern Mediterranean,IRN,Iran (Islamic Republic of),2008,Female,22.49
EMR,Eastern Mediterranean,IRN,Iran (Islamic Republic of),2008,Male,73.95
EMR,Eastern Mediterranean,IRN,Iran (Islamic Republic of),2008,Male,20.9
EMR,Eastern Mediterranean,IRN,Iran (Islamic Republic of),2009,Female,78.36
EMR,Eastern Mediterranean,IRN,Iran (Islamic Republic of),2009,Female,22.61
EMR,Eastern Mediterranean,IRN,Iran (Islamic Republic of),2009,Male,74.32
EMR,Eastern Mediterranean,IRN,Iran (Islamic Republic of),2009,Male,21.1
EMR,Eastern Mediterranean,IRN,Iran (Islamic Republic of),2010,Female,78.57
EMR,Eastern Mediterranean,IRN,Iran (Islamic Republic of),2010,Female,22.7
EMR,Eastern Mediterranean,IRN,Iran (Islamic Republic of),2010,Male,74.75
EMR,Eastern Mediterranean,IRN,Iran (Islamic Republic of),2010,Male,21.38
EMR,Eastern Mediterranean,IRN,Iran (Islamic Republic of),2011,Female,78.76
EMR,Eastern Mediterranean,IRN,Iran (Islamic Republic of),2011,Female,22.79
EMR,Eastern Mediterranean,IRN,Iran (Islamic Republic of),2011,Male,75.18
EMR,Eastern Mediterranean,IRN,Iran (Islamic Republic of),2011,Male,21.62
EMR,Eastern Mediterranean,IRN,Iran (Islamic Republic of),2012,Female,78.9
EMR,Eastern Mediterranean,IRN,Iran (Islamic Republic of),2012,Female,22.84
EMR,Eastern Mediterranean,IRN,Iran (Islamic Republic of),2012,Male,75.48
EMR,Eastern Mediterranean,IRN,Iran (Islamic Republic of),2012,Male,21.76
EMR,Eastern Mediterranean,IRN,Iran (Islamic Republic of),2013,Female,78.94
EMR,Eastern Mediterranean,IRN,Iran (Islamic Republic of),2013,Female,22.76
EMR,Eastern Mediterranean,IRN,Iran (Islamic Republic of),2013,Male,75.66
EMR,Eastern Mediterranean,IRN,Iran (Islamic Republic of),2013,Male,21.77
EMR,Eastern Mediterranean,IRN,Iran (Islamic Republic of),2014,Female,79.0
EMR,Eastern Mediterranean,IRN,Iran (Islamic Republic of),2014,Female,22.7
EMR,Eastern Mediterranean,IRN,Iran (Islamic Republic of),2014,Male,75.8
EMR,Eastern Mediterranean,IRN,Iran (Islamic Republic of),2014,Male,21.74
EMR,Eastern Mediterranean,IRN,Iran (Islamic Republic of),2015,Female,78.97
EMR,Eastern Mediterranean,IRN,Iran (Islamic Republic of),2015,Female,22.57
EMR,Eastern Mediterranean,IRN,Iran (Islamic Republic of),2015,Male,75.78
EMR,Eastern Mediterranean,IRN,Iran (Islamic Republic of),2015,Male,21.58
EMR,Eastern Mediterranean,IRN,Iran (Islamic Republic of),2016,Female,79.01
EMR,Eastern Mediterranean,IRN,Iran (Islamic Republic of),2016,Female,22.52
EMR,Eastern Mediterranean,IRN,Iran (Islamic Republic of),2016,Male,75.94
EMR,Eastern Mediterranean,IRN,Iran (Islamic Republic of),2016,Male,21.61
EMR,Eastern Mediterranean,IRN,Iran (Islamic Republic of),2017,Female,79.09
EMR,Eastern Mediterranean,IRN,Iran (Islamic Republic of),2017,Female,22.53
EMR,Eastern Mediterranean,IRN,Iran (Islamic Republic of),2017,Male,76.07
EMR,Eastern Mediterranean,IRN,Iran (Islamic Republic of),2017,Male,21.67
EMR,Eastern Mediterranean,IRN,Iran (Islamic Republic of),2018,Female,79.31
EMR,Eastern Mediterranean,IRN,Iran (Islamic Republic of),2018,Female,22.68
EMR,Eastern Mediterranean,IRN,Iran (Islamic Republic of),2018,Male,76.27
EMR,Eastern Mediterranean,IRN,Iran (Islamic Republic of),2018,Male,21.79
EMR,Eastern Mediterranean,IRN,Iran (Islamic Republic of),2019,Female,79.4
EMR,Eastern Mediterranean,IRN,Iran (Islamic Republic of),2019,Female,22.71
EMR,Eastern Mediterranean,IRN,Iran (Islamic Republic of),2019,Male,76.36
EMR,Eastern Mediterranean,IRN,Iran (Islamic Republic of),2019,Male,21.79
EMR,Eastern Mediterranean,IRN,Iran (Islamic Republic of),2020,Female,77.14
EMR,Eastern Mediterranean,IRN,Iran (Islamic Republic of),2020,Female,20.62
EMR,Eastern Mediterranean,IRN,Iran (Islamic Republic of),2020,Male,73.32
EMR,Eastern Mediterranean,IRN,Iran (Islamic Republic of),2020,Male,18.97
EMR,Eastern Mediterranean,IRN,Iran (Islamic Republic of),2021,Female,76.4
EMR,Eastern Mediterranean,IRN,Iran (Islamic Republic of),2021,Female,20.47
EMR,Eastern Mediterranean,IRN,Iran (Islamic Republic of),2021,Male,73.08
EMR,Eastern Mediterranean,IRN,Iran (Islamic Republic of),2021,Male,19.21
EMR,Eastern Mediterranean,IRQ,Iraq,2000,Female,71.91
EMR,Eastern Mediterranean,IRQ,Iraq,2000,Female,20.18
EMR,Eastern Mediterranean,IRQ,Iraq,2000,Male,66.87
EMR,Eastern Mediterranean,IRQ,Iraq,2000,Male,17.46
EMR,Eastern Mediterranean,IRQ,Iraq,2001,Female,72.21
EMR,Eastern Mediterranean,IRQ,Iraq,2001,Female,20.32
EMR,Eastern Mediterranean,IRQ,Iraq,2001,Male,67.22
EMR,Eastern Mediterranean,IRQ,Iraq,2001,Male,17.61
EMR,Eastern Mediterranean,IRQ,Iraq,2002,Female,72.43
EMR,Eastern Mediterranean,IRQ,Iraq,2002,Female,20.41
EMR,Eastern Mediterranean,IRQ,Iraq,2002,Male,67.47
EMR,Eastern Mediterranean,IRQ,Iraq,2002,Male,17.71
EMR,Eastern Mediterranean,IRQ,Iraq,2003,Female,72.06
EMR,Eastern Mediterranean,IRQ,Iraq,2003,Female,20.34
EMR,Eastern Mediterranean,IRQ,Iraq,2003,Male,65.69
EMR,Eastern Mediterranean,IRQ,Iraq,2003,Male,17.6
EMR,Eastern Mediterranean,IRQ,Iraq,2004,Female,72.26
EMR,Eastern Mediterranean,IRQ,Iraq,2004,Female,20.43
EMR,Eastern Mediterranean,IRQ,Iraq,2004,Male,65.79
EMR,Eastern Mediterranean,IRQ,Iraq,2004,Male,17.71
EMR,Eastern Mediterranean,IRQ,Iraq,2005,Female,72.27
EMR,Eastern Mediterranean,IRQ,Iraq,2005,Female,20.49
EMR,Eastern Mediterranean,IRQ,Iraq,2005,Male,65.08
EMR,Eastern Mediterranean,IRQ,Iraq,2005,Male,17.74
EMR,Eastern Mediterranean,IRQ,Iraq,2006,Female,71.98
EMR,Eastern Mediterranean,IRQ,Iraq,2006,Female,20.51
EMR,Eastern Mediterranean,IRQ,Iraq,2006,Male,63.46
EMR,Eastern Mediterranean,IRQ,Iraq,2006,Male,17.74
EMR,Eastern Mediterranean,IRQ,Iraq,2007,Female,72.07
EMR,Eastern Mediterranean,IRQ,Iraq,2007,Female,20.44
EMR,Eastern Mediterranean,IRQ,Iraq,2007,Male,63.63
EMR,Eastern Mediterranean,IRQ,Iraq,2007,Male,17.71
EMR,Eastern Mediterranean,IRQ,Iraq,2008,Female,72.89
EMR,Eastern Mediterranean,IRQ,Iraq,2008,Female,20.47
EMR,Eastern Mediterranean,IRQ,Iraq,2008,Male,66.61
EMR,Eastern Mediterranean,IRQ,Iraq,2008,Male,17.86
EMR,Eastern Mediterranean,IRQ,Iraq,2009,Female,73.35
EMR,Eastern Mediterranean,IRQ,Iraq,2009,Female,20.58
EMR,Eastern Mediterranean,IRQ,Iraq,2009,Male,67.72
EMR,Eastern Mediterranean,IRQ,Iraq,2009,Male,18.01
EMR,Eastern Mediterranean,IRQ,Iraq,2010,Female,73.67
EMR,Eastern Mediterranean,IRQ,Iraq,2010,Female,20.7
EMR,Eastern Mediterranean,IRQ,Iraq,2010,Male,68.28
EMR,Eastern Mediterranean,IRQ,Iraq,2010,Male,18.14
EMR,Eastern Mediterranean,IRQ,Iraq,2011,Female,73.97
EMR,Eastern Mediterranean,IRQ,Iraq,2011,Female,20.82
EMR,Eastern Mediterranean,IRQ,Iraq,2011,Male,68.64
EMR,Eastern Mediterranean,IRQ,Iraq,2011,Male,18.25
EMR,Eastern Mediterranean,IRQ,Iraq,2012,Female,74.26
EMR,Eastern Mediterranean,IRQ,Iraq,2012,Female,20.95
EMR,Eastern Mediterranean,IRQ,Iraq,2012,Male,68.84
EMR,Eastern Mediterranean,IRQ,Iraq,2012,Male,18.36
EMR,Eastern Mediterranean,IRQ,Iraq,2013,Female,74.31
EMR,Eastern Mediterranean,IRQ,Iraq,2013,Female,21.05
EMR,Eastern Mediterranean,IRQ,Iraq,2013,Male,68.05
EMR,Eastern Mediterranean,IRQ,Iraq,2013,Male,18.42
EMR,Eastern Mediterranean,IRQ,Iraq,2014,Female,74.07
EMR,Eastern Mediterranean,IRQ,Iraq,2014,Female,21.09
EMR,Eastern Mediterranean,IRQ,Iraq,2014,Male,66.39
EMR,Eastern Mediterranean,IRQ,Iraq,2014,Male,18.4
EMR,Eastern Mediterranean,IRQ,Iraq,2015,Female,74.5
EMR,Eastern Mediterranean,IRQ,Iraq,2015,Female,21.21
EMR,Eastern Mediterranean,IRQ,Iraq,2015,Male,67.47
EMR,Eastern Mediterranean,IRQ,Iraq,2015,Male,18.52
EMR,Eastern Mediterranean,IRQ,Iraq,2016,Female,74.69
EMR,Eastern Mediterranean,IRQ,Iraq,2016,Female,21.3
EMR,Eastern Mediterranean,IRQ,Iraq,2016,Male,67.54
EMR,Eastern Mediterranean,IRQ,Iraq,2016,Male,18.59
EMR,Eastern Mediterranean,IRQ,Iraq,2017,Female,74.99
EMR,Eastern Mediterranean,IRQ,Iraq,2017,Female,21.39
EMR,Eastern Mediterranean,IRQ,Iraq,2017,Male,68.16
EMR,Eastern Mediterranean,IRQ,Iraq,2017,Male,18.66
EMR,Eastern Mediterranean,IRQ,Iraq,2018,Female,75.52
EMR,Eastern Mediterranean,IRQ,Iraq,2018,Female,21.25
EMR,Eastern Mediterranean,IRQ,Iraq,2018,Male,70.42
EMR,Eastern Mediterranean,IRQ,Iraq,2018,Male,18.47
EMR,Eastern Mediterranean,IRQ,Iraq,2019,Female,75.37
EMR,Eastern Mediterranean,IRQ,Iraq,2019,Female,20.91
EMR,Eastern Mediterranean,IRQ,Iraq,2019,Male,70.26
EMR,Eastern Mediterranean,IRQ,Iraq,2019,Male,18.02
EMR,Eastern Mediterranean,IRQ,Iraq,2020,Female,73.83
EMR,Eastern Mediterranean,IRQ,Iraq,2020,Female,18.97
EMR,Eastern Mediterranean,IRQ,Iraq,2020,Male,67.09
EMR,Eastern Mediterranean,IRQ,Iraq,2020,Male,14.56
EMR,Eastern Mediterranean,IRQ,Iraq,2021,Female,73.91
EMR,Eastern Mediterranean,IRQ,Iraq,2021,Female,19.38
EMR,Eastern Mediterranean,IRQ,Iraq,2021,Male,68.89
EMR,Eastern Mediterranean,IRQ,Iraq,2021,Male,16.25
EUR,Europe,IRL,Ireland,2000,Female,79.0
EUR,Europe,IRL,Ireland,2000,Female,21.93
EUR,Europe,IRL,Ireland,2000,Male,73.88
EUR,Europe,IRL,Ireland,2000,Male,18.34
EUR,Europe,IRL,Ireland,2001,Female,79.67
EUR,Europe,IRL,Ireland,2001,Female,22.49
EUR,Europe,IRL,Ireland,2001,Male,74.45
EUR,Europe,IRL,Ireland,2001,Male,18.73
EUR,Europe,IRL,Ireland,2002,Female,80.12
EUR,Europe,IRL,Ireland,2002,Female,22.75
EUR,Europe,IRL,Ireland,2002,Male,74.87
EUR,Europe,IRL,Ireland,2002,Male,19.17
EUR,Europe,IRL,Ireland,2003,Female,80.37
EUR,Europe,IRL,Ireland,2003,Female,22.94
EUR,Europe,IRL,Ireland,2003,Male,75.65
EUR,Europe,IRL,Ireland,2003,Male,19.56
EUR,Europe,IRL,Ireland,2004,Female,80.83
EUR,Europe,IRL,Ireland,2004,Female,23.39
EUR,Europe,IRL,Ireland,2004,Male,75.94
EUR,Europe,IRL,Ireland,2004,Male,19.86
EUR,Europe,IRL,Ireland,2005,Female,81.1
EUR,Europe,IRL,Ireland,2005,Female,23.61
EUR,Europe,IRL,Ireland,2005,Male,76.51
EUR,Europe,IRL,Ireland,2005,Male,20.33
EUR,Europe,IRL,Ireland,2006,Female,81.32
EUR,Europe,IRL,Ireland,2006,Female,23.81
EUR,Europe,IRL,Ireland,2006,Male,76.79
EUR,Europe,IRL,Ireland,2006,Male,20.49
EUR,Europe,IRL,Ireland,2007,Female,81.59
EUR,Europe,IRL,Ireland,2007,Female,23.9
EUR,Europe,IRL,Ireland,2007,Male,77.1
EUR,Europe,IRL,Ireland,2007,Male,20.77
EUR,Europe,IRL,Ireland,2008,Female,81.8
EUR,Europe,IRL,Ireland,2008,Female,24.23
EUR,Europe,IRL,Ireland,2008,Male,77.37
EUR,Europe,IRL,Ireland,2008,Male,20.93
EUR,Europe,IRL,Ireland,2009,Female,81.93
EUR,Europe,IRL,Ireland,2009,Female,24.35
EUR,Europe,IRL,Ireland,2009,Male,77.15
EUR,Europe,IRL,Ireland,2009,Male,20.98
EUR,Europe,IRL,Ireland,2010,Female,82.65
EUR,Europe,IRL,Ireland,2010,Female,24.83
EUR,Europe,IRL,Ireland,2010,Male,78.53
EUR,Europe,IRL,Ireland,2010,Male,21.93
EUR,Europe,IRL,Ireland,2011,Female,82.43
EUR,Europe,IRL,Ireland,2011,Female,24.67
EUR,Europe,IRL,Ireland,2011,Male,78.31
EUR,Europe,IRL,Ireland,2011,Male,21.77
EUR,Europe,IRL,Ireland,2012,Female,82.57
EUR,Europe,IRL,Ireland,2012,Female,24.75
EUR,Europe,IRL,Ireland,2012,Male,78.4
EUR,Europe,IRL,Ireland,2012,Male,21.74
EUR,Europe,IRL,Ireland,2013,Female,82.64
EUR,Europe,IRL,Ireland,2013,Female,24.71
EUR,Europe,IRL,Ireland,2013,Male,78.77
EUR,Europe,IRL,Ireland,2013,Male,21.98
EUR,Europe,IRL,Ireland,2014,Female,82.95
EUR,Europe,IRL,Ireland,2014,Female,24.95
EUR,Europe,IRL,Ireland,2014,Male,79.13
EUR,Europe,IRL,Ireland,2014,Male,22.32
EUR,Europe,IRL,Ireland,2015,Female,82.91
EUR,Europe,IRL,Ireland,2015,Female,24.94
EUR,Europe,IRL,Ireland,2015,Male,79.34
EUR,Europe,IRL,Ireland,2015,Male,22.31
EUR,Europe,IRL,Ireland,2016,Female,83.19
EUR,Europe,IRL,Ireland,2016,Female,25.19
EUR,Europe,IRL,Ireland,2016,Male,79.6
EUR,Europe,IRL,Ireland,2016,Male,22.57
EUR,Europe,IRL,Ireland,2017,Female,83.35
EUR,Europe,IRL,Ireland,2017,Female,25.3
EUR,Europe,IRL,Ireland,2017,Male,79.84
EUR,Europe,IRL,Ireland,2017,Male,22.72
EUR,Europe,IRL,Ireland,2018,Female,83.41
EUR,Europe,IRL,Ireland,2018,Female,25.35
EUR,Europe,IRL,Ireland,2018,Male,80.0
EUR,Europe,IRL,Ireland,2018,Male,22.79
EUR,Europe,IRL,Ireland,2019,Female,83.6
EUR,Europe,IRL,Ireland,2019,Female,25.48
EUR,Europe,IRL,Ireland,2019,Male,80.27
EUR,Europe,IRL,Ireland,2019,Male,23.0
EUR,Europe,IRL,Ireland,2020,Female,83.47
EUR,Europe,IRL,Ireland,2020,Female,25.38
EUR,Europe,IRL,Ireland,2020,Male,79.93
EUR,Europe,IRL,Ireland,2020,Male,22.59
EUR,Europe,IRL,Ireland,2021,Female,83.35
EUR,Europe,IRL,Ireland,2021,Female,25.21
EUR,Europe,IRL,Ireland,2021,Male,79.87
EUR,Europe,IRL,Ireland,2021,Male,22.57
EUR,Europe,ISR,Israel,2000,Female,80.63
EUR,Europe,ISR,Israel,2000,Female,23.13
EUR,Europe,ISR,Israel,2000,Male,76.34
EUR,Europe,ISR,Israel,2000,Male,20.57
EUR,Europe,ISR,Israel,2001,Female,81.04
EUR,Europe,ISR,Israel,2001,Female,23.57
EUR,Europe,ISR,Israel,2001,Male,76.46
EUR,Europe,ISR,Israel,2001,Male,20.84
EUR,Europe,ISR,Israel,2002,Female,80.88
EUR,Europe,ISR,Israel,2002,Female,23.47
EUR,Europe,ISR,Israel,2002,Male,76.15
EUR,Europe,ISR,Israel,2002,Male,20.92
EUR,Europe,ISR,Israel,2003,Female,81.22
EUR,Europe,ISR,Israel,2003,Female,23.63
EUR,Europe,ISR,Israel,2003,Male,76.86
EUR,Europe,ISR,Israel,2003,Male,21.01
EUR,Europe,ISR,Israel,2004,Female,81.65
EUR,Europe,ISR,Israel,2004,Female,23.96
EUR,Europe,ISR,Israel,2004,Male,77.32
EUR,Europe,ISR,Israel,2004,Male,21.37
EUR,Europe,ISR,Israel,2005,Female,81.61
EUR,Europe,ISR,Israel,2005,Female,23.89
EUR,Europe,ISR,Israel,2005,Male,77.69
EUR,Europe,ISR,Israel,2005,Male,21.48
EUR,Europe,ISR,Israel,2006,Female,81.88
EUR,Europe,ISR,Israel,2006,Female,24.15
EUR,Europe,ISR,Israel,2006,Male,77.93
EUR,Europe,ISR,Israel,2006,Male,21.89
EUR,Europe,ISR,Israel,2007,Female,82.01
EUR,Europe,ISR,Israel,2007,Female,24.18
EUR,Europe,ISR,Israel,2007,Male,78.13
EUR,Europe,ISR,Israel,2007,Male,21.79
EUR,Europe,ISR,Israel,2008,Female,82.42
EUR,Europe,ISR,Israel,2008,Female,24.54
EUR,Europe,ISR,Israel,2008,Male,78.33
EUR,Europe,ISR,Israel,2008,Male,22.22
EUR,Europe,ISR,Israel,2009,Female,83.04
EUR,Europe,ISR,Israel,2009,Female,25.18
EUR,Europe,ISR,Israel,2009,Male,79.1
EUR,Europe,ISR,Israel,2009,Male,22.76
EUR,Europe,ISR,Israel,2010,Female,83.35
EUR,Europe,ISR,Israel,2010,Female,25.31
EUR,Europe,ISR,Israel,2010,Male,79.6
EUR,Europe,ISR,Israel,2010,Male,22.8
EUR,Europe,ISR,Israel,2011,Female,83.37
EUR,Europe,ISR,Israel,2011,Female,25.34
EUR,Europe,ISR,Israel,2011,Male,79.81
EUR,Europe,ISR,Israel,2011,Male,22.89
EUR,Europe,ISR,Israel,2012,Female,83.33
EUR,Europe,ISR,Israel,2012,Female,25.19
EUR,Europe,ISR,Israel,2012,Male,79.7
EUR,Europe,ISR,Israel,2012,Male,22.77
EUR,Europe,ISR,Israel,2013,Female,83.6
EUR,Europe,ISR,Israel,2013,Female,25.48
EUR,Europe,ISR,Israel,2013,Male,80.13
EUR,Europe,ISR,Israel,2013,Male,23.14
EUR,Europe,ISR,Israel,2014,Female,83.57
EUR,Europe,ISR,Israel,2014,Female,25.65
EUR,Europe,ISR,Israel,2014,Male,79.12
EUR,Europe,ISR,Israel,2014,Male,23.06
EUR,Europe,ISR,Israel,2015,Female,83.79
EUR,Europe,ISR,Israel,2015,Female,25.58
EUR,Europe,ISR,Israel,2015,Male,79.94
EUR,Europe,ISR,Israel,2015,Male,22.86
EUR,Europe,ISR,Israel,2016,Female,83.92
EUR,Europe,ISR,Israel,2016,Female,25.73
EUR,Europe,ISR,Israel,2016,Male,80.44
EUR,Europe,ISR,Israel,2016,Male,23.33
EUR,Europe,ISR,Israel,2017,Female,84.24
EUR,Europe,ISR,Israel,2017,Female,26.0
EUR,Europe,ISR,Israel,2017,Male,80.42
EUR,Europe,ISR,Israel,2017,Male,23.27
EUR,Europe,ISR,Israel,2018,Female,84.44
EUR,Europe,ISR,Israel,2018,Female,26.14
EUR,Europe,ISR,Israel,2018,Male,80.66
EUR,Europe,ISR,Israel,2018,Male,23.58
EUR,Europe,ISR,Israel,2019,Female,84.32
EUR,Europe,ISR,Israel,2019,Female,26.02
EUR,Europe,ISR,Israel,2019,Male,80.74
EUR,Europe,ISR,Israel,2019,Male,23.61
EUR,Europe,ISR,Israel,2020,Female,84.3
EUR,Europe,ISR,Israel,2020,Female,25.95
EUR,Europe,ISR,Israel,2020,Male,80.36
EUR,Europe,ISR,Israel,2020,Male,23.08
EUR,Europe,ISR,Israel,2021,Female,82.09
EUR,Europe,ISR,Israel,2021,Female,23.73
EUR,Europe,ISR,Israel,2021,Male,82.39
EUR,Europe,ISR,Israel,2021,Male,25.46
EUR,Europe,ITA,Italy,2000,Female,82.15
EUR,Europe,ITA,Italy,2000,Female,24.47
EUR,Europe,ITA,Italy,2000,Male,76.41
EUR,Europe,ITA,Italy,2000,Male,20.28
EUR,Europe,ITA,Italy,2001,Female,82.47
EUR,Europe,ITA,Italy,2001,Female,24.76
EUR,Europe,ITA,Italy,2001,Male,76.7
EUR,Europe,ITA,Italy,2001,Male,20.58
EUR,Europe,ITA,Italy,2002,Female,82.71
EUR,Europe,ITA,Italy,2002,Female,24.96
EUR,Europe,ITA,Italy,2002,Male,77.01
EUR,Europe,ITA,Italy,2002,Male,20.78
EUR,Europe,ITA,Italy,2003,Female,82.45
EUR,Europe,ITA,Italy,2003,Female,24.63
EUR,Europe,ITA,Italy,2003,Male,77.02
EUR,Europe,ITA,Italy,2003,Male,20.64
EUR,Europe,ITA,Italy,2004,Female,83.16
EUR,Europe,ITA,Italy,2004,Female,25.26
EUR,Europe,ITA,Italy,2004,Male,77.7
EUR,Europe,ITA,Italy,2004,Male,21.21
EUR,Europe,ITA,Italy,2005,Female,83.06
EUR,Europe,ITA,Italy,2005,Female,25.11
EUR,Europe,ITA,Italy,2005,Male,77.78
EUR,Europe,ITA,Italy,2005,Male,21.21
EUR,Europe,ITA,Italy,2006,Female,83.62
EUR,Europe,ITA,Italy,2006,Female,25.62
EUR,Europe,ITA,Italy,2006,Male,78.31
EUR,Europe,ITA,Italy,2006,Male,21.67
EUR,Europe,ITA,Italy,2007,Female,83.65
EUR,Europe,ITA,Italy,2007,Female,25.63
EUR,Europe,ITA,Italy,2007,Male,78.51
EUR,Europe,ITA,Italy,2007,Male,21.81
EUR,Europe,ITA,Italy,2008,Female,83.8
EUR,Europe,ITA,Italy,2008,Female,25.74
EUR,Europe,ITA,Italy,2008,Male,78.75
EUR,Europe,ITA,Italy,2008,Male,21.96
EUR,Europe,ITA,Italy,2009,Female,83.87
EUR,Europe,ITA,Italy,2009,Female,25.83
EUR,Europe,ITA,Italy,2009,Male,78.98
EUR,Europe,ITA,Italy,2009,Male,22.09
EUR,Europe,ITA,Italy,2010,Female,84.22
EUR,Europe,ITA,Italy,2010,Female,26.1
EUR,Europe,ITA,Italy,2010,Male,79.38
EUR,Europe,ITA,Italy,2010,Male,22.36
EUR,Europe,ITA,Italy,2011,Female,84.12
EUR,Europe,ITA,Italy,2011,Female,26.01
EUR,Europe,ITA,Italy,2011,Male,79.35
EUR,Europe,ITA,Italy,2011,Male,22.36
EUR,Europe,ITA,Italy,2012,Female,84.06
EUR,Europe,ITA,Italy,2012,Female,25.92
EUR,Europe,ITA,Italy,2012,Male,79.44
EUR,Europe,ITA,Italy,2012,Male,22.36
EUR,Europe,ITA,Italy,2013,Female,84.5
EUR,Europe,ITA,Italy,2013,Female,26.3
EUR,Europe,ITA,Italy,2013,Male,79.9
EUR,Europe,ITA,Italy,2013,Male,22.77
EUR,Europe,ITA,Italy,2014,Female,84.75
EUR,Europe,ITA,Italy,2014,Female,26.48
EUR,Europe,ITA,Italy,2014,Male,80.29
EUR,Europe,ITA,Italy,2014,Male,23.0
EUR,Europe,ITA,Italy,2015,Female,84.26
EUR,Europe,ITA,Italy,2015,Female,26.01
EUR,Europe,ITA,Italy,2015,Male,80.0
EUR,Europe,ITA,Italy,2015,Male,22.75
EUR,Europe,ITA,Italy,2016,Female,84.87
EUR,Europe,ITA,Italy,2016,Female,26.54
EUR,Europe,ITA,Italy,2016,Male,80.7
EUR,Europe,ITA,Italy,2016,Male,23.23
EUR,Europe,ITA,Italy,2017,Female,84.51
EUR,Europe,ITA,Italy,2017,Female,26.22
EUR,Europe,ITA,Italy,2017,Male,80.39
EUR,Europe,ITA,Italy,2017,Male,23.04
EUR,Europe,ITA,Italy,2018,Female,84.77
EUR,Europe,ITA,Italy,2018,Female,26.48
EUR,Europe,ITA,Italy,2018,Male,80.66
EUR,Europe,ITA,Italy,2018,Male,23.34
EUR,Europe,ITA,Italy,2019,Female,84.91
EUR,Europe,ITA,Italy,2019,Female,26.56
EUR,Europe,ITA,Italy,2019,Male,80.94
EUR,Europe,ITA,Italy,2019,Male,23.53
EUR,Europe,ITA,Italy,2020,Female,84.05
EUR,Europe,ITA,Italy,2020,Female,25.64
EUR,Europe,ITA,Italy,2020,Male,79.76
EUR,Europe,ITA,Italy,2020,Male,22.21
EUR,Europe,ITA,Italy,2021,Female,84.33
EUR,Europe,ITA,Italy,2021,Female,26.01
EUR,Europe,ITA,Italy,2021,Male,79.98
EUR,Europe,ITA,Italy,2021,Male,22.59
AMR,Americas,JAM,Jamaica,2000,Female,74.52
AMR,Americas,JAM,Jamaica,2000,Female,20.0
AMR,Americas,JAM,Jamaica,2000,Male,69.97
AMR,Americas,JAM,Jamaica,2000,Male,17.14
AMR,Americas,JAM,Jamaica,2001,Female,74.34
AMR,Americas,JAM,Jamaica,2001,Female,19.76
AMR,Americas,JAM,Jamaica,2001,Male,69.94
AMR,Americas,JAM,Jamaica,2001,Male,17.15
AMR,Americas,JAM,Jamaica,2002,Female,75.13
AMR,Americas,JAM,Jamaica,2002,Female,20.44
AMR,Americas,JAM,Jamaica,2002,Male,70.93
AMR,Americas,JAM,Jamaica,2002,Male,17.44
AMR,Americas,JAM,Jamaica,2003,Female,75.43
AMR,Americas,JAM,Jamaica,2003,Female,20.55
AMR,Americas,JAM,Jamaica,2003,Male,71.48
AMR,Americas,JAM,Jamaica,2003,Male,17.6
AMR,Americas,JAM,Jamaica,2004,Female,75.46
AMR,Americas,JAM,Jamaica,2004,Female,20.41
AMR,Americas,JAM,Jamaica,2004,Male,71.94
AMR,Americas,JAM,Jamaica,2004,Male,17.73
AMR,Americas,JAM,Jamaica,2005,Female,74.86
AMR,Americas,JAM,Jamaica,2005,Female,20.16
AMR,Americas,JAM,Jamaica,2005,Male,68.06
AMR,Americas,JAM,Jamaica,2005,Male,16.97
AMR,Americas,JAM,Jamaica,2006,Female,76.38
AMR,Americas,JAM,Jamaica,2006,Female,21.15
AMR,Americas,JAM,Jamaica,2006,Male,72.49
AMR,Americas,JAM,Jamaica,2006,Male,18.26
AMR,Americas,JAM,Jamaica,2007,Female,74.15
AMR,Americas,JAM,Jamaica,2007,Female,19.78
AMR,Americas,JAM,Jamaica,2007,Male,65.52
AMR,Americas,JAM,Jamaica,2007,Male,15.8
AMR,Americas,JAM,Jamaica,2008,Female,74.59
AMR,Americas,JAM,Jamaica,2008,Female,20.18
AMR,Americas,JAM,Jamaica,2008,Male,67.02
AMR,Americas,JAM,Jamaica,2008,Male,16.53
AMR,Americas,JAM,Jamaica,2009,Female,75.56
AMR,Americas,JAM,Jamaica,2009,Female,20.59
AMR,Americas,JAM,Jamaica,2009,Male,69.03
AMR,Americas,JAM,Jamaica,2009,Male,17.38
AMR,Americas,JAM,Jamaica,2010,Female,76.06
AMR,Americas,JAM,Jamaica,2010,Female,20.77
AMR,Americas,JAM,Jamaica,2010,Male,71.92
AMR,Americas,JAM,Jamaica,2010,Male,17.63
AMR,Americas,JAM,Jamaica,2011,Female,75.76
AMR,Americas,JAM,Jamaica,2011,Female,20.69
AMR,Americas,JAM,Jamaica,2011,Male,70.11
AMR,Americas,JAM,Jamaica,2011,Male,17.47
AMR,Americas,JAM,Jamaica,2012,Female,75.96
AMR,Americas,JAM,Jamaica,2012,Female,20.69
AMR,Americas,JAM,Jamaica,2012,Male,72.43
AMR,Americas,JAM,Jamaica,2012,Male,17.88
AMR,Americas,JAM,Jamaica,2013,Female,76.14
AMR,Americas,JAM,Jamaica,2013,Female,20.76
AMR,Americas,JAM,Jamaica,2013,Male,72.33
AMR,Americas,JAM,Jamaica,2013,Male,17.82
AMR,Americas,JAM,Jamaica,2014,Female,75.12
AMR,Americas,JAM,Jamaica,2014,Female,20.03
AMR,Americas,JAM,Jamaica,2014,Male,71.41
AMR,Americas,JAM,Jamaica,2014,Male,16.98
AMR,Americas,JAM,Jamaica,2015,Female,75.01
AMR,Americas,JAM,Jamaica,2015,Female,20.23
AMR,Americas,JAM,Jamaica,2015,Male,69.69
AMR,Americas,JAM,Jamaica,2015,Male,17.22
AMR,Americas,JAM,Jamaica,2016,Female,75.23
AMR,Americas,JAM,Jamaica,2016,Female,20.38
AMR,Americas,JAM,Jamaica,2016,Male,69.59
AMR,Americas,JAM,Jamaica,2016,Male,16.93
AMR,Americas,JAM,Jamaica,2017,Female,75.43
AMR,Americas,JAM,Jamaica,2017,Female,20.57
AMR,Americas,JAM,Jamaica,2017,Male,69.42
AMR,Americas,JAM,Jamaica,2017,Male,16.98
AMR,Americas,JAM,Jamaica,2018,Female,75.61
AMR,Americas,JAM,Jamaica,2018,Female,20.63
AMR,Americas,JAM,Jamaica,2018,Male,69.63
AMR,Americas,JAM,Jamaica,2018,Male,17.1
AMR,Americas,JAM,Jamaica,2019,Female,75.14
AMR,Americas,JAM,Jamaica,2019,Female,20.39
AMR,Americas,JAM,Jamaica,2019,Male,69.48
AMR,Americas,JAM,Jamaica,2019,Male,16.94
AMR,Americas,JAM,Jamaica,2020,Female,75.27
AMR,Americas,JAM,Jamaica,2020,Female,20.4
AMR,Americas,JAM,Jamaica,2020,Male,70.1
AMR,Americas,JAM,Jamaica,2020,Male,17.1
AMR,Americas,JAM,Jamaica,2021,Female,72.77
AMR,Americas,JAM,Jamaica,2021,Female,18.25
AMR,Americas,JAM,Jamaica,2021,Male,67.64
AMR,Americas,JAM,Jamaica,2021,Male,15.24
WPR,Western Pacific,JPN,Japan,2000,Female,84.8
WPR,Western Pacific,JPN,Japan,2000,Female,27.06
WPR,Western Pacific,JPN,Japan,2000,Male,78.08
WPR,Western Pacific,JPN,Japan,2000,Male,21.82
WPR,Western Pacific,JPN,Japan,2001,Female,85.09
WPR,Western Pacific,JPN,Japan,2001,Female,27.3
WPR,Western Pacific,JPN,Japan,2001,Male,78.41
WPR,Western Pacific,JPN,Japan,2001,Male,22.11
WPR,Western Pacific,JPN,Japan,2002,Female,85.34
WPR,Western Pacific,JPN,Japan,2002,Female,27.53
WPR,Western Pacific,JPN,Japan,2002,Male,78.67
WPR,Western Pacific,JPN,Japan,2002,Male,22.31
WPR,Western Pacific,JPN,Japan,2003,Female,85.4
WPR,Western Pacific,JPN,Japan,2003,Female,27.57
WPR,Western Pacific,JPN,Japan,2003,Male,78.71
WPR,Western Pacific,JPN,Japan,2003,Male,22.36
WPR,Western Pacific,JPN,Japan,2004,Female,85.58
WPR,Western Pacific,JPN,Japan,2004,Female,27.74
WPR,Western Pacific,JPN,Japan,2004,Male,78.98
WPR,Western Pacific,JPN,Japan,2004,Male,22.52
WPR,Western Pacific,JPN,Japan,2005,Female,85.48
WPR,Western Pacific,JPN,Japan,2005,Female,27.61
WPR,Western Pacific,JPN,Japan,2005,Male,78.84
WPR,Western Pacific,JPN,Japan,2005,Male,22.38
WPR,Western Pacific,JPN,Japan,2006,Female,85.75
WPR,Western Pacific,JPN,Japan,2006,Female,27.86
WPR,Western Pacific,JPN,Japan,2006,Male,79.27
WPR,Western Pacific,JPN,Japan,2006,Male,22.72
WPR,Western Pacific,JPN,Japan,2007,Female,85.9
WPR,Western Pacific,JPN,Japan,2007,Female,27.97
WPR,Western Pacific,JPN,Japan,2007,Male,79.46
WPR,Western Pacific,JPN,Japan,2007,Male,22.84
WPR,Western Pacific,JPN,Japan,2008,Female,85.95
WPR,Western Pacific,JPN,Japan,2008,Female,28.0
WPR,Western Pacific,JPN,Japan,2008,Male,79.57
WPR,Western Pacific,JPN,Japan,2008,Male,22.9
WPR,Western Pacific,JPN,Japan,2009,Female,86.29
WPR,Western Pacific,JPN,Japan,2009,Female,28.3
WPR,Western Pacific,JPN,Japan,2009,Male,79.88
WPR,Western Pacific,JPN,Japan,2009,Male,23.19
WPR,Western Pacific,JPN,Japan,2010,Female,86.18
WPR,Western Pacific,JPN,Japan,2010,Female,28.15
WPR,Western Pacific,JPN,Japan,2010,Male,79.87
WPR,Western Pacific,JPN,Japan,2010,Male,23.11
WPR,Western Pacific,JPN,Japan,2011,Female,85.73
WPR,Western Pacific,JPN,Japan,2011,Female,28.0
WPR,Western Pacific,JPN,Japan,2011,Male,79.8
WPR,Western Pacific,JPN,Japan,2011,Male,23.06
WPR,Western Pacific,JPN,Japan,2012,Female,86.27
WPR,Western Pacific,JPN,Japan,2012,Female,28.18
WPR,Western Pacific,JPN,Japan,2012,Male,80.28
WPR,Western Pacific,JPN,Japan,2012,Male,23.31
WPR,Western Pacific,JPN,Japan,2013,Female,86.45
WPR,Western Pacific,JPN,Japan,2013,Female,28.3
WPR,Western Pacific,JPN,Japan,2013,Male,80.56
WPR,Western Pacific,JPN,Japan,2013,Male,23.52
WPR,Western Pacific,JPN,Japan,2014,Female,86.63
WPR,Western Pacific,JPN,Japan,2014,Female,28.47
WPR,Western Pacific,JPN,Japan,2014,Male,80.85
WPR,Western Pacific,JPN,Japan,2014,Male,23.72
WPR,Western Pacific,JPN,Japan,2015,Female,86.8
WPR,Western Pacific,JPN,Japan,2015,Female,28.56
WPR,Western Pacific,JPN,Japan,2015,Male,81.09
WPR,Western Pacific,JPN,Japan,2015,Male,23.87
WPR,Western Pacific,JPN,Japan,2016,Female,86.92
WPR,Western Pacific,JPN,Japan,2016,Female,28.68
WPR,Western Pacific,JPN,Japan,2016,Male,81.29
WPR,Western Pacific,JPN,Japan,2016,Male,24.01
WPR,Western Pacific,JPN,Japan,2017,Female,87.02
WPR,Western Pacific,JPN,Japan,2017,Female,28.72
WPR,Western Pacific,JPN,Japan,2017,Male,81.4
WPR,Western Pacific,JPN,Japan,2017,Male,24.05
WPR,Western Pacific,JPN,Japan,2018,Female,87.06
WPR,Western Pacific,JPN,Japan,2018,Female,28.77
WPR,Western Pacific,JPN,Japan,2018,Male,81.56
WPR,Western Pacific,JPN,Japan,2018,Male,24.17
WPR,Western Pacific,JPN,Japan,2019,Female,87.15
WPR,Western Pacific,JPN,Japan,2019,Female,28.86
WPR,Western Pacific,JPN,Japan,2019,Male,81.7
WPR,Western Pacific,JPN,Japan,2019,Male,24.28
WPR,Western Pacific,JPN,Japan,2020,Female,87.37
WPR,Western Pacific,JPN,Japan,2020,Female,29.07
WPR,Western Pacific,JPN,Japan,2020,Male,81.88
WPR,Western Pacific,JPN,Japan,2020,Male,24.47
WPR,Western Pacific,JPN,Japan,2021,Female,87.16
WPR,Western Pacific,JPN,Japan,2021,Female,28.85
WPR,Western Pacific,JPN,Japan,2021,Male,81.71
WPR,Western Pacific,JPN,Japan,2021,Male,24.27
EMR,Eastern Mediterranean,JOR,Jordan,2000,Female,72.3
EMR,Eastern Mediterranean,JOR,Jordan,2000,Female,17.72
EMR,Eastern Mediterranean,JOR,Jordan,2000,Male,74.08
EMR,Eastern Mediterranean,JOR,Jordan,2000,Male,20.81
EMR,Eastern Mediterranean,JOR,Jordan,2001,Female,72.15
EMR,Eastern Mediterranean,JOR,Jordan,2001,Female,17.4
EMR,Eastern Mediterranean,JOR,Jordan,2001,Male,74.4
EMR,Eastern Mediterranean,JOR,Jordan,2001,Male,21.05
EMR,Eastern Mediterranean,JOR,Jordan,2002,Female,72.31
EMR,Eastern Mediterranean,JOR,Jordan,2002,Female,17.45
EMR,Eastern Mediterranean,JOR,Jordan,2002,Male,74.83
EMR,Eastern Mediterranean,JOR,Jordan,2002,Male,21.3
EMR,Eastern Mediterranean,JOR,Jordan,2003,Female,72.92
EMR,Eastern Mediterranean,JOR,Jordan,2003,Female,18.05
EMR,Eastern Mediterranean,JOR,Jordan,2003,Male,75.19
EMR,Eastern Mediterranean,JOR,Jordan,2003,Male,21.55
EMR,Eastern Mediterranean,JOR,Jordan,2004,Female,72.84
EMR,Eastern Mediterranean,JOR,Jordan,2004,Female,17.83
EMR,Eastern Mediterranean,JOR,Jordan,2004,Male,75.58
EMR,Eastern Mediterranean,JOR,Jordan,2004,Male,21.79
EMR,Eastern Mediterranean,JOR,Jordan,2005,Female,72.71
EMR,Eastern Mediterranean,JOR,Jordan,2005,Female,17.44
EMR,Eastern Mediterranean,JOR,Jordan,2005,Male,75.82
EMR,Eastern Mediterranean,JOR,Jordan,2005,Male,21.99
EMR,Eastern Mediterranean,JOR,Jordan,2006,Female,73.2
EMR,Eastern Mediterranean,JOR,Jordan,2006,Female,17.61
EMR,Eastern Mediterranean,JOR,Jordan,2006,Male,76.26
EMR,Eastern Mediterranean,JOR,Jordan,2006,Male,22.15
EMR,Eastern Mediterranean,JOR,Jordan,2007,Female,74.62
EMR,Eastern Mediterranean,JOR,Jordan,2007,Female,18.86
EMR,Eastern Mediterranean,JOR,Jordan,2007,Male,76.56
EMR,Eastern Mediterranean,JOR,Jordan,2007,Male,22.34
EMR,Eastern Mediterranean,JOR,Jordan,2008,Female,75.76
EMR,Eastern Mediterranean,JOR,Jordan,2008,Female,19.88
EMR,Eastern Mediterranean,JOR,Jordan,2008,Male,76.81
EMR,Eastern Mediterranean,JOR,Jordan,2008,Male,22.54
EMR,Eastern Mediterranean,JOR,Jordan,2009,Female,76.56
EMR,Eastern Mediterranean,JOR,Jordan,2009,Female,20.5
EMR,Eastern Mediterranean,JOR,Jordan,2009,Male,76.91
EMR,Eastern Mediterranean,JOR,Jordan,2009,Male,22.48
EMR,Eastern Mediterranean,JOR,Jordan,2010,Female,77.04
EMR,Eastern Mediterranean,JOR,Jordan,2010,Female,20.85
EMR,Eastern Mediterranean,JOR,Jordan,2010,Male,77.11
EMR,Eastern Mediterranean,JOR,Jordan,2010,Male,22.56
EMR,Eastern Mediterranean,JOR,Jordan,2011,Female,77.31
EMR,Eastern Mediterranean,JOR,Jordan,2011,Female,20.98
EMR,Eastern Mediterranean,JOR,Jordan,2011,Male,77.31
EMR,Eastern Mediterranean,JOR,Jordan,2011,Male,22.65
EMR,Eastern Mediterranean,JOR,Jordan,2012,Female,77.55
EMR,Eastern Mediterranean,JOR,Jordan,2012,Female,21.13
EMR,Eastern Mediterranean,JOR,Jordan,2012,Male,77.52
EMR,Eastern Mediterranean,JOR,Jordan,2012,Male,22.76
EMR,Eastern Mediterranean,JOR,Jordan,2013,Female,77.95
EMR,Eastern Mediterranean,JOR,Jordan,2013,Female,21.34
EMR,Eastern Mediterranean,JOR,Jordan,2013,Male,77.91
EMR,Eastern Mediterranean,JOR,Jordan,2013,Male,22.95
EMR,Eastern Mediterranean,JOR,Jordan,2014,Female,78.35
EMR,Eastern Mediterranean,JOR,Jordan,2014,Female,21.57
EMR,Eastern Mediterranean,JOR,Jordan,2014,Male,78.39
EMR,Eastern Mediterranean,JOR,Jordan,2014,Male,23.18
EMR,Eastern Mediterranean,JOR,Jordan,2015,Female,78.99
EMR,Eastern Mediterranean,JOR,Jordan,2015,Female,22.15
EMR,Eastern Mediterranean,JOR,Jordan,2015,Male,78.71
EMR,Eastern Mediterranean,JOR,Jordan,2015,Male,23.4
EMR,Eastern Mediterranean,JOR,Jordan,2016,Female,79.23
EMR,Eastern Mediterranean,JOR,Jordan,2016,Female,22.37
EMR,Eastern Mediterranean,JOR,Jordan,2016,Male,78.97
EMR,Eastern Mediterranean,JOR,Jordan,2016,Male,23.63
EMR,Eastern Mediterranean,JOR,Jordan,2017,Female,79.58
EMR,Eastern Mediterranean,JOR,Jordan,2017,Female,22.68
EMR,Eastern Mediterranean,JOR,Jordan,2017,Male,79.34
EMR,Eastern Mediterranean,JOR,Jordan,2017,Male,23.9
EMR,Eastern Mediterranean,JOR,Jordan,2018,Female,80.14
EMR,Eastern Mediterranean,JOR,Jordan,2018,Female,23.18
EMR,Eastern Mediterranean,JOR,Jordan,2018,Male,79.68
EMR,Eastern Mediterranean,JOR,Jordan,2018,Male,24.1
EMR,Eastern Mediterranean,JOR,Jordan,2019,Female,80.34
EMR,Eastern Mediterranean,JOR,Jordan,2019,Female,23.36
EMR,Eastern Mediterranean,JOR,Jordan,2019,Male,79.73
EMR,Eastern Mediterranean,JOR,Jordan,2019,Male,24.08
EMR,Eastern Mediterranean,JOR,Jordan,2020,Female,78.8
EMR,Eastern Mediterranean,JOR,Jordan,2020,Female,21.93
EMR,Eastern Mediterranean,JOR,Jordan,2020,Male,76.57
EMR,Eastern Mediterranean,JOR,Jordan,2020,Male,20.99
EMR,Eastern Mediterranean,JOR,Jordan,2021,Female,76.98
EMR,Eastern Mediterranean,JOR,Jordan,2021,Female,20.54
EMR,Eastern Mediterranean,JOR,Jordan,2021,Male,74.57
EMR,Eastern Mediterranean,JOR,Jordan,2021,Male,19.54
EUR,Europe,KAZ,Kazakhstan,2000,Female,70.18
EUR,Europe,KAZ,Kazakhstan,2000,Female,18.28
EUR,Europe,KAZ,Kazakhstan,2000,Male,58.8
EUR,Europe,KAZ,Kazakhstan,2000,Male,12.92
EUR,Europe,KAZ,Kazakhstan,2001,Female,70.27
EUR,Europe,KAZ,Kazakhstan,2001,Female,18.14
EUR,Europe,KAZ,Kazakhstan,2001,Male,59.34
EUR,Europe,KAZ,Kazakhstan,2001,Male,13.52
EUR,Europe,KAZ,Kazakhstan,2002,Female,70.54
EUR,Europe,KAZ,Kazakhstan,2002,Female,18.16
EUR,Europe,KAZ,Kazakhstan,2002,Male,59.7
EUR,Europe,KAZ,Kazakhstan,2002,Male,13.48
EUR,Europe,KAZ,Kazakhstan,2003,Female,70.44
EUR,Europe,KAZ,Kazakhstan,2003,Female,17.94
EUR,Europe,KAZ,Kazakhstan,2003,Male,59.37
EUR,Europe,KAZ,Kazakhstan,2003,Male,13.04
EUR,Europe,KAZ,Kazakhstan,2004,Female,70.95
EUR,Europe,KAZ,Kazakhstan,2004,Female,18.36
EUR,Europe,KAZ,Kazakhstan,2004,Male,59.54
EUR,Europe,KAZ,Kazakhstan,2004,Male,13.58
EUR,Europe,KAZ,Kazakhstan,2005,Female,70.95
EUR,Europe,KAZ,Kazakhstan,2005,Female,18.32
EUR,Europe,KAZ,Kazakhstan,2005,Male,59.45
EUR,Europe,KAZ,Kazakhstan,2005,Male,13.49
EUR,Europe,KAZ,Kazakhstan,2006,Female,71.28
EUR,Europe,KAZ,Kazakhstan,2006,Female,18.53
EUR,Europe,KAZ,Kazakhstan,2006,Male,59.8
EUR,Europe,KAZ,Kazakhstan,2006,Male,13.82
EUR,Europe,KAZ,Kazakhstan,2007,Female,71.74
EUR,Europe,KAZ,Kazakhstan,2007,Female,18.74
EUR,Europe,KAZ,Kazakhstan,2007,Male,60.1
EUR,Europe,KAZ,Kazakhstan,2007,Male,13.78
EUR,Europe,KAZ,Kazakhstan,2008,Female,72.49
EUR,Europe,KAZ,Kazakhstan,2008,Female,18.98
EUR,Europe,KAZ,Kazakhstan,2008,Male,61.82
EUR,Europe,KAZ,Kazakhstan,2008,Male,14.24
EUR,Europe,KAZ,Kazakhstan,2009,Female,73.48
EUR,Europe,KAZ,Kazakhstan,2009,Female,19.49
EUR,Europe,KAZ,Kazakhstan,2009,Male,63.45
EUR,Europe,KAZ,Kazakhstan,2009,Male,14.77
EUR,Europe,KAZ,Kazakhstan,2010,Female,73.38
EUR,Europe,KAZ,Kazakhstan,2010,Female,19.19
EUR,Europe,KAZ,Kazakhstan,2010,Male,63.52
EUR,Europe,KAZ,Kazakhstan,2010,Male,14.58
EUR,Europe,KAZ,Kazakhstan,2011,Female,73.87
EUR,Europe,KAZ,Kazakhstan,2011,Female,19.33
EUR,Europe,KAZ,Kazakhstan,2011,Male,64.23
EUR,Europe,KAZ,Kazakhstan,2011,Male,14.73
EUR,Europe,KAZ,Kazakhstan,2012,Female,74.35
EUR,Europe,KAZ,Kazakhstan,2012,Female,19.61
EUR,Europe,KAZ,Kazakhstan,2012,Male,64.82
EUR,Europe,KAZ,Kazakhstan,2012,Male,14.87
EUR,Europe,KAZ,Kazakhstan,2013,Female,75.24
EUR,Europe,KAZ,Kazakhstan,2013,Female,20.14
EUR,Europe,KAZ,Kazakhstan,2013,Male,65.87
EUR,Europe,KAZ,Kazakhstan,2013,Male,15.42
EUR,Europe,KAZ,Kazakhstan,2014,Female,75.78
EUR,Europe,KAZ,Kazakhstan,2014,Female,20.42
EUR,Europe,KAZ,Kazakhstan,2014,Male,66.86
EUR,Europe,KAZ,Kazakhstan,2014,Male,15.71
EUR,Europe,KAZ,Kazakhstan,2015,Female,76.21
EUR,Europe,KAZ,Kazakhstan,2015,Female,20.62
EUR,Europe,KAZ,Kazakhstan,2015,Male,67.41
EUR,Europe,KAZ,Kazakhstan,2015,Male,15.91
EUR,Europe,KAZ,Kazakhstan,2016,Female,76.51
EUR,Europe,KAZ,Kazakhstan,2016,Female,20.71
EUR,Europe,KAZ,Kazakhstan,2016,Male,67.93
EUR,Europe,KAZ,Kazakhstan,2016,Male,15.96
EUR,Europe,KAZ,Kazakhstan,2017,Female,76.89
EUR,Europe,KAZ,Kazakhstan,2017,Female,20.99
EUR,Europe,KAZ,Kazakhstan,2017,Male,68.67
EUR,Europe,KAZ,Kazakhstan,2017,Male,16.29
EUR,Europe,KAZ,Kazakhstan,2018,Female,77.09
EUR,Europe,KAZ,Kazakhstan,2018,Female,21.13
EUR,Europe,KAZ,Kazakhstan,2018,Male,68.86
EUR,Europe,KAZ,Kazakhstan,2018,Male,16.41
EUR,Europe,KAZ,Kazakhstan,2019,Female,77.2
EUR,Europe,KAZ,Kazakhstan,2019,Female,21.16
EUR,Europe,KAZ,Kazakhstan,2019,Male,68.84
EUR,Europe,KAZ,Kazakhstan,2019,Male,16.43
EUR,Europe,KAZ,Kazakhstan,2020,Female,75.34
EUR,Europe,KAZ,Kazakhstan,2020,Female,19.61
EUR,Europe,KAZ,Kazakhstan,2020,Male,67.04
EUR,Europe,KAZ,Kazakhstan,2020,Male,14.6
EUR,Europe,KAZ,Kazakhstan,2021,Female,73.94
EUR,Europe,KAZ,Kazakhstan,2021,Female,18.3
EUR,Europe,KAZ,Kazakhstan,2021,Male,66.37
EUR,Europe,KAZ,Kazakhstan,2021,Male,13.91
AFR,Africa,KEN,Kenya,2000,Female,55.22
AFR,Africa,KEN,Kenya,2000,Female,18.73
AFR,Africa,KEN,Kenya,2000,Male,52.94
AFR,Africa,KEN,Kenya,2000,Male,14.58
AFR,Africa,KEN,Kenya,2001,Female,55.45
AFR,Africa,KEN,Kenya,2001,Female,18.68
AFR,Africa,KEN,Kenya,2001,Male,53.19
AFR,Africa,KEN,Kenya,2001,Male,14.49
AFR,Africa,KEN,Kenya,2002,Female,55.7
AFR,Africa,KEN,Kenya,2002,Female,18.53
AFR,Africa,KEN,Kenya,2002,Male,53.44
AFR,Africa,KEN,Kenya,2002,Male,14.35
AFR,Africa,KEN,Kenya,2003,Female,56.06
AFR,Africa,KEN,Kenya,2003,Female,18.33
AFR,Africa,KEN,Kenya,2003,Male,53.74
AFR,Africa,KEN,Kenya,2003,Male,14.2
AFR,Africa,KEN,Kenya,2004,Female,56.76
AFR,Africa,KEN,Kenya,2004,Female,18.24
AFR,Africa,KEN,Kenya,2004,Male,54.25
AFR,Africa,KEN,Kenya,2004,Male,14.12
AFR,Africa,KEN,Kenya,2005,Female,57.78
AFR,Africa,KEN,Kenya,2005,Female,18.22
AFR,Africa,KEN,Kenya,2005,Male,55.0
AFR,Africa,KEN,Kenya,2005,Male,14.12
AFR,Africa,KEN,Kenya,2006,Female,59.01
AFR,Africa,KEN,Kenya,2006,Female,18.23
AFR,Africa,KEN,Kenya,2006,Male,55.92
AFR,Africa,KEN,Kenya,2006,Male,14.17
AFR,Africa,KEN,Kenya,2007,Female,60.21
AFR,Africa,KEN,Kenya,2007,Female,18.23
AFR,Africa,KEN,Kenya,2007,Male,56.89
AFR,Africa,KEN,Kenya,2007,Male,14.27
AFR,Africa,KEN,Kenya,2008,Female,61.28
AFR,Africa,KEN,Kenya,2008,Female,18.22
AFR,Africa,KEN,Kenya,2008,Male,57.7
AFR,Africa,KEN,Kenya,2008,Male,14.37
AFR,Africa,KEN,Kenya,2009,Female,62.31
AFR,Africa,KEN,Kenya,2009,Female,18.18
AFR,Africa,KEN,Kenya,2009,Male,58.68
AFR,Africa,KEN,Kenya,2009,Male,14.48
AFR,Africa,KEN,Kenya,2010,Female,63.13
AFR,Africa,KEN,Kenya,2010,Female,18.14
AFR,Africa,KEN,Kenya,2010,Male,59.44
AFR,Africa,KEN,Kenya,2010,Male,14.61
AFR,Africa,KEN,Kenya,2011,Female,64.12
AFR,Africa,KEN,Kenya,2011,Female,18.16
AFR,Africa,KEN,Kenya,2011,Male,59.88
AFR,Africa,KEN,Kenya,2011,Male,14.73
AFR,Africa,KEN,Kenya,2012,Female,65.11
AFR,Africa,KEN,Kenya,2012,Female,18.22
AFR,Africa,KEN,Kenya,2012,Male,60.21
AFR,Africa,KEN,Kenya,2012,Male,14.86
AFR,Africa,KEN,Kenya,2013,Female,65.65
AFR,Africa,KEN,Kenya,2013,Female,18.25
AFR,Africa,KEN,Kenya,2013,Male,60.66
AFR,Africa,KEN,Kenya,2013,Male,15.0
AFR,Africa,KEN,Kenya,2014,Female,66.14
AFR,Africa,KEN,Kenya,2014,Female,18.31
AFR,Africa,KEN,Kenya,2014,Male,61.21
AFR,Africa,KEN,Kenya,2014,Male,15.16
AFR,Africa,KEN,Kenya,2015,Female,66.8
AFR,Africa,KEN,Kenya,2015,Female,18.4
AFR,Africa,KEN,Kenya,2015,Male,61.87
AFR,Africa,KEN,Kenya,2015,Male,15.3
AFR,Africa,KEN,Kenya,2016,Female,67.53
AFR,Africa,KEN,Kenya,2016,Female,18.53
AFR,Africa,KEN,Kenya,2016,Male,62.6
AFR,Africa,KEN,Kenya,2016,Male,15.46
AFR,Africa,KEN,Kenya,2017,Female,68.14
AFR,Africa,KEN,Kenya,2017,Female,18.63
AFR,Africa,KEN,Kenya,2017,Male,63.15
AFR,Africa,KEN,Kenya,2017,Male,15.58
AFR,Africa,KEN,Kenya,2018,Female,68.57
AFR,Africa,KEN,Kenya,2018,Female,18.71
AFR,Africa,KEN,Kenya,2018,Male,63.63
AFR,Africa,KEN,Kenya,2018,Male,15.69
AFR,Africa,KEN,Kenya,2019,Female,68.99
AFR,Africa,KEN,Kenya,2019,Female,18.8
AFR,Africa,KEN,Kenya,2019,Male,64.07
AFR,Africa,KEN,Kenya,2019,Male,15.81
AFR,Africa,KEN,Kenya,2020,Female,69.67
AFR,Africa,KEN,Kenya,2020,Female,18.67
AFR,Africa,KEN,Kenya,2020,Male,64.06
AFR,Africa,KEN,Kenya,2020,Male,14.58
AFR,Africa,KEN,Kenya,2021,Female,69.22
AFR,Africa,KEN,Kenya,2021,Female,17.58
AFR,Africa,KEN,Kenya,2021,Male,64.4
AFR,Africa,KEN,Kenya,2021,Male,14.02
WPR,Western Pacific,KIR,Kiribati,2000,Female,63.61
WPR,Western Pacific,KIR,Kiribati,2000,Female,15.48
WPR,Western Pacific,KIR,Kiribati,2000,Male,56.68
WPR,Western Pacific,KIR,Kiribati,2000,Male,12.69
WPR,Western Pacific,KIR,Kiribati,2001,Female,63.91
WPR,Western Pacific,KIR,Kiribati,2001,Female,15.57
WPR,Western Pacific,KIR,Kiribati,2001,Male,56.98
WPR,Western Pacific,KIR,Kiribati,2001,Male,12.78
WPR,Western Pacific,KIR,Kiribati,2002,Female,64.12
WPR,Western Pacific,KIR,Kiribati,2002,Female,15.61
WPR,Western Pacific,KIR,Kiribati,2002,Male,57.17
WPR,Western Pacific,KIR,Kiribati,2002,Male,12.84
WPR,Western Pacific,KIR,Kiribati,2003,Female,64.32
WPR,Western Pacific,KIR,Kiribati,2003,Female,15.67
WPR,Western Pacific,KIR,Kiribati,2003,Male,57.37
WPR,Western Pacific,KIR,Kiribati,2003,Male,12.91
WPR,Western Pacific,KIR,Kiribati,2004,Female,64.41
WPR,Western Pacific,KIR,Kiribati,2004,Female,15.69
WPR,Western Pacific,KIR,Kiribati,2004,Male,57.5
WPR,Western Pacific,KIR,Kiribati,2004,Male,12.96
WPR,Western Pacific,KIR,Kiribati,2005,Female,64.49
WPR,Western Pacific,KIR,Kiribati,2005,Female,15.71
WPR,Western Pacific,KIR,Kiribati,2005,Male,57.62
WPR,Western Pacific,KIR,Kiribati,2005,Male,13.03
WPR,Western Pacific,KIR,Kiribati,2006,Female,64.54
WPR,Western Pacific,KIR,Kiribati,2006,Female,15.72
WPR,Western Pacific,KIR,Kiribati,2006,Male,57.72
WPR,Western Pacific,KIR,Kiribati,2006,Male,13.1
WPR,Western Pacific,KIR,Kiribati,2007,Female,64.58
WPR,Western Pacific,KIR,Kiribati,2007,Female,15.73
WPR,Western Pacific,KIR,Kiribati,2007,Male,57.84
WPR,Western Pacific,KIR,Kiribati,2007,Male,13.17
WPR,Western Pacific,KIR,Kiribati,2008,Female,64.64
WPR,Western Pacific,KIR,Kiribati,2008,Female,15.73
WPR,Western Pacific,KIR,Kiribati,2008,Male,57.93
WPR,Western Pacific,KIR,Kiribati,2008,Male,13.21
WPR,Western Pacific,KIR,Kiribati,2009,Female,64.67
WPR,Western Pacific,KIR,Kiribati,2009,Female,15.72
WPR,Western Pacific,KIR,Kiribati,2009,Male,58.0
WPR,Western Pacific,KIR,Kiribati,2009,Male,13.23
WPR,Western Pacific,KIR,Kiribati,2010,Female,64.67
WPR,Western Pacific,KIR,Kiribati,2010,Female,15.71
WPR,Western Pacific,KIR,Kiribati,2010,Male,58.06
WPR,Western Pacific,KIR,Kiribati,2010,Male,13.25
WPR,Western Pacific,KIR,Kiribati,2011,Female,64.64
WPR,Western Pacific,KIR,Kiribati,2011,Female,15.69
WPR,Western Pacific,KIR,Kiribati,2011,Male,58.15
WPR,Western Pacific,KIR,Kiribati,2011,Male,13.29
WPR,Western Pacific,KIR,Kiribati,2012,Female,64.73
WPR,Western Pacific,KIR,Kiribati,2012,Female,15.74
WPR,Western Pacific,KIR,Kiribati,2012,Male,58.21
WPR,Western Pacific,KIR,Kiribati,2012,Male,13.35
WPR,Western Pacific,KIR,Kiribati,2013,Female,64.82
WPR,Western Pacific,KIR,Kiribati,2013,Female,15.8
WPR,Western Pacific,KIR,Kiribati,2013,Male,58.31
WPR,Western Pacific,KIR,Kiribati,2013,Male,13.42
WPR,Western Pacific,KIR,Kiribati,2014,Female,64.81
WPR,Western Pacific,KIR,Kiribati,2014,Female,15.83
WPR,Western Pacific,KIR,Kiribati,2014,Male,58.41
WPR,Western Pacific,KIR,Kiribati,2014,Male,13.46
WPR,Western Pacific,KIR,Kiribati,2015,Female,64.89
WPR,Western Pacific,KIR,Kiribati,2015,Female,15.89
WPR,Western Pacific,KIR,Kiribati,2015,Male,58.43
WPR,Western Pacific,KIR,Kiribati,2015,Male,13.49
WPR,Western Pacific,KIR,Kiribati,2016,Female,64.98
WPR,Western Pacific,KIR,Kiribati,2016,Female,15.96
WPR,Western Pacific,KIR,Kiribati,2016,Male,58.49
WPR,Western Pacific,KIR,Kiribati,2016,Male,13.57
WPR,Western Pacific,KIR,Kiribati,2017,Female,65.04
WPR,Western Pacific,KIR,Kiribati,2017,Female,16.02
WPR,Western Pacific,KIR,Kiribati,2017,Male,58.55
WPR,Western Pacific,KIR,Kiribati,2017,Male,13.62
WPR,Western Pacific,KIR,Kiribati,2018,Female,64.71
WPR,Western Pacific,KIR,Kiribati,2018,Female,16.01
WPR,Western Pacific,KIR,Kiribati,2018,Male,56.86
WPR,Western Pacific,KIR,Kiribati,2018,Male,13.46
WPR,Western Pacific,KIR,Kiribati,2019,Female,65.32
WPR,Western Pacific,KIR,Kiribati,2019,Female,16.16
WPR,Western Pacific,KIR,Kiribati,2019,Male,58.9
WPR,Western Pacific,KIR,Kiribati,2019,Male,13.78
WPR,Western Pacific,KIR,Kiribati,2020,Female,65.25
WPR,Western Pacific,KIR,Kiribati,2020,Female,15.86
WPR,Western Pacific,KIR,Kiribati,2020,Male,58.48
WPR,Western Pacific,KIR,Kiribati,2020,Male,12.89
WPR,Western Pacific,KIR,Kiribati,2021,Female,63.96
WPR,Western Pacific,KIR,Kiribati,2021,Female,15.12
WPR,Western Pacific,KIR,Kiribati,2021,Male,57.78
WPR,Western Pacific,KIR,Kiribati,2021,Male,12.84
EMR,Eastern Mediterranean,KWT,Kuwait,2000,Female,80.0
EMR,Eastern Mediterranean,KWT,Kuwait,2000,Female,23.67
EMR,Eastern Mediterranean,KWT,Kuwait,2000,Male,75.9
EMR,Eastern Mediterranean,KWT,Kuwait,2000,Male,20.94
EMR,Eastern Mediterranean,KWT,Kuwait,2001,Female,80.18
EMR,Eastern Mediterranean,KWT,Kuwait,2001,Female,23.8
EMR,Eastern Mediterranean,KWT,Kuwait,2001,Male,77.81
EMR,Eastern Mediterranean,KWT,Kuwait,2001,Male,22.31
EMR,Eastern Mediterranean,KWT,Kuwait,2002,Female,80.02
EMR,Eastern Mediterranean,KWT,Kuwait,2002,Female,23.69
EMR,Eastern Mediterranean,KWT,Kuwait,2002,Male,76.9
EMR,Eastern Mediterranean,KWT,Kuwait,2002,Male,21.63
EMR,Eastern Mediterranean,KWT,Kuwait,2003,Female,80.37
EMR,Eastern Mediterranean,KWT,Kuwait,2003,Female,23.95
EMR,Eastern Mediterranean,KWT,Kuwait,2003,Male,77.57
EMR,Eastern Mediterranean,KWT,Kuwait,2003,Male,22.1
EMR,Eastern Mediterranean,KWT,Kuwait,2004,Female,80.44
EMR,Eastern Mediterranean,KWT,Kuwait,2004,Female,24.02
EMR,Eastern Mediterranean,KWT,Kuwait,2004,Male,77.09
EMR,Eastern Mediterranean,KWT,Kuwait,2004,Male,21.78
EMR,Eastern Mediterranean,KWT,Kuwait,2005,Female,80.91
EMR,Eastern Mediterranean,KWT,Kuwait,2005,Female,24.33
EMR,Eastern Mediterranean,KWT,Kuwait,2005,Male,76.59
EMR,Eastern Mediterranean,KWT,Kuwait,2005,Male,21.39
EMR,Eastern Mediterranean,KWT,Kuwait,2006,Female,81.33
EMR,Eastern Mediterranean,KWT,Kuwait,2006,Female,24.55
EMR,Eastern Mediterranean,KWT,Kuwait,2006,Male,76.63
EMR,Eastern Mediterranean,KWT,Kuwait,2006,Male,21.43
EMR,Eastern Mediterranean,KWT,Kuwait,2007,Female,81.03
EMR,Eastern Mediterranean,KWT,Kuwait,2007,Female,24.1
EMR,Eastern Mediterranean,KWT,Kuwait,2007,Male,77.6
EMR,Eastern Mediterranean,KWT,Kuwait,2007,Male,22.11
EMR,Eastern Mediterranean,KWT,Kuwait,2008,Female,81.12
EMR,Eastern Mediterranean,KWT,Kuwait,2008,Female,24.15
EMR,Eastern Mediterranean,KWT,Kuwait,2008,Male,76.24
EMR,Eastern Mediterranean,KWT,Kuwait,2008,Male,20.98
EMR,Eastern Mediterranean,KWT,Kuwait,2009,Female,81.5
EMR,Eastern Mediterranean,KWT,Kuwait,2009,Female,24.49
EMR,Eastern Mediterranean,KWT,Kuwait,2009,Male,77.49
EMR,Eastern Mediterranean,KWT,Kuwait,2009,Male,21.9
EMR,Eastern Mediterranean,KWT,Kuwait,2010,Female,82.41
EMR,Eastern Mediterranean,KWT,Kuwait,2010,Female,25.16
EMR,Eastern Mediterranean,KWT,Kuwait,2010,Male,79.0
EMR,Eastern Mediterranean,KWT,Kuwait,2010,Male,22.97
EMR,Eastern Mediterranean,KWT,Kuwait,2011,Female,83.34
EMR,Eastern Mediterranean,KWT,Kuwait,2011,Female,25.91
EMR,Eastern Mediterranean,KWT,Kuwait,2011,Male,79.96
EMR,Eastern Mediterranean,KWT,Kuwait,2011,Male,23.72
EMR,Eastern Mediterranean,KWT,Kuwait,2012,Female,83.89
EMR,Eastern Mediterranean,KWT,Kuwait,2012,Female,26.32
EMR,Eastern Mediterranean,KWT,Kuwait,2012,Male,79.45
EMR,Eastern Mediterranean,KWT,Kuwait,2012,Male,23.3
EMR,Eastern Mediterranean,KWT,Kuwait,2013,Female,84.44
EMR,Eastern Mediterranean,KWT,Kuwait,2013,Female,26.76
EMR,Eastern Mediterranean,KWT,Kuwait,2013,Male,79.77
EMR,Eastern Mediterranean,KWT,Kuwait,2013,Male,23.52
EMR,Eastern Mediterranean,KWT,Kuwait,2014,Female,84.54
EMR,Eastern Mediterranean,KWT,Kuwait,2014,Female,26.83
EMR,Eastern Mediterranean,KWT,Kuwait,2014,Male,79.99
EMR,Eastern Mediterranean,KWT,Kuwait,2014,Male,23.65
EMR,Eastern Mediterranean,KWT,Kuwait,2015,Female,84.9
EMR,Eastern Mediterranean,KWT,Kuwait,2015,Female,27.14
EMR,Eastern Mediterranean,KWT,Kuwait,2015,Male,79.23
EMR,Eastern Mediterranean,KWT,Kuwait,2015,Male,23.04
EMR,Eastern Mediterranean,KWT,Kuwait,2016,Female,85.63
EMR,Eastern Mediterranean,KWT,Kuwait,2016,Female,27.75
EMR,Eastern Mediterranean,KWT,Kuwait,2016,Male,80.56
EMR,Eastern Mediterranean,KWT,Kuwait,2016,Male,24.06
EMR,Eastern Mediterranean,KWT,Kuwait,2017,Female,86.26
EMR,Eastern Mediterranean,KWT,Kuwait,2017,Female,28.27
EMR,Eastern Mediterranean,KWT,Kuwait,2017,Male,80.38
EMR,Eastern Mediterranean,KWT,Kuwait,2017,Male,23.89
EMR,Eastern Mediterranean,KWT,Kuwait,2018,Female,86.52
EMR,Eastern Mediterranean,KWT,Kuwait,2018,Female,28.47
EMR,Eastern Mediterranean,KWT,Kuwait,2018,Male,80.78
EMR,Eastern Mediterranean,KWT,Kuwait,2018,Male,24.21
EMR,Eastern Mediterranean,KWT,Kuwait,2019,Female,86.43
EMR,Eastern Mediterranean,KWT,Kuwait,2019,Female,28.37
EMR,Eastern Mediterranean,KWT,Kuwait,2019,Male,80.27
EMR,Eastern Mediterranean,KWT,Kuwait,2019,Male,23.77
EMR,Eastern Mediterranean,KWT,Kuwait,2020,Female,83.1
EMR,Eastern Mediterranean,KWT,Kuwait,2020,Female,25.22
EMR,Eastern Mediterranean,KWT,Kuwait,2020,Male,76.52
EMR,Eastern Mediterranean,KWT,Kuwait,2020,Male,20.82
EMR,Eastern Mediterranean,KWT,Kuwait,2021,Female,81.75
EMR,Eastern Mediterranean,KWT,Kuwait,2021,Female,24.0
EMR,Eastern Mediterranean,KWT,Kuwait,2021,Male,77.32
EMR,Eastern Mediterranean,KWT,Kuwait,2021,Male,21.47
EUR,Europe,KGZ,Kyrgyzstan,2000,Female,69.38
EUR,Europe,KGZ,Kyrgyzstan,2000,Female,17.6
EUR,Europe,KGZ,Kyrgyzstan,2000,Male,62.52
EUR,Europe,KGZ,Kyrgyzstan,2000,Male,15.26
EUR,Europe,KGZ,Kyrgyzstan,2001,Female,70.2
EUR,Europe,KGZ,Kyrgyzstan,2001,Female,18.18
EUR,Europe,KGZ,Kyrgyzstan,2001,Male,63.18
EUR,Europe,KGZ,Kyrgyzstan,2001,Male,15.69
EUR,Europe,KGZ,Kyrgyzstan,2002,Female,69.64
EUR,Europe,KGZ,Kyrgyzstan,2002,Female,17.38
EUR,Europe,KGZ,Kyrgyzstan,2002,Male,62.93
EUR,Europe,KGZ,Kyrgyzstan,2002,Male,14.89
EUR,Europe,KGZ,Kyrgyzstan,2003,Female,69.63
EUR,Europe,KGZ,Kyrgyzstan,2003,Female,17.19
EUR,Europe,KGZ,Kyrgyzstan,2003,Male,62.94
EUR,Europe,KGZ,Kyrgyzstan,2003,Male,14.59
EUR,Europe,KGZ,Kyrgyzstan,2004,Female,70.37
EUR,Europe,KGZ,Kyrgyzstan,2004,Female,17.8
EUR,Europe,KGZ,Kyrgyzstan,2004,Male,63.68
EUR,Europe,KGZ,Kyrgyzstan,2004,Male,15.2
EUR,Europe,KGZ,Kyrgyzstan,2005,Female,70.76
EUR,Europe,KGZ,Kyrgyzstan,2005,Female,17.96
EUR,Europe,KGZ,Kyrgyzstan,2005,Male,63.39
EUR,Europe,KGZ,Kyrgyzstan,2005,Male,14.71
EUR,Europe,KGZ,Kyrgyzstan,2006,Female,71.15
EUR,Europe,KGZ,Kyrgyzstan,2006,Female,18.21
EUR,Europe,KGZ,Kyrgyzstan,2006,Male,63.17
EUR,Europe,KGZ,Kyrgyzstan,2006,Male,14.68
EUR,Europe,KGZ,Kyrgyzstan,2007,Female,72.14
EUR,Europe,KGZ,Kyrgyzstan,2007,Female,18.89
EUR,Europe,KGZ,Kyrgyzstan,2007,Male,63.6
EUR,Europe,KGZ,Kyrgyzstan,2007,Male,14.93
EUR,Europe,KGZ,Kyrgyzstan,2008,Female,72.32
EUR,Europe,KGZ,Kyrgyzstan,2008,Female,18.91
EUR,Europe,KGZ,Kyrgyzstan,2008,Male,64.35
EUR,Europe,KGZ,Kyrgyzstan,2008,Male,15.26
EUR,Europe,KGZ,Kyrgyzstan,2009,Female,72.92
EUR,Europe,KGZ,Kyrgyzstan,2009,Female,19.14
EUR,Europe,KGZ,Kyrgyzstan,2009,Male,64.92
EUR,Europe,KGZ,Kyrgyzstan,2009,Male,15.27
EUR,Europe,KGZ,Kyrgyzstan,2010,Female,73.3
EUR,Europe,KGZ,Kyrgyzstan,2010,Female,19.31
EUR,Europe,KGZ,Kyrgyzstan,2010,Male,65.15
EUR,Europe,KGZ,Kyrgyzstan,2010,Male,15.53
EUR,Europe,KGZ,Kyrgyzstan,2011,Female,73.52
EUR,Europe,KGZ,Kyrgyzstan,2011,Female,19.38
EUR,Europe,KGZ,Kyrgyzstan,2011,Male,65.64
EUR,Europe,KGZ,Kyrgyzstan,2011,Male,15.39
EUR,Europe,KGZ,Kyrgyzstan,2012,Female,73.94
EUR,Europe,KGZ,Kyrgyzstan,2012,Female,19.5
EUR,Europe,KGZ,Kyrgyzstan,2012,Male,66.04
EUR,Europe,KGZ,Kyrgyzstan,2012,Male,15.55
EUR,Europe,KGZ,Kyrgyzstan,2013,Female,74.7
EUR,Europe,KGZ,Kyrgyzstan,2013,Female,20.1
EUR,Europe,KGZ,Kyrgyzstan,2013,Male,66.78
EUR,Europe,KGZ,Kyrgyzstan,2013,Male,16.1
EUR,Europe,KGZ,Kyrgyzstan,2014,Female,74.83
EUR,Europe,KGZ,Kyrgyzstan,2014,Female,19.96
EUR,Europe,KGZ,Kyrgyzstan,2014,Male,66.98
EUR,Europe,KGZ,Kyrgyzstan,2014,Male,15.76
EUR,Europe,KGZ,Kyrgyzstan,2015,Female,75.21
EUR,Europe,KGZ,Kyrgyzstan,2015,Female,20.24
EUR,Europe,KGZ,Kyrgyzstan,2015,Male,67.84
EUR,Europe,KGZ,Kyrgyzstan,2015,Male,16.28
EUR,Europe,KGZ,Kyrgyzstan,2016,Female,76.12
EUR,Europe,KGZ,Kyrgyzstan,2016,Female,20.79
EUR,Europe,KGZ,Kyrgyzstan,2016,Male,69.12
EUR,Europe,KGZ,Kyrgyzstan,2016,Male,16.91
EUR,Europe,KGZ,Kyrgyzstan,2017,Female,76.4
EUR,Europe,KGZ,Kyrgyzstan,2017,Female,20.97
EUR,Europe,KGZ,Kyrgyzstan,2017,Male,69.13
EUR,Europe,KGZ,Kyrgyzstan,2017,Male,16.93
EUR,Europe,KGZ,Kyrgyzstan,2018,Female,76.8
EUR,Europe,KGZ,Kyrgyzstan,2018,Female,21.24
EUR,Europe,KGZ,Kyrgyzstan,2018,Male,69.67
EUR,Europe,KGZ,Kyrgyzstan,2018,Male,17.15
EUR,Europe,KGZ,Kyrgyzstan,2019,Female,77.14
EUR,Europe,KGZ,Kyrgyzstan,2019,Female,21.4
EUR,Europe,KGZ,Kyrgyzstan,2019,Male,69.92
EUR,Europe,KGZ,Kyrgyzstan,2019,Male,17.19
EUR,Europe,KGZ,Kyrgyzstan,2020,Female,75.08
EUR,Europe,KGZ,Kyrgyzstan,2020,Female,19.61
EUR,Europe,KGZ,Kyrgyzstan,2020,Male,67.84
EUR,Europe,KGZ,Kyrgyzstan,2020,Male,15.19
EUR,Europe,KGZ,Kyrgyzstan,2021,Female,75.76
EUR,Europe,KGZ,Kyrgyzstan,2021,Female,20.26
EUR,Europe,KGZ,Kyrgyzstan,2021,Male,68.53
EUR,Europe,KGZ,Kyrgyzstan,2021,Male,15.98
WPR,Western Pacific,LAO,Lao People's Democratic Republic,2000,Female,60.18
WPR,Western Pacific,LAO,Lao People's Democratic Republic,2000,Female,15.61
WPR,Western Pacific,LAO,Lao People's Democratic Republic,2000,Male,56.46
WPR,Western Pacific,LAO,Lao People's Democratic Republic,2000,Male,13.78
WPR,Western Pacific,LAO,Lao People's Democratic Republic,2001,Female,60.82
WPR,Western Pacific,LAO,Lao People's Democratic Republic,2001,Female,15.74
WPR,Western Pacific,LAO,Lao People's Democratic Republic,2001,Male,57.04
WPR,Western Pacific,LAO,Lao People's Democratic Republic,2001,Male,13.9
WPR,Western Pacific,LAO,Lao People's Democratic Republic,2002,Female,61.57
WPR,Western Pacific,LAO,Lao People's Democratic Republic,2002,Female,15.98
WPR,Western Pacific,LAO,Lao People's Democratic Republic,2002,Male,57.75
WPR,Western Pacific,LAO,Lao People's Democratic Republic,2002,Male,14.13
WPR,Western Pacific,LAO,Lao People's Democratic Republic,2003,Female,62.25
WPR,Western Pacific,LAO,Lao People's Democratic Republic,2003,Female,16.2
WPR,Western Pacific,LAO,Lao People's Democratic Republic,2003,Male,58.26
WPR,Western Pacific,LAO,Lao People's Democratic Republic,2003,Male,14.28
WPR,Western Pacific,LAO,Lao People's Democratic Republic,2004,Female,62.87
WPR,Western Pacific,LAO,Lao People's Democratic Republic,2004,Female,16.4
WPR,Western Pacific,LAO,Lao People's Democratic Republic,2004,Male,58.75
WPR,Western Pacific,LAO,Lao People's Democratic Republic,2004,Male,14.42
WPR,Western Pacific,LAO,Lao People's Democratic Republic,2005,Female,63.53
WPR,Western Pacific,LAO,Lao People's Democratic Republic,2005,Female,16.59
WPR,Western Pacific,LAO,Lao People's Democratic Republic,2005,Male,59.32
WPR,Western Pacific,LAO,Lao People's Democratic Republic,2005,Male,14.57
WPR,Western Pacific,LAO,Lao People's Democratic Republic,2006,Female,64.24
WPR,Western Pacific,LAO,Lao People's Democratic Republic,2006,Female,16.81
WPR,Western Pacific,LAO,Lao People's Democratic Republic,2006,Male,59.89
WPR,Western Pacific,LAO,Lao People's Democratic Republic,2006,Male,14.71
WPR,Western Pacific,LAO,Lao People's Democratic Republic,2007,Female,64.88
WPR,Western Pacific,LAO,Lao People's Democratic Republic,2007,Female,17.04
WPR,Western Pacific,LAO,Lao People's Democratic Republic,2007,Male,60.49
WPR,Western Pacific,LAO,Lao People's Democratic Republic,2007,Male,14.89
WPR,Western Pacific,LAO,Lao People's Democratic Republic,2008,Female,65.49
WPR,Western Pacific,LAO,Lao People's Democratic Republic,2008,Female,17.24
WPR,Western Pacific,LAO,Lao People's Democratic Republic,2008,Male,61.05
WPR,Western Pacific,LAO,Lao People's Democratic Republic,2008,Male,15.06
WPR,Western Pacific,LAO,Lao People's Democratic Republic,2009,Female,66.14
WPR,Western Pacific,LAO,Lao People's Democratic Republic,2009,Female,17.46
WPR,Western Pacific,LAO,Lao People's Democratic Republic,2009,Male,61.62
WPR,Western Pacific,LAO,Lao People's Democratic Republic,2009,Male,15.24
WPR,Western Pacific,LAO,Lao People's Democratic Republic,2010,Female,66.82
WPR,Western Pacific,LAO,Lao People's Democratic Republic,2010,Female,17.68
WPR,Western Pacific,LAO,Lao People's Democratic Republic,2010,Male,62.2
WPR,Western Pacific,LAO,Lao People's Democratic Republic,2010,Male,15.42
WPR,Western Pacific,LAO,Lao People's Democratic Republic,2011,Female,67.41
WPR,Western Pacific,LAO,Lao People's Democratic Republic,2011,Female,17.86
WPR,Western Pacific,LAO,Lao People's Democratic Republic,2011,Male,62.83
WPR,Western Pacific,LAO,Lao People's Democratic Republic,2011,Male,15.62
WPR,Western Pacific,LAO,Lao People's Democratic Republic,2012,Female,67.9
WPR,Western Pacific,LAO,Lao People's Democratic Republic,2012,Female,17.95
WPR,Western Pacific,LAO,Lao People's Democratic Republic,2012,Male,63.32
WPR,Western Pacific,LAO,Lao People's Democratic Republic,2012,Male,15.74
WPR,Western Pacific,LAO,Lao People's Democratic Republic,2013,Female,68.34
WPR,Western Pacific,LAO,Lao People's Democratic Republic,2013,Female,18.01
WPR,Western Pacific,LAO,Lao People's Democratic Republic,2013,Male,63.76
WPR,Western Pacific,LAO,Lao People's Democratic Republic,2013,Male,15.8
WPR,Western Pacific,LAO,Lao People's Democratic Republic,2014,Female,68.8
WPR,Western Pacific,LAO,Lao People's Democratic Republic,2014,Female,18.08
WPR,Western Pacific,LAO,Lao People's Democratic Republic,2014,Male,64.24
WPR,Western Pacific,LAO,Lao People's Democratic Republic,2014,Male,15.86
WPR,Western Pacific,LAO,Lao People's Democratic Republic,2015,Female,69.26
WPR,Western Pacific,LAO,Lao People's Democratic Republic,2015,Female,18.21
WPR,Western Pacific,LAO,Lao People's Democratic Republic,2015,Male,64.66
WPR,Western Pacific,LAO,Lao People's Democratic Republic,2015,Male,15.94
WPR,Western Pacific,LAO,Lao People's Democratic Republic,2016,Female,69.71
WPR,Western Pacific,LAO,Lao People's Democratic Republic,2016,Female,18.32
WPR,Western Pacific,LAO,Lao People's Democratic Republic,2016,Male,65.12
WPR,Western Pacific,LAO,Lao People's Democratic Republic,2016,Male,16.06
WPR,Western Pacific,LAO,Lao People's Democratic Republic,2017,Female,70.08
WPR,Western Pacific,LAO,Lao People's Democratic Republic,2017,Female,18.43
WPR,Western Pacific,LAO,Lao People's Democratic Republic,2017,Male,65.52
WPR,Western Pacific,LAO,Lao People's Democratic Republic,2017,Male,16.17
WPR,Western Pacific,LAO,Lao People's Democratic Republic,2018,Female,70.39
WPR,Western Pacific,LAO,Lao People's Democratic Republic,2018,Female,18.52
WPR,Western Pacific,LAO,Lao People's Democratic Republic,2018,Male,65.87
WPR,Western Pacific,LAO,Lao People's Democratic Republic,2018,Male,16.27
WPR,Western Pacific,LAO,Lao People's Democratic Republic,2019,Female,70.72
WPR,Western Pacific,LAO,Lao People's Democratic Republic,2019,Female,18.63
WPR,Western Pacific,LAO,Lao People's Democratic Republic,2019,Male,66.14
WPR,Western Pacific,LAO,Lao People's Democratic Republic,2019,Male,16.35
WPR,Western Pacific,LAO,Lao People's Democratic Republic,2020,Female,71.58
WPR,Western Pacific,LAO,Lao People's Democratic Republic,2020,Female,18.94
WPR,Western Pacific,LAO,Lao People's Democratic Republic,2020,Male,66.2
WPR,Western Pacific,LAO,Lao People's Democratic Republic,2020,Male,15.51
WPR,Western Pacific,LAO,Lao People's Democratic Republic,2021,Female,70.51
WPR,Western Pacific,LAO,Lao People's Democratic Republic,2021,Female,18.3
WPR,Western Pacific,LAO,Lao People's Democratic Republic,2021,Male,66.09
WPR,Western Pacific,LAO,Lao People's Democratic Republic,2021,Male,16.06
EUR,Europe,LVA,Latvia,2000,Female,75.63
EUR,Europe,LVA,Latvia,2000,Female,20.64
EUR,Europe,LVA,Latvia,2000,Male,64.62
EUR,Europe,LVA,Latvia,2000,Male,15.06
EUR,Europe,LVA,Latvia,2001,Female,75.31
EUR,Europe,LVA,Latvia,2001,Female,20.45
EUR,Europe,LVA,Latvia,2001,Male,64.19
EUR,Europe,LVA,Latvia,2001,Male,14.99
EUR,Europe,LVA,Latvia,2002,Female,75.7
EUR,Europe,LVA,Latvia,2002,Female,20.59
EUR,Europe,LVA,Latvia,2002,Male,64.43
EUR,Europe,LVA,Latvia,2002,Male,14.97
EUR,Europe,LVA,Latvia,2003,Female,75.54
EUR,Europe,LVA,Latvia,2003,Female,20.45
EUR,Europe,LVA,Latvia,2003,Male,65.35
EUR,Europe,LVA,Latvia,2003,Male,15.15
EUR,Europe,LVA,Latvia,2004,Female,75.92
EUR,Europe,LVA,Latvia,2004,Female,20.7
EUR,Europe,LVA,Latvia,2004,Male,65.51
EUR,Europe,LVA,Latvia,2004,Male,15.07
EUR,Europe,LVA,Latvia,2005,Female,76.11
EUR,Europe,LVA,Latvia,2005,Female,20.78
EUR,Europe,LVA,Latvia,2005,Male,64.82
EUR,Europe,LVA,Latvia,2005,Male,14.73
EUR,Europe,LVA,Latvia,2006,Female,75.9
EUR,Europe,LVA,Latvia,2006,Female,20.77
EUR,Europe,LVA,Latvia,2006,Male,64.8
EUR,Europe,LVA,Latvia,2006,Male,14.87
EUR,Europe,LVA,Latvia,2007,Female,76.2
EUR,Europe,LVA,Latvia,2007,Female,20.83
EUR,Europe,LVA,Latvia,2007,Male,65.23
EUR,Europe,LVA,Latvia,2007,Male,15.08
EUR,Europe,LVA,Latvia,2008,Female,77.1
EUR,Europe,LVA,Latvia,2008,Female,21.41
EUR,Europe,LVA,Latvia,2008,Male,66.4
EUR,Europe,LVA,Latvia,2008,Male,15.43
EUR,Europe,LVA,Latvia,2009,Female,77.55
EUR,Europe,LVA,Latvia,2009,Female,21.7
EUR,Europe,LVA,Latvia,2009,Male,67.47
EUR,Europe,LVA,Latvia,2009,Male,15.87
EUR,Europe,LVA,Latvia,2010,Female,77.75
EUR,Europe,LVA,Latvia,2010,Female,21.7
EUR,Europe,LVA,Latvia,2010,Male,67.71
EUR,Europe,LVA,Latvia,2010,Male,15.82
EUR,Europe,LVA,Latvia,2011,Female,78.43
EUR,Europe,LVA,Latvia,2011,Female,22.28
EUR,Europe,LVA,Latvia,2011,Male,68.55
EUR,Europe,LVA,Latvia,2011,Male,16.25
EUR,Europe,LVA,Latvia,2012,Female,78.62
EUR,Europe,LVA,Latvia,2012,Female,22.16
EUR,Europe,LVA,Latvia,2012,Male,68.79
EUR,Europe,LVA,Latvia,2012,Male,16.4
EUR,Europe,LVA,Latvia,2013,Female,78.62
EUR,Europe,LVA,Latvia,2013,Female,22.36
EUR,Europe,LVA,Latvia,2013,Male,69.27
EUR,Europe,LVA,Latvia,2013,Male,16.74
EUR,Europe,LVA,Latvia,2014,Female,79.3
EUR,Europe,LVA,Latvia,2014,Female,22.8
EUR,Europe,LVA,Latvia,2014,Male,69.27
EUR,Europe,LVA,Latvia,2014,Male,16.7
EUR,Europe,LVA,Latvia,2015,Female,79.33
EUR,Europe,LVA,Latvia,2015,Female,22.65
EUR,Europe,LVA,Latvia,2015,Male,69.96
EUR,Europe,LVA,Latvia,2015,Male,17.14
EUR,Europe,LVA,Latvia,2016,Female,79.54
EUR,Europe,LVA,Latvia,2016,Female,22.86
EUR,Europe,LVA,Latvia,2016,Male,70.04
EUR,Europe,LVA,Latvia,2016,Male,16.99
EUR,Europe,LVA,Latvia,2017,Female,79.53
EUR,Europe,LVA,Latvia,2017,Female,22.84
EUR,Europe,LVA,Latvia,2017,Male,70.1
EUR,Europe,LVA,Latvia,2017,Male,17.02
EUR,Europe,LVA,Latvia,2018,Female,79.54
EUR,Europe,LVA,Latvia,2018,Female,22.83
EUR,Europe,LVA,Latvia,2018,Male,70.28
EUR,Europe,LVA,Latvia,2018,Male,17.15
EUR,Europe,LVA,Latvia,2019,Female,79.97
EUR,Europe,LVA,Latvia,2019,Female,23.26
EUR,Europe,LVA,Latvia,2019,Male,71.05
EUR,Europe,LVA,Latvia,2019,Male,17.44
EUR,Europe,LVA,Latvia,2020,Female,79.86
EUR,Europe,LVA,Latvia,2020,Female,22.91
EUR,Europe,LVA,Latvia,2020,Male,70.85
EUR,Europe,LVA,Latvia,2020,Male,17.17
EUR,Europe,LVA,Latvia,2021,Female,77.9
EUR,Europe,LVA,Latvia,2021,Female,21.37
EUR,Europe,LVA,Latvia,2021,Male,68.5
EUR,Europe,LVA,Latvia,2021,Male,15.7
EMR,Eastern Mediterranean,LBN,Lebanon,2000,Female,77.0
EMR,Eastern Mediterranean,LBN,Lebanon,2000,Female,21.37
EMR,Eastern Mediterranean,LBN,Lebanon,2000,Male,74.3
EMR,Eastern Mediterranean,LBN,Lebanon,2000,Male,19.93
EMR,Eastern Mediterranean,LBN,Lebanon,2001,Female,77.41
EMR,Eastern Mediterranean,LBN,Lebanon,2001,Female,21.57
EMR,Eastern Mediterranean,LBN,Lebanon,2001,Male,74.77
EMR,Eastern Mediterranean,LBN,Lebanon,2001,Male,20.11
EMR,Eastern Mediterranean,LBN,Lebanon,2002,Female,77.83
EMR,Eastern Mediterranean,LBN,Lebanon,2002,Female,21.81
EMR,Eastern Mediterranean,LBN,Lebanon,2002,Male,75.13
EMR,Eastern Mediterranean,LBN,Lebanon,2002,Male,20.3
EMR,Eastern Mediterranean,LBN,Lebanon,2003,Female,78.04
EMR,Eastern Mediterranean,LBN,Lebanon,2003,Female,21.91
EMR,Eastern Mediterranean,LBN,Lebanon,2003,Male,75.42
EMR,Eastern Mediterranean,LBN,Lebanon,2003,Male,20.45
EMR,Eastern Mediterranean,LBN,Lebanon,2004,Female,78.55
EMR,Eastern Mediterranean,LBN,Lebanon,2004,Female,22.22
EMR,Eastern Mediterranean,LBN,Lebanon,2004,Male,75.47
EMR,Eastern Mediterranean,LBN,Lebanon,2004,Male,20.39
EMR,Eastern Mediterranean,LBN,Lebanon,2005,Female,78.74
EMR,Eastern Mediterranean,LBN,Lebanon,2005,Female,22.32
EMR,Eastern Mediterranean,LBN,Lebanon,2005,Male,75.42
EMR,Eastern Mediterranean,LBN,Lebanon,2005,Male,20.31
EMR,Eastern Mediterranean,LBN,Lebanon,2006,Female,78.82
EMR,Eastern Mediterranean,LBN,Lebanon,2006,Female,22.43
EMR,Eastern Mediterranean,LBN,Lebanon,2006,Male,74.62
EMR,Eastern Mediterranean,LBN,Lebanon,2006,Male,20.22
EMR,Eastern Mediterranean,LBN,Lebanon,2007,Female,79.25
EMR,Eastern Mediterranean,LBN,Lebanon,2007,Female,22.61
EMR,Eastern Mediterranean,LBN,Lebanon,2007,Male,75.47
EMR,Eastern Mediterranean,LBN,Lebanon,2007,Male,20.24
EMR,Eastern Mediterranean,LBN,Lebanon,2008,Female,79.48
EMR,Eastern Mediterranean,LBN,Lebanon,2008,Female,22.78
EMR,Eastern Mediterranean,LBN,Lebanon,2008,Male,75.37
EMR,Eastern Mediterranean,LBN,Lebanon,2008,Male,20.23
EMR,Eastern Mediterranean,LBN,Lebanon,2009,Female,79.79
EMR,Eastern Mediterranean,LBN,Lebanon,2009,Female,23.0
EMR,Eastern Mediterranean,LBN,Lebanon,2009,Male,75.57
EMR,Eastern Mediterranean,LBN,Lebanon,2009,Male,20.27
EMR,Eastern Mediterranean,LBN,Lebanon,2010,Female,80.05
EMR,Eastern Mediterranean,LBN,Lebanon,2010,Female,23.2
EMR,Eastern Mediterranean,LBN,Lebanon,2010,Male,75.67
EMR,Eastern Mediterranean,LBN,Lebanon,2010,Male,20.35
EMR,Eastern Mediterranean,LBN,Lebanon,2011,Female,80.1
EMR,Eastern Mediterranean,LBN,Lebanon,2011,Female,23.23
EMR,Eastern Mediterranean,LBN,Lebanon,2011,Male,75.63
EMR,Eastern Mediterranean,LBN,Lebanon,2011,Male,20.25
EMR,Eastern Mediterranean,LBN,Lebanon,2012,Female,80.27
EMR,Eastern Mediterranean,LBN,Lebanon,2012,Female,23.38
EMR,Eastern Mediterranean,LBN,Lebanon,2012,Male,75.63
EMR,Eastern Mediterranean,LBN,Lebanon,2012,Male,20.28
EMR,Eastern Mediterranean,LBN,Lebanon,2013,Female,80.5
EMR,Eastern Mediterranean,LBN,Lebanon,2013,Female,23.55
EMR,Eastern Mediterranean,LBN,Lebanon,2013,Male,75.63
EMR,Eastern Mediterranean,LBN,Lebanon,2013,Male,20.3
EMR,Eastern Mediterranean,LBN,Lebanon,2014,Female,80.63
EMR,Eastern Mediterranean,LBN,Lebanon,2014,Female,23.69
EMR,Eastern Mediterranean,LBN,Lebanon,2014,Male,75.63
EMR,Eastern Mediterranean,LBN,Lebanon,2014,Male,20.39
EMR,Eastern Mediterranean,LBN,Lebanon,2015,Female,80.8
EMR,Eastern Mediterranean,LBN,Lebanon,2015,Female,23.89
EMR,Eastern Mediterranean,LBN,Lebanon,2015,Male,75.88
EMR,Eastern Mediterranean,LBN,Lebanon,2015,Male,20.6
EMR,Eastern Mediterranean,LBN,Lebanon,2016,Female,81.09
EMR,Eastern Mediterranean,LBN,Lebanon,2016,Female,24.17
EMR,Eastern Mediterranean,LBN,Lebanon,2016,Male,76.35
EMR,Eastern Mediterranean,LBN,Lebanon,2016,Male,20.94
EMR,Eastern Mediterranean,LBN,Lebanon,2017,Female,81.32
EMR,Eastern Mediterranean,LBN,Lebanon,2017,Female,24.42
EMR,Eastern Mediterranean,LBN,Lebanon,2017,Male,76.55
EMR,Eastern Mediterranean,LBN,Lebanon,2017,Male,21.26
EMR,Eastern Mediterranean,LBN,Lebanon,2018,Female,81.51
EMR,Eastern Mediterranean,LBN,Lebanon,2018,Female,24.6
EMR,Eastern Mediterranean,LBN,Lebanon,2018,Male,77.04
EMR,Eastern Mediterranean,LBN,Lebanon,2018,Male,21.47
EMR,Eastern Mediterranean,LBN,Lebanon,2019,Female,81.47
EMR,Eastern Mediterranean,LBN,Lebanon,2019,Female,24.66
EMR,Eastern Mediterranean,LBN,Lebanon,2019,Male,76.92
EMR,Eastern Mediterranean,LBN,Lebanon,2019,Male,21.46
EMR,Eastern Mediterranean,LBN,Lebanon,2020,Female,80.39
EMR,Eastern Mediterranean,LBN,Lebanon,2020,Female,24.06
EMR,Eastern Mediterranean,LBN,Lebanon,2020,Male,74.88
EMR,Eastern Mediterranean,LBN,Lebanon,2020,Male,20.2
EMR,Eastern Mediterranean,LBN,Lebanon,2021,Female,77.5
EMR,Eastern Mediterranean,LBN,Lebanon,2021,Female,21.49
EMR,Eastern Mediterranean,LBN,Lebanon,2021,Male,71.25
EMR,Eastern Mediterranean,LBN,Lebanon,2021,Male,17.17
AFR,Africa,LSO,Lesotho,2000,Female,49.94
AFR,Africa,LSO,Lesotho,2000,Female,15.59
AFR,Africa,LSO,Lesotho,2000,Male,45.23
AFR,Africa,LSO,Lesotho,2000,Male,10.78
AFR,Africa,LSO,Lesotho,2001,Female,51.05
AFR,Africa,LSO,Lesotho,2001,Female,15.55
AFR,Africa,LSO,Lesotho,2001,Male,45.39
AFR,Africa,LSO,Lesotho,2001,Male,10.78
AFR,Africa,LSO,Lesotho,2002,Female,51.13
AFR,Africa,LSO,Lesotho,2002,Female,15.33
AFR,Africa,LSO,Lesotho,2002,Male,45.07
AFR,Africa,LSO,Lesotho,2002,Male,10.68
AFR,Africa,LSO,Lesotho,2003,Female,48.06
AFR,Africa,LSO,Lesotho,2003,Female,14.49
AFR,Africa,LSO,Lesotho,2003,Male,43.57
AFR,Africa,LSO,Lesotho,2003,Male,10.36
AFR,Africa,LSO,Lesotho,2004,Female,45.61
AFR,Africa,LSO,Lesotho,2004,Female,13.85
AFR,Africa,LSO,Lesotho,2004,Male,42.23
AFR,Africa,LSO,Lesotho,2004,Male,9.93
AFR,Africa,LSO,Lesotho,2005,Female,44.04
AFR,Africa,LSO,Lesotho,2005,Female,13.35
AFR,Africa,LSO,Lesotho,2005,Male,41.43
AFR,Africa,LSO,Lesotho,2005,Male,9.66
AFR,Africa,LSO,Lesotho,2006,Female,43.54
AFR,Africa,LSO,Lesotho,2006,Female,13.14
AFR,Africa,LSO,Lesotho,2006,Male,41.35
AFR,Africa,LSO,Lesotho,2006,Male,9.54
AFR,Africa,LSO,Lesotho,2007,Female,45.3
AFR,Africa,LSO,Lesotho,2007,Female,13.3
AFR,Africa,LSO,Lesotho,2007,Male,42.58
AFR,Africa,LSO,Lesotho,2007,Male,9.71
AFR,Africa,LSO,Lesotho,2008,Female,47.89
AFR,Africa,LSO,Lesotho,2008,Female,13.58
AFR,Africa,LSO,Lesotho,2008,Male,44.07
AFR,Africa,LSO,Lesotho,2008,Male,10.0
AFR,Africa,LSO,Lesotho,2009,Female,49.96
AFR,Africa,LSO,Lesotho,2009,Female,13.83
AFR,Africa,LSO,Lesotho,2009,Male,45.13
AFR,Africa,LSO,Lesotho,2009,Male,10.16
AFR,Africa,LSO,Lesotho,2010,Female,51.7
AFR,Africa,LSO,Lesotho,2010,Female,13.93
AFR,Africa,LSO,Lesotho,2010,Male,45.8
AFR,Africa,LSO,Lesotho,2010,Male,10.18
AFR,Africa,LSO,Lesotho,2011,Female,52.35
AFR,Africa,LSO,Lesotho,2011,Female,14.03
AFR,Africa,LSO,Lesotho,2011,Male,46.25
AFR,Africa,LSO,Lesotho,2011,Male,10.24
AFR,Africa,LSO,Lesotho,2012,Female,52.06
AFR,Africa,LSO,Lesotho,2012,Female,13.9
AFR,Africa,LSO,Lesotho,2012,Male,46.32
AFR,Africa,LSO,Lesotho,2012,Male,10.25
AFR,Africa,LSO,Lesotho,2013,Female,52.02
AFR,Africa,LSO,Lesotho,2013,Female,13.82
AFR,Africa,LSO,Lesotho,2013,Male,46.25
AFR,Africa,LSO,Lesotho,2013,Male,10.25
AFR,Africa,LSO,Lesotho,2014,Female,51.69
AFR,Africa,LSO,Lesotho,2014,Female,13.7
AFR,Africa,LSO,Lesotho,2014,Male,46.03
AFR,Africa,LSO,Lesotho,2014,Male,10.16
AFR,Africa,LSO,Lesotho,2015,Female,51.7
AFR,Africa,LSO,Lesotho,2015,Female,13.61
AFR,Africa,LSO,Lesotho,2015,Male,46.29
AFR,Africa,LSO,Lesotho,2015,Male,10.15
AFR,Africa,LSO,Lesotho,2016,Female,52.79
AFR,Africa,LSO,Lesotho,2016,Female,13.78
AFR,Africa,LSO,Lesotho,2016,Male,47.38
AFR,Africa,LSO,Lesotho,2016,Male,10.37
AFR,Africa,LSO,Lesotho,2017,Female,54.02
AFR,Africa,LSO,Lesotho,2017,Female,14.07
AFR,Africa,LSO,Lesotho,2017,Male,48.37
AFR,Africa,LSO,Lesotho,2017,Male,10.63
AFR,Africa,LSO,Lesotho,2018,Female,54.77
AFR,Africa,LSO,Lesotho,2018,Female,14.27
AFR,Africa,LSO,Lesotho,2018,Male,48.75
AFR,Africa,LSO,Lesotho,2018,Male,10.75
AFR,Africa,LSO,Lesotho,2019,Female,54.91
AFR,Africa,LSO,Lesotho,2019,Female,14.33
AFR,Africa,LSO,Lesotho,2019,Male,48.96
AFR,Africa,LSO,Lesotho,2019,Male,10.8
AFR,Africa,LSO,Lesotho,2020,Female,55.14
AFR,Africa,LSO,Lesotho,2020,Female,14.66
AFR,Africa,LSO,Lesotho,2020,Male,48.94
AFR,Africa,LSO,Lesotho,2020,Male,10.7
AFR,Africa,LSO,Lesotho,2021,Female,54.6
AFR,Africa,LSO,Lesotho,2021,Female,13.67
AFR,Africa,LSO,Lesotho,2021,Male,48.73
AFR,Africa,LSO,Lesotho,2021,Male,10.1
AFR,Africa,LBR,Liberia,2000,Female,53.98
AFR,Africa,LBR,Liberia,2000,Female,15.62
AFR,Africa,LBR,Liberia,2000,Male,52.58
AFR,Africa,LBR,Liberia,2000,Male,15.27
AFR,Africa,LBR,Liberia,2001,Female,54.74
AFR,Africa,LBR,Liberia,2001,Female,15.77
AFR,Africa,LBR,Liberia,2001,Male,53.14
AFR,Africa,LBR,Liberia,2001,Male,15.44
AFR,Africa,LBR,Liberia,2002,Female,55.11
AFR,Africa,LBR,Liberia,2002,Female,15.82
AFR,Africa,LBR,Liberia,2002,Male,52.26
AFR,Africa,LBR,Liberia,2002,Male,15.5
AFR,Africa,LBR,Liberia,2003,Female,55.4
AFR,Africa,LBR,Liberia,2003,Female,15.85
AFR,Africa,LBR,Liberia,2003,Male,51.9
AFR,Africa,LBR,Liberia,2003,Male,15.58
AFR,Africa,LBR,Liberia,2004,Female,56.86
AFR,Africa,LBR,Liberia,2004,Female,15.95
AFR,Africa,LBR,Liberia,2004,Male,56.05
AFR,Africa,LBR,Liberia,2004,Male,15.9
AFR,Africa,LBR,Liberia,2005,Female,57.9
AFR,Africa,LBR,Liberia,2005,Female,16.06
AFR,Africa,LBR,Liberia,2005,Male,57.25
AFR,Africa,LBR,Liberia,2005,Male,16.07
AFR,Africa,LBR,Liberia,2006,Female,58.93
AFR,Africa,LBR,Liberia,2006,Female,16.19
AFR,Africa,LBR,Liberia,2006,Male,58.21
AFR,Africa,LBR,Liberia,2006,Male,16.14
AFR,Africa,LBR,Liberia,2007,Female,59.69
AFR,Africa,LBR,Liberia,2007,Female,16.28
AFR,Africa,LBR,Liberia,2007,Male,58.95
AFR,Africa,LBR,Liberia,2007,Male,16.2
AFR,Africa,LBR,Liberia,2008,Female,60.1
AFR,Africa,LBR,Liberia,2008,Female,16.27
AFR,Africa,LBR,Liberia,2008,Male,59.43
AFR,Africa,LBR,Liberia,2008,Male,16.27
AFR,Africa,LBR,Liberia,2009,Female,60.41
AFR,Africa,LBR,Liberia,2009,Female,16.21
AFR,Africa,LBR,Liberia,2009,Male,59.71
AFR,Africa,LBR,Liberia,2009,Male,16.22
AFR,Africa,LBR,Liberia,2010,Female,60.78
AFR,Africa,LBR,Liberia,2010,Female,16.24
AFR,Africa,LBR,Liberia,2010,Male,59.95
AFR,Africa,LBR,Liberia,2010,Male,16.17
AFR,Africa,LBR,Liberia,2011,Female,61.23
AFR,Africa,LBR,Liberia,2011,Female,16.35
AFR,Africa,LBR,Liberia,2011,Male,60.25
AFR,Africa,LBR,Liberia,2011,Male,16.19
AFR,Africa,LBR,Liberia,2012,Female,61.58
AFR,Africa,LBR,Liberia,2012,Female,16.47
AFR,Africa,LBR,Liberia,2012,Male,60.59
AFR,Africa,LBR,Liberia,2012,Male,16.32
AFR,Africa,LBR,Liberia,2013,Female,61.93
AFR,Africa,LBR,Liberia,2013,Female,16.58
AFR,Africa,LBR,Liberia,2013,Male,60.85
AFR,Africa,LBR,Liberia,2013,Male,16.47
AFR,Africa,LBR,Liberia,2014,Female,58.23
AFR,Africa,LBR,Liberia,2014,Female,15.84
AFR,Africa,LBR,Liberia,2014,Male,58.02
AFR,Africa,LBR,Liberia,2014,Male,16.04
AFR,Africa,LBR,Liberia,2015,Female,60.71
AFR,Africa,LBR,Liberia,2015,Female,16.38
AFR,Africa,LBR,Liberia,2015,Male,60.06
AFR,Africa,LBR,Liberia,2015,Male,16.41
AFR,Africa,LBR,Liberia,2016,Female,62.77
AFR,Africa,LBR,Liberia,2016,Female,16.81
AFR,Africa,LBR,Liberia,2016,Male,61.66
AFR,Africa,LBR,Liberia,2016,Male,16.73
AFR,Africa,LBR,Liberia,2017,Female,63.32
AFR,Africa,LBR,Liberia,2017,Female,16.96
AFR,Africa,LBR,Liberia,2017,Male,61.94
AFR,Africa,LBR,Liberia,2017,Male,16.83
AFR,Africa,LBR,Liberia,2018,Female,63.85
AFR,Africa,LBR,Liberia,2018,Female,17.08
AFR,Africa,LBR,Liberia,2018,Male,62.33
AFR,Africa,LBR,Liberia,2018,Male,16.92
AFR,Africa,LBR,Liberia,2019,Female,64.2
AFR,Africa,LBR,Liberia,2019,Female,17.11
AFR,Africa,LBR,Liberia,2019,Male,62.68
AFR,Africa,LBR,Liberia,2019,Male,16.96
AFR,Africa,LBR,Liberia,2020,Female,64.42
AFR,Africa,LBR,Liberia,2020,Female,16.92
AFR,Africa,LBR,Liberia,2020,Male,62.47
AFR,Africa,LBR,Liberia,2020,Male,16.15
AFR,Africa,LBR,Liberia,2021,Female,64.27
AFR,Africa,LBR,Liberia,2021,Female,16.85
AFR,Africa,LBR,Liberia,2021,Male,62.64
AFR,Africa,LBR,Liberia,2021,Male,16.64
EMR,Eastern Mediterranean,LBY,Libya,2000,Female,75.89
EMR,Eastern Mediterranean,LBY,Libya,2000,Female,21.85
EMR,Eastern Mediterranean,LBY,Libya,2000,Male,72.37
EMR,Eastern Mediterranean,LBY,Libya,2000,Male,19.98
EMR,Eastern Mediterranean,LBY,Libya,2001,Female,75.81
EMR,Eastern Mediterranean,LBY,Libya,2001,Female,21.66
EMR,Eastern Mediterranean,LBY,Libya,2001,Male,71.86
EMR,Eastern Mediterranean,LBY,Libya,2001,Male,19.36
EMR,Eastern Mediterranean,LBY,Libya,2002,Female,75.76
EMR,Eastern Mediterranean,LBY,Libya,2002,Female,21.51
EMR,Eastern Mediterranean,LBY,Libya,2002,Male,71.36
EMR,Eastern Mediterranean,LBY,Libya,2002,Male,18.81
EMR,Eastern Mediterranean,LBY,Libya,2003,Female,75.9
EMR,Eastern Mediterranean,LBY,Libya,2003,Female,21.53
EMR,Eastern Mediterranean,LBY,Libya,2003,Male,71.35
EMR,Eastern Mediterranean,LBY,Libya,2003,Male,18.73
EMR,Eastern Mediterranean,LBY,Libya,2004,Female,75.84
EMR,Eastern Mediterranean,LBY,Libya,2004,Female,21.29
EMR,Eastern Mediterranean,LBY,Libya,2004,Male,72.0
EMR,Eastern Mediterranean,LBY,Libya,2004,Male,19.35
EMR,Eastern Mediterranean,LBY,Libya,2005,Female,75.71
EMR,Eastern Mediterranean,LBY,Libya,2005,Female,20.99
EMR,Eastern Mediterranean,LBY,Libya,2005,Male,72.37
EMR,Eastern Mediterranean,LBY,Libya,2005,Male,19.65
EMR,Eastern Mediterranean,LBY,Libya,2006,Female,76.04
EMR,Eastern Mediterranean,LBY,Libya,2006,Female,21.21
EMR,Eastern Mediterranean,LBY,Libya,2006,Male,73.18
EMR,Eastern Mediterranean,LBY,Libya,2006,Male,20.38
EMR,Eastern Mediterranean,LBY,Libya,2007,Female,75.98
EMR,Eastern Mediterranean,LBY,Libya,2007,Female,21.15
EMR,Eastern Mediterranean,LBY,Libya,2007,Male,73.03
EMR,Eastern Mediterranean,LBY,Libya,2007,Male,20.13
EMR,Eastern Mediterranean,LBY,Libya,2008,Female,75.82
EMR,Eastern Mediterranean,LBY,Libya,2008,Female,20.89
EMR,Eastern Mediterranean,LBY,Libya,2008,Male,72.62
EMR,Eastern Mediterranean,LBY,Libya,2008,Male,19.59
EMR,Eastern Mediterranean,LBY,Libya,2009,Female,75.59
EMR,Eastern Mediterranean,LBY,Libya,2009,Female,20.64
EMR,Eastern Mediterranean,LBY,Libya,2009,Male,72.71
EMR,Eastern Mediterranean,LBY,Libya,2009,Male,19.49
EMR,Eastern Mediterranean,LBY,Libya,2010,Female,75.47
EMR,Eastern Mediterranean,LBY,Libya,2010,Female,20.45
EMR,Eastern Mediterranean,LBY,Libya,2010,Male,72.78
EMR,Eastern Mediterranean,LBY,Libya,2010,Male,19.56
EMR,Eastern Mediterranean,LBY,Libya,2011,Female,74.02
EMR,Eastern Mediterranean,LBY,Libya,2011,Female,20.17
EMR,Eastern Mediterranean,LBY,Libya,2011,Male,69.04
EMR,Eastern Mediterranean,LBY,Libya,2011,Male,19.32
EMR,Eastern Mediterranean,LBY,Libya,2012,Female,75.54
EMR,Eastern Mediterranean,LBY,Libya,2012,Female,20.55
EMR,Eastern Mediterranean,LBY,Libya,2012,Male,72.36
EMR,Eastern Mediterranean,LBY,Libya,2012,Male,19.57
EMR,Eastern Mediterranean,LBY,Libya,2013,Female,75.68
EMR,Eastern Mediterranean,LBY,Libya,2013,Female,20.59
EMR,Eastern Mediterranean,LBY,Libya,2013,Male,72.79
EMR,Eastern Mediterranean,LBY,Libya,2013,Male,19.56
EMR,Eastern Mediterranean,LBY,Libya,2014,Female,75.12
EMR,Eastern Mediterranean,LBY,Libya,2014,Female,20.42
EMR,Eastern Mediterranean,LBY,Libya,2014,Male,70.25
EMR,Eastern Mediterranean,LBY,Libya,2014,Male,19.32
EMR,Eastern Mediterranean,LBY,Libya,2015,Female,75.26
EMR,Eastern Mediterranean,LBY,Libya,2015,Female,20.54
EMR,Eastern Mediterranean,LBY,Libya,2015,Male,70.21
EMR,Eastern Mediterranean,LBY,Libya,2015,Male,19.18
EMR,Eastern Mediterranean,LBY,Libya,2016,Female,75.18
EMR,Eastern Mediterranean,LBY,Libya,2016,Female,20.43
EMR,Eastern Mediterranean,LBY,Libya,2016,Male,70.24
EMR,Eastern Mediterranean,LBY,Libya,2016,Male,19.03
EMR,Eastern Mediterranean,LBY,Libya,2017,Female,75.36
EMR,Eastern Mediterranean,LBY,Libya,2017,Female,20.45
EMR,Eastern Mediterranean,LBY,Libya,2017,Male,71.04
EMR,Eastern Mediterranean,LBY,Libya,2017,Male,19.0
EMR,Eastern Mediterranean,LBY,Libya,2018,Female,75.6
EMR,Eastern Mediterranean,LBY,Libya,2018,Female,20.54
EMR,Eastern Mediterranean,LBY,Libya,2018,Male,71.54
EMR,Eastern Mediterranean,LBY,Libya,2018,Male,19.06
EMR,Eastern Mediterranean,LBY,Libya,2019,Female,75.7
EMR,Eastern Mediterranean,LBY,Libya,2019,Female,20.63
EMR,Eastern Mediterranean,LBY,Libya,2019,Male,71.47
EMR,Eastern Mediterranean,LBY,Libya,2019,Male,19.1
EMR,Eastern Mediterranean,LBY,Libya,2020,Female,75.04
EMR,Eastern Mediterranean,LBY,Libya,2020,Female,19.94
EMR,Eastern Mediterranean,LBY,Libya,2020,Male,70.37
EMR,Eastern Mediterranean,LBY,Libya,2020,Male,17.62
EMR,Eastern Mediterranean,LBY,Libya,2021,Female,74.21
EMR,Eastern Mediterranean,LBY,Libya,2021,Female,19.28
EMR,Eastern Mediterranean,LBY,Libya,2021,Male,70.23
EMR,Eastern Mediterranean,LBY,Libya,2021,Male,17.32
EUR,Europe,LTU,Lithuania,2000,Female,77.27
EUR,Europe,LTU,Lithuania,2000,Female,21.66
EUR,Europe,LTU,Lithuania,2000,Male,66.59
EUR,Europe,LTU,Lithuania,2000,Male,16.45
EUR,Europe,LTU,Lithuania,2001,Female,77.11
EUR,Europe,LTU,Lithuania,2001,Female,21.67
EUR,Europe,LTU,Lithuania,2001,Male,65.88
EUR,Europe,LTU,Lithuania,2001,Male,16.18
EUR,Europe,LTU,Lithuania,2002,Female,77.24
EUR,Europe,LTU,Lithuania,2002,Female,21.54
EUR,Europe,LTU,Lithuania,2002,Male,66.09
EUR,Europe,LTU,Lithuania,2002,Male,16.08
EUR,Europe,LTU,Lithuania,2003,Female,77.43
EUR,Europe,LTU,Lithuania,2003,Female,21.84
EUR,Europe,LTU,Lithuania,2003,Male,66.22
EUR,Europe,LTU,Lithuania,2003,Male,16.17
EUR,Europe,LTU,Lithuania,2004,Female,77.56
EUR,Europe,LTU,Lithuania,2004,Female,21.81
EUR,Europe,LTU,Lithuania,2004,Male,66.18
EUR,Europe,LTU,Lithuania,2004,Male,16.24
EUR,Europe,LTU,Lithuania,2005,Female,77.17
EUR,Europe,LTU,Lithuania,2005,Female,21.68
EUR,Europe,LTU,Lithuania,2005,Male,65.18
EUR,Europe,LTU,Lithuania,2005,Male,15.77
EUR,Europe,LTU,Lithuania,2006,Female,76.95
EUR,Europe,LTU,Lithuania,2006,Female,21.6
EUR,Europe,LTU,Lithuania,2006,Male,65.01
EUR,Europe,LTU,Lithuania,2006,Male,15.67
EUR,Europe,LTU,Lithuania,2007,Female,77.11
EUR,Europe,LTU,Lithuania,2007,Female,21.83
EUR,Europe,LTU,Lithuania,2007,Male,64.4
EUR,Europe,LTU,Lithuania,2007,Male,15.51
EUR,Europe,LTU,Lithuania,2008,Female,77.44
EUR,Europe,LTU,Lithuania,2008,Female,22.06
EUR,Europe,LTU,Lithuania,2008,Male,65.87
EUR,Europe,LTU,Lithuania,2008,Male,16.13
EUR,Europe,LTU,Lithuania,2009,Female,78.39
EUR,Europe,LTU,Lithuania,2009,Female,22.39
EUR,Europe,LTU,Lithuania,2009,Male,67.12
EUR,Europe,LTU,Lithuania,2009,Male,16.22
EUR,Europe,LTU,Lithuania,2010,Female,78.65
EUR,Europe,LTU,Lithuania,2010,Female,22.49
EUR,Europe,LTU,Lithuania,2010,Male,67.45
EUR,Europe,LTU,Lithuania,2010,Male,16.37
EUR,Europe,LTU,Lithuania,2011,Female,79.0
EUR,Europe,LTU,Lithuania,2011,Female,22.83
EUR,Europe,LTU,Lithuania,2011,Male,68.01
EUR,Europe,LTU,Lithuania,2011,Male,16.59
EUR,Europe,LTU,Lithuania,2012,Female,79.28
EUR,Europe,LTU,Lithuania,2012,Female,22.97
EUR,Europe,LTU,Lithuania,2012,Male,68.31
EUR,Europe,LTU,Lithuania,2012,Male,16.74
EUR,Europe,LTU,Lithuania,2013,Female,79.24
EUR,Europe,LTU,Lithuania,2013,Female,22.9
EUR,Europe,LTU,Lithuania,2013,Male,68.41
EUR,Europe,LTU,Lithuania,2013,Male,16.87
EUR,Europe,LTU,Lithuania,2014,Female,79.83
EUR,Europe,LTU,Lithuania,2014,Female,23.24
EUR,Europe,LTU,Lithuania,2014,Male,69.05
EUR,Europe,LTU,Lithuania,2014,Male,17.14
EUR,Europe,LTU,Lithuania,2015,Female,79.53
EUR,Europe,LTU,Lithuania,2015,Female,22.95
EUR,Europe,LTU,Lithuania,2015,Male,69.11
EUR,Europe,LTU,Lithuania,2015,Male,16.89
EUR,Europe,LTU,Lithuania,2016,Female,79.91
EUR,Europe,LTU,Lithuania,2016,Female,23.16
EUR,Europe,LTU,Lithuania,2016,Male,69.41
EUR,Europe,LTU,Lithuania,2016,Male,17.04
EUR,Europe,LTU,Lithuania,2017,Female,80.13
EUR,Europe,LTU,Lithuania,2017,Female,23.32
EUR,Europe,LTU,Lithuania,2017,Male,70.63
EUR,Europe,LTU,Lithuania,2017,Male,17.43
EUR,Europe,LTU,Lithuania,2018,Female,80.43
EUR,Europe,LTU,Lithuania,2018,Female,23.51
EUR,Europe,LTU,Lithuania,2018,Male,70.88
EUR,Europe,LTU,Lithuania,2018,Male,17.54
EUR,Europe,LTU,Lithuania,2019,Female,80.82
EUR,Europe,LTU,Lithuania,2019,Female,23.8
EUR,Europe,LTU,Lithuania,2019,Male,71.45
EUR,Europe,LTU,Lithuania,2019,Male,17.87
EUR,Europe,LTU,Lithuania,2020,Female,79.77
EUR,Europe,LTU,Lithuania,2020,Female,22.93
EUR,Europe,LTU,Lithuania,2020,Male,69.98
EUR,Europe,LTU,Lithuania,2020,Male,16.65
EUR,Europe,LTU,Lithuania,2021,Female,78.65
EUR,Europe,LTU,Lithuania,2021,Female,21.93
EUR,Europe,LTU,Lithuania,2021,Male,69.59
EUR,Europe,LTU,Lithuania,2021,Male,16.39
EUR,Europe,LUX,Luxembourg,2000,Female,81.28
EUR,Europe,LUX,Luxembourg,2000,Female,23.84
EUR,Europe,LUX,Luxembourg,2000,Male,75.36
EUR,Europe,LUX,Luxembourg,2000,Male,19.5
EUR,Europe,LUX,Luxembourg,2001,Female,81.44
EUR,Europe,LUX,Luxembourg,2001,Female,23.9
EUR,Europe,LUX,Luxembourg,2001,Male,75.61
EUR,Europe,LUX,Luxembourg,2001,Male,19.68
EUR,Europe,LUX,Luxembourg,2002,Female,81.55
EUR,Europe,LUX,Luxembourg,2002,Female,23.91
EUR,Europe,LUX,Luxembourg,2002,Male,75.89
EUR,Europe,LUX,Luxembourg,2002,Male,19.87
EUR,Europe,LUX,Luxembourg,2003,Female,81.71
EUR,Europe,LUX,Luxembourg,2003,Female,23.99
EUR,Europe,LUX,Luxembourg,2003,Male,76.19
EUR,Europe,LUX,Luxembourg,2003,Male,20.1
EUR,Europe,LUX,Luxembourg,2004,Female,81.85
EUR,Europe,LUX,Luxembourg,2004,Female,24.05
EUR,Europe,LUX,Luxembourg,2004,Male,76.51
EUR,Europe,LUX,Luxembourg,2004,Male,20.3
EUR,Europe,LUX,Luxembourg,2005,Female,82.07
EUR,Europe,LUX,Luxembourg,2005,Female,24.24
EUR,Europe,LUX,Luxembourg,2005,Male,76.92
EUR,Europe,LUX,Luxembourg,2005,Male,20.57
EUR,Europe,LUX,Luxembourg,2006,Female,82.29
EUR,Europe,LUX,Luxembourg,2006,Female,24.42
EUR,Europe,LUX,Luxembourg,2006,Male,77.37
EUR,Europe,LUX,Luxembourg,2006,Male,20.85
EUR,Europe,LUX,Luxembourg,2007,Female,82.55
EUR,Europe,LUX,Luxembourg,2007,Female,24.66
EUR,Europe,LUX,Luxembourg,2007,Male,77.81
EUR,Europe,LUX,Luxembourg,2007,Male,21.14
EUR,Europe,LUX,Luxembourg,2008,Female,82.79
EUR,Europe,LUX,Luxembourg,2008,Female,24.87
EUR,Europe,LUX,Luxembourg,2008,Male,78.16
EUR,Europe,LUX,Luxembourg,2008,Male,21.34
EUR,Europe,LUX,Luxembourg,2009,Female,83.14
EUR,Europe,LUX,Luxembourg,2009,Female,25.19
EUR,Europe,LUX,Luxembourg,2009,Male,78.52
EUR,Europe,LUX,Luxembourg,2009,Male,21.59
EUR,Europe,LUX,Luxembourg,2010,Female,83.31
EUR,Europe,LUX,Luxembourg,2010,Female,25.33
EUR,Europe,LUX,Luxembourg,2010,Male,78.87
EUR,Europe,LUX,Luxembourg,2010,Male,21.83
EUR,Europe,LUX,Luxembourg,2011,Female,83.48
EUR,Europe,LUX,Luxembourg,2011,Female,25.45
EUR,Europe,LUX,Luxembourg,2011,Male,79.17
EUR,Europe,LUX,Luxembourg,2011,Male,22.04
EUR,Europe,LUX,Luxembourg,2012,Female,83.57
EUR,Europe,LUX,Luxembourg,2012,Female,25.48
EUR,Europe,LUX,Luxembourg,2012,Male,79.45
EUR,Europe,LUX,Luxembourg,2012,Male,22.24
EUR,Europe,LUX,Luxembourg,2013,Female,83.89
EUR,Europe,LUX,Luxembourg,2013,Female,25.69
EUR,Europe,LUX,Luxembourg,2013,Male,79.78
EUR,Europe,LUX,Luxembourg,2013,Male,22.49
EUR,Europe,LUX,Luxembourg,2014,Female,84.13
EUR,Europe,LUX,Luxembourg,2014,Female,25.84
EUR,Europe,LUX,Luxembourg,2014,Male,80.11
EUR,Europe,LUX,Luxembourg,2014,Male,22.74
EUR,Europe,LUX,Luxembourg,2015,Female,84.35
EUR,Europe,LUX,Luxembourg,2015,Female,25.97
EUR,Europe,LUX,Luxembourg,2015,Male,80.36
EUR,Europe,LUX,Luxembourg,2015,Male,22.89
EUR,Europe,LUX,Luxembourg,2016,Female,84.49
EUR,Europe,LUX,Luxembourg,2016,Female,26.04
EUR,Europe,LUX,Luxembourg,2016,Male,80.56
EUR,Europe,LUX,Luxembourg,2016,Male,23.0
EUR,Europe,LUX,Luxembourg,2017,Female,84.62
EUR,Europe,LUX,Luxembourg,2017,Female,26.12
EUR,Europe,LUX,Luxembourg,2017,Male,80.74
EUR,Europe,LUX,Luxembourg,2017,Male,23.12
EUR,Europe,LUX,Luxembourg,2018,Female,84.69
EUR,Europe,LUX,Luxembourg,2018,Female,26.18
EUR,Europe,LUX,Luxembourg,2018,Male,80.9
EUR,Europe,LUX,Luxembourg,2018,Male,23.24
EUR,Europe,LUX,Luxembourg,2019,Female,84.74
EUR,Europe,LUX,Luxembourg,2019,Female,26.22
EUR,Europe,LUX,Luxembourg,2019,Male,80.83
EUR,Europe,LUX,Luxembourg,2019,Male,23.13
EUR,Europe,LUX,Luxembourg,2020,Female,84.79
EUR,Europe,LUX,Luxembourg,2020,Female,26.27
EUR,Europe,LUX,Luxembourg,2020,Male,80.85
EUR,Europe,LUX,Luxembourg,2020,Male,23.16
EUR,Europe,LUX,Luxembourg,2021,Female,84.79
EUR,Europe,LUX,Luxembourg,2021,Female,26.28
EUR,Europe,LUX,Luxembourg,2021,Male,80.77
EUR,Europe,LUX,Luxembourg,2021,Male,23.09
AFR,Africa,MDG,Madagascar,2000,Female,59.79
AFR,Africa,MDG,Madagascar,2000,Female,15.42
AFR,Africa,MDG,Madagascar,2000,Male,57.71
AFR,Africa,MDG,Madagascar,2000,Male,14.51
AFR,Africa,MDG,Madagascar,2001,Female,60.32
AFR,Africa,MDG,Madagascar,2001,Female,15.53
AFR,Africa,MDG,Madagascar,2001,Male,58.21
AFR,Africa,MDG,Madagascar,2001,Male,14.62
AFR,Africa,MDG,Madagascar,2002,Female,60.45
AFR,Africa,MDG,Madagascar,2002,Female,15.41
AFR,Africa,MDG,Madagascar,2002,Male,58.43
AFR,Africa,MDG,Madagascar,2002,Male,14.59
AFR,Africa,MDG,Madagascar,2003,Female,60.83
AFR,Africa,MDG,Madagascar,2003,Female,15.44
AFR,Africa,MDG,Madagascar,2003,Male,58.65
AFR,Africa,MDG,Madagascar,2003,Male,14.51
AFR,Africa,MDG,Madagascar,2004,Female,61.17
AFR,Africa,MDG,Madagascar,2004,Female,15.49
AFR,Africa,MDG,Madagascar,2004,Male,59.08
AFR,Africa,MDG,Madagascar,2004,Male,14.61
AFR,Africa,MDG,Madagascar,2005,Female,61.83
AFR,Africa,MDG,Madagascar,2005,Female,15.72
AFR,Africa,MDG,Madagascar,2005,Male,59.55
AFR,Africa,MDG,Madagascar,2005,Male,14.74
AFR,Africa,MDG,Madagascar,2006,Female,62.36
AFR,Africa,MDG,Madagascar,2006,Female,15.89
AFR,Africa,MDG,Madagascar,2006,Male,60.05
AFR,Africa,MDG,Madagascar,2006,Male,14.9
AFR,Africa,MDG,Madagascar,2007,Female,62.8
AFR,Africa,MDG,Madagascar,2007,Female,16.03
AFR,Africa,MDG,Madagascar,2007,Male,60.56
AFR,Africa,MDG,Madagascar,2007,Male,15.09
AFR,Africa,MDG,Madagascar,2008,Female,63.13
AFR,Africa,MDG,Madagascar,2008,Female,16.09
AFR,Africa,MDG,Madagascar,2008,Male,60.93
AFR,Africa,MDG,Madagascar,2008,Male,15.17
AFR,Africa,MDG,Madagascar,2009,Female,63.37
AFR,Africa,MDG,Madagascar,2009,Female,16.12
AFR,Africa,MDG,Madagascar,2009,Male,61.15
AFR,Africa,MDG,Madagascar,2009,Male,15.21
AFR,Africa,MDG,Madagascar,2010,Female,63.63
AFR,Africa,MDG,Madagascar,2010,Female,16.16
AFR,Africa,MDG,Madagascar,2010,Male,61.44
AFR,Africa,MDG,Madagascar,2010,Male,15.27
AFR,Africa,MDG,Madagascar,2011,Female,63.85
AFR,Africa,MDG,Madagascar,2011,Female,16.21
AFR,Africa,MDG,Madagascar,2011,Male,61.69
AFR,Africa,MDG,Madagascar,2011,Male,15.34
AFR,Africa,MDG,Madagascar,2012,Female,64.03
AFR,Africa,MDG,Madagascar,2012,Female,16.26
AFR,Africa,MDG,Madagascar,2012,Male,61.9
AFR,Africa,MDG,Madagascar,2012,Male,15.42
AFR,Africa,MDG,Madagascar,2013,Female,64.19
AFR,Africa,MDG,Madagascar,2013,Female,16.3
AFR,Africa,MDG,Madagascar,2013,Male,62.06
AFR,Africa,MDG,Madagascar,2013,Male,15.49
AFR,Africa,MDG,Madagascar,2014,Female,64.3
AFR,Africa,MDG,Madagascar,2014,Female,16.33
AFR,Africa,MDG,Madagascar,2014,Male,62.17
AFR,Africa,MDG,Madagascar,2014,Male,15.53
AFR,Africa,MDG,Madagascar,2015,Female,64.41
AFR,Africa,MDG,Madagascar,2015,Female,16.35
AFR,Africa,MDG,Madagascar,2015,Male,62.33
AFR,Africa,MDG,Madagascar,2015,Male,15.59
AFR,Africa,MDG,Madagascar,2016,Female,64.5
AFR,Africa,MDG,Madagascar,2016,Female,16.41
AFR,Africa,MDG,Madagascar,2016,Male,62.45
AFR,Africa,MDG,Madagascar,2016,Male,15.67
AFR,Africa,MDG,Madagascar,2017,Female,64.6
AFR,Africa,MDG,Madagascar,2017,Female,16.46
AFR,Africa,MDG,Madagascar,2017,Male,62.57
AFR,Africa,MDG,Madagascar,2017,Male,15.75
AFR,Africa,MDG,Madagascar,2018,Female,64.72
AFR,Africa,MDG,Madagascar,2018,Female,16.52
AFR,Africa,MDG,Madagascar,2018,Male,62.72
AFR,Africa,MDG,Madagascar,2018,Male,15.83
AFR,Africa,MDG,Madagascar,2019,Female,64.82
AFR,Africa,MDG,Madagascar,2019,Female,16.57
AFR,Africa,MDG,Madagascar,2019,Male,62.83
AFR,Africa,MDG,Madagascar,2019,Male,15.9
AFR,Africa,MDG,Madagascar,2020,Female,64.29
AFR,Africa,MDG,Madagascar,2020,Female,16.02
AFR,Africa,MDG,Madagascar,2020,Male,61.89
AFR,Africa,MDG,Madagascar,2020,Male,14.81
AFR,Africa,MDG,Madagascar,2021,Female,64.03
AFR,Africa,MDG,Madagascar,2021,Female,16.0
AFR,Africa,MDG,Madagascar,2021,Male,61.86
AFR,Africa,MDG,Madagascar,2021,Male,15.26
AFR,Africa,MWI,Malawi,2000,Female,45.35
AFR,Africa,MWI,Malawi,2000,Female,14.47
AFR,Africa,MWI,Malawi,2000,Male,44.05
AFR,Africa,MWI,Malawi,2000,Male,11.72
AFR,Africa,MWI,Malawi,2001,Female,46.07
AFR,Africa,MWI,Malawi,2001,Female,14.58
AFR,Africa,MWI,Malawi,2001,Male,44.8
AFR,Africa,MWI,Malawi,2001,Male,11.78
AFR,Africa,MWI,Malawi,2002,Female,46.89
AFR,Africa,MWI,Malawi,2002,Female,14.66
AFR,Africa,MWI,Malawi,2002,Male,45.65
AFR,Africa,MWI,Malawi,2002,Male,11.83
AFR,Africa,MWI,Malawi,2003,Female,47.74
AFR,Africa,MWI,Malawi,2003,Female,14.7
AFR,Africa,MWI,Malawi,2003,Male,46.58
AFR,Africa,MWI,Malawi,2003,Male,11.9
AFR,Africa,MWI,Malawi,2004,Female,48.74
AFR,Africa,MWI,Malawi,2004,Female,14.77
AFR,Africa,MWI,Malawi,2004,Male,47.4
AFR,Africa,MWI,Malawi,2004,Male,11.92
AFR,Africa,MWI,Malawi,2005,Female,50.25
AFR,Africa,MWI,Malawi,2005,Female,15.03
AFR,Africa,MWI,Malawi,2005,Male,48.47
AFR,Africa,MWI,Malawi,2005,Male,12.06
AFR,Africa,MWI,Malawi,2006,Female,52.15
AFR,Africa,MWI,Malawi,2006,Female,15.35
AFR,Africa,MWI,Malawi,2006,Male,49.71
AFR,Africa,MWI,Malawi,2006,Male,12.26
AFR,Africa,MWI,Malawi,2007,Female,54.15
AFR,Africa,MWI,Malawi,2007,Female,15.66
AFR,Africa,MWI,Malawi,2007,Male,50.97
AFR,Africa,MWI,Malawi,2007,Male,12.48
AFR,Africa,MWI,Malawi,2008,Female,56.18
AFR,Africa,MWI,Malawi,2008,Female,15.91
AFR,Africa,MWI,Malawi,2008,Male,52.39
AFR,Africa,MWI,Malawi,2008,Male,12.71
AFR,Africa,MWI,Malawi,2009,Female,57.86
AFR,Africa,MWI,Malawi,2009,Female,16.18
AFR,Africa,MWI,Malawi,2009,Male,53.66
AFR,Africa,MWI,Malawi,2009,Male,12.93
AFR,Africa,MWI,Malawi,2010,Female,59.15
AFR,Africa,MWI,Malawi,2010,Female,16.44
AFR,Africa,MWI,Malawi,2010,Male,54.67
AFR,Africa,MWI,Malawi,2010,Male,13.13
AFR,Africa,MWI,Malawi,2011,Female,60.59
AFR,Africa,MWI,Malawi,2011,Female,16.75
AFR,Africa,MWI,Malawi,2011,Male,55.72
AFR,Africa,MWI,Malawi,2011,Male,13.34
AFR,Africa,MWI,Malawi,2012,Female,62.13
AFR,Africa,MWI,Malawi,2012,Female,17.03
AFR,Africa,MWI,Malawi,2012,Male,56.81
AFR,Africa,MWI,Malawi,2012,Male,13.56
AFR,Africa,MWI,Malawi,2013,Female,63.46
AFR,Africa,MWI,Malawi,2013,Female,17.23
AFR,Africa,MWI,Malawi,2013,Male,57.77
AFR,Africa,MWI,Malawi,2013,Male,13.73
AFR,Africa,MWI,Malawi,2014,Female,64.37
AFR,Africa,MWI,Malawi,2014,Female,17.39
AFR,Africa,MWI,Malawi,2014,Male,58.44
AFR,Africa,MWI,Malawi,2014,Male,13.86
AFR,Africa,MWI,Malawi,2015,Female,64.87
AFR,Africa,MWI,Malawi,2015,Female,17.43
AFR,Africa,MWI,Malawi,2015,Male,58.89
AFR,Africa,MWI,Malawi,2015,Male,13.94
AFR,Africa,MWI,Malawi,2016,Female,65.24
AFR,Africa,MWI,Malawi,2016,Female,17.46
AFR,Africa,MWI,Malawi,2016,Male,59.24
AFR,Africa,MWI,Malawi,2016,Male,13.99
AFR,Africa,MWI,Malawi,2017,Female,65.55
AFR,Africa,MWI,Malawi,2017,Female,17.45
AFR,Africa,MWI,Malawi,2017,Male,59.63
AFR,Africa,MWI,Malawi,2017,Male,14.05
AFR,Africa,MWI,Malawi,2018,Female,65.82
AFR,Africa,MWI,Malawi,2018,Female,17.41
AFR,Africa,MWI,Malawi,2018,Male,60.06
AFR,Africa,MWI,Malawi,2018,Male,14.11
AFR,Africa,MWI,Malawi,2019,Female,66.05
AFR,Africa,MWI,Malawi,2019,Female,17.44
AFR,Africa,MWI,Malawi,2019,Male,60.43
AFR,Africa,MWI,Malawi,2019,Male,14.19
AFR,Africa,MWI,Malawi,2020,Female,66.29
AFR,Africa,MWI,Malawi,2020,Female,17.31
AFR,Africa,MWI,Malawi,2020,Male,60.67
AFR,Africa,MWI,Malawi,2020,Male,13.71
AFR,Africa,MWI,Malawi,2021,Female,65.27
AFR,Africa,MWI,Malawi,2021,Female,16.77
AFR,Africa,MWI,Malawi,2021,Male,59.72
AFR,Africa,MWI,Malawi,2021,Male,13.61
WPR,Western Pacific,MYS,Malaysia,2000,Female,75.48
WPR,Western Pacific,MYS,Malaysia,2000,Female,19.39
WPR,Western Pacific,MYS,Malaysia,2000,Male,70.7
WPR,Western Pacific,MYS,Malaysia,2000,Male,17.23
WPR,Western Pacific,MYS,Malaysia,2001,Female,75.9
WPR,Western Pacific,MYS,Malaysia,2001,Female,19.63
WPR,Western Pacific,MYS,Malaysia,2001,Male,71.28
WPR,Western Pacific,MYS,Malaysia,2001,Male,17.57
WPR,Western Pacific,MYS,Malaysia,2002,Female,76.01
WPR,Western Pacific,MYS,Malaysia,2002,Female,19.65
WPR,Western Pacific,MYS,Malaysia,2002,Male,71.69
WPR,Western Pacific,MYS,Malaysia,2002,Male,17.74
WPR,Western Pacific,MYS,Malaysia,2003,Female,75.95
WPR,Western Pacific,MYS,Malaysia,2003,Female,19.55
WPR,Western Pacific,MYS,Malaysia,2003,Male,71.46
WPR,Western Pacific,MYS,Malaysia,2003,Male,17.53
WPR,Western Pacific,MYS,Malaysia,2004,Female,76.16
WPR,Western Pacific,MYS,Malaysia,2004,Female,19.7
WPR,Western Pacific,MYS,Malaysia,2004,Male,71.66
WPR,Western Pacific,MYS,Malaysia,2004,Male,17.65
WPR,Western Pacific,MYS,Malaysia,2005,Female,76.29
WPR,Western Pacific,MYS,Malaysia,2005,Female,19.79
WPR,Western Pacific,MYS,Malaysia,2005,Male,72.01
WPR,Western Pacific,MYS,Malaysia,2005,Male,17.93
WPR,Western Pacific,MYS,Malaysia,2006,Female,76.45
WPR,Western Pacific,MYS,Malaysia,2006,Female,19.92
WPR,Western Pacific,MYS,Malaysia,2006,Male,72.35
WPR,Western Pacific,MYS,Malaysia,2006,Male,18.23
WPR,Western Pacific,MYS,Malaysia,2007,Female,76.59
WPR,Western Pacific,MYS,Malaysia,2007,Female,20.02
WPR,Western Pacific,MYS,Malaysia,2007,Male,72.49
WPR,Western Pacific,MYS,Malaysia,2007,Male,18.34
WPR,Western Pacific,MYS,Malaysia,2008,Female,76.47
WPR,Western Pacific,MYS,Malaysia,2008,Female,19.91
WPR,Western Pacific,MYS,Malaysia,2008,Male,72.16
WPR,Western Pacific,MYS,Malaysia,2008,Male,18.15
WPR,Western Pacific,MYS,Malaysia,2009,Female,76.31
WPR,Western Pacific,MYS,Malaysia,2009,Female,19.82
WPR,Western Pacific,MYS,Malaysia,2009,Male,71.98
WPR,Western Pacific,MYS,Malaysia,2009,Male,18.09
WPR,Western Pacific,MYS,Malaysia,2010,Female,76.24
WPR,Western Pacific,MYS,Malaysia,2010,Female,19.79
WPR,Western Pacific,MYS,Malaysia,2010,Male,72.07
WPR,Western Pacific,MYS,Malaysia,2010,Male,18.16
WPR,Western Pacific,MYS,Malaysia,2011,Female,76.44
WPR,Western Pacific,MYS,Malaysia,2011,Female,20.0
WPR,Western Pacific,MYS,Malaysia,2011,Male,72.28
WPR,Western Pacific,MYS,Malaysia,2011,Male,18.34
WPR,Western Pacific,MYS,Malaysia,2012,Female,76.74
WPR,Western Pacific,MYS,Malaysia,2012,Female,20.28
WPR,Western Pacific,MYS,Malaysia,2012,Male,72.76
WPR,Western Pacific,MYS,Malaysia,2012,Male,18.78
WPR,Western Pacific,MYS,Malaysia,2013,Female,76.74
WPR,Western Pacific,MYS,Malaysia,2013,Female,20.31
WPR,Western Pacific,MYS,Malaysia,2013,Male,73.06
WPR,Western Pacific,MYS,Malaysia,2013,Male,19.14
WPR,Western Pacific,MYS,Malaysia,2014,Female,76.72
WPR,Western Pacific,MYS,Malaysia,2014,Female,20.31
WPR,Western Pacific,MYS,Malaysia,2014,Male,72.94
WPR,Western Pacific,MYS,Malaysia,2014,Male,19.08
WPR,Western Pacific,MYS,Malaysia,2015,Female,76.44
WPR,Western Pacific,MYS,Malaysia,2015,Female,20.2
WPR,Western Pacific,MYS,Malaysia,2015,Male,72.49
WPR,Western Pacific,MYS,Malaysia,2015,Male,18.84
WPR,Western Pacific,MYS,Malaysia,2016,Female,76.66
WPR,Western Pacific,MYS,Malaysia,2016,Female,20.43
WPR,Western Pacific,MYS,Malaysia,2016,Male,72.58
WPR,Western Pacific,MYS,Malaysia,2016,Male,18.99
WPR,Western Pacific,MYS,Malaysia,2017,Female,76.49
WPR,Western Pacific,MYS,Malaysia,2017,Female,20.33
WPR,Western Pacific,MYS,Malaysia,2017,Male,72.68
WPR,Western Pacific,MYS,Malaysia,2017,Male,19.06
WPR,Western Pacific,MYS,Malaysia,2018,Female,76.81
WPR,Western Pacific,MYS,Malaysia,2018,Female,20.61
WPR,Western Pacific,MYS,Malaysia,2018,Male,72.61
WPR,Western Pacific,MYS,Malaysia,2018,Male,18.98
WPR,Western Pacific,MYS,Malaysia,2019,Female,76.99
WPR,Western Pacific,MYS,Malaysia,2019,Female,20.79
WPR,Western Pacific,MYS,Malaysia,2019,Male,72.71
WPR,Western Pacific,MYS,Malaysia,2019,Male,18.97
WPR,Western Pacific,MYS,Malaysia,2020,Female,78.61
WPR,Western Pacific,MYS,Malaysia,2020,Female,22.11
WPR,Western Pacific,MYS,Malaysia,2020,Male,75.5
WPR,Western Pacific,MYS,Malaysia,2020,Male,21.36
WPR,Western Pacific,MYS,Malaysia,2021,Female,75.32
WPR,Western Pacific,MYS,Malaysia,2021,Female,19.47
WPR,Western Pacific,MYS,Malaysia,2021,Male,70.64
WPR,Western Pacific,MYS,Malaysia,2021,Male,17.35
SEAR,South-East Asia,MDV,Maldives,2000,Female,70.67
SEAR,South-East Asia,MDV,Maldives,2000,Female,17.23
SEAR,South-East Asia,MDV,Maldives,2000,Male,69.06
SEAR,South-East Asia,MDV,Maldives,2000,Male,16.92
SEAR,South-East Asia,MDV,Maldives,2001,Female,71.62
SEAR,South-East Asia,MDV,Maldives,2001,Female,17.64
SEAR,South-East Asia,MDV,Maldives,2001,Male,69.49
SEAR,South-East Asia,MDV,Maldives,2001,Male,16.81
SEAR,South-East Asia,MDV,Maldives,2002,Female,72.38
SEAR,South-East Asia,MDV,Maldives,2002,Female,17.82
SEAR,South-East Asia,MDV,Maldives,2002,Male,69.98
SEAR,South-East Asia,MDV,Maldives,2002,Male,16.79
SEAR,South-East Asia,MDV,Maldives,2003,Female,73.04
SEAR,South-East Asia,MDV,Maldives,2003,Female,18.05
SEAR,South-East Asia,MDV,Maldives,2003,Male,70.45
SEAR,South-East Asia,MDV,Maldives,2003,Male,16.81
SEAR,South-East Asia,MDV,Maldives,2004,Female,72.64
SEAR,South-East Asia,MDV,Maldives,2004,Female,18.04
SEAR,South-East Asia,MDV,Maldives,2004,Male,70.3
SEAR,South-East Asia,MDV,Maldives,2004,Male,16.65
SEAR,South-East Asia,MDV,Maldives,2005,Female,74.55
SEAR,South-East Asia,MDV,Maldives,2005,Female,18.74
SEAR,South-East Asia,MDV,Maldives,2005,Male,71.5
SEAR,South-East Asia,MDV,Maldives,2005,Male,16.97
SEAR,South-East Asia,MDV,Maldives,2006,Female,75.1
SEAR,South-East Asia,MDV,Maldives,2006,Female,18.96
SEAR,South-East Asia,MDV,Maldives,2006,Male,71.96
SEAR,South-East Asia,MDV,Maldives,2006,Male,17.07
SEAR,South-East Asia,MDV,Maldives,2007,Female,75.53
SEAR,South-East Asia,MDV,Maldives,2007,Female,19.17
SEAR,South-East Asia,MDV,Maldives,2007,Male,72.25
SEAR,South-East Asia,MDV,Maldives,2007,Male,17.18
SEAR,South-East Asia,MDV,Maldives,2008,Female,76.0
SEAR,South-East Asia,MDV,Maldives,2008,Female,19.49
SEAR,South-East Asia,MDV,Maldives,2008,Male,72.59
SEAR,South-East Asia,MDV,Maldives,2008,Male,17.33
SEAR,South-East Asia,MDV,Maldives,2009,Female,76.36
SEAR,South-East Asia,MDV,Maldives,2009,Female,19.7
SEAR,South-East Asia,MDV,Maldives,2009,Male,72.92
SEAR,South-East Asia,MDV,Maldives,2009,Male,17.54
SEAR,South-East Asia,MDV,Maldives,2010,Female,76.63
SEAR,South-East Asia,MDV,Maldives,2010,Female,19.81
SEAR,South-East Asia,MDV,Maldives,2010,Male,73.24
SEAR,South-East Asia,MDV,Maldives,2010,Male,17.69
SEAR,South-East Asia,MDV,Maldives,2011,Female,77.02
SEAR,South-East Asia,MDV,Maldives,2011,Female,20.04
SEAR,South-East Asia,MDV,Maldives,2011,Male,73.61
SEAR,South-East Asia,MDV,Maldives,2011,Male,17.91
SEAR,South-East Asia,MDV,Maldives,2012,Female,77.89
SEAR,South-East Asia,MDV,Maldives,2012,Female,20.77
SEAR,South-East Asia,MDV,Maldives,2012,Male,74.27
SEAR,South-East Asia,MDV,Maldives,2012,Male,18.47
SEAR,South-East Asia,MDV,Maldives,2013,Female,78.23
SEAR,South-East Asia,MDV,Maldives,2013,Female,20.96
SEAR,South-East Asia,MDV,Maldives,2013,Male,74.79
SEAR,South-East Asia,MDV,Maldives,2013,Male,18.84
SEAR,South-East Asia,MDV,Maldives,2014,Female,78.79
SEAR,South-East Asia,MDV,Maldives,2014,Female,21.35
SEAR,South-East Asia,MDV,Maldives,2014,Male,75.27
SEAR,South-East Asia,MDV,Maldives,2014,Male,19.2
SEAR,South-East Asia,MDV,Maldives,2015,Female,79.22
SEAR,South-East Asia,MDV,Maldives,2015,Female,21.67
SEAR,South-East Asia,MDV,Maldives,2015,Male,75.74
SEAR,South-East Asia,MDV,Maldives,2015,Male,19.54
SEAR,South-East Asia,MDV,Maldives,2016,Female,79.86
SEAR,South-East Asia,MDV,Maldives,2016,Female,22.16
SEAR,South-East Asia,MDV,Maldives,2016,Male,76.11
SEAR,South-East Asia,MDV,Maldives,2016,Male,19.82
SEAR,South-East Asia,MDV,Maldives,2017,Female,80.23
SEAR,South-East Asia,MDV,Maldives,2017,Female,22.44
SEAR,South-East Asia,MDV,Maldives,2017,Male,76.64
SEAR,South-East Asia,MDV,Maldives,2017,Male,20.18
SEAR,South-East Asia,MDV,Maldives,2018,Female,80.69
SEAR,South-East Asia,MDV,Maldives,2018,Female,22.76
SEAR,South-East Asia,MDV,Maldives,2018,Male,77.21
SEAR,South-East Asia,MDV,Maldives,2018,Male,20.52
SEAR,South-East Asia,MDV,Maldives,2019,Female,76.86
SEAR,South-East Asia,MDV,Maldives,2019,Female,18.64
SEAR,South-East Asia,MDV,Maldives,2019,Male,74.41
SEAR,South-East Asia,MDV,Maldives,2019,Male,17.32
SEAR,South-East Asia,MDV,Maldives,2020,Female,77.93
SEAR,South-East Asia,MDV,Maldives,2020,Female,19.77
SEAR,South-East Asia,MDV,Maldives,2020,Male,74.92
SEAR,South-East Asia,MDV,Maldives,2020,Male,17.74
SEAR,South-East Asia,MDV,Maldives,2021,Female,76.59
SEAR,South-East Asia,MDV,Maldives,2021,Female,18.39
SEAR,South-East Asia,MDV,Maldives,2021,Male,74.51
SEAR,South-East Asia,MDV,Maldives,2021,Male,17.25
AFR,Africa,MLI,Mali,2000,Female,52.92
AFR,Africa,MLI,Mali,2000,Female,15.41
AFR,Africa,MLI,Mali,2000,Male,53.26
AFR,Africa,MLI,Mali,2000,Male,16.35
AFR,Africa,MLI,Mali,2001,Female,53.47
AFR,Africa,MLI,Mali,2001,Female,15.52
AFR,Africa,MLI,Mali,2001,Male,53.83
AFR,Africa,MLI,Mali,2001,Male,16.45
AFR,Africa,MLI,Mali,2002,Female,54.05
AFR,Africa,MLI,Mali,2002,Female,15.64
AFR,Africa,MLI,Mali,2002,Male,54.33
AFR,Africa,MLI,Mali,2002,Male,16.49
AFR,Africa,MLI,Mali,2003,Female,54.73
AFR,Africa,MLI,Mali,2003,Female,15.8
AFR,Africa,MLI,Mali,2003,Male,55.01
AFR,Africa,MLI,Mali,2003,Male,16.56
AFR,Africa,MLI,Mali,2004,Female,55.5
AFR,Africa,MLI,Mali,2004,Female,15.97
AFR,Africa,MLI,Mali,2004,Male,55.92
AFR,Africa,MLI,Mali,2004,Male,16.61
AFR,Africa,MLI,Mali,2005,Female,56.12
AFR,Africa,MLI,Mali,2005,Female,16.1
AFR,Africa,MLI,Mali,2005,Male,56.43
AFR,Africa,MLI,Mali,2005,Male,16.65
AFR,Africa,MLI,Mali,2006,Female,56.72
AFR,Africa,MLI,Mali,2006,Female,16.19
AFR,Africa,MLI,Mali,2006,Male,56.85
AFR,Africa,MLI,Mali,2006,Male,16.68
AFR,Africa,MLI,Mali,2007,Female,57.38
AFR,Africa,MLI,Mali,2007,Female,16.28
AFR,Africa,MLI,Mali,2007,Male,57.32
AFR,Africa,MLI,Mali,2007,Male,16.64
AFR,Africa,MLI,Mali,2008,Female,57.91
AFR,Africa,MLI,Mali,2008,Female,16.34
AFR,Africa,MLI,Mali,2008,Male,57.68
AFR,Africa,MLI,Mali,2008,Male,16.6
AFR,Africa,MLI,Mali,2009,Female,58.48
AFR,Africa,MLI,Mali,2009,Female,16.47
AFR,Africa,MLI,Mali,2009,Male,58.09
AFR,Africa,MLI,Mali,2009,Male,16.63
AFR,Africa,MLI,Mali,2010,Female,58.9
AFR,Africa,MLI,Mali,2010,Female,16.53
AFR,Africa,MLI,Mali,2010,Male,58.4
AFR,Africa,MLI,Mali,2010,Male,16.62
AFR,Africa,MLI,Mali,2011,Female,59.38
AFR,Africa,MLI,Mali,2011,Female,16.6
AFR,Africa,MLI,Mali,2011,Male,58.73
AFR,Africa,MLI,Mali,2011,Male,16.65
AFR,Africa,MLI,Mali,2012,Female,59.72
AFR,Africa,MLI,Mali,2012,Female,16.62
AFR,Africa,MLI,Mali,2012,Male,58.84
AFR,Africa,MLI,Mali,2012,Male,16.64
AFR,Africa,MLI,Mali,2013,Female,59.92
AFR,Africa,MLI,Mali,2013,Female,16.63
AFR,Africa,MLI,Mali,2013,Male,58.86
AFR,Africa,MLI,Mali,2013,Male,16.59
AFR,Africa,MLI,Mali,2014,Female,60.27
AFR,Africa,MLI,Mali,2014,Female,16.7
AFR,Africa,MLI,Mali,2014,Male,59.3
AFR,Africa,MLI,Mali,2014,Male,16.61
AFR,Africa,MLI,Mali,2015,Female,60.63
AFR,Africa,MLI,Mali,2015,Female,16.77
AFR,Africa,MLI,Mali,2015,Male,59.62
AFR,Africa,MLI,Mali,2015,Male,16.66
AFR,Africa,MLI,Mali,2016,Female,61.09
AFR,Africa,MLI,Mali,2016,Female,16.9
AFR,Africa,MLI,Mali,2016,Male,60.19
AFR,Africa,MLI,Mali,2016,Male,16.8
AFR,Africa,MLI,Mali,2017,Female,61.49
AFR,Africa,MLI,Mali,2017,Female,17.0
AFR,Africa,MLI,Mali,2017,Male,60.57
AFR,Africa,MLI,Mali,2017,Male,16.94
AFR,Africa,MLI,Mali,2018,Female,61.88
AFR,Africa,MLI,Mali,2018,Female,17.09
AFR,Africa,MLI,Mali,2018,Male,60.77
AFR,Africa,MLI,Mali,2018,Male,17.04
AFR,Africa,MLI,Mali,2019,Female,62.41
AFR,Africa,MLI,Mali,2019,Female,17.2
AFR,Africa,MLI,Mali,2019,Male,61.28
AFR,Africa,MLI,Mali,2019,Male,17.15
AFR,Africa,MLI,Mali,2020,Female,62.26
AFR,Africa,MLI,Mali,2020,Female,16.63
AFR,Africa,MLI,Mali,2020,Male,60.68
AFR,Africa,MLI,Mali,2020,Male,15.89
AFR,Africa,MLI,Mali,2021,Female,62.29
AFR,Africa,MLI,Mali,2021,Female,16.63
AFR,Africa,MLI,Mali,2021,Male,61.08
AFR,Africa,MLI,Mali,2021,Male,16.51
EUR,Europe,MLT,Malta,2000,Female,80.02
EUR,Europe,MLT,Malta,2000,Female,22.38
EUR,Europe,MLT,Malta,2000,Male,75.49
EUR,Europe,MLT,Malta,2000,Male,19.03
EUR,Europe,MLT,Malta,2001,Female,80.24
EUR,Europe,MLT,Malta,2001,Female,22.58
EUR,Europe,MLT,Malta,2001,Male,75.85
EUR,Europe,MLT,Malta,2001,Male,19.26
EUR,Europe,MLT,Malta,2002,Female,80.49
EUR,Europe,MLT,Malta,2002,Female,22.8
EUR,Europe,MLT,Malta,2002,Male,76.18
EUR,Europe,MLT,Malta,2002,Male,19.51
EUR,Europe,MLT,Malta,2003,Female,80.75
EUR,Europe,MLT,Malta,2003,Female,23.03
EUR,Europe,MLT,Malta,2003,Male,76.46
EUR,Europe,MLT,Malta,2003,Male,19.73
EUR,Europe,MLT,Malta,2004,Female,80.99
EUR,Europe,MLT,Malta,2004,Female,23.21
EUR,Europe,MLT,Malta,2004,Male,76.67
EUR,Europe,MLT,Malta,2004,Male,19.92
EUR,Europe,MLT,Malta,2005,Female,81.24
EUR,Europe,MLT,Malta,2005,Female,23.43
EUR,Europe,MLT,Malta,2005,Male,76.88
EUR,Europe,MLT,Malta,2005,Male,20.13
EUR,Europe,MLT,Malta,2006,Female,81.52
EUR,Europe,MLT,Malta,2006,Female,23.68
EUR,Europe,MLT,Malta,2006,Male,77.09
EUR,Europe,MLT,Malta,2006,Male,20.36
EUR,Europe,MLT,Malta,2007,Female,81.84
EUR,Europe,MLT,Malta,2007,Female,23.96
EUR,Europe,MLT,Malta,2007,Male,77.32
EUR,Europe,MLT,Malta,2007,Male,20.62
EUR,Europe,MLT,Malta,2008,Female,82.16
EUR,Europe,MLT,Malta,2008,Female,24.25
EUR,Europe,MLT,Malta,2008,Male,77.58
EUR,Europe,MLT,Malta,2008,Male,20.91
EUR,Europe,MLT,Malta,2009,Female,82.46
EUR,Europe,MLT,Malta,2009,Female,24.54
EUR,Europe,MLT,Malta,2009,Male,77.91
EUR,Europe,MLT,Malta,2009,Male,21.23
EUR,Europe,MLT,Malta,2010,Female,82.65
EUR,Europe,MLT,Malta,2010,Female,24.71
EUR,Europe,MLT,Malta,2010,Male,78.2
EUR,Europe,MLT,Malta,2010,Male,21.46
EUR,Europe,MLT,Malta,2011,Female,82.82
EUR,Europe,MLT,Malta,2011,Female,24.85
EUR,Europe,MLT,Malta,2011,Male,78.5
EUR,Europe,MLT,Malta,2011,Male,21.71
EUR,Europe,MLT,Malta,2012,Female,82.98
EUR,Europe,MLT,Malta,2012,Female,24.99
EUR,Europe,MLT,Malta,2012,Male,78.79
EUR,Europe,MLT,Malta,2012,Male,21.91
EUR,Europe,MLT,Malta,2013,Female,83.21
EUR,Europe,MLT,Malta,2013,Female,25.21
EUR,Europe,MLT,Malta,2013,Male,79.11
EUR,Europe,MLT,Malta,2013,Male,22.19
EUR,Europe,MLT,Malta,2014,Female,83.41
EUR,Europe,MLT,Malta,2014,Female,25.42
EUR,Europe,MLT,Malta,2014,Male,79.41
EUR,Europe,MLT,Malta,2014,Male,22.44
EUR,Europe,MLT,Malta,2015,Female,83.58
EUR,Europe,MLT,Malta,2015,Female,25.59
EUR,Europe,MLT,Malta,2015,Male,79.71
EUR,Europe,MLT,Malta,2015,Male,22.71
EUR,Europe,MLT,Malta,2016,Female,83.73
EUR,Europe,MLT,Malta,2016,Female,25.76
EUR,Europe,MLT,Malta,2016,Male,79.98
EUR,Europe,MLT,Malta,2016,Male,22.89
EUR,Europe,MLT,Malta,2017,Female,83.85
EUR,Europe,MLT,Malta,2017,Female,25.91
EUR,Europe,MLT,Malta,2017,Male,80.21
EUR,Europe,MLT,Malta,2017,Male,23.05
EUR,Europe,MLT,Malta,2018,Female,84.01
EUR,Europe,MLT,Malta,2018,Female,26.06
EUR,Europe,MLT,Malta,2018,Male,80.48
EUR,Europe,MLT,Malta,2018,Male,23.17
EUR,Europe,MLT,Malta,2019,Female,83.98
EUR,Europe,MLT,Malta,2019,Female,26.03
EUR,Europe,MLT,Malta,2019,Male,80.31
EUR,Europe,MLT,Malta,2019,Male,23.06
EUR,Europe,MLT,Malta,2020,Female,83.86
EUR,Europe,MLT,Malta,2020,Female,25.83
EUR,Europe,MLT,Malta,2020,Male,80.2
EUR,Europe,MLT,Malta,2020,Male,22.99
EUR,Europe,MLT,Malta,2021,Female,83.73
EUR,Europe,MLT,Malta,2021,Female,25.66
EUR,Europe,MLT,Malta,2021,Male,79.96
EUR,Europe,MLT,Malta,2021,Male,22.86
AFR,Africa,MRT,Mauritania,2000,Female,62.91
AFR,Africa,MRT,Mauritania,2000,Female,16.62
AFR,Africa,MRT,Mauritania,2000,Male,63.06
AFR,Africa,MRT,Mauritania,2000,Male,17.57
AFR,Africa,MRT,Mauritania,2001,Female,63.44
AFR,Africa,MRT,Mauritania,2001,Female,16.75
AFR,Africa,MRT,Mauritania,2001,Male,63.67
AFR,Africa,MRT,Mauritania,2001,Male,17.74
AFR,Africa,MRT,Mauritania,2002,Female,64.07
AFR,Africa,MRT,Mauritania,2002,Female,16.92
AFR,Africa,MRT,Mauritania,2002,Male,64.4
AFR,Africa,MRT,Mauritania,2002,Male,17.98
AFR,Africa,MRT,Mauritania,2003,Female,64.74
AFR,Africa,MRT,Mauritania,2003,Female,17.12
AFR,Africa,MRT,Mauritania,2003,Male,65.1
AFR,Africa,MRT,Mauritania,2003,Male,18.24
AFR,Africa,MRT,Mauritania,2004,Female,65.3
AFR,Africa,MRT,Mauritania,2004,Female,17.22
AFR,Africa,MRT,Mauritania,2004,Male,65.67
AFR,Africa,MRT,Mauritania,2004,Male,18.33
AFR,Africa,MRT,Mauritania,2005,Female,65.85
AFR,Africa,MRT,Mauritania,2005,Female,17.35
AFR,Africa,MRT,Mauritania,2005,Male,66.14
AFR,Africa,MRT,Mauritania,2005,Male,18.45
AFR,Africa,MRT,Mauritania,2006,Female,66.5
AFR,Africa,MRT,Mauritania,2006,Female,17.53
AFR,Africa,MRT,Mauritania,2006,Male,66.92
AFR,Africa,MRT,Mauritania,2006,Male,18.69
AFR,Africa,MRT,Mauritania,2007,Female,67.03
AFR,Africa,MRT,Mauritania,2007,Female,17.67
AFR,Africa,MRT,Mauritania,2007,Male,67.38
AFR,Africa,MRT,Mauritania,2007,Male,18.82
AFR,Africa,MRT,Mauritania,2008,Female,67.53
AFR,Africa,MRT,Mauritania,2008,Female,17.81
AFR,Africa,MRT,Mauritania,2008,Male,67.93
AFR,Africa,MRT,Mauritania,2008,Male,18.97
AFR,Africa,MRT,Mauritania,2009,Female,67.97
AFR,Africa,MRT,Mauritania,2009,Female,17.88
AFR,Africa,MRT,Mauritania,2009,Male,68.34
AFR,Africa,MRT,Mauritania,2009,Male,18.98
AFR,Africa,MRT,Mauritania,2010,Female,68.34
AFR,Africa,MRT,Mauritania,2010,Female,17.96
AFR,Africa,MRT,Mauritania,2010,Male,68.67
AFR,Africa,MRT,Mauritania,2010,Male,18.99
AFR,Africa,MRT,Mauritania,2011,Female,68.7
AFR,Africa,MRT,Mauritania,2011,Female,18.05
AFR,Africa,MRT,Mauritania,2011,Male,68.97
AFR,Africa,MRT,Mauritania,2011,Male,19.04
AFR,Africa,MRT,Mauritania,2012,Female,68.99
AFR,Africa,MRT,Mauritania,2012,Female,18.11
AFR,Africa,MRT,Mauritania,2012,Male,69.25
AFR,Africa,MRT,Mauritania,2012,Male,19.07
AFR,Africa,MRT,Mauritania,2013,Female,69.15
AFR,Africa,MRT,Mauritania,2013,Female,18.18
AFR,Africa,MRT,Mauritania,2013,Male,69.34
AFR,Africa,MRT,Mauritania,2013,Male,19.11
AFR,Africa,MRT,Mauritania,2014,Female,69.28
AFR,Africa,MRT,Mauritania,2014,Female,18.23
AFR,Africa,MRT,Mauritania,2014,Male,69.35
AFR,Africa,MRT,Mauritania,2014,Male,19.09
AFR,Africa,MRT,Mauritania,2015,Female,69.47
AFR,Africa,MRT,Mauritania,2015,Female,18.25
AFR,Africa,MRT,Mauritania,2015,Male,69.48
AFR,Africa,MRT,Mauritania,2015,Male,19.05
AFR,Africa,MRT,Mauritania,2016,Female,69.71
AFR,Africa,MRT,Mauritania,2016,Female,18.31
AFR,Africa,MRT,Mauritania,2016,Male,69.65
AFR,Africa,MRT,Mauritania,2016,Male,19.05
AFR,Africa,MRT,Mauritania,2017,Female,69.92
AFR,Africa,MRT,Mauritania,2017,Female,18.33
AFR,Africa,MRT,Mauritania,2017,Male,69.74
AFR,Africa,MRT,Mauritania,2017,Male,18.98
AFR,Africa,MRT,Mauritania,2018,Female,70.15
AFR,Africa,MRT,Mauritania,2018,Female,18.37
AFR,Africa,MRT,Mauritania,2018,Male,69.88
AFR,Africa,MRT,Mauritania,2018,Male,18.97
AFR,Africa,MRT,Mauritania,2019,Female,70.38
AFR,Africa,MRT,Mauritania,2019,Female,18.39
AFR,Africa,MRT,Mauritania,2019,Male,70.0
AFR,Africa,MRT,Mauritania,2019,Male,18.89
AFR,Africa,MRT,Mauritania,2020,Female,69.61
AFR,Africa,MRT,Mauritania,2020,Female,17.52
AFR,Africa,MRT,Mauritania,2020,Male,68.23
AFR,Africa,MRT,Mauritania,2020,Male,16.97
AFR,Africa,MRT,Mauritania,2021,Female,69.36
AFR,Africa,MRT,Mauritania,2021,Female,17.43
AFR,Africa,MRT,Mauritania,2021,Male,68.38
AFR,Africa,MRT,Mauritania,2021,Male,17.43
AFR,Africa,MUS,Mauritius,2000,Female,74.77
AFR,Africa,MUS,Mauritius,2000,Female,19.75
AFR,Africa,MUS,Mauritius,2000,Male,67.75
AFR,Africa,MUS,Mauritius,2000,Male,15.77
AFR,Africa,MUS,Mauritius,2001,Female,74.98
AFR,Africa,MUS,Mauritius,2001,Female,19.85
AFR,Africa,MUS,Mauritius,2001,Male,68.12
AFR,Africa,MUS,Mauritius,2001,Male,15.95
AFR,Africa,MUS,Mauritius,2002,Female,75.16
AFR,Africa,MUS,Mauritius,2002,Female,19.94
AFR,Africa,MUS,Mauritius,2002,Male,68.4
AFR,Africa,MUS,Mauritius,2002,Male,16.07
AFR,Africa,MUS,Mauritius,2003,Female,75.3
AFR,Africa,MUS,Mauritius,2003,Female,20.0
AFR,Africa,MUS,Mauritius,2003,Male,68.58
AFR,Africa,MUS,Mauritius,2003,Male,16.14
AFR,Africa,MUS,Mauritius,2004,Female,75.44
AFR,Africa,MUS,Mauritius,2004,Female,20.07
AFR,Africa,MUS,Mauritius,2004,Male,68.72
AFR,Africa,MUS,Mauritius,2004,Male,16.22
AFR,Africa,MUS,Mauritius,2005,Female,75.61
AFR,Africa,MUS,Mauritius,2005,Female,20.18
AFR,Africa,MUS,Mauritius,2005,Male,68.86
AFR,Africa,MUS,Mauritius,2005,Male,16.31
AFR,Africa,MUS,Mauritius,2006,Female,75.88
AFR,Africa,MUS,Mauritius,2006,Female,20.41
AFR,Africa,MUS,Mauritius,2006,Male,69.06
AFR,Africa,MUS,Mauritius,2006,Male,16.5
AFR,Africa,MUS,Mauritius,2007,Female,76.13
AFR,Africa,MUS,Mauritius,2007,Female,20.64
AFR,Africa,MUS,Mauritius,2007,Male,69.26
AFR,Africa,MUS,Mauritius,2007,Male,16.69
AFR,Africa,MUS,Mauritius,2008,Female,76.43
AFR,Africa,MUS,Mauritius,2008,Female,20.89
AFR,Africa,MUS,Mauritius,2008,Male,69.48
AFR,Africa,MUS,Mauritius,2008,Male,16.92
AFR,Africa,MUS,Mauritius,2009,Female,76.68
AFR,Africa,MUS,Mauritius,2009,Female,21.09
AFR,Africa,MUS,Mauritius,2009,Male,69.69
AFR,Africa,MUS,Mauritius,2009,Male,17.13
AFR,Africa,MUS,Mauritius,2010,Female,76.93
AFR,Africa,MUS,Mauritius,2010,Female,21.29
AFR,Africa,MUS,Mauritius,2010,Male,69.93
AFR,Africa,MUS,Mauritius,2010,Male,17.36
AFR,Africa,MUS,Mauritius,2011,Female,77.04
AFR,Africa,MUS,Mauritius,2011,Female,21.42
AFR,Africa,MUS,Mauritius,2011,Male,70.14
AFR,Africa,MUS,Mauritius,2011,Male,17.53
AFR,Africa,MUS,Mauritius,2012,Female,77.19
AFR,Africa,MUS,Mauritius,2012,Female,21.56
AFR,Africa,MUS,Mauritius,2012,Male,70.34
AFR,Africa,MUS,Mauritius,2012,Male,17.72
AFR,Africa,MUS,Mauritius,2013,Female,77.23
AFR,Africa,MUS,Mauritius,2013,Female,21.64
AFR,Africa,MUS,Mauritius,2013,Male,70.51
AFR,Africa,MUS,Mauritius,2013,Male,17.87
AFR,Africa,MUS,Mauritius,2014,Female,77.4
AFR,Africa,MUS,Mauritius,2014,Female,21.81
AFR,Africa,MUS,Mauritius,2014,Male,70.74
AFR,Africa,MUS,Mauritius,2014,Male,18.08
AFR,Africa,MUS,Mauritius,2015,Female,77.46
AFR,Africa,MUS,Mauritius,2015,Female,21.9
AFR,Africa,MUS,Mauritius,2015,Male,70.91
AFR,Africa,MUS,Mauritius,2015,Male,18.24
AFR,Africa,MUS,Mauritius,2016,Female,77.48
AFR,Africa,MUS,Mauritius,2016,Female,21.98
AFR,Africa,MUS,Mauritius,2016,Male,70.96
AFR,Africa,MUS,Mauritius,2016,Male,18.35
AFR,Africa,MUS,Mauritius,2017,Female,77.42
AFR,Africa,MUS,Mauritius,2017,Female,21.98
AFR,Africa,MUS,Mauritius,2017,Male,70.93
AFR,Africa,MUS,Mauritius,2017,Male,18.41
AFR,Africa,MUS,Mauritius,2018,Female,77.33
AFR,Africa,MUS,Mauritius,2018,Female,21.99
AFR,Africa,MUS,Mauritius,2018,Male,70.86
AFR,Africa,MUS,Mauritius,2018,Male,18.44
AFR,Africa,MUS,Mauritius,2019,Female,77.43
AFR,Africa,MUS,Mauritius,2019,Female,22.09
AFR,Africa,MUS,Mauritius,2019,Male,70.83
AFR,Africa,MUS,Mauritius,2019,Male,18.56
AFR,Africa,MUS,Mauritius,2020,Female,76.99
AFR,Africa,MUS,Mauritius,2020,Female,21.76
AFR,Africa,MUS,Mauritius,2020,Male,70.33
AFR,Africa,MUS,Mauritius,2020,Male,18.14
AFR,Africa,MUS,Mauritius,2021,Female,76.91
AFR,Africa,MUS,Mauritius,2021,Female,21.65
AFR,Africa,MUS,Mauritius,2021,Male,70.14
AFR,Africa,MUS,Mauritius,2021,Male,17.99
AMR,Americas,MEX,Mexico,2000,Female,76.69
AMR,Americas,MEX,Mexico,2000,Female,22.28
AMR,Americas,MEX,Mexico,2000,Male,71.73
AMR,Americas,MEX,Mexico,2000,Male,20.56
AMR,Americas,MEX,Mexico,2001,Female,76.92
AMR,Americas,MEX,Mexico,2001,Female,22.35
AMR,Americas,MEX,Mexico,2001,Male,72.16
AMR,Americas,MEX,Mexico,2001,Male,20.69
AMR,Americas,MEX,Mexico,2002,Female,76.99
AMR,Americas,MEX,Mexico,2002,Female,22.32
AMR,Americas,MEX,Mexico,2002,Male,72.18
AMR,Americas,MEX,Mexico,2002,Male,20.55
AMR,Americas,MEX,Mexico,2003,Female,77.0
AMR,Americas,MEX,Mexico,2003,Female,22.21
AMR,Americas,MEX,Mexico,2003,Male,72.24
AMR,Americas,MEX,Mexico,2003,Male,20.47
AMR,Americas,MEX,Mexico,2004,Female,77.37
AMR,Americas,MEX,Mexico,2004,Female,22.45
AMR,Americas,MEX,Mexico,2004,Male,72.69
AMR,Americas,MEX,Mexico,2004,Male,20.7
AMR,Americas,MEX,Mexico,2005,Female,77.26
AMR,Americas,MEX,Mexico,2005,Female,22.28
AMR,Americas,MEX,Mexico,2005,Male,72.58
AMR,Americas,MEX,Mexico,2005,Male,20.54
AMR,Americas,MEX,Mexico,2006,Female,77.71
AMR,Americas,MEX,Mexico,2006,Female,22.65
AMR,Americas,MEX,Mexico,2006,Male,72.94
AMR,Americas,MEX,Mexico,2006,Male,20.82
AMR,Americas,MEX,Mexico,2007,Female,77.88
AMR,Americas,MEX,Mexico,2007,Female,22.71
AMR,Americas,MEX,Mexico,2007,Male,73.15
AMR,Americas,MEX,Mexico,2007,Male,20.95
AMR,Americas,MEX,Mexico,2008,Female,77.63
AMR,Americas,MEX,Mexico,2008,Female,22.44
AMR,Americas,MEX,Mexico,2008,Male,72.53
AMR,Americas,MEX,Mexico,2008,Male,20.57
AMR,Americas,MEX,Mexico,2009,Female,77.74
AMR,Americas,MEX,Mexico,2009,Female,22.67
AMR,Americas,MEX,Mexico,2009,Male,72.53
AMR,Americas,MEX,Mexico,2009,Male,20.75
AMR,Americas,MEX,Mexico,2010,Female,77.66
AMR,Americas,MEX,Mexico,2010,Female,22.35
AMR,Americas,MEX,Mexico,2010,Male,72.23
AMR,Americas,MEX,Mexico,2010,Male,20.42
AMR,Americas,MEX,Mexico,2011,Female,78.18
AMR,Americas,MEX,Mexico,2011,Female,22.8
AMR,Americas,MEX,Mexico,2011,Male,72.66
AMR,Americas,MEX,Mexico,2011,Male,20.78
AMR,Americas,MEX,Mexico,2012,Female,78.36
AMR,Americas,MEX,Mexico,2012,Female,22.95
AMR,Americas,MEX,Mexico,2012,Male,72.92
AMR,Americas,MEX,Mexico,2012,Male,20.85
AMR,Americas,MEX,Mexico,2013,Female,78.57
AMR,Americas,MEX,Mexico,2013,Female,23.04
AMR,Americas,MEX,Mexico,2013,Male,73.27
AMR,Americas,MEX,Mexico,2013,Male,20.95
AMR,Americas,MEX,Mexico,2014,Female,78.48
AMR,Americas,MEX,Mexico,2014,Female,22.98
AMR,Americas,MEX,Mexico,2014,Male,73.32
AMR,Americas,MEX,Mexico,2014,Male,20.89
AMR,Americas,MEX,Mexico,2015,Female,78.54
AMR,Americas,MEX,Mexico,2015,Female,22.95
AMR,Americas,MEX,Mexico,2015,Male,73.32
AMR,Americas,MEX,Mexico,2015,Male,20.84
AMR,Americas,MEX,Mexico,2016,Female,78.52
AMR,Americas,MEX,Mexico,2016,Female,22.98
AMR,Americas,MEX,Mexico,2016,Male,73.0
AMR,Americas,MEX,Mexico,2016,Male,20.79
AMR,Americas,MEX,Mexico,2017,Female,78.77
AMR,Americas,MEX,Mexico,2017,Female,23.2
AMR,Americas,MEX,Mexico,2017,Male,72.98
AMR,Americas,MEX,Mexico,2017,Male,21.04
AMR,Americas,MEX,Mexico,2018,Female,78.93
AMR,Americas,MEX,Mexico,2018,Female,23.36
AMR,Americas,MEX,Mexico,2018,Male,72.92
AMR,Americas,MEX,Mexico,2018,Male,21.13
AMR,Americas,MEX,Mexico,2019,Female,78.89
AMR,Americas,MEX,Mexico,2019,Female,23.3
AMR,Americas,MEX,Mexico,2019,Male,72.8
AMR,Americas,MEX,Mexico,2019,Male,21.03
AMR,Americas,MEX,Mexico,2020,Female,75.09
AMR,Americas,MEX,Mexico,2020,Female,20.47
AMR,Americas,MEX,Mexico,2020,Male,67.12
AMR,Americas,MEX,Mexico,2020,Male,16.63
AMR,Americas,MEX,Mexico,2021,Female,74.69
AMR,Americas,MEX,Mexico,2021,Female,20.24
AMR,Americas,MEX,Mexico,2021,Male,67.2
AMR,Americas,MEX,Mexico,2021,Male,16.8
WPR,Western Pacific,FSM,Micronesia (Federated States of),2000,Female,66.47
WPR,Western Pacific,FSM,Micronesia (Federated States of),2000,Female,16.09
WPR,Western Pacific,FSM,Micronesia (Federated States of),2000,Male,60.88
WPR,Western Pacific,FSM,Micronesia (Federated States of),2000,Male,14.3
WPR,Western Pacific,FSM,Micronesia (Federated States of),2001,Female,66.73
WPR,Western Pacific,FSM,Micronesia (Federated States of),2001,Female,16.17
WPR,Western Pacific,FSM,Micronesia (Federated States of),2001,Male,61.14
WPR,Western Pacific,FSM,Micronesia (Federated States of),2001,Male,14.37
WPR,Western Pacific,FSM,Micronesia (Federated States of),2002,Female,65.58
WPR,Western Pacific,FSM,Micronesia (Federated States of),2002,Female,16.04
WPR,Western Pacific,FSM,Micronesia (Federated States of),2002,Male,60.45
WPR,Western Pacific,FSM,Micronesia (Federated States of),2002,Male,14.27
WPR,Western Pacific,FSM,Micronesia (Federated States of),2003,Female,67.02
WPR,Western Pacific,FSM,Micronesia (Federated States of),2003,Female,16.31
WPR,Western Pacific,FSM,Micronesia (Federated States of),2003,Male,61.41
WPR,Western Pacific,FSM,Micronesia (Federated States of),2003,Male,14.49
WPR,Western Pacific,FSM,Micronesia (Federated States of),2004,Female,67.08
WPR,Western Pacific,FSM,Micronesia (Federated States of),2004,Female,16.35
WPR,Western Pacific,FSM,Micronesia (Federated States of),2004,Male,61.46
WPR,Western Pacific,FSM,Micronesia (Federated States of),2004,Male,14.52
WPR,Western Pacific,FSM,Micronesia (Federated States of),2005,Female,67.15
WPR,Western Pacific,FSM,Micronesia (Federated States of),2005,Female,16.41
WPR,Western Pacific,FSM,Micronesia (Federated States of),2005,Male,61.5
WPR,Western Pacific,FSM,Micronesia (Federated States of),2005,Male,14.57
WPR,Western Pacific,FSM,Micronesia (Federated States of),2006,Female,67.27
WPR,Western Pacific,FSM,Micronesia (Federated States of),2006,Female,16.46
WPR,Western Pacific,FSM,Micronesia (Federated States of),2006,Male,61.54
WPR,Western Pacific,FSM,Micronesia (Federated States of),2006,Male,14.61
WPR,Western Pacific,FSM,Micronesia (Federated States of),2007,Female,67.32
WPR,Western Pacific,FSM,Micronesia (Federated States of),2007,Female,16.5
WPR,Western Pacific,FSM,Micronesia (Federated States of),2007,Male,61.64
WPR,Western Pacific,FSM,Micronesia (Federated States of),2007,Male,14.65
WPR,Western Pacific,FSM,Micronesia (Federated States of),2008,Female,67.42
WPR,Western Pacific,FSM,Micronesia (Federated States of),2008,Female,16.53
WPR,Western Pacific,FSM,Micronesia (Federated States of),2008,Male,61.8
WPR,Western Pacific,FSM,Micronesia (Federated States of),2008,Male,14.68
WPR,Western Pacific,FSM,Micronesia (Federated States of),2009,Female,67.62
WPR,Western Pacific,FSM,Micronesia (Federated States of),2009,Female,16.56
WPR,Western Pacific,FSM,Micronesia (Federated States of),2009,Male,61.97
WPR,Western Pacific,FSM,Micronesia (Federated States of),2009,Male,14.7
WPR,Western Pacific,FSM,Micronesia (Federated States of),2010,Female,67.71
WPR,Western Pacific,FSM,Micronesia (Federated States of),2010,Female,16.59
WPR,Western Pacific,FSM,Micronesia (Federated States of),2010,Male,62.08
WPR,Western Pacific,FSM,Micronesia (Federated States of),2010,Male,14.71
WPR,Western Pacific,FSM,Micronesia (Federated States of),2011,Female,67.81
WPR,Western Pacific,FSM,Micronesia (Federated States of),2011,Female,16.66
WPR,Western Pacific,FSM,Micronesia (Federated States of),2011,Male,62.24
WPR,Western Pacific,FSM,Micronesia (Federated States of),2011,Male,14.77
WPR,Western Pacific,FSM,Micronesia (Federated States of),2012,Female,67.92
WPR,Western Pacific,FSM,Micronesia (Federated States of),2012,Female,16.71
WPR,Western Pacific,FSM,Micronesia (Federated States of),2012,Male,62.36
WPR,Western Pacific,FSM,Micronesia (Federated States of),2012,Male,14.81
WPR,Western Pacific,FSM,Micronesia (Federated States of),2013,Female,68.04
WPR,Western Pacific,FSM,Micronesia (Federated States of),2013,Female,16.75
WPR,Western Pacific,FSM,Micronesia (Federated States of),2013,Male,62.51
WPR,Western Pacific,FSM,Micronesia (Federated States of),2013,Male,14.84
WPR,Western Pacific,FSM,Micronesia (Federated States of),2014,Female,68.14
WPR,Western Pacific,FSM,Micronesia (Federated States of),2014,Female,16.78
WPR,Western Pacific,FSM,Micronesia (Federated States of),2014,Male,62.61
WPR,Western Pacific,FSM,Micronesia (Federated States of),2014,Male,14.87
WPR,Western Pacific,FSM,Micronesia (Federated States of),2015,Female,68.19
WPR,Western Pacific,FSM,Micronesia (Federated States of),2015,Female,16.76
WPR,Western Pacific,FSM,Micronesia (Federated States of),2015,Male,62.68
WPR,Western Pacific,FSM,Micronesia (Federated States of),2015,Male,14.84
WPR,Western Pacific,FSM,Micronesia (Federated States of),2016,Female,68.41
WPR,Western Pacific,FSM,Micronesia (Federated States of),2016,Female,16.85
WPR,Western Pacific,FSM,Micronesia (Federated States of),2016,Male,62.86
WPR,Western Pacific,FSM,Micronesia (Federated States of),2016,Male,14.91
WPR,Western Pacific,FSM,Micronesia (Federated States of),2017,Female,68.54
WPR,Western Pacific,FSM,Micronesia (Federated States of),2017,Female,16.9
WPR,Western Pacific,FSM,Micronesia (Federated States of),2017,Male,62.99
WPR,Western Pacific,FSM,Micronesia (Federated States of),2017,Male,14.96
WPR,Western Pacific,FSM,Micronesia (Federated States of),2018,Female,68.7
WPR,Western Pacific,FSM,Micronesia (Federated States of),2018,Female,16.95
WPR,Western Pacific,FSM,Micronesia (Federated States of),2018,Male,63.16
WPR,Western Pacific,FSM,Micronesia (Federated States of),2018,Male,15.0
WPR,Western Pacific,FSM,Micronesia (Federated States of),2019,Female,68.81
WPR,Western Pacific,FSM,Micronesia (Federated States of),2019,Female,16.98
WPR,Western Pacific,FSM,Micronesia (Federated States of),2019,Male,63.28
WPR,Western Pacific,FSM,Micronesia (Federated States of),2019,Male,15.04
WPR,Western Pacific,FSM,Micronesia (Federated States of),2020,Female,68.84
WPR,Western Pacific,FSM,Micronesia (Federated States of),2020,Female,16.81
WPR,Western Pacific,FSM,Micronesia (Federated States of),2020,Male,62.76
WPR,Western Pacific,FSM,Micronesia (Federated States of),2020,Male,14.06
WPR,Western Pacific,FSM,Micronesia (Federated States of),2021,Female,68.66
WPR,Western Pacific,FSM,Micronesia (Federated States of),2021,Female,16.76
WPR,Western Pacific,FSM,Micronesia (Federated States of),2021,Male,62.99
WPR,Western Pacific,FSM,Micronesia (Federated States of),2021,Male,14.77
WPR,Western Pacific,MNG,Mongolia,2000,Female,66.73
WPR,Western Pacific,MNG,Mongolia,2000,Female,16.85
WPR,Western Pacific,MNG,Mongolia,2000,Male,59.95
WPR,Western Pacific,MNG,Mongolia,2000,Male,13.42
WPR,Western Pacific,MNG,Mongolia,2001,Female,67.31
WPR,Western Pacific,MNG,Mongolia,2001,Female,16.9
WPR,Western Pacific,MNG,Mongolia,2001,Male,60.05
WPR,Western Pacific,MNG,Mongolia,2001,Male,13.11
WPR,Western Pacific,MNG,Mongolia,2002,Female,68.06
WPR,Western Pacific,MNG,Mongolia,2002,Female,17.2
WPR,Western Pacific,MNG,Mongolia,2002,Male,60.38
WPR,Western Pacific,MNG,Mongolia,2002,Male,13.1
WPR,Western Pacific,MNG,Mongolia,2003,Female,68.79
WPR,Western Pacific,MNG,Mongolia,2003,Female,17.5
WPR,Western Pacific,MNG,Mongolia,2003,Male,60.63
WPR,Western Pacific,MNG,Mongolia,2003,Male,13.24
WPR,Western Pacific,MNG,Mongolia,2004,Female,69.37
WPR,Western Pacific,MNG,Mongolia,2004,Female,17.68
WPR,Western Pacific,MNG,Mongolia,2004,Male,60.84
WPR,Western Pacific,MNG,Mongolia,2004,Male,13.5
WPR,Western Pacific,MNG,Mongolia,2005,Female,69.82
WPR,Western Pacific,MNG,Mongolia,2005,Female,17.72
WPR,Western Pacific,MNG,Mongolia,2005,Male,61.21
WPR,Western Pacific,MNG,Mongolia,2005,Male,13.67
WPR,Western Pacific,MNG,Mongolia,2006,Female,70.25
WPR,Western Pacific,MNG,Mongolia,2006,Female,17.77
WPR,Western Pacific,MNG,Mongolia,2006,Male,61.77
WPR,Western Pacific,MNG,Mongolia,2006,Male,14.06
WPR,Western Pacific,MNG,Mongolia,2007,Female,70.82
WPR,Western Pacific,MNG,Mongolia,2007,Female,18.0
WPR,Western Pacific,MNG,Mongolia,2007,Male,62.35
WPR,Western Pacific,MNG,Mongolia,2007,Male,14.44
WPR,Western Pacific,MNG,Mongolia,2008,Female,71.2
WPR,Western Pacific,MNG,Mongolia,2008,Female,18.12
WPR,Western Pacific,MNG,Mongolia,2008,Male,62.97
WPR,Western Pacific,MNG,Mongolia,2008,Male,14.51
WPR,Western Pacific,MNG,Mongolia,2009,Female,71.21
WPR,Western Pacific,MNG,Mongolia,2009,Female,17.94
WPR,Western Pacific,MNG,Mongolia,2009,Male,63.02
WPR,Western Pacific,MNG,Mongolia,2009,Male,14.22
WPR,Western Pacific,MNG,Mongolia,2010,Female,71.49
WPR,Western Pacific,MNG,Mongolia,2010,Female,18.07
WPR,Western Pacific,MNG,Mongolia,2010,Male,63.1
WPR,Western Pacific,MNG,Mongolia,2010,Male,14.35
WPR,Western Pacific,MNG,Mongolia,2011,Female,71.81
WPR,Western Pacific,MNG,Mongolia,2011,Female,18.31
WPR,Western Pacific,MNG,Mongolia,2011,Male,63.18
WPR,Western Pacific,MNG,Mongolia,2011,Male,14.73
WPR,Western Pacific,MNG,Mongolia,2012,Female,72.33
WPR,Western Pacific,MNG,Mongolia,2012,Female,18.56
WPR,Western Pacific,MNG,Mongolia,2012,Male,63.71
WPR,Western Pacific,MNG,Mongolia,2012,Male,15.1
WPR,Western Pacific,MNG,Mongolia,2013,Female,72.78
WPR,Western Pacific,MNG,Mongolia,2013,Female,18.78
WPR,Western Pacific,MNG,Mongolia,2013,Male,64.33
WPR,Western Pacific,MNG,Mongolia,2013,Male,15.14
WPR,Western Pacific,MNG,Mongolia,2014,Female,73.34
WPR,Western Pacific,MNG,Mongolia,2014,Female,19.09
WPR,Western Pacific,MNG,Mongolia,2014,Male,64.89
WPR,Western Pacific,MNG,Mongolia,2014,Male,15.44
WPR,Western Pacific,MNG,Mongolia,2015,Female,73.6
WPR,Western Pacific,MNG,Mongolia,2015,Female,19.12
WPR,Western Pacific,MNG,Mongolia,2015,Male,65.16
WPR,Western Pacific,MNG,Mongolia,2015,Male,15.46
WPR,Western Pacific,MNG,Mongolia,2016,Female,73.99
WPR,Western Pacific,MNG,Mongolia,2016,Female,19.34
WPR,Western Pacific,MNG,Mongolia,2016,Male,65.53
WPR,Western Pacific,MNG,Mongolia,2016,Male,15.64
WPR,Western Pacific,MNG,Mongolia,2017,Female,74.55
WPR,Western Pacific,MNG,Mongolia,2017,Female,19.77
WPR,Western Pacific,MNG,Mongolia,2017,Male,65.88
WPR,Western Pacific,MNG,Mongolia,2017,Male,15.82
WPR,Western Pacific,MNG,Mongolia,2018,Female,75.05
WPR,Western Pacific,MNG,Mongolia,2018,Female,20.2
WPR,Western Pacific,MNG,Mongolia,2018,Male,66.14
WPR,Western Pacific,MNG,Mongolia,2018,Male,15.92
WPR,Western Pacific,MNG,Mongolia,2019,Female,75.47
WPR,Western Pacific,MNG,Mongolia,2019,Female,20.52
WPR,Western Pacific,MNG,Mongolia,2019,Male,66.27
WPR,Western Pacific,MNG,Mongolia,2019,Male,16.11
WPR,Western Pacific,MNG,Mongolia,2020,Female,76.99
WPR,Western Pacific,MNG,Mongolia,2020,Female,21.94
WPR,Western Pacific,MNG,Mongolia,2020,Male,68.5
WPR,Western Pacific,MNG,Mongolia,2020,Male,19.06
WPR,Western Pacific,MNG,Mongolia,2021,Female,73.86
WPR,Western Pacific,MNG,Mongolia,2021,Female,19.0
WPR,Western Pacific,MNG,Mongolia,2021,Male,66.42
WPR,Western Pacific,MNG,Mongolia,2021,Male,16.5
EUR,Europe,MNE,Montenegro,2000,Female,75.95
EUR,Europe,MNE,Montenegro,2000,Female,20.25
EUR,Europe,MNE,Montenegro,2000,Male,70.79
EUR,Europe,MNE,Montenegro,2000,Male,17.37
EUR,Europe,MNE,Montenegro,2001,Female,75.78
EUR,Europe,MNE,Montenegro,2001,Female,19.99
EUR,Europe,MNE,Montenegro,2001,Male,71.02
EUR,Europe,MNE,Montenegro,2001,Male,17.42
EUR,Europe,MNE,Montenegro,2002,Female,75.77
EUR,Europe,MNE,Montenegro,2002,Female,19.83
EUR,Europe,MNE,Montenegro,2002,Male,71.25
EUR,Europe,MNE,Montenegro,2002,Male,17.41
EUR,Europe,MNE,Montenegro,2003,Female,75.85
EUR,Europe,MNE,Montenegro,2003,Female,19.8
EUR,Europe,MNE,Montenegro,2003,Male,71.32
EUR,Europe,MNE,Montenegro,2003,Male,17.34
EUR,Europe,MNE,Montenegro,2004,Female,75.99
EUR,Europe,MNE,Montenegro,2004,Female,19.81
EUR,Europe,MNE,Montenegro,2004,Male,71.4
EUR,Europe,MNE,Montenegro,2004,Male,17.31
EUR,Europe,MNE,Montenegro,2005,Female,76.32
EUR,Europe,MNE,Montenegro,2005,Female,19.96
EUR,Europe,MNE,Montenegro,2005,Male,71.57
EUR,Europe,MNE,Montenegro,2005,Male,17.36
EUR,Europe,MNE,Montenegro,2006,Female,76.68
EUR,Europe,MNE,Montenegro,2006,Female,20.18
EUR,Europe,MNE,Montenegro,2006,Male,71.82
EUR,Europe,MNE,Montenegro,2006,Male,17.5
EUR,Europe,MNE,Montenegro,2007,Female,77.12
EUR,Europe,MNE,Montenegro,2007,Female,20.49
EUR,Europe,MNE,Montenegro,2007,Male,72.16
EUR,Europe,MNE,Montenegro,2007,Male,17.69
EUR,Europe,MNE,Montenegro,2008,Female,77.47
EUR,Europe,MNE,Montenegro,2008,Female,20.74
EUR,Europe,MNE,Montenegro,2008,Male,72.52
EUR,Europe,MNE,Montenegro,2008,Male,17.9
EUR,Europe,MNE,Montenegro,2009,Female,77.8
EUR,Europe,MNE,Montenegro,2009,Female,20.96
EUR,Europe,MNE,Montenegro,2009,Male,72.91
EUR,Europe,MNE,Montenegro,2009,Male,18.09
EUR,Europe,MNE,Montenegro,2010,Female,78.11
EUR,Europe,MNE,Montenegro,2010,Female,21.14
EUR,Europe,MNE,Montenegro,2010,Male,73.26
EUR,Europe,MNE,Montenegro,2010,Male,18.22
EUR,Europe,MNE,Montenegro,2011,Female,78.35
EUR,Europe,MNE,Montenegro,2011,Female,21.27
EUR,Europe,MNE,Montenegro,2011,Male,73.56
EUR,Europe,MNE,Montenegro,2011,Male,18.32
EUR,Europe,MNE,Montenegro,2012,Female,78.53
EUR,Europe,MNE,Montenegro,2012,Female,21.39
EUR,Europe,MNE,Montenegro,2012,Male,73.75
EUR,Europe,MNE,Montenegro,2012,Male,18.34
EUR,Europe,MNE,Montenegro,2013,Female,78.73
EUR,Europe,MNE,Montenegro,2013,Female,21.53
EUR,Europe,MNE,Montenegro,2013,Male,73.89
EUR,Europe,MNE,Montenegro,2013,Male,18.33
EUR,Europe,MNE,Montenegro,2014,Female,79.07
EUR,Europe,MNE,Montenegro,2014,Female,21.8
EUR,Europe,MNE,Montenegro,2014,Male,74.06
EUR,Europe,MNE,Montenegro,2014,Male,18.36
EUR,Europe,MNE,Montenegro,2015,Female,79.44
EUR,Europe,MNE,Montenegro,2015,Female,22.08
EUR,Europe,MNE,Montenegro,2015,Male,74.16
EUR,Europe,MNE,Montenegro,2015,Male,18.37
EUR,Europe,MNE,Montenegro,2016,Female,79.81
EUR,Europe,MNE,Montenegro,2016,Female,22.38
EUR,Europe,MNE,Montenegro,2016,Male,74.21
EUR,Europe,MNE,Montenegro,2016,Male,18.36
EUR,Europe,MNE,Montenegro,2017,Female,79.98
EUR,Europe,MNE,Montenegro,2017,Female,22.52
EUR,Europe,MNE,Montenegro,2017,Male,74.22
EUR,Europe,MNE,Montenegro,2017,Male,18.37
EUR,Europe,MNE,Montenegro,2018,Female,80.08
EUR,Europe,MNE,Montenegro,2018,Female,22.58
EUR,Europe,MNE,Montenegro,2018,Male,74.27
EUR,Europe,MNE,Montenegro,2018,Male,18.48
EUR,Europe,MNE,Montenegro,2019,Female,79.73
EUR,Europe,MNE,Montenegro,2019,Female,22.24
EUR,Europe,MNE,Montenegro,2019,Male,73.89
EUR,Europe,MNE,Montenegro,2019,Male,18.04
EUR,Europe,MNE,Montenegro,2020,Female,78.53
EUR,Europe,MNE,Montenegro,2020,Female,21.12
EUR,Europe,MNE,Montenegro,2020,Male,72.45
EUR,Europe,MNE,Montenegro,2020,Male,16.87
EUR,Europe,MNE,Montenegro,2021,Female,77.88
EUR,Europe,MNE,Montenegro,2021,Female,20.53
EUR,Europe,MNE,Montenegro,2021,Male,71.62
EUR,Europe,MNE,Montenegro,2021,Male,16.13
EMR,Eastern Mediterranean,MAR,Morocco,2000,Female,71.11
EMR,Eastern Mediterranean,MAR,Morocco,2000,Female,19.31
EMR,Eastern Mediterranean,MAR,Morocco,2000,Male,69.29
EMR,Eastern Mediterranean,MAR,Morocco,2000,Male,18.81
EMR,Eastern Mediterranean,MAR,Morocco,2001,Female,71.32
EMR,Eastern Mediterranean,MAR,Morocco,2001,Female,19.3
EMR,Eastern Mediterranean,MAR,Morocco,2001,Male,69.6
EMR,Eastern Mediterranean,MAR,Morocco,2001,Male,18.86
EMR,Eastern Mediterranean,MAR,Morocco,2002,Female,71.42
EMR,Eastern Mediterranean,MAR,Morocco,2002,Female,19.25
EMR,Eastern Mediterranean,MAR,Morocco,2002,Male,70.07
EMR,Eastern Mediterranean,MAR,Morocco,2002,Male,19.07
EMR,Eastern Mediterranean,MAR,Morocco,2003,Female,71.59
EMR,Eastern Mediterranean,MAR,Morocco,2003,Female,19.25
EMR,Eastern Mediterranean,MAR,Morocco,2003,Male,70.17
EMR,Eastern Mediterranean,MAR,Morocco,2003,Male,19.0
EMR,Eastern Mediterranean,MAR,Morocco,2004,Female,71.74
EMR,Eastern Mediterranean,MAR,Morocco,2004,Female,19.21
EMR,Eastern Mediterranean,MAR,Morocco,2004,Male,70.32
EMR,Eastern Mediterranean,MAR,Morocco,2004,Male,18.95
EMR,Eastern Mediterranean,MAR,Morocco,2005,Female,71.95
EMR,Eastern Mediterranean,MAR,Morocco,2005,Female,19.2
EMR,Eastern Mediterranean,MAR,Morocco,2005,Male,70.52
EMR,Eastern Mediterranean,MAR,Morocco,2005,Male,18.92
EMR,Eastern Mediterranean,MAR,Morocco,2006,Female,72.13
EMR,Eastern Mediterranean,MAR,Morocco,2006,Female,19.18
EMR,Eastern Mediterranean,MAR,Morocco,2006,Male,70.73
EMR,Eastern Mediterranean,MAR,Morocco,2006,Male,18.89
EMR,Eastern Mediterranean,MAR,Morocco,2007,Female,72.29
EMR,Eastern Mediterranean,MAR,Morocco,2007,Female,19.15
EMR,Eastern Mediterranean,MAR,Morocco,2007,Male,70.93
EMR,Eastern Mediterranean,MAR,Morocco,2007,Male,18.85
EMR,Eastern Mediterranean,MAR,Morocco,2008,Female,72.58
EMR,Eastern Mediterranean,MAR,Morocco,2008,Female,19.23
EMR,Eastern Mediterranean,MAR,Morocco,2008,Male,71.2
EMR,Eastern Mediterranean,MAR,Morocco,2008,Male,18.88
EMR,Eastern Mediterranean,MAR,Morocco,2009,Female,72.84
EMR,Eastern Mediterranean,MAR,Morocco,2009,Female,19.29
EMR,Eastern Mediterranean,MAR,Morocco,2009,Male,71.48
EMR,Eastern Mediterranean,MAR,Morocco,2009,Male,18.91
EMR,Eastern Mediterranean,MAR,Morocco,2010,Female,73.06
EMR,Eastern Mediterranean,MAR,Morocco,2010,Female,19.32
EMR,Eastern Mediterranean,MAR,Morocco,2010,Male,71.69
EMR,Eastern Mediterranean,MAR,Morocco,2010,Male,18.9
EMR,Eastern Mediterranean,MAR,Morocco,2011,Female,73.28
EMR,Eastern Mediterranean,MAR,Morocco,2011,Female,19.36
EMR,Eastern Mediterranean,MAR,Morocco,2011,Male,71.87
EMR,Eastern Mediterranean,MAR,Morocco,2011,Male,18.85
EMR,Eastern Mediterranean,MAR,Morocco,2012,Female,73.51
EMR,Eastern Mediterranean,MAR,Morocco,2012,Female,19.41
EMR,Eastern Mediterranean,MAR,Morocco,2012,Male,72.05
EMR,Eastern Mediterranean,MAR,Morocco,2012,Male,18.81
EMR,Eastern Mediterranean,MAR,Morocco,2013,Female,73.72
EMR,Eastern Mediterranean,MAR,Morocco,2013,Female,19.45
EMR,Eastern Mediterranean,MAR,Morocco,2013,Male,72.21
EMR,Eastern Mediterranean,MAR,Morocco,2013,Male,18.74
EMR,Eastern Mediterranean,MAR,Morocco,2014,Female,73.9
EMR,Eastern Mediterranean,MAR,Morocco,2014,Female,19.47
EMR,Eastern Mediterranean,MAR,Morocco,2014,Male,72.34
EMR,Eastern Mediterranean,MAR,Morocco,2014,Male,18.65
EMR,Eastern Mediterranean,MAR,Morocco,2015,Female,74.08
EMR,Eastern Mediterranean,MAR,Morocco,2015,Female,19.48
EMR,Eastern Mediterranean,MAR,Morocco,2015,Male,72.44
EMR,Eastern Mediterranean,MAR,Morocco,2015,Male,18.54
EMR,Eastern Mediterranean,MAR,Morocco,2016,Female,74.26
EMR,Eastern Mediterranean,MAR,Morocco,2016,Female,19.52
EMR,Eastern Mediterranean,MAR,Morocco,2016,Male,72.55
EMR,Eastern Mediterranean,MAR,Morocco,2016,Male,18.44
EMR,Eastern Mediterranean,MAR,Morocco,2017,Female,74.41
EMR,Eastern Mediterranean,MAR,Morocco,2017,Female,19.55
EMR,Eastern Mediterranean,MAR,Morocco,2017,Male,72.65
EMR,Eastern Mediterranean,MAR,Morocco,2017,Male,18.36
EMR,Eastern Mediterranean,MAR,Morocco,2018,Female,74.46
EMR,Eastern Mediterranean,MAR,Morocco,2018,Female,19.53
EMR,Eastern Mediterranean,MAR,Morocco,2018,Male,72.74
EMR,Eastern Mediterranean,MAR,Morocco,2018,Male,18.33
EMR,Eastern Mediterranean,MAR,Morocco,2019,Female,74.64
EMR,Eastern Mediterranean,MAR,Morocco,2019,Female,19.59
EMR,Eastern Mediterranean,MAR,Morocco,2019,Male,72.85
EMR,Eastern Mediterranean,MAR,Morocco,2019,Male,18.32
EMR,Eastern Mediterranean,MAR,Morocco,2020,Female,73.87
EMR,Eastern Mediterranean,MAR,Morocco,2020,Female,18.82
EMR,Eastern Mediterranean,MAR,Morocco,2020,Male,71.19
EMR,Eastern Mediterranean,MAR,Morocco,2020,Male,16.64
EMR,Eastern Mediterranean,MAR,Morocco,2021,Female,73.71
EMR,Eastern Mediterranean,MAR,Morocco,2021,Female,18.81
EMR,Eastern Mediterranean,MAR,Morocco,2021,Male,71.54
EMR,Eastern Mediterranean,MAR,Morocco,2021,Male,17.24
AFR,Africa,MOZ,Mozambique,2000,Female,53.04
AFR,Africa,MOZ,Mozambique,2000,Female,16.65
AFR,Africa,MOZ,Mozambique,2000,Male,48.91
AFR,Africa,MOZ,Mozambique,2000,Male,12.8
AFR,Africa,MOZ,Mozambique,2001,Female,53.45
AFR,Africa,MOZ,Mozambique,2001,Female,16.81
AFR,Africa,MOZ,Mozambique,2001,Male,49.24
AFR,Africa,MOZ,Mozambique,2001,Male,12.75
AFR,Africa,MOZ,Mozambique,2002,Female,53.59
AFR,Africa,MOZ,Mozambique,2002,Female,16.84
AFR,Africa,MOZ,Mozambique,2002,Male,49.41
AFR,Africa,MOZ,Mozambique,2002,Male,12.64
AFR,Africa,MOZ,Mozambique,2003,Female,53.76
AFR,Africa,MOZ,Mozambique,2003,Female,16.88
AFR,Africa,MOZ,Mozambique,2003,Male,49.64
AFR,Africa,MOZ,Mozambique,2003,Male,12.56
AFR,Africa,MOZ,Mozambique,2004,Female,53.9
AFR,Africa,MOZ,Mozambique,2004,Female,16.87
AFR,Africa,MOZ,Mozambique,2004,Male,49.8
AFR,Africa,MOZ,Mozambique,2004,Male,12.46
AFR,Africa,MOZ,Mozambique,2005,Female,54.01
AFR,Africa,MOZ,Mozambique,2005,Female,16.79
AFR,Africa,MOZ,Mozambique,2005,Male,49.92
AFR,Africa,MOZ,Mozambique,2005,Male,12.34
AFR,Africa,MOZ,Mozambique,2006,Female,54.3
AFR,Africa,MOZ,Mozambique,2006,Female,16.76
AFR,Africa,MOZ,Mozambique,2006,Male,50.11
AFR,Africa,MOZ,Mozambique,2006,Male,12.23
AFR,Africa,MOZ,Mozambique,2007,Female,54.8
AFR,Africa,MOZ,Mozambique,2007,Female,16.67
AFR,Africa,MOZ,Mozambique,2007,Male,50.46
AFR,Africa,MOZ,Mozambique,2007,Male,12.12
AFR,Africa,MOZ,Mozambique,2008,Female,55.37
AFR,Africa,MOZ,Mozambique,2008,Female,16.62
AFR,Africa,MOZ,Mozambique,2008,Male,50.84
AFR,Africa,MOZ,Mozambique,2008,Male,12.06
AFR,Africa,MOZ,Mozambique,2009,Female,55.65
AFR,Africa,MOZ,Mozambique,2009,Female,16.45
AFR,Africa,MOZ,Mozambique,2009,Male,51.07
AFR,Africa,MOZ,Mozambique,2009,Male,11.96
AFR,Africa,MOZ,Mozambique,2010,Female,55.66
AFR,Africa,MOZ,Mozambique,2010,Female,16.21
AFR,Africa,MOZ,Mozambique,2010,Male,51.05
AFR,Africa,MOZ,Mozambique,2010,Male,11.85
AFR,Africa,MOZ,Mozambique,2011,Female,55.87
AFR,Africa,MOZ,Mozambique,2011,Female,16.1
AFR,Africa,MOZ,Mozambique,2011,Male,51.22
AFR,Africa,MOZ,Mozambique,2011,Male,11.82
AFR,Africa,MOZ,Mozambique,2012,Female,56.13
AFR,Africa,MOZ,Mozambique,2012,Female,16.04
AFR,Africa,MOZ,Mozambique,2012,Male,51.39
AFR,Africa,MOZ,Mozambique,2012,Male,11.81
AFR,Africa,MOZ,Mozambique,2013,Female,56.75
AFR,Africa,MOZ,Mozambique,2013,Female,16.07
AFR,Africa,MOZ,Mozambique,2013,Male,51.77
AFR,Africa,MOZ,Mozambique,2013,Male,11.88
AFR,Africa,MOZ,Mozambique,2014,Female,57.76
AFR,Africa,MOZ,Mozambique,2014,Female,16.2
AFR,Africa,MOZ,Mozambique,2014,Male,52.35
AFR,Africa,MOZ,Mozambique,2014,Male,12.0
AFR,Africa,MOZ,Mozambique,2015,Female,58.81
AFR,Africa,MOZ,Mozambique,2015,Female,16.38
AFR,Africa,MOZ,Mozambique,2015,Male,52.97
AFR,Africa,MOZ,Mozambique,2015,Male,12.14
AFR,Africa,MOZ,Mozambique,2016,Female,59.76
AFR,Africa,MOZ,Mozambique,2016,Female,16.58
AFR,Africa,MOZ,Mozambique,2016,Male,53.6
AFR,Africa,MOZ,Mozambique,2016,Male,12.33
AFR,Africa,MOZ,Mozambique,2017,Female,60.54
AFR,Africa,MOZ,Mozambique,2017,Female,16.76
AFR,Africa,MOZ,Mozambique,2017,Male,54.21
AFR,Africa,MOZ,Mozambique,2017,Male,12.53
AFR,Africa,MOZ,Mozambique,2018,Female,61.13
AFR,Africa,MOZ,Mozambique,2018,Female,16.93
AFR,Africa,MOZ,Mozambique,2018,Male,54.82
AFR,Africa,MOZ,Mozambique,2018,Male,12.73
AFR,Africa,MOZ,Mozambique,2019,Female,61.67
AFR,Africa,MOZ,Mozambique,2019,Female,17.06
AFR,Africa,MOZ,Mozambique,2019,Male,55.39
AFR,Africa,MOZ,Mozambique,2019,Male,12.92
AFR,Africa,MOZ,Mozambique,2020,Female,61.81
AFR,Africa,MOZ,Mozambique,2020,Female,16.72
AFR,Africa,MOZ,Mozambique,2020,Male,55.55
AFR,Africa,MOZ,Mozambique,2020,Male,12.23
AFR,Africa,MOZ,Mozambique,2021,Female,60.55
AFR,Africa,MOZ,Mozambique,2021,Female,15.73
AFR,Africa,MOZ,Mozambique,2021,Male,54.8
AFR,Africa,MOZ,Mozambique,2021,Male,12.05
SEAR,South-East Asia,MMR,Myanmar,2000,Female,61.87
SEAR,South-East Asia,MMR,Myanmar,2000,Female,16.02
SEAR,South-East Asia,MMR,Myanmar,2000,Male,57.02
SEAR,South-East Asia,MMR,Myanmar,2000,Male,13.49
SEAR,South-East Asia,MMR,Myanmar,2001,Female,62.27
SEAR,South-East Asia,MMR,Myanmar,2001,Female,16.15
SEAR,South-East Asia,MMR,Myanmar,2001,Male,57.41
SEAR,South-East Asia,MMR,Myanmar,2001,Male,13.59
SEAR,South-East Asia,MMR,Myanmar,2002,Female,62.73
SEAR,South-East Asia,MMR,Myanmar,2002,Female,16.3
SEAR,South-East Asia,MMR,Myanmar,2002,Male,57.79
SEAR,South-East Asia,MMR,Myanmar,2002,Male,13.71
SEAR,South-East Asia,MMR,Myanmar,2003,Female,63.13
SEAR,South-East Asia,MMR,Myanmar,2003,Female,16.42
SEAR,South-East Asia,MMR,Myanmar,2003,Male,58.26
SEAR,South-East Asia,MMR,Myanmar,2003,Male,13.87
SEAR,South-East Asia,MMR,Myanmar,2004,Female,63.66
SEAR,South-East Asia,MMR,Myanmar,2004,Female,16.62
SEAR,South-East Asia,MMR,Myanmar,2004,Male,58.6
SEAR,South-East Asia,MMR,Myanmar,2004,Male,13.94
SEAR,South-East Asia,MMR,Myanmar,2005,Female,64.28
SEAR,South-East Asia,MMR,Myanmar,2005,Female,16.88
SEAR,South-East Asia,MMR,Myanmar,2005,Male,59.08
SEAR,South-East Asia,MMR,Myanmar,2005,Male,14.12
SEAR,South-East Asia,MMR,Myanmar,2006,Female,64.84
SEAR,South-East Asia,MMR,Myanmar,2006,Female,17.09
SEAR,South-East Asia,MMR,Myanmar,2006,Male,59.59
SEAR,South-East Asia,MMR,Myanmar,2006,Male,14.28
SEAR,South-East Asia,MMR,Myanmar,2007,Female,65.54
SEAR,South-East Asia,MMR,Myanmar,2007,Female,17.37
SEAR,South-East Asia,MMR,Myanmar,2007,Male,60.13
SEAR,South-East Asia,MMR,Myanmar,2007,Male,14.48
SEAR,South-East Asia,MMR,Myanmar,2008,Female,58.24
SEAR,South-East Asia,MMR,Myanmar,2008,Female,16.16
SEAR,South-East Asia,MMR,Myanmar,2008,Male,55.57
SEAR,South-East Asia,MMR,Myanmar,2008,Male,13.72
SEAR,South-East Asia,MMR,Myanmar,2009,Female,66.94
SEAR,South-East Asia,MMR,Myanmar,2009,Female,17.93
SEAR,South-East Asia,MMR,Myanmar,2009,Male,61.18
SEAR,South-East Asia,MMR,Myanmar,2009,Male,14.78
SEAR,South-East Asia,MMR,Myanmar,2010,Female,67.7
SEAR,South-East Asia,MMR,Myanmar,2010,Female,18.21
SEAR,South-East Asia,MMR,Myanmar,2010,Male,61.74
SEAR,South-East Asia,MMR,Myanmar,2010,Male,14.94
SEAR,South-East Asia,MMR,Myanmar,2011,Female,68.45
SEAR,South-East Asia,MMR,Myanmar,2011,Female,18.51
SEAR,South-East Asia,MMR,Myanmar,2011,Male,62.19
SEAR,South-East Asia,MMR,Myanmar,2011,Male,15.07
SEAR,South-East Asia,MMR,Myanmar,2012,Female,69.17
SEAR,South-East Asia,MMR,Myanmar,2012,Female,18.79
SEAR,South-East Asia,MMR,Myanmar,2012,Male,62.75
SEAR,South-East Asia,MMR,Myanmar,2012,Male,15.25
SEAR,South-East Asia,MMR,Myanmar,2013,Female,69.73
SEAR,South-East Asia,MMR,Myanmar,2013,Female,18.96
SEAR,South-East Asia,MMR,Myanmar,2013,Male,63.34
SEAR,South-East Asia,MMR,Myanmar,2013,Male,15.42
SEAR,South-East Asia,MMR,Myanmar,2014,Female,70.3
SEAR,South-East Asia,MMR,Myanmar,2014,Female,19.16
SEAR,South-East Asia,MMR,Myanmar,2014,Male,63.94
SEAR,South-East Asia,MMR,Myanmar,2014,Male,15.6
SEAR,South-East Asia,MMR,Myanmar,2015,Female,70.71
SEAR,South-East Asia,MMR,Myanmar,2015,Female,19.26
SEAR,South-East Asia,MMR,Myanmar,2015,Male,64.3
SEAR,South-East Asia,MMR,Myanmar,2015,Male,15.71
SEAR,South-East Asia,MMR,Myanmar,2016,Female,71.12
SEAR,South-East Asia,MMR,Myanmar,2016,Female,19.38
SEAR,South-East Asia,MMR,Myanmar,2016,Male,64.75
SEAR,South-East Asia,MMR,Myanmar,2016,Male,15.83
SEAR,South-East Asia,MMR,Myanmar,2017,Female,71.29
SEAR,South-East Asia,MMR,Myanmar,2017,Female,19.48
SEAR,South-East Asia,MMR,Myanmar,2017,Male,64.76
SEAR,South-East Asia,MMR,Myanmar,2017,Male,15.91
SEAR,South-East Asia,MMR,Myanmar,2018,Female,71.79
SEAR,South-East Asia,MMR,Myanmar,2018,Female,19.55
SEAR,South-East Asia,MMR,Myanmar,2018,Male,65.45
SEAR,South-East Asia,MMR,Myanmar,2018,Male,16.01
SEAR,South-East Asia,MMR,Myanmar,2019,Female,72.04
SEAR,South-East Asia,MMR,Myanmar,2019,Female,19.61
SEAR,South-East Asia,MMR,Myanmar,2019,Male,65.69
SEAR,South-East Asia,MMR,Myanmar,2019,Male,16.06
SEAR,South-East Asia,MMR,Myanmar,2020,Female,72.26
SEAR,South-East Asia,MMR,Myanmar,2020,Female,19.53
SEAR,South-East Asia,MMR,Myanmar,2020,Male,65.65
SEAR,South-East Asia,MMR,Myanmar,2020,Male,15.53
SEAR,South-East Asia,MMR,Myanmar,2021,Female,71.15
SEAR,South-East Asia,MMR,Myanmar,2021,Female,18.72
SEAR,South-East Asia,MMR,Myanmar,2021,Male,64.71
SEAR,South-East Asia,MMR,Myanmar,2021,Male,15.32
AFR,Africa,NAM,Namibia,2000,Female,55.09
AFR,Africa,NAM,Namibia,2000,Female,15.54
AFR,Africa,NAM,Namibia,2000,Male,50.9
AFR,Africa,NAM,Namibia,2000,Male,12.32
AFR,Africa,NAM,Namibia,2001,Female,54.21
AFR,Africa,NAM,Namibia,2001,Female,15.42
AFR,Africa,NAM,Namibia,2001,Male,50.46
AFR,Africa,NAM,Namibia,2001,Male,12.19
AFR,Africa,NAM,Namibia,2002,Female,53.44
AFR,Africa,NAM,Namibia,2002,Female,15.28
AFR,Africa,NAM,Namibia,2002,Male,49.97
AFR,Africa,NAM,Namibia,2002,Male,12.05
AFR,Africa,NAM,Namibia,2003,Female,53.03
AFR,Africa,NAM,Namibia,2003,Female,15.28
AFR,Africa,NAM,Namibia,2003,Male,49.69
AFR,Africa,NAM,Namibia,2003,Male,11.98
AFR,Africa,NAM,Namibia,2004,Female,53.42
AFR,Africa,NAM,Namibia,2004,Female,15.47
AFR,Africa,NAM,Namibia,2004,Male,49.83
AFR,Africa,NAM,Namibia,2004,Male,12.01
AFR,Africa,NAM,Namibia,2005,Female,54.93
AFR,Africa,NAM,Namibia,2005,Female,15.83
AFR,Africa,NAM,Namibia,2005,Male,50.71
AFR,Africa,NAM,Namibia,2005,Male,12.19
AFR,Africa,NAM,Namibia,2006,Female,57.16
AFR,Africa,NAM,Namibia,2006,Female,16.28
AFR,Africa,NAM,Namibia,2006,Male,52.23
AFR,Africa,NAM,Namibia,2006,Male,12.49
AFR,Africa,NAM,Namibia,2007,Female,59.72
AFR,Africa,NAM,Namibia,2007,Female,16.77
AFR,Africa,NAM,Namibia,2007,Male,53.97
AFR,Africa,NAM,Namibia,2007,Male,12.84
AFR,Africa,NAM,Namibia,2008,Female,61.82
AFR,Africa,NAM,Namibia,2008,Female,17.16
AFR,Africa,NAM,Namibia,2008,Male,55.45
AFR,Africa,NAM,Namibia,2008,Male,13.12
AFR,Africa,NAM,Namibia,2009,Female,62.68
AFR,Africa,NAM,Namibia,2009,Female,17.32
AFR,Africa,NAM,Namibia,2009,Male,56.33
AFR,Africa,NAM,Namibia,2009,Male,13.31
AFR,Africa,NAM,Namibia,2010,Female,63.4
AFR,Africa,NAM,Namibia,2010,Female,17.48
AFR,Africa,NAM,Namibia,2010,Male,56.84
AFR,Africa,NAM,Namibia,2010,Male,13.42
AFR,Africa,NAM,Namibia,2011,Female,64.25
AFR,Africa,NAM,Namibia,2011,Female,17.73
AFR,Africa,NAM,Namibia,2011,Male,57.5
AFR,Africa,NAM,Namibia,2011,Male,13.62
AFR,Africa,NAM,Namibia,2012,Female,64.85
AFR,Africa,NAM,Namibia,2012,Female,17.92
AFR,Africa,NAM,Namibia,2012,Male,58.1
AFR,Africa,NAM,Namibia,2012,Male,13.85
AFR,Africa,NAM,Namibia,2013,Female,65.16
AFR,Africa,NAM,Namibia,2013,Female,18.01
AFR,Africa,NAM,Namibia,2013,Male,58.52
AFR,Africa,NAM,Namibia,2013,Male,13.96
AFR,Africa,NAM,Namibia,2014,Female,65.01
AFR,Africa,NAM,Namibia,2014,Female,17.96
AFR,Africa,NAM,Namibia,2014,Male,58.79
AFR,Africa,NAM,Namibia,2014,Male,14.01
AFR,Africa,NAM,Namibia,2015,Female,64.79
AFR,Africa,NAM,Namibia,2015,Female,17.91
AFR,Africa,NAM,Namibia,2015,Male,58.81
AFR,Africa,NAM,Namibia,2015,Male,14.04
AFR,Africa,NAM,Namibia,2016,Female,65.01
AFR,Africa,NAM,Namibia,2016,Female,17.94
AFR,Africa,NAM,Namibia,2016,Male,58.98
AFR,Africa,NAM,Namibia,2016,Male,14.08
AFR,Africa,NAM,Namibia,2017,Female,65.54
AFR,Africa,NAM,Namibia,2017,Female,18.03
AFR,Africa,NAM,Namibia,2017,Male,59.1
AFR,Africa,NAM,Namibia,2017,Male,14.09
AFR,Africa,NAM,Namibia,2018,Female,66.22
AFR,Africa,NAM,Namibia,2018,Female,18.16
AFR,Africa,NAM,Namibia,2018,Male,59.35
AFR,Africa,NAM,Namibia,2018,Male,14.12
AFR,Africa,NAM,Namibia,2019,Female,66.9
AFR,Africa,NAM,Namibia,2019,Female,18.26
AFR,Africa,NAM,Namibia,2019,Male,59.99
AFR,Africa,NAM,Namibia,2019,Male,14.24
AFR,Africa,NAM,Namibia,2020,Female,67.11
AFR,Africa,NAM,Namibia,2020,Female,17.92
AFR,Africa,NAM,Namibia,2020,Male,60.3
AFR,Africa,NAM,Namibia,2020,Male,13.62
AFR,Africa,NAM,Namibia,2021,Female,63.44
AFR,Africa,NAM,Namibia,2021,Female,15.47
AFR,Africa,NAM,Namibia,2021,Male,57.27
AFR,Africa,NAM,Namibia,2021,Male,11.89
SEAR,South-East Asia,NPL,Nepal,2000,Female,66.51
SEAR,South-East Asia,NPL,Nepal,2000,Female,18.31
SEAR,South-East Asia,NPL,Nepal,2000,Male,64.22
SEAR,South-East Asia,NPL,Nepal,2000,Male,17.21
SEAR,South-East Asia,NPL,Nepal,2001,Female,67.32
SEAR,South-East Asia,NPL,Nepal,2001,Female,18.56
SEAR,South-East Asia,NPL,Nepal,2001,Male,65.02
SEAR,South-East Asia,NPL,Nepal,2001,Male,17.52
SEAR,South-East Asia,NPL,Nepal,2002,Female,67.84
SEAR,South-East Asia,NPL,Nepal,2002,Female,18.73
SEAR,South-East Asia,NPL,Nepal,2002,Male,65.08
SEAR,South-East Asia,NPL,Nepal,2002,Male,17.74
SEAR,South-East Asia,NPL,Nepal,2003,Female,68.56
SEAR,South-East Asia,NPL,Nepal,2003,Female,18.91
SEAR,South-East Asia,NPL,Nepal,2003,Male,66.16
SEAR,South-East Asia,NPL,Nepal,2003,Male,17.96
SEAR,South-East Asia,NPL,Nepal,2004,Female,69.04
SEAR,South-East Asia,NPL,Nepal,2004,Female,19.03
SEAR,South-East Asia,NPL,Nepal,2004,Male,66.36
SEAR,South-East Asia,NPL,Nepal,2004,Male,18.03
SEAR,South-East Asia,NPL,Nepal,2005,Female,69.5
SEAR,South-East Asia,NPL,Nepal,2005,Female,19.12
SEAR,South-East Asia,NPL,Nepal,2005,Male,66.87
SEAR,South-East Asia,NPL,Nepal,2005,Male,18.08
SEAR,South-East Asia,NPL,Nepal,2006,Female,69.9
SEAR,South-East Asia,NPL,Nepal,2006,Female,19.19
SEAR,South-East Asia,NPL,Nepal,2006,Male,67.19
SEAR,South-East Asia,NPL,Nepal,2006,Male,18.04
SEAR,South-East Asia,NPL,Nepal,2007,Female,70.17
SEAR,South-East Asia,NPL,Nepal,2007,Female,19.2
SEAR,South-East Asia,NPL,Nepal,2007,Male,67.43
SEAR,South-East Asia,NPL,Nepal,2007,Male,17.99
SEAR,South-East Asia,NPL,Nepal,2008,Female,70.48
SEAR,South-East Asia,NPL,Nepal,2008,Female,19.27
SEAR,South-East Asia,NPL,Nepal,2008,Male,67.58
SEAR,South-East Asia,NPL,Nepal,2008,Male,17.96
SEAR,South-East Asia,NPL,Nepal,2009,Female,70.79
SEAR,South-East Asia,NPL,Nepal,2009,Female,19.33
SEAR,South-East Asia,NPL,Nepal,2009,Male,67.74
SEAR,South-East Asia,NPL,Nepal,2009,Male,17.92
SEAR,South-East Asia,NPL,Nepal,2010,Female,71.01
SEAR,South-East Asia,NPL,Nepal,2010,Female,19.34
SEAR,South-East Asia,NPL,Nepal,2010,Male,67.92
SEAR,South-East Asia,NPL,Nepal,2010,Male,17.9
SEAR,South-East Asia,NPL,Nepal,2011,Female,71.27
SEAR,South-East Asia,NPL,Nepal,2011,Female,19.37
SEAR,South-East Asia,NPL,Nepal,2011,Male,67.93
SEAR,South-East Asia,NPL,Nepal,2011,Male,17.76
SEAR,South-East Asia,NPL,Nepal,2012,Female,71.5
SEAR,South-East Asia,NPL,Nepal,2012,Female,19.36
SEAR,South-East Asia,NPL,Nepal,2012,Male,68.06
SEAR,South-East Asia,NPL,Nepal,2012,Male,17.69
SEAR,South-East Asia,NPL,Nepal,2013,Female,71.73
SEAR,South-East Asia,NPL,Nepal,2013,Female,19.37
SEAR,South-East Asia,NPL,Nepal,2013,Male,68.21
SEAR,South-East Asia,NPL,Nepal,2013,Male,17.61
SEAR,South-East Asia,NPL,Nepal,2014,Female,71.95
SEAR,South-East Asia,NPL,Nepal,2014,Female,19.38
SEAR,South-East Asia,NPL,Nepal,2014,Male,68.4
SEAR,South-East Asia,NPL,Nepal,2014,Male,17.59
SEAR,South-East Asia,NPL,Nepal,2015,Female,71.39
SEAR,South-East Asia,NPL,Nepal,2015,Female,19.15
SEAR,South-East Asia,NPL,Nepal,2015,Male,68.14
SEAR,South-East Asia,NPL,Nepal,2015,Male,17.35
SEAR,South-East Asia,NPL,Nepal,2016,Female,72.36
SEAR,South-East Asia,NPL,Nepal,2016,Female,19.38
SEAR,South-East Asia,NPL,Nepal,2016,Male,68.78
SEAR,South-East Asia,NPL,Nepal,2016,Male,17.52
SEAR,South-East Asia,NPL,Nepal,2017,Female,72.61
SEAR,South-East Asia,NPL,Nepal,2017,Female,19.41
SEAR,South-East Asia,NPL,Nepal,2017,Male,69.02
SEAR,South-East Asia,NPL,Nepal,2017,Male,17.55
SEAR,South-East Asia,NPL,Nepal,2018,Female,72.86
SEAR,South-East Asia,NPL,Nepal,2018,Female,19.46
SEAR,South-East Asia,NPL,Nepal,2018,Male,69.28
SEAR,South-East Asia,NPL,Nepal,2018,Male,17.58
SEAR,South-East Asia,NPL,Nepal,2019,Female,73.1
SEAR,South-East Asia,NPL,Nepal,2019,Female,19.51
SEAR,South-East Asia,NPL,Nepal,2019,Male,69.56
SEAR,South-East Asia,NPL,Nepal,2019,Male,17.64
SEAR,South-East Asia,NPL,Nepal,2020,Female,72.99
SEAR,South-East Asia,NPL,Nepal,2020,Female,19.22
SEAR,South-East Asia,NPL,Nepal,2020,Male,68.98
SEAR,South-East Asia,NPL,Nepal,2020,Male,16.74
SEAR,South-East Asia,NPL,Nepal,2021,Female,71.79
SEAR,South-East Asia,NPL,Nepal,2021,Female,18.34
SEAR,South-East Asia,NPL,Nepal,2021,Male,68.27
SEAR,South-East Asia,NPL,Nepal,2021,Male,16.47
EUR,Europe,NLD,Netherlands (Kingdom of the),2000,Female,80.39
EUR,Europe,NLD,Netherlands (Kingdom of the),2000,Female,23.23
EUR,Europe,NLD,Netherlands (Kingdom of the),2000,Male,75.49
EUR,Europe,NLD,Netherlands (Kingdom of the),2000,Male,19.15
EUR,Europe,NLD,Netherlands (Kingdom of the),2001,Female,80.52
EUR,Europe,NLD,Netherlands (Kingdom of the),2001,Female,23.32
EUR,Europe,NLD,Netherlands (Kingdom of the),2001,Male,75.77
EUR,Europe,NLD,Netherlands (Kingdom of the),2001,Male,19.39
EUR,Europe,NLD,Netherlands (Kingdom of the),2002,Female,80.49
EUR,Europe,NLD,Netherlands (Kingdom of the),2002,Female,23.28
EUR,Europe,NLD,Netherlands (Kingdom of the),2002,Male,75.94
EUR,Europe,NLD,Netherlands (Kingdom of the),2002,Male,19.45
EUR,Europe,NLD,Netherlands (Kingdom of the),2003,Female,80.72
EUR,Europe,NLD,Netherlands (Kingdom of the),2003,Female,23.46
EUR,Europe,NLD,Netherlands (Kingdom of the),2003,Male,76.19
EUR,Europe,NLD,Netherlands (Kingdom of the),2003,Male,19.68
EUR,Europe,NLD,Netherlands (Kingdom of the),2004,Female,81.22
EUR,Europe,NLD,Netherlands (Kingdom of the),2004,Female,23.83
EUR,Europe,NLD,Netherlands (Kingdom of the),2004,Male,76.82
EUR,Europe,NLD,Netherlands (Kingdom of the),2004,Male,20.14
EUR,Europe,NLD,Netherlands (Kingdom of the),2005,Female,81.37
EUR,Europe,NLD,Netherlands (Kingdom of the),2005,Female,24.01
EUR,Europe,NLD,Netherlands (Kingdom of the),2005,Male,77.15
EUR,Europe,NLD,Netherlands (Kingdom of the),2005,Male,20.31
EUR,Europe,NLD,Netherlands (Kingdom of the),2006,Female,81.67
EUR,Europe,NLD,Netherlands (Kingdom of the),2006,Female,24.17
EUR,Europe,NLD,Netherlands (Kingdom of the),2006,Male,77.59
EUR,Europe,NLD,Netherlands (Kingdom of the),2006,Male,20.69
EUR,Europe,NLD,Netherlands (Kingdom of the),2007,Female,82.1
EUR,Europe,NLD,Netherlands (Kingdom of the),2007,Female,24.51
EUR,Europe,NLD,Netherlands (Kingdom of the),2007,Male,77.99
EUR,Europe,NLD,Netherlands (Kingdom of the),2007,Male,20.99
EUR,Europe,NLD,Netherlands (Kingdom of the),2008,Female,82.06
EUR,Europe,NLD,Netherlands (Kingdom of the),2008,Female,24.48
EUR,Europe,NLD,Netherlands (Kingdom of the),2008,Male,78.29
EUR,Europe,NLD,Netherlands (Kingdom of the),2008,Male,21.27
EUR,Europe,NLD,Netherlands (Kingdom of the),2009,Female,82.43
EUR,Europe,NLD,Netherlands (Kingdom of the),2009,Female,24.8
EUR,Europe,NLD,Netherlands (Kingdom of the),2009,Male,78.52
EUR,Europe,NLD,Netherlands (Kingdom of the),2009,Male,21.42
EUR,Europe,NLD,Netherlands (Kingdom of the),2010,Female,82.5
EUR,Europe,NLD,Netherlands (Kingdom of the),2010,Female,24.8
EUR,Europe,NLD,Netherlands (Kingdom of the),2010,Male,78.74
EUR,Europe,NLD,Netherlands (Kingdom of the),2010,Male,21.59
EUR,Europe,NLD,Netherlands (Kingdom of the),2011,Female,82.62
EUR,Europe,NLD,Netherlands (Kingdom of the),2011,Female,24.92
EUR,Europe,NLD,Netherlands (Kingdom of the),2011,Male,79.16
EUR,Europe,NLD,Netherlands (Kingdom of the),2011,Male,21.98
EUR,Europe,NLD,Netherlands (Kingdom of the),2012,Female,82.56
EUR,Europe,NLD,Netherlands (Kingdom of the),2012,Female,24.81
EUR,Europe,NLD,Netherlands (Kingdom of the),2012,Male,79.1
EUR,Europe,NLD,Netherlands (Kingdom of the),2012,Male,21.92
EUR,Europe,NLD,Netherlands (Kingdom of the),2013,Female,82.76
EUR,Europe,NLD,Netherlands (Kingdom of the),2013,Female,24.93
EUR,Europe,NLD,Netherlands (Kingdom of the),2013,Male,79.37
EUR,Europe,NLD,Netherlands (Kingdom of the),2013,Male,22.11
EUR,Europe,NLD,Netherlands (Kingdom of the),2014,Female,83.02
EUR,Europe,NLD,Netherlands (Kingdom of the),2014,Female,25.15
EUR,Europe,NLD,Netherlands (Kingdom of the),2014,Male,79.8
EUR,Europe,NLD,Netherlands (Kingdom of the),2014,Male,22.51
EUR,Europe,NLD,Netherlands (Kingdom of the),2015,Female,82.82
EUR,Europe,NLD,Netherlands (Kingdom of the),2015,Female,24.87
EUR,Europe,NLD,Netherlands (Kingdom of the),2015,Male,79.67
EUR,Europe,NLD,Netherlands (Kingdom of the),2015,Male,22.27
EUR,Europe,NLD,Netherlands (Kingdom of the),2016,Female,82.8
EUR,Europe,NLD,Netherlands (Kingdom of the),2016,Female,24.95
EUR,Europe,NLD,Netherlands (Kingdom of the),2016,Male,79.8
EUR,Europe,NLD,Netherlands (Kingdom of the),2016,Male,22.39
EUR,Europe,NLD,Netherlands (Kingdom of the),2017,Female,83.01
EUR,Europe,NLD,Netherlands (Kingdom of the),2017,Female,25.02
EUR,Europe,NLD,Netherlands (Kingdom of the),2017,Male,79.99
EUR,Europe,NLD,Netherlands (Kingdom of the),2017,Male,22.63
EUR,Europe,NLD,Netherlands (Kingdom of the),2018,Female,83.3
EUR,Europe,NLD,Netherlands (Kingdom of the),2018,Female,25.29
EUR,Europe,NLD,Netherlands (Kingdom of the),2018,Male,80.44
EUR,Europe,NLD,Netherlands (Kingdom of the),2018,Male,23.05
EUR,Europe,NLD,Netherlands (Kingdom of the),2019,Female,83.76
EUR,Europe,NLD,Netherlands (Kingdom of the),2019,Female,25.76
EUR,Europe,NLD,Netherlands (Kingdom of the),2019,Male,80.85
EUR,Europe,NLD,Netherlands (Kingdom of the),2019,Male,23.43
EUR,Europe,NLD,Netherlands (Kingdom of the),2020,Female,82.93
EUR,Europe,NLD,Netherlands (Kingdom of the),2020,Female,24.9
EUR,Europe,NLD,Netherlands (Kingdom of the),2020,Male,79.85
EUR,Europe,NLD,Netherlands (Kingdom of the),2020,Male,22.47
EUR,Europe,NLD,Netherlands (Kingdom of the),2021,Female,82.65
EUR,Europe,NLD,Netherlands (Kingdom of the),2021,Female,24.66
EUR,Europe,NLD,Netherlands (Kingdom of the),2021,Male,79.58
EUR,Europe,NLD,Netherlands (Kingdom of the),2021,Male,22.22
WPR,Western Pacific,NZL,New Zealand,2000,Female,81.06
WPR,Western Pacific,NZL,New Zealand,2000,Female,24.12
WPR,Western Pacific,NZL,New Zealand,2000,Male,76.0
WPR,Western Pacific,NZL,New Zealand,2000,Male,20.46
WPR,Western Pacific,NZL,New Zealand,2001,Female,80.74
WPR,Western Pacific,NZL,New Zealand,2001,Female,23.69
WPR,Western Pacific,NZL,New Zealand,2001,Male,76.11
WPR,Western Pacific,NZL,New Zealand,2001,Male,20.42
WPR,Western Pacific,NZL,New Zealand,2002,Female,80.79
WPR,Western Pacific,NZL,New Zealand,2002,Female,23.83
WPR,Western Pacific,NZL,New Zealand,2002,Male,76.43
WPR,Western Pacific,NZL,New Zealand,2002,Male,20.7
WPR,Western Pacific,NZL,New Zealand,2003,Female,81.15
WPR,Western Pacific,NZL,New Zealand,2003,Female,24.1
WPR,Western Pacific,NZL,New Zealand,2003,Male,76.86
WPR,Western Pacific,NZL,New Zealand,2003,Male,21.05
WPR,Western Pacific,NZL,New Zealand,2004,Female,81.08
WPR,Western Pacific,NZL,New Zealand,2004,Female,24.01
WPR,Western Pacific,NZL,New Zealand,2004,Male,77.14
WPR,Western Pacific,NZL,New Zealand,2004,Male,21.14
WPR,Western Pacific,NZL,New Zealand,2005,Female,81.93
WPR,Western Pacific,NZL,New Zealand,2005,Female,24.69
WPR,Western Pacific,NZL,New Zealand,2005,Male,77.86
WPR,Western Pacific,NZL,New Zealand,2005,Male,21.98
WPR,Western Pacific,NZL,New Zealand,2006,Female,81.76
WPR,Western Pacific,NZL,New Zealand,2006,Female,24.46
WPR,Western Pacific,NZL,New Zealand,2006,Male,77.93
WPR,Western Pacific,NZL,New Zealand,2006,Male,21.84
WPR,Western Pacific,NZL,New Zealand,2007,Female,81.99
WPR,Western Pacific,NZL,New Zealand,2007,Female,24.77
WPR,Western Pacific,NZL,New Zealand,2007,Male,78.04
WPR,Western Pacific,NZL,New Zealand,2007,Male,22.03
WPR,Western Pacific,NZL,New Zealand,2008,Female,82.22
WPR,Western Pacific,NZL,New Zealand,2008,Female,24.91
WPR,Western Pacific,NZL,New Zealand,2008,Male,78.33
WPR,Western Pacific,NZL,New Zealand,2008,Male,22.28
WPR,Western Pacific,NZL,New Zealand,2009,Female,82.34
WPR,Western Pacific,NZL,New Zealand,2009,Female,24.97
WPR,Western Pacific,NZL,New Zealand,2009,Male,78.74
WPR,Western Pacific,NZL,New Zealand,2009,Male,22.49
WPR,Western Pacific,NZL,New Zealand,2010,Female,82.71
WPR,Western Pacific,NZL,New Zealand,2010,Female,25.35
WPR,Western Pacific,NZL,New Zealand,2010,Male,79.12
WPR,Western Pacific,NZL,New Zealand,2010,Male,22.96
WPR,Western Pacific,NZL,New Zealand,2011,Female,82.37
WPR,Western Pacific,NZL,New Zealand,2011,Female,24.98
WPR,Western Pacific,NZL,New Zealand,2011,Male,79.08
WPR,Western Pacific,NZL,New Zealand,2011,Male,22.83
WPR,Western Pacific,NZL,New Zealand,2012,Female,82.77
WPR,Western Pacific,NZL,New Zealand,2012,Female,25.34
WPR,Western Pacific,NZL,New Zealand,2012,Male,79.36
WPR,Western Pacific,NZL,New Zealand,2012,Male,23.02
WPR,Western Pacific,NZL,New Zealand,2013,Female,83.08
WPR,Western Pacific,NZL,New Zealand,2013,Female,25.54
WPR,Western Pacific,NZL,New Zealand,2013,Male,79.59
WPR,Western Pacific,NZL,New Zealand,2013,Male,23.15
WPR,Western Pacific,NZL,New Zealand,2014,Female,82.87
WPR,Western Pacific,NZL,New Zealand,2014,Female,25.32
WPR,Western Pacific,NZL,New Zealand,2014,Male,79.46
WPR,Western Pacific,NZL,New Zealand,2014,Male,23.04
WPR,Western Pacific,NZL,New Zealand,2015,Female,82.85
WPR,Western Pacific,NZL,New Zealand,2015,Female,25.33
WPR,Western Pacific,NZL,New Zealand,2015,Male,79.73
WPR,Western Pacific,NZL,New Zealand,2015,Male,23.16
WPR,Western Pacific,NZL,New Zealand,2016,Female,83.31
WPR,Western Pacific,NZL,New Zealand,2016,Female,25.77
WPR,Western Pacific,NZL,New Zealand,2016,Male,80.1
WPR,Western Pacific,NZL,New Zealand,2016,Male,23.58
WPR,Western Pacific,NZL,New Zealand,2017,Female,82.82
WPR,Western Pacific,NZL,New Zealand,2017,Female,25.27
WPR,Western Pacific,NZL,New Zealand,2017,Male,79.46
WPR,Western Pacific,NZL,New Zealand,2017,Male,23.08
WPR,Western Pacific,NZL,New Zealand,2018,Female,83.36
WPR,Western Pacific,NZL,New Zealand,2018,Female,25.71
WPR,Western Pacific,NZL,New Zealand,2018,Male,80.11
WPR,Western Pacific,NZL,New Zealand,2018,Male,23.52
WPR,Western Pacific,NZL,New Zealand,2019,Female,83.43
WPR,Western Pacific,NZL,New Zealand,2019,Female,25.77
WPR,Western Pacific,NZL,New Zealand,2019,Male,80.16
WPR,Western Pacific,NZL,New Zealand,2019,Male,23.6
WPR,Western Pacific,NZL,New Zealand,2020,Female,84.27
WPR,Western Pacific,NZL,New Zealand,2020,Female,26.59
WPR,Western Pacific,NZL,New Zealand,2020,Male,80.7
WPR,Western Pacific,NZL,New Zealand,2020,Male,23.99
WPR,Western Pacific,NZL,New Zealand,2021,Female,84.01
WPR,Western Pacific,NZL,New Zealand,2021,Female,26.3
WPR,Western Pacific,NZL,New Zealand,2021,Male,80.36
WPR,Western Pacific,NZL,New Zealand,2021,Male,23.78
AMR,Americas,NIC,Nicaragua,2000,Female,79.12
AMR,Americas,NIC,Nicaragua,2000,Female,25.57
AMR,Americas,NIC,Nicaragua,2000,Male,72.97
AMR,Americas,NIC,Nicaragua,2000,Male,22.06
AMR,Americas,NIC,Nicaragua,2001,Female,78.84
AMR,Americas,NIC,Nicaragua,2001,Female,25.17
AMR,Americas,NIC,Nicaragua,2001,Male,73.06
AMR,Americas,NIC,Nicaragua,2001,Male,21.86
AMR,Americas,NIC,Nicaragua,2002,Female,78.73
AMR,Americas,NIC,Nicaragua,2002,Female,24.87
AMR,Americas,NIC,Nicaragua,2002,Male,72.87
AMR,Americas,NIC,Nicaragua,2002,Male,21.58
AMR,Americas,NIC,Nicaragua,2003,Female,78.84
AMR,Americas,NIC,Nicaragua,2003,Female,24.68
AMR,Americas,NIC,Nicaragua,2003,Male,72.58
AMR,Americas,NIC,Nicaragua,2003,Male,21.25
AMR,Americas,NIC,Nicaragua,2004,Female,78.69
AMR,Americas,NIC,Nicaragua,2004,Female,24.43
AMR,Americas,NIC,Nicaragua,2004,Male,72.87
AMR,Americas,NIC,Nicaragua,2004,Male,21.35
AMR,Americas,NIC,Nicaragua,2005,Female,78.63
AMR,Americas,NIC,Nicaragua,2005,Female,24.26
AMR,Americas,NIC,Nicaragua,2005,Male,72.61
AMR,Americas,NIC,Nicaragua,2005,Male,21.07
AMR,Americas,NIC,Nicaragua,2006,Female,79.64
AMR,Americas,NIC,Nicaragua,2006,Female,24.91
AMR,Americas,NIC,Nicaragua,2006,Male,73.6
AMR,Americas,NIC,Nicaragua,2006,Male,21.69
AMR,Americas,NIC,Nicaragua,2007,Female,79.11
AMR,Americas,NIC,Nicaragua,2007,Female,24.43
AMR,Americas,NIC,Nicaragua,2007,Male,73.5
AMR,Americas,NIC,Nicaragua,2007,Male,21.54
AMR,Americas,NIC,Nicaragua,2008,Female,79.15
AMR,Americas,NIC,Nicaragua,2008,Female,24.35
AMR,Americas,NIC,Nicaragua,2008,Male,73.35
AMR,Americas,NIC,Nicaragua,2008,Male,21.38
AMR,Americas,NIC,Nicaragua,2009,Female,79.26
AMR,Americas,NIC,Nicaragua,2009,Female,24.37
AMR,Americas,NIC,Nicaragua,2009,Male,73.64
AMR,Americas,NIC,Nicaragua,2009,Male,21.55
AMR,Americas,NIC,Nicaragua,2010,Female,79.66
AMR,Americas,NIC,Nicaragua,2010,Female,24.61
AMR,Americas,NIC,Nicaragua,2010,Male,74.24
AMR,Americas,NIC,Nicaragua,2010,Male,21.94
AMR,Americas,NIC,Nicaragua,2011,Female,79.73
AMR,Americas,NIC,Nicaragua,2011,Female,24.6
AMR,Americas,NIC,Nicaragua,2011,Male,73.94
AMR,Americas,NIC,Nicaragua,2011,Male,21.71
AMR,Americas,NIC,Nicaragua,2012,Female,79.98
AMR,Americas,NIC,Nicaragua,2012,Female,24.76
AMR,Americas,NIC,Nicaragua,2012,Male,73.92
AMR,Americas,NIC,Nicaragua,2012,Male,21.68
AMR,Americas,NIC,Nicaragua,2013,Female,80.15
AMR,Americas,NIC,Nicaragua,2013,Female,24.86
AMR,Americas,NIC,Nicaragua,2013,Male,74.16
AMR,Americas,NIC,Nicaragua,2013,Male,21.86
AMR,Americas,NIC,Nicaragua,2014,Female,80.16
AMR,Americas,NIC,Nicaragua,2014,Female,24.9
AMR,Americas,NIC,Nicaragua,2014,Male,74.68
AMR,Americas,NIC,Nicaragua,2014,Male,22.44
AMR,Americas,NIC,Nicaragua,2015,Female,80.7
AMR,Americas,NIC,Nicaragua,2015,Female,25.25
AMR,Americas,NIC,Nicaragua,2015,Male,75.62
AMR,Americas,NIC,Nicaragua,2015,Male,23.0
AMR,Americas,NIC,Nicaragua,2016,Female,80.55
AMR,Americas,NIC,Nicaragua,2016,Female,25.11
AMR,Americas,NIC,Nicaragua,2016,Male,75.11
AMR,Americas,NIC,Nicaragua,2016,Male,22.64
AMR,Americas,NIC,Nicaragua,2017,Female,80.89
AMR,Americas,NIC,Nicaragua,2017,Female,25.36
AMR,Americas,NIC,Nicaragua,2017,Male,75.95
AMR,Americas,NIC,Nicaragua,2017,Male,23.32
AMR,Americas,NIC,Nicaragua,2018,Female,81.14
AMR,Americas,NIC,Nicaragua,2018,Female,25.55
AMR,Americas,NIC,Nicaragua,2018,Male,75.59
AMR,Americas,NIC,Nicaragua,2018,Male,23.05
AMR,Americas,NIC,Nicaragua,2019,Female,81.27
AMR,Americas,NIC,Nicaragua,2019,Female,25.51
AMR,Americas,NIC,Nicaragua,2019,Male,76.3
AMR,Americas,NIC,Nicaragua,2019,Male,23.23
AMR,Americas,NIC,Nicaragua,2020,Female,78.45
AMR,Americas,NIC,Nicaragua,2020,Female,22.66
AMR,Americas,NIC,Nicaragua,2020,Male,71.71
AMR,Americas,NIC,Nicaragua,2020,Male,18.06
AMR,Americas,NIC,Nicaragua,2021,Female,77.68
AMR,Americas,NIC,Nicaragua,2021,Female,22.36
AMR,Americas,NIC,Nicaragua,2021,Male,72.26
AMR,Americas,NIC,Nicaragua,2021,Male,19.74
AFR,Africa,NER,Niger,2000,Female,50.63
AFR,Africa,NER,Niger,2000,Female,16.03
AFR,Africa,NER,Niger,2000,Male,49.81
AFR,Africa,NER,Niger,2000,Male,15.52
AFR,Africa,NER,Niger,2001,Female,51.31
AFR,Africa,NER,Niger,2001,Female,16.03
AFR,Africa,NER,Niger,2001,Male,50.44
AFR,Africa,NER,Niger,2001,Male,15.49
AFR,Africa,NER,Niger,2002,Female,52.31
AFR,Africa,NER,Niger,2002,Female,16.2
AFR,Africa,NER,Niger,2002,Male,51.42
AFR,Africa,NER,Niger,2002,Male,15.66
AFR,Africa,NER,Niger,2003,Female,53.26
AFR,Africa,NER,Niger,2003,Female,16.34
AFR,Africa,NER,Niger,2003,Male,52.25
AFR,Africa,NER,Niger,2003,Male,15.68
AFR,Africa,NER,Niger,2004,Female,54.37
AFR,Africa,NER,Niger,2004,Female,16.5
AFR,Africa,NER,Niger,2004,Male,53.31
AFR,Africa,NER,Niger,2004,Male,15.85
AFR,Africa,NER,Niger,2005,Female,55.31
AFR,Africa,NER,Niger,2005,Female,16.56
AFR,Africa,NER,Niger,2005,Male,54.15
AFR,Africa,NER,Niger,2005,Male,15.83
AFR,Africa,NER,Niger,2006,Female,56.31
AFR,Africa,NER,Niger,2006,Female,16.73
AFR,Africa,NER,Niger,2006,Male,55.13
AFR,Africa,NER,Niger,2006,Male,16.02
AFR,Africa,NER,Niger,2007,Female,57.1
AFR,Africa,NER,Niger,2007,Female,16.84
AFR,Africa,NER,Niger,2007,Male,55.78
AFR,Africa,NER,Niger,2007,Male,16.06
AFR,Africa,NER,Niger,2008,Female,57.96
AFR,Africa,NER,Niger,2008,Female,17.06
AFR,Africa,NER,Niger,2008,Male,56.65
AFR,Africa,NER,Niger,2008,Male,16.33
AFR,Africa,NER,Niger,2009,Female,58.53
AFR,Africa,NER,Niger,2009,Female,17.09
AFR,Africa,NER,Niger,2009,Male,57.12
AFR,Africa,NER,Niger,2009,Male,16.29
AFR,Africa,NER,Niger,2010,Female,59.08
AFR,Africa,NER,Niger,2010,Female,17.16
AFR,Africa,NER,Niger,2010,Male,57.48
AFR,Africa,NER,Niger,2010,Male,16.25
AFR,Africa,NER,Niger,2011,Female,59.43
AFR,Africa,NER,Niger,2011,Female,17.15
AFR,Africa,NER,Niger,2011,Male,57.76
AFR,Africa,NER,Niger,2011,Male,16.22
AFR,Africa,NER,Niger,2012,Female,59.78
AFR,Africa,NER,Niger,2012,Female,17.23
AFR,Africa,NER,Niger,2012,Male,58.04
AFR,Africa,NER,Niger,2012,Male,16.26
AFR,Africa,NER,Niger,2013,Female,60.1
AFR,Africa,NER,Niger,2013,Female,17.27
AFR,Africa,NER,Niger,2013,Male,58.34
AFR,Africa,NER,Niger,2013,Male,16.38
AFR,Africa,NER,Niger,2014,Female,60.33
AFR,Africa,NER,Niger,2014,Female,17.3
AFR,Africa,NER,Niger,2014,Male,58.56
AFR,Africa,NER,Niger,2014,Male,16.43
AFR,Africa,NER,Niger,2015,Female,60.57
AFR,Africa,NER,Niger,2015,Female,17.41
AFR,Africa,NER,Niger,2015,Male,58.69
AFR,Africa,NER,Niger,2015,Male,16.51
AFR,Africa,NER,Niger,2016,Female,60.8
AFR,Africa,NER,Niger,2016,Female,17.44
AFR,Africa,NER,Niger,2016,Male,58.88
AFR,Africa,NER,Niger,2016,Male,16.56
AFR,Africa,NER,Niger,2017,Female,61.12
AFR,Africa,NER,Niger,2017,Female,17.55
AFR,Africa,NER,Niger,2017,Male,59.33
AFR,Africa,NER,Niger,2017,Male,16.68
AFR,Africa,NER,Niger,2018,Female,61.32
AFR,Africa,NER,Niger,2018,Female,17.56
AFR,Africa,NER,Niger,2018,Male,59.56
AFR,Africa,NER,Niger,2018,Male,16.8
AFR,Africa,NER,Niger,2019,Female,61.52
AFR,Africa,NER,Niger,2019,Female,17.58
AFR,Africa,NER,Niger,2019,Male,59.64
AFR,Africa,NER,Niger,2019,Male,16.85
AFR,Africa,NER,Niger,2020,Female,61.56
AFR,Africa,NER,Niger,2020,Female,17.3
AFR,Africa,NER,Niger,2020,Male,59.24
AFR,Africa,NER,Niger,2020,Male,15.89
AFR,Africa,NER,Niger,2021,Female,60.94
AFR,Africa,NER,Niger,2021,Female,16.84
AFR,Africa,NER,Niger,2021,Male,59.03
AFR,Africa,NER,Niger,2021,Male,16.09
AFR,Africa,NGA,Nigeria,2000,Female,55.39
AFR,Africa,NGA,Nigeria,2000,Female,16.82
AFR,Africa,NGA,Nigeria,2000,Male,52.78
AFR,Africa,NGA,Nigeria,2000,Male,15.6
AFR,Africa,NGA,Nigeria,2001,Female,55.76
AFR,Africa,NGA,Nigeria,2001,Female,16.86
AFR,Africa,NGA,Nigeria,2001,Male,53.24
AFR,Africa,NGA,Nigeria,2001,Male,15.65
AFR,Africa,NGA,Nigeria,2002,Female,56.24
AFR,Africa,NGA,Nigeria,2002,Female,16.94
AFR,Africa,NGA,Nigeria,2002,Male,53.73
AFR,Africa,NGA,Nigeria,2002,Male,15.74
AFR,Africa,NGA,Nigeria,2003,Female,56.86
AFR,Africa,NGA,Nigeria,2003,Female,17.08
AFR,Africa,NGA,Nigeria,2003,Male,54.35
AFR,Africa,NGA,Nigeria,2003,Male,15.87
AFR,Africa,NGA,Nigeria,2004,Female,57.51
AFR,Africa,NGA,Nigeria,2004,Female,17.22
AFR,Africa,NGA,Nigeria,2004,Male,54.91
AFR,Africa,NGA,Nigeria,2004,Male,16.02
AFR,Africa,NGA,Nigeria,2005,Female,58.23
AFR,Africa,NGA,Nigeria,2005,Female,17.39
AFR,Africa,NGA,Nigeria,2005,Male,55.65
AFR,Africa,NGA,Nigeria,2005,Male,16.21
AFR,Africa,NGA,Nigeria,2006,Female,58.9
AFR,Africa,NGA,Nigeria,2006,Female,17.53
AFR,Africa,NGA,Nigeria,2006,Male,56.25
AFR,Africa,NGA,Nigeria,2006,Male,16.36
AFR,Africa,NGA,Nigeria,2007,Female,59.52
AFR,Africa,NGA,Nigeria,2007,Female,17.71
AFR,Africa,NGA,Nigeria,2007,Male,56.88
AFR,Africa,NGA,Nigeria,2007,Male,16.54
AFR,Africa,NGA,Nigeria,2008,Female,60.11
AFR,Africa,NGA,Nigeria,2008,Female,17.89
AFR,Africa,NGA,Nigeria,2008,Male,57.43
AFR,Africa,NGA,Nigeria,2008,Male,16.71
AFR,Africa,NGA,Nigeria,2009,Female,60.7
AFR,Africa,NGA,Nigeria,2009,Female,18.06
AFR,Africa,NGA,Nigeria,2009,Male,57.95
AFR,Africa,NGA,Nigeria,2009,Male,16.85
AFR,Africa,NGA,Nigeria,2010,Female,61.2
AFR,Africa,NGA,Nigeria,2010,Female,18.21
AFR,Africa,NGA,Nigeria,2010,Male,58.42
AFR,Africa,NGA,Nigeria,2010,Male,16.99
AFR,Africa,NGA,Nigeria,2011,Female,61.62
AFR,Africa,NGA,Nigeria,2011,Female,18.33
AFR,Africa,NGA,Nigeria,2011,Male,58.83
AFR,Africa,NGA,Nigeria,2011,Male,17.11
AFR,Africa,NGA,Nigeria,2012,Female,62.11
AFR,Africa,NGA,Nigeria,2012,Female,18.47
AFR,Africa,NGA,Nigeria,2012,Male,59.23
AFR,Africa,NGA,Nigeria,2012,Male,17.23
AFR,Africa,NGA,Nigeria,2013,Female,62.62
AFR,Africa,NGA,Nigeria,2013,Female,18.61
AFR,Africa,NGA,Nigeria,2013,Male,59.53
AFR,Africa,NGA,Nigeria,2013,Male,17.34
AFR,Africa,NGA,Nigeria,2014,Female,63.03
AFR,Africa,NGA,Nigeria,2014,Female,18.75
AFR,Africa,NGA,Nigeria,2014,Male,59.8
AFR,Africa,NGA,Nigeria,2014,Male,17.45
AFR,Africa,NGA,Nigeria,2015,Female,63.33
AFR,Africa,NGA,Nigeria,2015,Female,18.86
AFR,Africa,NGA,Nigeria,2015,Male,60.2
AFR,Africa,NGA,Nigeria,2015,Male,17.59
AFR,Africa,NGA,Nigeria,2016,Female,63.57
AFR,Africa,NGA,Nigeria,2016,Female,18.93
AFR,Africa,NGA,Nigeria,2016,Male,60.59
AFR,Africa,NGA,Nigeria,2016,Male,17.69
AFR,Africa,NGA,Nigeria,2017,Female,63.86
AFR,Africa,NGA,Nigeria,2017,Female,19.05
AFR,Africa,NGA,Nigeria,2017,Male,60.93
AFR,Africa,NGA,Nigeria,2017,Male,17.82
AFR,Africa,NGA,Nigeria,2018,Female,64.17
AFR,Africa,NGA,Nigeria,2018,Female,19.14
AFR,Africa,NGA,Nigeria,2018,Male,61.26
AFR,Africa,NGA,Nigeria,2018,Male,17.91
AFR,Africa,NGA,Nigeria,2019,Female,64.51
AFR,Africa,NGA,Nigeria,2019,Female,19.21
AFR,Africa,NGA,Nigeria,2019,Male,61.68
AFR,Africa,NGA,Nigeria,2019,Male,18.0
AFR,Africa,NGA,Nigeria,2020,Female,64.44
AFR,Africa,NGA,Nigeria,2020,Female,18.77
AFR,Africa,NGA,Nigeria,2020,Male,61.32
AFR,Africa,NGA,Nigeria,2020,Male,17.1
AFR,Africa,NGA,Nigeria,2021,Female,64.78
AFR,Africa,NGA,Nigeria,2021,Female,19.11
AFR,Africa,NGA,Nigeria,2021,Male,62.07
AFR,Africa,NGA,Nigeria,2021,Male,17.97
EUR,Europe,MKD,North Macedonia,2000,Female,75.22
EUR,Europe,MKD,North Macedonia,2000,Female,19.0
EUR,Europe,MKD,North Macedonia,2000,Male,70.81
EUR,Europe,MKD,North Macedonia,2000,Male,16.53
EUR,Europe,MKD,North Macedonia,2001,Female,75.94
EUR,Europe,MKD,North Macedonia,2001,Female,19.58
EUR,Europe,MKD,North Macedonia,2001,Male,70.75
EUR,Europe,MKD,North Macedonia,2001,Male,16.79
EUR,Europe,MKD,North Macedonia,2002,Female,75.48
EUR,Europe,MKD,North Macedonia,2002,Female,19.03
EUR,Europe,MKD,North Macedonia,2002,Male,70.49
EUR,Europe,MKD,North Macedonia,2002,Male,16.48
EUR,Europe,MKD,North Macedonia,2003,Female,75.61
EUR,Europe,MKD,North Macedonia,2003,Female,19.13
EUR,Europe,MKD,North Macedonia,2003,Male,70.95
EUR,Europe,MKD,North Macedonia,2003,Male,16.74
EUR,Europe,MKD,North Macedonia,2004,Female,75.83
EUR,Europe,MKD,North Macedonia,2004,Female,19.28
EUR,Europe,MKD,North Macedonia,2004,Male,71.49
EUR,Europe,MKD,North Macedonia,2004,Male,16.91
EUR,Europe,MKD,North Macedonia,2005,Female,75.87
EUR,Europe,MKD,North Macedonia,2005,Female,19.3
EUR,Europe,MKD,North Macedonia,2005,Male,71.67
EUR,Europe,MKD,North Macedonia,2005,Male,16.97
EUR,Europe,MKD,North Macedonia,2006,Female,76.05
EUR,Europe,MKD,North Macedonia,2006,Female,19.44
EUR,Europe,MKD,North Macedonia,2006,Male,71.67
EUR,Europe,MKD,North Macedonia,2006,Male,17.02
EUR,Europe,MKD,North Macedonia,2007,Female,75.77
EUR,Europe,MKD,North Macedonia,2007,Female,19.18
EUR,Europe,MKD,North Macedonia,2007,Male,71.61
EUR,Europe,MKD,North Macedonia,2007,Male,16.78
EUR,Europe,MKD,North Macedonia,2008,Female,76.36
EUR,Europe,MKD,North Macedonia,2008,Female,19.58
EUR,Europe,MKD,North Macedonia,2008,Male,72.32
EUR,Europe,MKD,North Macedonia,2008,Male,17.16
EUR,Europe,MKD,North Macedonia,2009,Female,76.71
EUR,Europe,MKD,North Macedonia,2009,Female,19.79
EUR,Europe,MKD,North Macedonia,2009,Male,72.51
EUR,Europe,MKD,North Macedonia,2009,Male,17.41
EUR,Europe,MKD,North Macedonia,2010,Female,77.01
EUR,Europe,MKD,North Macedonia,2010,Female,20.04
EUR,Europe,MKD,North Macedonia,2010,Male,72.72
EUR,Europe,MKD,North Macedonia,2010,Male,17.43
EUR,Europe,MKD,North Macedonia,2011,Female,77.02
EUR,Europe,MKD,North Macedonia,2011,Female,19.93
EUR,Europe,MKD,North Macedonia,2011,Male,72.94
EUR,Europe,MKD,North Macedonia,2011,Male,17.47
EUR,Europe,MKD,North Macedonia,2012,Female,76.91
EUR,Europe,MKD,North Macedonia,2012,Female,19.93
EUR,Europe,MKD,North Macedonia,2012,Male,72.98
EUR,Europe,MKD,North Macedonia,2012,Male,17.46
EUR,Europe,MKD,North Macedonia,2013,Female,77.53
EUR,Europe,MKD,North Macedonia,2013,Female,20.5
EUR,Europe,MKD,North Macedonia,2013,Male,73.35
EUR,Europe,MKD,North Macedonia,2013,Male,17.92
EUR,Europe,MKD,North Macedonia,2014,Female,77.3
EUR,Europe,MKD,North Macedonia,2014,Female,20.25
EUR,Europe,MKD,North Macedonia,2014,Male,73.23
EUR,Europe,MKD,North Macedonia,2014,Male,17.75
EUR,Europe,MKD,North Macedonia,2015,Female,77.28
EUR,Europe,MKD,North Macedonia,2015,Female,20.22
EUR,Europe,MKD,North Macedonia,2015,Male,73.43
EUR,Europe,MKD,North Macedonia,2015,Male,17.87
EUR,Europe,MKD,North Macedonia,2016,Female,77.66
EUR,Europe,MKD,North Macedonia,2016,Female,20.53
EUR,Europe,MKD,North Macedonia,2016,Male,73.48
EUR,Europe,MKD,North Macedonia,2016,Male,17.96
EUR,Europe,MKD,North Macedonia,2017,Female,77.92
EUR,Europe,MKD,North Macedonia,2017,Female,20.64
EUR,Europe,MKD,North Macedonia,2017,Male,74.05
EUR,Europe,MKD,North Macedonia,2017,Male,18.15
EUR,Europe,MKD,North Macedonia,2018,Female,78.49
EUR,Europe,MKD,North Macedonia,2018,Female,21.09
EUR,Europe,MKD,North Macedonia,2018,Male,74.44
EUR,Europe,MKD,North Macedonia,2018,Male,18.53
EUR,Europe,MKD,North Macedonia,2019,Female,76.92
EUR,Europe,MKD,North Macedonia,2019,Female,19.23
EUR,Europe,MKD,North Macedonia,2019,Male,76.25
EUR,Europe,MKD,North Macedonia,2019,Male,20.37
EUR,Europe,MKD,North Macedonia,2020,Female,76.73
EUR,Europe,MKD,North Macedonia,2020,Female,19.6
EUR,Europe,MKD,North Macedonia,2020,Male,72.12
EUR,Europe,MKD,North Macedonia,2020,Male,16.3
EUR,Europe,MKD,North Macedonia,2021,Female,75.24
EUR,Europe,MKD,North Macedonia,2021,Female,18.74
EUR,Europe,MKD,North Macedonia,2021,Male,70.85
EUR,Europe,MKD,North Macedonia,2021,Male,15.94
EUR,Europe,NOR,Norway,2000,Female,81.15
EUR,Europe,NOR,Norway,2000,Female,23.74
EUR,Europe,NOR,Norway,2000,Male,75.86
EUR,Europe,NOR,Norway,2000,Male,19.98
EUR,Europe,NOR,Norway,2001,Female,81.3
EUR,Europe,NOR,Norway,2001,Female,23.81
EUR,Europe,NOR,Norway,2001,Male,76.13
EUR,Europe,NOR,Norway,2001,Male,20.03
EUR,Europe,NOR,Norway,2002,Female,81.33
EUR,Europe,NOR,Norway,2002,Female,23.78
EUR,Europe,NOR,Norway,2002,Male,76.32
EUR,Europe,NOR,Norway,2002,Male,20.1
EUR,Europe,NOR,Norway,2003,Female,81.74
EUR,Europe,NOR,Norway,2003,Female,24.15
EUR,Europe,NOR,Norway,2003,Male,76.97
EUR,Europe,NOR,Norway,2003,Male,20.62
EUR,Europe,NOR,Norway,2004,Female,82.13
EUR,Europe,NOR,Norway,2004,Female,24.56
EUR,Europe,NOR,Norway,2004,Male,77.41
EUR,Europe,NOR,Norway,2004,Male,21.0
EUR,Europe,NOR,Norway,2005,Female,82.29
EUR,Europe,NOR,Norway,2005,Female,24.66
EUR,Europe,NOR,Norway,2005,Male,77.7
EUR,Europe,NOR,Norway,2005,Male,21.12
EUR,Europe,NOR,Norway,2006,Female,82.39
EUR,Europe,NOR,Norway,2006,Female,24.63
EUR,Europe,NOR,Norway,2006,Male,78.08
EUR,Europe,NOR,Norway,2006,Male,21.46
EUR,Europe,NOR,Norway,2007,Female,82.45
EUR,Europe,NOR,Norway,2007,Female,24.67
EUR,Europe,NOR,Norway,2007,Male,78.16
EUR,Europe,NOR,Norway,2007,Male,21.32
EUR,Europe,NOR,Norway,2008,Female,82.66
EUR,Europe,NOR,Norway,2008,Female,24.79
EUR,Europe,NOR,Norway,2008,Male,78.25
EUR,Europe,NOR,Norway,2008,Male,21.48
EUR,Europe,NOR,Norway,2009,Female,82.81
EUR,Europe,NOR,Norway,2009,Female,24.93
EUR,Europe,NOR,Norway,2009,Male,78.62
EUR,Europe,NOR,Norway,2009,Male,21.85
EUR,Europe,NOR,Norway,2010,Female,82.85
EUR,Europe,NOR,Norway,2010,Female,24.96
EUR,Europe,NOR,Norway,2010,Male,78.82
EUR,Europe,NOR,Norway,2010,Male,21.89
EUR,Europe,NOR,Norway,2011,Female,83.02
EUR,Europe,NOR,Norway,2011,Female,25.18
EUR,Europe,NOR,Norway,2011,Male,78.87
EUR,Europe,NOR,Norway,2011,Male,22.09
EUR,Europe,NOR,Norway,2012,Female,83.06
EUR,Europe,NOR,Norway,2012,Female,24.92
EUR,Europe,NOR,Norway,2012,Male,79.36
EUR,Europe,NOR,Norway,2012,Male,22.21
EUR,Europe,NOR,Norway,2013,Female,83.3
EUR,Europe,NOR,Norway,2013,Female,25.2
EUR,Europe,NOR,Norway,2013,Male,79.53
EUR,Europe,NOR,Norway,2013,Male,22.41
EUR,Europe,NOR,Norway,2014,Female,83.67
EUR,Europe,NOR,Norway,2014,Female,25.49
EUR,Europe,NOR,Norway,2014,Male,79.94
EUR,Europe,NOR,Norway,2014,Male,22.68
EUR,Europe,NOR,Norway,2015,Female,83.67
EUR,Europe,NOR,Norway,2015,Female,25.44
EUR,Europe,NOR,Norway,2015,Male,80.27
EUR,Europe,NOR,Norway,2015,Male,22.84
EUR,Europe,NOR,Norway,2016,Female,83.7
EUR,Europe,NOR,Norway,2016,Female,25.47
EUR,Europe,NOR,Norway,2016,Male,80.48
EUR,Europe,NOR,Norway,2016,Male,23.07
EUR,Europe,NOR,Norway,2017,Female,83.85
EUR,Europe,NOR,Norway,2017,Female,25.52
EUR,Europe,NOR,Norway,2017,Male,80.78
EUR,Europe,NOR,Norway,2017,Male,23.26
EUR,Europe,NOR,Norway,2018,Female,84.0
EUR,Europe,NOR,Norway,2018,Female,25.62
EUR,Europe,NOR,Norway,2018,Male,80.87
EUR,Europe,NOR,Norway,2018,Male,23.38
EUR,Europe,NOR,Norway,2019,Female,84.16
EUR,Europe,NOR,Norway,2019,Female,25.78
EUR,Europe,NOR,Norway,2019,Male,81.12
EUR,Europe,NOR,Norway,2019,Male,23.57
EUR,Europe,NOR,Norway,2020,Female,84.34
EUR,Europe,NOR,Norway,2020,Female,25.95
EUR,Europe,NOR,Norway,2020,Male,81.32
EUR,Europe,NOR,Norway,2020,Male,23.76
EUR,Europe,NOR,Norway,2021,Female,84.25
EUR,Europe,NOR,Norway,2021,Female,25.81
EUR,Europe,NOR,Norway,2021,Male,81.5
EUR,Europe,NOR,Norway,2021,Male,23.8
EMR,Eastern Mediterranean,OMN,Oman,2000,Female,75.37
EMR,Eastern Mediterranean,OMN,Oman,2000,Female,20.08
EMR,Eastern Mediterranean,OMN,Oman,2000,Male,69.36
EMR,Eastern Mediterranean,OMN,Oman,2000,Male,16.14
EMR,Eastern Mediterranean,OMN,Oman,2001,Female,76.0
EMR,Eastern Mediterranean,OMN,Oman,2001,Female,20.62
EMR,Eastern Mediterranean,OMN,Oman,2001,Male,69.81
EMR,Eastern Mediterranean,OMN,Oman,2001,Male,16.41
EMR,Eastern Mediterranean,OMN,Oman,2002,Female,76.33
EMR,Eastern Mediterranean,OMN,Oman,2002,Female,20.85
EMR,Eastern Mediterranean,OMN,Oman,2002,Male,70.02
EMR,Eastern Mediterranean,OMN,Oman,2002,Male,16.57
EMR,Eastern Mediterranean,OMN,Oman,2003,Female,76.56
EMR,Eastern Mediterranean,OMN,Oman,2003,Female,21.02
EMR,Eastern Mediterranean,OMN,Oman,2003,Male,70.32
EMR,Eastern Mediterranean,OMN,Oman,2003,Male,16.75
EMR,Eastern Mediterranean,OMN,Oman,2004,Female,77.14
EMR,Eastern Mediterranean,OMN,Oman,2004,Female,21.57
EMR,Eastern Mediterranean,OMN,Oman,2004,Male,70.59
EMR,Eastern Mediterranean,OMN,Oman,2004,Male,16.96
EMR,Eastern Mediterranean,OMN,Oman,2005,Female,77.33
EMR,Eastern Mediterranean,OMN,Oman,2005,Female,21.63
EMR,Eastern Mediterranean,OMN,Oman,2005,Male,70.82
EMR,Eastern Mediterranean,OMN,Oman,2005,Male,17.03
EMR,Eastern Mediterranean,OMN,Oman,2006,Female,77.32
EMR,Eastern Mediterranean,OMN,Oman,2006,Female,21.48
EMR,Eastern Mediterranean,OMN,Oman,2006,Male,71.0
EMR,Eastern Mediterranean,OMN,Oman,2006,Male,17.15
EMR,Eastern Mediterranean,OMN,Oman,2007,Female,77.28
EMR,Eastern Mediterranean,OMN,Oman,2007,Female,21.38
EMR,Eastern Mediterranean,OMN,Oman,2007,Male,70.95
EMR,Eastern Mediterranean,OMN,Oman,2007,Male,17.14
EMR,Eastern Mediterranean,OMN,Oman,2008,Female,77.55
EMR,Eastern Mediterranean,OMN,Oman,2008,Female,21.45
EMR,Eastern Mediterranean,OMN,Oman,2008,Male,70.8
EMR,Eastern Mediterranean,OMN,Oman,2008,Male,16.8
EMR,Eastern Mediterranean,OMN,Oman,2009,Female,77.25
EMR,Eastern Mediterranean,OMN,Oman,2009,Female,21.07
EMR,Eastern Mediterranean,OMN,Oman,2009,Male,70.62
EMR,Eastern Mediterranean,OMN,Oman,2009,Male,16.44
EMR,Eastern Mediterranean,OMN,Oman,2010,Female,76.9
EMR,Eastern Mediterranean,OMN,Oman,2010,Female,20.6
EMR,Eastern Mediterranean,OMN,Oman,2010,Male,70.68
EMR,Eastern Mediterranean,OMN,Oman,2010,Male,16.4
EMR,Eastern Mediterranean,OMN,Oman,2011,Female,76.9
EMR,Eastern Mediterranean,OMN,Oman,2011,Female,20.48
EMR,Eastern Mediterranean,OMN,Oman,2011,Male,71.01
EMR,Eastern Mediterranean,OMN,Oman,2011,Male,16.69
EMR,Eastern Mediterranean,OMN,Oman,2012,Female,77.22
EMR,Eastern Mediterranean,OMN,Oman,2012,Female,20.71
EMR,Eastern Mediterranean,OMN,Oman,2012,Male,71.46
EMR,Eastern Mediterranean,OMN,Oman,2012,Male,17.07
EMR,Eastern Mediterranean,OMN,Oman,2013,Female,77.62
EMR,Eastern Mediterranean,OMN,Oman,2013,Female,21.08
EMR,Eastern Mediterranean,OMN,Oman,2013,Male,71.76
EMR,Eastern Mediterranean,OMN,Oman,2013,Male,17.26
EMR,Eastern Mediterranean,OMN,Oman,2014,Female,77.57
EMR,Eastern Mediterranean,OMN,Oman,2014,Female,20.92
EMR,Eastern Mediterranean,OMN,Oman,2014,Male,71.82
EMR,Eastern Mediterranean,OMN,Oman,2014,Male,17.14
EMR,Eastern Mediterranean,OMN,Oman,2015,Female,77.44
EMR,Eastern Mediterranean,OMN,Oman,2015,Female,20.7
EMR,Eastern Mediterranean,OMN,Oman,2015,Male,71.66
EMR,Eastern Mediterranean,OMN,Oman,2015,Male,16.79
EMR,Eastern Mediterranean,OMN,Oman,2016,Female,77.46
EMR,Eastern Mediterranean,OMN,Oman,2016,Female,20.65
EMR,Eastern Mediterranean,OMN,Oman,2016,Male,71.6
EMR,Eastern Mediterranean,OMN,Oman,2016,Male,16.6
EMR,Eastern Mediterranean,OMN,Oman,2017,Female,77.82
EMR,Eastern Mediterranean,OMN,Oman,2017,Female,20.95
EMR,Eastern Mediterranean,OMN,Oman,2017,Male,72.02
EMR,Eastern Mediterranean,OMN,Oman,2017,Male,16.9
EMR,Eastern Mediterranean,OMN,Oman,2018,Female,78.52
EMR,Eastern Mediterranean,OMN,Oman,2018,Female,21.61
EMR,Eastern Mediterranean,OMN,Oman,2018,Male,72.82
EMR,Eastern Mediterranean,OMN,Oman,2018,Male,17.64
EMR,Eastern Mediterranean,OMN,Oman,2019,Female,78.85
EMR,Eastern Mediterranean,OMN,Oman,2019,Female,21.9
EMR,Eastern Mediterranean,OMN,Oman,2019,Male,73.09
EMR,Eastern Mediterranean,OMN,Oman,2019,Male,17.83
EMR,Eastern Mediterranean,OMN,Oman,2020,Female,76.8
EMR,Eastern Mediterranean,OMN,Oman,2020,Female,19.7
EMR,Eastern Mediterranean,OMN,Oman,2020,Male,72.04
EMR,Eastern Mediterranean,OMN,Oman,2020,Male,16.44
EMR,Eastern Mediterranean,OMN,Oman,2021,Female,74.86
EMR,Eastern Mediterranean,OMN,Oman,2021,Female,18.5
EMR,Eastern Mediterranean,OMN,Oman,2021,Male,70.9
EMR,Eastern Mediterranean,OMN,Oman,2021,Male,16.2
EMR,Eastern Mediterranean,PAK,Pakistan,2000,Female,61.89
EMR,Eastern Mediterranean,PAK,Pakistan,2000,Female,16.49
EMR,Eastern Mediterranean,PAK,Pakistan,2000,Male,60.98
EMR,Eastern Mediterranean,PAK,Pakistan,2000,Male,16.22
EMR,Eastern Mediterranean,PAK,Pakistan,2001,Female,62.18
EMR,Eastern Mediterranean,PAK,Pakistan,2001,Female,16.51
EMR,Eastern Mediterranean,PAK,Pakistan,2001,Male,61.23
EMR,Eastern Mediterranean,PAK,Pakistan,2001,Male,16.25
EMR,Eastern Mediterranean,PAK,Pakistan,2002,Female,62.46
EMR,Eastern Mediterranean,PAK,Pakistan,2002,Female,16.55
EMR,Eastern Mediterranean,PAK,Pakistan,2002,Male,61.45
EMR,Eastern Mediterranean,PAK,Pakistan,2002,Male,16.3
EMR,Eastern Mediterranean,PAK,Pakistan,2003,Female,62.7
EMR,Eastern Mediterranean,PAK,Pakistan,2003,Female,16.6
EMR,Eastern Mediterranean,PAK,Pakistan,2003,Male,61.64
EMR,Eastern Mediterranean,PAK,Pakistan,2003,Male,16.33
EMR,Eastern Mediterranean,PAK,Pakistan,2004,Female,63.09
EMR,Eastern Mediterranean,PAK,Pakistan,2004,Female,16.72
EMR,Eastern Mediterranean,PAK,Pakistan,2004,Male,61.86
EMR,Eastern Mediterranean,PAK,Pakistan,2004,Male,16.39
EMR,Eastern Mediterranean,PAK,Pakistan,2005,Female,62.53
EMR,Eastern Mediterranean,PAK,Pakistan,2005,Female,16.7
EMR,Eastern Mediterranean,PAK,Pakistan,2005,Male,61.5
EMR,Eastern Mediterranean,PAK,Pakistan,2005,Male,16.29
EMR,Eastern Mediterranean,PAK,Pakistan,2006,Female,63.83
EMR,Eastern Mediterranean,PAK,Pakistan,2006,Female,16.99
EMR,Eastern Mediterranean,PAK,Pakistan,2006,Male,62.38
EMR,Eastern Mediterranean,PAK,Pakistan,2006,Male,16.59
EMR,Eastern Mediterranean,PAK,Pakistan,2007,Female,64.16
EMR,Eastern Mediterranean,PAK,Pakistan,2007,Female,17.11
EMR,Eastern Mediterranean,PAK,Pakistan,2007,Male,62.67
EMR,Eastern Mediterranean,PAK,Pakistan,2007,Male,16.73
EMR,Eastern Mediterranean,PAK,Pakistan,2008,Female,64.47
EMR,Eastern Mediterranean,PAK,Pakistan,2008,Female,17.22
EMR,Eastern Mediterranean,PAK,Pakistan,2008,Male,62.91
EMR,Eastern Mediterranean,PAK,Pakistan,2008,Male,16.84
EMR,Eastern Mediterranean,PAK,Pakistan,2009,Female,64.77
EMR,Eastern Mediterranean,PAK,Pakistan,2009,Female,17.31
EMR,Eastern Mediterranean,PAK,Pakistan,2009,Male,63.14
EMR,Eastern Mediterranean,PAK,Pakistan,2009,Male,16.94
EMR,Eastern Mediterranean,PAK,Pakistan,2010,Female,65.04
EMR,Eastern Mediterranean,PAK,Pakistan,2010,Female,17.39
EMR,Eastern Mediterranean,PAK,Pakistan,2010,Male,63.32
EMR,Eastern Mediterranean,PAK,Pakistan,2010,Male,17.03
EMR,Eastern Mediterranean,PAK,Pakistan,2011,Female,65.37
EMR,Eastern Mediterranean,PAK,Pakistan,2011,Female,17.49
EMR,Eastern Mediterranean,PAK,Pakistan,2011,Male,63.77
EMR,Eastern Mediterranean,PAK,Pakistan,2011,Male,17.15
EMR,Eastern Mediterranean,PAK,Pakistan,2012,Female,65.66
EMR,Eastern Mediterranean,PAK,Pakistan,2012,Female,17.57
EMR,Eastern Mediterranean,PAK,Pakistan,2012,Male,64.03
EMR,Eastern Mediterranean,PAK,Pakistan,2012,Male,17.25
EMR,Eastern Mediterranean,PAK,Pakistan,2013,Female,65.93
EMR,Eastern Mediterranean,PAK,Pakistan,2013,Female,17.63
EMR,Eastern Mediterranean,PAK,Pakistan,2013,Male,64.33
EMR,Eastern Mediterranean,PAK,Pakistan,2013,Male,17.32
EMR,Eastern Mediterranean,PAK,Pakistan,2014,Female,66.23
EMR,Eastern Mediterranean,PAK,Pakistan,2014,Female,17.71
EMR,Eastern Mediterranean,PAK,Pakistan,2014,Male,64.6
EMR,Eastern Mediterranean,PAK,Pakistan,2014,Male,17.4
EMR,Eastern Mediterranean,PAK,Pakistan,2015,Female,66.54
EMR,Eastern Mediterranean,PAK,Pakistan,2015,Female,17.79
EMR,Eastern Mediterranean,PAK,Pakistan,2015,Male,64.9
EMR,Eastern Mediterranean,PAK,Pakistan,2015,Male,17.49
EMR,Eastern Mediterranean,PAK,Pakistan,2016,Female,66.86
EMR,Eastern Mediterranean,PAK,Pakistan,2016,Female,17.87
EMR,Eastern Mediterranean,PAK,Pakistan,2016,Male,65.28
EMR,Eastern Mediterranean,PAK,Pakistan,2016,Male,17.59
EMR,Eastern Mediterranean,PAK,Pakistan,2017,Female,67.16
EMR,Eastern Mediterranean,PAK,Pakistan,2017,Female,17.95
EMR,Eastern Mediterranean,PAK,Pakistan,2017,Male,65.63
EMR,Eastern Mediterranean,PAK,Pakistan,2017,Male,17.7
EMR,Eastern Mediterranean,PAK,Pakistan,2018,Female,67.5
EMR,Eastern Mediterranean,PAK,Pakistan,2018,Female,18.04
EMR,Eastern Mediterranean,PAK,Pakistan,2018,Male,66.0
EMR,Eastern Mediterranean,PAK,Pakistan,2018,Male,17.81
EMR,Eastern Mediterranean,PAK,Pakistan,2019,Female,67.79
EMR,Eastern Mediterranean,PAK,Pakistan,2019,Female,18.11
EMR,Eastern Mediterranean,PAK,Pakistan,2019,Male,66.3
EMR,Eastern Mediterranean,PAK,Pakistan,2019,Male,17.9
EMR,Eastern Mediterranean,PAK,Pakistan,2020,Female,67.03
EMR,Eastern Mediterranean,PAK,Pakistan,2020,Female,17.19
EMR,Eastern Mediterranean,PAK,Pakistan,2020,Male,64.7
EMR,Eastern Mediterranean,PAK,Pakistan,2020,Male,16.02
EMR,Eastern Mediterranean,PAK,Pakistan,2021,Female,66.93
EMR,Eastern Mediterranean,PAK,Pakistan,2021,Female,17.14
EMR,Eastern Mediterranean,PAK,Pakistan,2021,Male,65.08
EMR,Eastern Mediterranean,PAK,Pakistan,2021,Male,16.7
AMR,Americas,PAN,Panama,2000,Female,79.36
AMR,Americas,PAN,Panama,2000,Female,24.17
AMR,Americas,PAN,Panama,2000,Male,73.18
AMR,Americas,PAN,Panama,2000,Male,20.16
AMR,Americas,PAN,Panama,2001,Female,79.23
AMR,Americas,PAN,Panama,2001,Female,23.95
AMR,Americas,PAN,Panama,2001,Male,73.14
AMR,Americas,PAN,Panama,2001,Male,20.02
AMR,Americas,PAN,Panama,2002,Female,79.29
AMR,Americas,PAN,Panama,2002,Female,23.94
AMR,Americas,PAN,Panama,2002,Male,73.44
AMR,Americas,PAN,Panama,2002,Male,20.25
AMR,Americas,PAN,Panama,2003,Female,79.33
AMR,Americas,PAN,Panama,2003,Female,23.92
AMR,Americas,PAN,Panama,2003,Male,73.28
AMR,Americas,PAN,Panama,2003,Male,20.06
AMR,Americas,PAN,Panama,2004,Female,79.38
AMR,Americas,PAN,Panama,2004,Female,23.88
AMR,Americas,PAN,Panama,2004,Male,73.76
AMR,Americas,PAN,Panama,2004,Male,20.27
AMR,Americas,PAN,Panama,2005,Female,79.21
AMR,Americas,PAN,Panama,2005,Female,23.57
AMR,Americas,PAN,Panama,2005,Male,73.82
AMR,Americas,PAN,Panama,2005,Male,20.35
AMR,Americas,PAN,Panama,2006,Female,79.74
AMR,Americas,PAN,Panama,2006,Female,24.16
AMR,Americas,PAN,Panama,2006,Male,73.88
AMR,Americas,PAN,Panama,2006,Male,20.55
AMR,Americas,PAN,Panama,2007,Female,80.13
AMR,Americas,PAN,Panama,2007,Female,24.54
AMR,Americas,PAN,Panama,2007,Male,74.05
AMR,Americas,PAN,Panama,2007,Male,20.68
AMR,Americas,PAN,Panama,2008,Female,80.25
AMR,Americas,PAN,Panama,2008,Female,24.61
AMR,Americas,PAN,Panama,2008,Male,73.91
AMR,Americas,PAN,Panama,2008,Male,20.92
AMR,Americas,PAN,Panama,2009,Female,80.55
AMR,Americas,PAN,Panama,2009,Female,24.87
AMR,Americas,PAN,Panama,2009,Male,74.0
AMR,Americas,PAN,Panama,2009,Male,21.11
AMR,Americas,PAN,Panama,2010,Female,80.33
AMR,Americas,PAN,Panama,2010,Female,24.54
AMR,Americas,PAN,Panama,2010,Male,73.88
AMR,Americas,PAN,Panama,2010,Male,20.69
AMR,Americas,PAN,Panama,2011,Female,80.72
AMR,Americas,PAN,Panama,2011,Female,24.99
AMR,Americas,PAN,Panama,2011,Male,74.49
AMR,Americas,PAN,Panama,2011,Male,21.27
AMR,Americas,PAN,Panama,2012,Female,80.74
AMR,Americas,PAN,Panama,2012,Female,24.91
AMR,Americas,PAN,Panama,2012,Male,74.35
AMR,Americas,PAN,Panama,2012,Male,21.19
AMR,Americas,PAN,Panama,2013,Female,80.67
AMR,Americas,PAN,Panama,2013,Female,24.9
AMR,Americas,PAN,Panama,2013,Male,74.78
AMR,Americas,PAN,Panama,2013,Male,21.38
AMR,Americas,PAN,Panama,2014,Female,80.77
AMR,Americas,PAN,Panama,2014,Female,24.88
AMR,Americas,PAN,Panama,2014,Male,74.89
AMR,Americas,PAN,Panama,2014,Male,21.5
AMR,Americas,PAN,Panama,2015,Female,81.0
AMR,Americas,PAN,Panama,2015,Female,25.07
AMR,Americas,PAN,Panama,2015,Male,75.4
AMR,Americas,PAN,Panama,2015,Male,21.73
AMR,Americas,PAN,Panama,2016,Female,81.23
AMR,Americas,PAN,Panama,2016,Female,25.29
AMR,Americas,PAN,Panama,2016,Male,75.39
AMR,Americas,PAN,Panama,2016,Male,21.52
AMR,Americas,PAN,Panama,2017,Female,81.17
AMR,Americas,PAN,Panama,2017,Female,25.25
AMR,Americas,PAN,Panama,2017,Male,75.6
AMR,Americas,PAN,Panama,2017,Male,21.65
AMR,Americas,PAN,Panama,2018,Female,81.64
AMR,Americas,PAN,Panama,2018,Female,25.56
AMR,Americas,PAN,Panama,2018,Male,75.79
AMR,Americas,PAN,Panama,2018,Male,21.84
AMR,Americas,PAN,Panama,2019,Female,81.86
AMR,Americas,PAN,Panama,2019,Female,25.8
AMR,Americas,PAN,Panama,2019,Male,76.2
AMR,Americas,PAN,Panama,2019,Male,22.14
AMR,Americas,PAN,Panama,2020,Female,80.59
AMR,Americas,PAN,Panama,2020,Female,24.64
AMR,Americas,PAN,Panama,2020,Male,74.35
AMR,Americas,PAN,Panama,2020,Male,20.27
AMR,Americas,PAN,Panama,2021,Female,80.29
AMR,Americas,PAN,Panama,2021,Female,24.37
AMR,Americas,PAN,Panama,2021,Male,74.35
AMR,Americas,PAN,Panama,2021,Male,20.79
WPR,Western Pacific,PNG,Papua New Guinea,2000,Female,64.3
WPR,Western Pacific,PNG,Papua New Guinea,2000,Female,16.43
WPR,Western Pacific,PNG,Papua New Guinea,2000,Male,62.54
WPR,Western Pacific,PNG,Papua New Guinea,2000,Male,15.69
WPR,Western Pacific,PNG,Papua New Guinea,2001,Female,64.27
WPR,Western Pacific,PNG,Papua New Guinea,2001,Female,16.35
WPR,Western Pacific,PNG,Papua New Guinea,2001,Male,62.6
WPR,Western Pacific,PNG,Papua New Guinea,2001,Male,15.69
WPR,Western Pacific,PNG,Papua New Guinea,2002,Female,64.29
WPR,Western Pacific,PNG,Papua New Guinea,2002,Female,16.32
WPR,Western Pacific,PNG,Papua New Guinea,2002,Male,62.69
WPR,Western Pacific,PNG,Papua New Guinea,2002,Male,15.71
WPR,Western Pacific,PNG,Papua New Guinea,2003,Female,64.37
WPR,Western Pacific,PNG,Papua New Guinea,2003,Female,16.34
WPR,Western Pacific,PNG,Papua New Guinea,2003,Male,62.85
WPR,Western Pacific,PNG,Papua New Guinea,2003,Male,15.78
WPR,Western Pacific,PNG,Papua New Guinea,2004,Female,64.4
WPR,Western Pacific,PNG,Papua New Guinea,2004,Female,16.35
WPR,Western Pacific,PNG,Papua New Guinea,2004,Male,62.96
WPR,Western Pacific,PNG,Papua New Guinea,2004,Male,15.81
WPR,Western Pacific,PNG,Papua New Guinea,2005,Female,64.45
WPR,Western Pacific,PNG,Papua New Guinea,2005,Female,16.35
WPR,Western Pacific,PNG,Papua New Guinea,2005,Male,63.02
WPR,Western Pacific,PNG,Papua New Guinea,2005,Male,15.81
WPR,Western Pacific,PNG,Papua New Guinea,2006,Female,64.52
WPR,Western Pacific,PNG,Papua New Guinea,2006,Female,16.25
WPR,Western Pacific,PNG,Papua New Guinea,2006,Male,63.12
WPR,Western Pacific,PNG,Papua New Guinea,2006,Male,15.75
WPR,Western Pacific,PNG,Papua New Guinea,2007,Female,64.88
WPR,Western Pacific,PNG,Papua New Guinea,2007,Female,16.37
WPR,Western Pacific,PNG,Papua New Guinea,2007,Male,63.37
WPR,Western Pacific,PNG,Papua New Guinea,2007,Male,15.82
WPR,Western Pacific,PNG,Papua New Guinea,2008,Female,65.24
WPR,Western Pacific,PNG,Papua New Guinea,2008,Female,16.48
WPR,Western Pacific,PNG,Papua New Guinea,2008,Male,63.59
WPR,Western Pacific,PNG,Papua New Guinea,2008,Male,15.87
WPR,Western Pacific,PNG,Papua New Guinea,2009,Female,65.58
WPR,Western Pacific,PNG,Papua New Guinea,2009,Female,16.6
WPR,Western Pacific,PNG,Papua New Guinea,2009,Male,63.82
WPR,Western Pacific,PNG,Papua New Guinea,2009,Male,15.95
WPR,Western Pacific,PNG,Papua New Guinea,2010,Female,65.86
WPR,Western Pacific,PNG,Papua New Guinea,2010,Female,16.7
WPR,Western Pacific,PNG,Papua New Guinea,2010,Male,64.05
WPR,Western Pacific,PNG,Papua New Guinea,2010,Male,16.02
WPR,Western Pacific,PNG,Papua New Guinea,2011,Female,66.1
WPR,Western Pacific,PNG,Papua New Guinea,2011,Female,16.73
WPR,Western Pacific,PNG,Papua New Guinea,2011,Male,64.12
WPR,Western Pacific,PNG,Papua New Guinea,2011,Male,15.97
WPR,Western Pacific,PNG,Papua New Guinea,2012,Female,66.34
WPR,Western Pacific,PNG,Papua New Guinea,2012,Female,16.83
WPR,Western Pacific,PNG,Papua New Guinea,2012,Male,64.17
WPR,Western Pacific,PNG,Papua New Guinea,2012,Male,16.0
WPR,Western Pacific,PNG,Papua New Guinea,2013,Female,66.66
WPR,Western Pacific,PNG,Papua New Guinea,2013,Female,16.95
WPR,Western Pacific,PNG,Papua New Guinea,2013,Male,64.46
WPR,Western Pacific,PNG,Papua New Guinea,2013,Male,16.06
WPR,Western Pacific,PNG,Papua New Guinea,2014,Female,66.93
WPR,Western Pacific,PNG,Papua New Guinea,2014,Female,17.04
WPR,Western Pacific,PNG,Papua New Guinea,2014,Male,64.74
WPR,Western Pacific,PNG,Papua New Guinea,2014,Male,16.15
WPR,Western Pacific,PNG,Papua New Guinea,2015,Female,67.15
WPR,Western Pacific,PNG,Papua New Guinea,2015,Female,17.08
WPR,Western Pacific,PNG,Papua New Guinea,2015,Male,65.01
WPR,Western Pacific,PNG,Papua New Guinea,2015,Male,16.25
WPR,Western Pacific,PNG,Papua New Guinea,2016,Female,67.35
WPR,Western Pacific,PNG,Papua New Guinea,2016,Female,17.11
WPR,Western Pacific,PNG,Papua New Guinea,2016,Male,65.18
WPR,Western Pacific,PNG,Papua New Guinea,2016,Male,16.26
WPR,Western Pacific,PNG,Papua New Guinea,2017,Female,67.58
WPR,Western Pacific,PNG,Papua New Guinea,2017,Female,17.2
WPR,Western Pacific,PNG,Papua New Guinea,2017,Male,65.35
WPR,Western Pacific,PNG,Papua New Guinea,2017,Male,16.3
WPR,Western Pacific,PNG,Papua New Guinea,2018,Female,67.74
WPR,Western Pacific,PNG,Papua New Guinea,2018,Female,17.25
WPR,Western Pacific,PNG,Papua New Guinea,2018,Male,65.45
WPR,Western Pacific,PNG,Papua New Guinea,2018,Male,16.31
WPR,Western Pacific,PNG,Papua New Guinea,2019,Female,67.92
WPR,Western Pacific,PNG,Papua New Guinea,2019,Female,17.28
WPR,Western Pacific,PNG,Papua New Guinea,2019,Male,65.57
WPR,Western Pacific,PNG,Papua New Guinea,2019,Male,16.34
WPR,Western Pacific,PNG,Papua New Guinea,2020,Female,67.84
WPR,Western Pacific,PNG,Papua New Guinea,2020,Female,16.99
WPR,Western Pacific,PNG,Papua New Guinea,2020,Male,64.94
WPR,Western Pacific,PNG,Papua New Guinea,2020,Male,15.33
WPR,Western Pacific,PNG,Papua New Guinea,2021,Female,66.95
WPR,Western Pacific,PNG,Papua New Guinea,2021,Female,16.43
WPR,Western Pacific,PNG,Papua New Guinea,2021,Male,64.2
WPR,Western Pacific,PNG,Papua New Guinea,2021,Male,15.31
AMR,Americas,PRY,Paraguay,2000,Female,77.15
AMR,Americas,PRY,Paraguay,2000,Female,23.43
AMR,Americas,PRY,Paraguay,2000,Male,72.31
AMR,Americas,PRY,Paraguay,2000,Male,20.72
AMR,Americas,PRY,Paraguay,2001,Female,77.49
AMR,Americas,PRY,Paraguay,2001,Female,23.68
AMR,Americas,PRY,Paraguay,2001,Male,72.59
AMR,Americas,PRY,Paraguay,2001,Male,20.86
AMR,Americas,PRY,Paraguay,2002,Female,77.59
AMR,Americas,PRY,Paraguay,2002,Female,23.75
AMR,Americas,PRY,Paraguay,2002,Male,72.72
AMR,Americas,PRY,Paraguay,2002,Male,20.98
AMR,Americas,PRY,Paraguay,2003,Female,77.51
AMR,Americas,PRY,Paraguay,2003,Female,23.66
AMR,Americas,PRY,Paraguay,2003,Male,72.57
AMR,Americas,PRY,Paraguay,2003,Male,20.88
AMR,Americas,PRY,Paraguay,2004,Female,77.17
AMR,Americas,PRY,Paraguay,2004,Female,23.33
AMR,Americas,PRY,Paraguay,2004,Male,72.04
AMR,Americas,PRY,Paraguay,2004,Male,20.57
AMR,Americas,PRY,Paraguay,2005,Female,77.34
AMR,Americas,PRY,Paraguay,2005,Female,23.32
AMR,Americas,PRY,Paraguay,2005,Male,72.42
AMR,Americas,PRY,Paraguay,2005,Male,20.61
AMR,Americas,PRY,Paraguay,2006,Female,77.33
AMR,Americas,PRY,Paraguay,2006,Female,23.22
AMR,Americas,PRY,Paraguay,2006,Male,72.38
AMR,Americas,PRY,Paraguay,2006,Male,20.55
AMR,Americas,PRY,Paraguay,2007,Female,77.58
AMR,Americas,PRY,Paraguay,2007,Female,23.25
AMR,Americas,PRY,Paraguay,2007,Male,72.41
AMR,Americas,PRY,Paraguay,2007,Male,20.46
AMR,Americas,PRY,Paraguay,2008,Female,77.63
AMR,Americas,PRY,Paraguay,2008,Female,23.21
AMR,Americas,PRY,Paraguay,2008,Male,72.46
AMR,Americas,PRY,Paraguay,2008,Male,20.52
AMR,Americas,PRY,Paraguay,2009,Female,77.57
AMR,Americas,PRY,Paraguay,2009,Female,23.08
AMR,Americas,PRY,Paraguay,2009,Male,72.12
AMR,Americas,PRY,Paraguay,2009,Male,20.22
AMR,Americas,PRY,Paraguay,2010,Female,77.53
AMR,Americas,PRY,Paraguay,2010,Female,22.91
AMR,Americas,PRY,Paraguay,2010,Male,72.07
AMR,Americas,PRY,Paraguay,2010,Male,19.96
AMR,Americas,PRY,Paraguay,2011,Female,77.67
AMR,Americas,PRY,Paraguay,2011,Female,22.94
AMR,Americas,PRY,Paraguay,2011,Male,72.31
AMR,Americas,PRY,Paraguay,2011,Male,20.0
AMR,Americas,PRY,Paraguay,2012,Female,77.87
AMR,Americas,PRY,Paraguay,2012,Female,23.03
AMR,Americas,PRY,Paraguay,2012,Male,72.48
AMR,Americas,PRY,Paraguay,2012,Male,20.04
AMR,Americas,PRY,Paraguay,2013,Female,77.76
AMR,Americas,PRY,Paraguay,2013,Female,22.89
AMR,Americas,PRY,Paraguay,2013,Male,72.44
AMR,Americas,PRY,Paraguay,2013,Male,19.94
AMR,Americas,PRY,Paraguay,2014,Female,78.12
AMR,Americas,PRY,Paraguay,2014,Female,23.09
AMR,Americas,PRY,Paraguay,2014,Male,72.64
AMR,Americas,PRY,Paraguay,2014,Male,20.09
AMR,Americas,PRY,Paraguay,2015,Female,78.09
AMR,Americas,PRY,Paraguay,2015,Female,22.93
AMR,Americas,PRY,Paraguay,2015,Male,72.39
AMR,Americas,PRY,Paraguay,2015,Male,19.82
AMR,Americas,PRY,Paraguay,2016,Female,77.76
AMR,Americas,PRY,Paraguay,2016,Female,22.62
AMR,Americas,PRY,Paraguay,2016,Male,72.12
AMR,Americas,PRY,Paraguay,2016,Male,19.49
AMR,Americas,PRY,Paraguay,2017,Female,78.17
AMR,Americas,PRY,Paraguay,2017,Female,22.89
AMR,Americas,PRY,Paraguay,2017,Male,72.65
AMR,Americas,PRY,Paraguay,2017,Male,19.75
AMR,Americas,PRY,Paraguay,2018,Female,78.17
AMR,Americas,PRY,Paraguay,2018,Female,22.82
AMR,Americas,PRY,Paraguay,2018,Male,72.43
AMR,Americas,PRY,Paraguay,2018,Male,19.46
AMR,Americas,PRY,Paraguay,2019,Female,78.16
AMR,Americas,PRY,Paraguay,2019,Female,22.82
AMR,Americas,PRY,Paraguay,2019,Male,72.18
AMR,Americas,PRY,Paraguay,2019,Male,19.22
AMR,Americas,PRY,Paraguay,2020,Female,78.23
AMR,Americas,PRY,Paraguay,2020,Female,22.76
AMR,Americas,PRY,Paraguay,2020,Male,72.44
AMR,Americas,PRY,Paraguay,2020,Male,19.0
AMR,Americas,PRY,Paraguay,2021,Female,73.16
AMR,Americas,PRY,Paraguay,2021,Female,18.94
AMR,Americas,PRY,Paraguay,2021,Male,67.63
AMR,Americas,PRY,Paraguay,2021,Male,15.59
AMR,Americas,PER,Peru,2000,Female,77.0
AMR,Americas,PER,Peru,2000,Female,23.63
AMR,Americas,PER,Peru,2000,Male,73.25
AMR,Americas,PER,Peru,2000,Male,21.93
AMR,Americas,PER,Peru,2001,Female,77.62
AMR,Americas,PER,Peru,2001,Female,23.89
AMR,Americas,PER,Peru,2001,Male,74.29
AMR,Americas,PER,Peru,2001,Male,22.41
AMR,Americas,PER,Peru,2002,Female,77.5
AMR,Americas,PER,Peru,2002,Female,23.62
AMR,Americas,PER,Peru,2002,Male,74.79
AMR,Americas,PER,Peru,2002,Male,22.58
AMR,Americas,PER,Peru,2003,Female,77.69
AMR,Americas,PER,Peru,2003,Female,23.58
AMR,Americas,PER,Peru,2003,Male,75.05
AMR,Americas,PER,Peru,2003,Male,22.62
AMR,Americas,PER,Peru,2004,Female,78.46
AMR,Americas,PER,Peru,2004,Female,24.01
AMR,Americas,PER,Peru,2004,Male,75.55
AMR,Americas,PER,Peru,2004,Male,22.84
AMR,Americas,PER,Peru,2005,Female,78.94
AMR,Americas,PER,Peru,2005,Female,24.32
AMR,Americas,PER,Peru,2005,Male,76.16
AMR,Americas,PER,Peru,2005,Male,23.18
AMR,Americas,PER,Peru,2006,Female,79.63
AMR,Americas,PER,Peru,2006,Female,24.76
AMR,Americas,PER,Peru,2006,Male,76.61
AMR,Americas,PER,Peru,2006,Male,23.39
AMR,Americas,PER,Peru,2007,Female,80.31
AMR,Americas,PER,Peru,2007,Female,25.16
AMR,Americas,PER,Peru,2007,Male,77.07
AMR,Americas,PER,Peru,2007,Male,23.61
AMR,Americas,PER,Peru,2008,Female,80.42
AMR,Americas,PER,Peru,2008,Female,25.19
AMR,Americas,PER,Peru,2008,Male,77.34
AMR,Americas,PER,Peru,2008,Male,23.8
AMR,Americas,PER,Peru,2009,Female,79.65
AMR,Americas,PER,Peru,2009,Female,24.56
AMR,Americas,PER,Peru,2009,Male,76.61
AMR,Americas,PER,Peru,2009,Male,23.23
AMR,Americas,PER,Peru,2010,Female,79.79
AMR,Americas,PER,Peru,2010,Female,24.58
AMR,Americas,PER,Peru,2010,Male,76.66
AMR,Americas,PER,Peru,2010,Male,23.13
AMR,Americas,PER,Peru,2011,Female,80.23
AMR,Americas,PER,Peru,2011,Female,24.83
AMR,Americas,PER,Peru,2011,Male,77.08
AMR,Americas,PER,Peru,2011,Male,23.31
AMR,Americas,PER,Peru,2012,Female,80.57
AMR,Americas,PER,Peru,2012,Female,25.01
AMR,Americas,PER,Peru,2012,Male,77.48
AMR,Americas,PER,Peru,2012,Male,23.54
AMR,Americas,PER,Peru,2013,Female,80.98
AMR,Americas,PER,Peru,2013,Female,25.24
AMR,Americas,PER,Peru,2013,Male,77.98
AMR,Americas,PER,Peru,2013,Male,23.84
AMR,Americas,PER,Peru,2014,Female,81.51
AMR,Americas,PER,Peru,2014,Female,25.65
AMR,Americas,PER,Peru,2014,Male,78.47
AMR,Americas,PER,Peru,2014,Male,24.19
AMR,Americas,PER,Peru,2015,Female,81.95
AMR,Americas,PER,Peru,2015,Female,25.98
AMR,Americas,PER,Peru,2015,Male,78.71
AMR,Americas,PER,Peru,2015,Male,24.25
AMR,Americas,PER,Peru,2016,Female,81.84
AMR,Americas,PER,Peru,2016,Female,25.83
AMR,Americas,PER,Peru,2016,Male,78.48
AMR,Americas,PER,Peru,2016,Male,23.91
AMR,Americas,PER,Peru,2017,Female,80.84
AMR,Americas,PER,Peru,2017,Female,24.93
AMR,Americas,PER,Peru,2017,Male,77.85
AMR,Americas,PER,Peru,2017,Male,23.43
AMR,Americas,PER,Peru,2018,Female,80.45
AMR,Americas,PER,Peru,2018,Female,24.59
AMR,Americas,PER,Peru,2018,Male,77.51
AMR,Americas,PER,Peru,2018,Male,23.24
AMR,Americas,PER,Peru,2019,Female,79.88
AMR,Americas,PER,Peru,2019,Female,24.1
AMR,Americas,PER,Peru,2019,Male,76.69
AMR,Americas,PER,Peru,2019,Male,22.59
AMR,Americas,PER,Peru,2020,Female,76.7
AMR,Americas,PER,Peru,2020,Female,21.36
AMR,Americas,PER,Peru,2020,Male,69.46
AMR,Americas,PER,Peru,2020,Male,16.33
AMR,Americas,PER,Peru,2021,Female,74.81
AMR,Americas,PER,Peru,2021,Female,20.23
AMR,Americas,PER,Peru,2021,Male,68.82
AMR,Americas,PER,Peru,2021,Male,16.69
WPR,Western Pacific,PHL,Philippines,2000,Female,74.0
WPR,Western Pacific,PHL,Philippines,2000,Female,20.84
WPR,Western Pacific,PHL,Philippines,2000,Male,66.38
WPR,Western Pacific,PHL,Philippines,2000,Male,16.91
WPR,Western Pacific,PHL,Philippines,2001,Female,73.82
WPR,Western Pacific,PHL,Philippines,2001,Female,20.68
WPR,Western Pacific,PHL,Philippines,2001,Male,65.93
WPR,Western Pacific,PHL,Philippines,2001,Male,16.48
WPR,Western Pacific,PHL,Philippines,2002,Female,73.5
WPR,Western Pacific,PHL,Philippines,2002,Female,20.24
WPR,Western Pacific,PHL,Philippines,2002,Male,65.8
WPR,Western Pacific,PHL,Philippines,2002,Male,16.23
WPR,Western Pacific,PHL,Philippines,2003,Female,73.9
WPR,Western Pacific,PHL,Philippines,2003,Female,20.57
WPR,Western Pacific,PHL,Philippines,2003,Male,65.69
WPR,Western Pacific,PHL,Philippines,2003,Male,16.17
WPR,Western Pacific,PHL,Philippines,2004,Female,73.51
WPR,Western Pacific,PHL,Philippines,2004,Female,20.09
WPR,Western Pacific,PHL,Philippines,2004,Male,65.57
WPR,Western Pacific,PHL,Philippines,2004,Male,15.85
WPR,Western Pacific,PHL,Philippines,2005,Female,73.72
WPR,Western Pacific,PHL,Philippines,2005,Female,20.23
WPR,Western Pacific,PHL,Philippines,2005,Male,65.54
WPR,Western Pacific,PHL,Philippines,2005,Male,15.78
WPR,Western Pacific,PHL,Philippines,2006,Female,73.68
WPR,Western Pacific,PHL,Philippines,2006,Female,20.32
WPR,Western Pacific,PHL,Philippines,2006,Male,65.33
WPR,Western Pacific,PHL,Philippines,2006,Male,15.63
WPR,Western Pacific,PHL,Philippines,2007,Female,74.05
WPR,Western Pacific,PHL,Philippines,2007,Female,20.55
WPR,Western Pacific,PHL,Philippines,2007,Male,65.66
WPR,Western Pacific,PHL,Philippines,2007,Male,15.77
WPR,Western Pacific,PHL,Philippines,2008,Female,74.0
WPR,Western Pacific,PHL,Philippines,2008,Female,20.44
WPR,Western Pacific,PHL,Philippines,2008,Male,65.63
WPR,Western Pacific,PHL,Philippines,2008,Male,15.61
WPR,Western Pacific,PHL,Philippines,2009,Female,73.93
WPR,Western Pacific,PHL,Philippines,2009,Female,20.39
WPR,Western Pacific,PHL,Philippines,2009,Male,65.42
WPR,Western Pacific,PHL,Philippines,2009,Male,15.36
WPR,Western Pacific,PHL,Philippines,2010,Female,74.18
WPR,Western Pacific,PHL,Philippines,2010,Female,20.53
WPR,Western Pacific,PHL,Philippines,2010,Male,65.71
WPR,Western Pacific,PHL,Philippines,2010,Male,15.52
WPR,Western Pacific,PHL,Philippines,2011,Female,74.13
WPR,Western Pacific,PHL,Philippines,2011,Female,20.5
WPR,Western Pacific,PHL,Philippines,2011,Male,65.91
WPR,Western Pacific,PHL,Philippines,2011,Male,15.57
WPR,Western Pacific,PHL,Philippines,2012,Female,73.79
WPR,Western Pacific,PHL,Philippines,2012,Female,20.15
WPR,Western Pacific,PHL,Philippines,2012,Male,65.75
WPR,Western Pacific,PHL,Philippines,2012,Male,15.42
WPR,Western Pacific,PHL,Philippines,2013,Female,73.66
WPR,Western Pacific,PHL,Philippines,2013,Female,20.13
WPR,Western Pacific,PHL,Philippines,2013,Male,65.69
WPR,Western Pacific,PHL,Philippines,2013,Male,15.37
WPR,Western Pacific,PHL,Philippines,2014,Female,74.07
WPR,Western Pacific,PHL,Philippines,2014,Female,20.31
WPR,Western Pacific,PHL,Philippines,2014,Male,66.0
WPR,Western Pacific,PHL,Philippines,2014,Male,15.41
WPR,Western Pacific,PHL,Philippines,2015,Female,73.68
WPR,Western Pacific,PHL,Philippines,2015,Female,19.88
WPR,Western Pacific,PHL,Philippines,2015,Male,65.81
WPR,Western Pacific,PHL,Philippines,2015,Male,15.28
WPR,Western Pacific,PHL,Philippines,2016,Female,73.31
WPR,Western Pacific,PHL,Philippines,2016,Female,19.7
WPR,Western Pacific,PHL,Philippines,2016,Male,65.62
WPR,Western Pacific,PHL,Philippines,2016,Male,15.34
WPR,Western Pacific,PHL,Philippines,2017,Female,73.74
WPR,Western Pacific,PHL,Philippines,2017,Female,19.98
WPR,Western Pacific,PHL,Philippines,2017,Male,65.99
WPR,Western Pacific,PHL,Philippines,2017,Male,15.51
WPR,Western Pacific,PHL,Philippines,2018,Female,73.46
WPR,Western Pacific,PHL,Philippines,2018,Female,19.75
WPR,Western Pacific,PHL,Philippines,2018,Male,66.28
WPR,Western Pacific,PHL,Philippines,2018,Male,15.63
WPR,Western Pacific,PHL,Philippines,2019,Female,73.22
WPR,Western Pacific,PHL,Philippines,2019,Female,19.52
WPR,Western Pacific,PHL,Philippines,2019,Male,66.05
WPR,Western Pacific,PHL,Philippines,2019,Male,15.45
WPR,Western Pacific,PHL,Philippines,2020,Female,73.82
WPR,Western Pacific,PHL,Philippines,2020,Female,20.01
WPR,Western Pacific,PHL,Philippines,2020,Male,65.99
WPR,Western Pacific,PHL,Philippines,2020,Male,15.37
WPR,Western Pacific,PHL,Philippines,2021,Female,69.88
WPR,Western Pacific,PHL,Philippines,2021,Female,16.73
WPR,Western Pacific,PHL,Philippines,2021,Male,63.4
WPR,Western Pacific,PHL,Philippines,2021,Male,13.04
EUR,Europe,POL,Poland,2000,Female,77.88
EUR,Europe,POL,Poland,2000,Female,21.39
EUR,Europe,POL,Poland,2000,Male,69.51
EUR,Europe,POL,Poland,2000,Male,16.53
EUR,Europe,POL,Poland,2001,Female,78.24
EUR,Europe,POL,Poland,2001,Female,21.68
EUR,Europe,POL,Poland,2001,Male,69.94
EUR,Europe,POL,Poland,2001,Male,16.8
EUR,Europe,POL,Poland,2002,Female,78.62
EUR,Europe,POL,Poland,2002,Female,21.97
EUR,Europe,POL,Poland,2002,Male,70.27
EUR,Europe,POL,Poland,2002,Male,17.04
EUR,Europe,POL,Poland,2003,Female,78.66
EUR,Europe,POL,Poland,2003,Female,21.9
EUR,Europe,POL,Poland,2003,Male,70.42
EUR,Europe,POL,Poland,2003,Male,17.01
EUR,Europe,POL,Poland,2004,Female,78.99
EUR,Europe,POL,Poland,2004,Female,22.23
EUR,Europe,POL,Poland,2004,Male,70.54
EUR,Europe,POL,Poland,2004,Male,17.24
EUR,Europe,POL,Poland,2005,Female,79.12
EUR,Europe,POL,Poland,2005,Female,22.36
EUR,Europe,POL,Poland,2005,Male,70.68
EUR,Europe,POL,Poland,2005,Male,17.38
EUR,Europe,POL,Poland,2006,Female,79.41
EUR,Europe,POL,Poland,2006,Female,22.62
EUR,Europe,POL,Poland,2006,Male,70.85
EUR,Europe,POL,Poland,2006,Male,17.58
EUR,Europe,POL,Poland,2007,Female,79.51
EUR,Europe,POL,Poland,2007,Female,22.72
EUR,Europe,POL,Poland,2007,Male,70.88
EUR,Europe,POL,Poland,2007,Male,17.63
EUR,Europe,POL,Poland,2008,Female,79.72
EUR,Europe,POL,Poland,2008,Female,22.86
EUR,Europe,POL,Poland,2008,Male,71.17
EUR,Europe,POL,Poland,2008,Male,17.83
EUR,Europe,POL,Poland,2009,Female,79.83
EUR,Europe,POL,Poland,2009,Female,22.91
EUR,Europe,POL,Poland,2009,Male,71.46
EUR,Europe,POL,Poland,2009,Male,17.83
EUR,Europe,POL,Poland,2010,Female,80.37
EUR,Europe,POL,Poland,2010,Female,23.26
EUR,Europe,POL,Poland,2010,Male,72.08
EUR,Europe,POL,Poland,2010,Male,18.24
EUR,Europe,POL,Poland,2011,Female,80.67
EUR,Europe,POL,Poland,2011,Female,23.55
EUR,Europe,POL,Poland,2011,Male,72.42
EUR,Europe,POL,Poland,2011,Male,18.53
EUR,Europe,POL,Poland,2012,Female,80.69
EUR,Europe,POL,Poland,2012,Female,23.51
EUR,Europe,POL,Poland,2012,Male,72.55
EUR,Europe,POL,Poland,2012,Male,18.5
EUR,Europe,POL,Poland,2013,Female,80.8
EUR,Europe,POL,Poland,2013,Female,23.54
EUR,Europe,POL,Poland,2013,Male,72.88
EUR,Europe,POL,Poland,2013,Male,18.62
EUR,Europe,POL,Poland,2014,Female,81.29
EUR,Europe,POL,Poland,2014,Female,23.98
EUR,Europe,POL,Poland,2014,Male,73.57
EUR,Europe,POL,Poland,2014,Male,19.07
EUR,Europe,POL,Poland,2015,Female,81.15
EUR,Europe,POL,Poland,2015,Female,23.73
EUR,Europe,POL,Poland,2015,Male,73.37
EUR,Europe,POL,Poland,2015,Male,18.83
EUR,Europe,POL,Poland,2016,Female,81.56
EUR,Europe,POL,Poland,2016,Female,24.12
EUR,Europe,POL,Poland,2016,Male,73.73
EUR,Europe,POL,Poland,2016,Male,19.16
EUR,Europe,POL,Poland,2017,Female,81.35
EUR,Europe,POL,Poland,2017,Female,23.91
EUR,Europe,POL,Poland,2017,Male,73.73
EUR,Europe,POL,Poland,2017,Male,19.09
EUR,Europe,POL,Poland,2018,Female,81.36
EUR,Europe,POL,Poland,2018,Female,23.96
EUR,Europe,POL,Poland,2018,Male,73.74
EUR,Europe,POL,Poland,2018,Male,19.21
EUR,Europe,POL,Poland,2019,Female,81.5
EUR,Europe,POL,Poland,2019,Female,24.0
EUR,Europe,POL,Poland,2019,Male,73.94
EUR,Europe,POL,Poland,2019,Male,19.23
EUR,Europe,POL,Poland,2020,Female,80.45
EUR,Europe,POL,Poland,2020,Female,22.98
EUR,Europe,POL,Poland,2020,Male,72.43
EUR,Europe,POL,Poland,2020,Male,17.84
EUR,Europe,POL,Poland,2021,Female,79.4
EUR,Europe,POL,Poland,2021,Female,22.12
EUR,Europe,POL,Poland,2021,Male,71.55
EUR,Europe,POL,Poland,2021,Male,17.16
EUR,Europe,PRT,Portugal,2000,Female,80.07
EUR,Europe,PRT,Portugal,2000,Female,23.11
EUR,Europe,PRT,Portugal,2000,Male,73.07
EUR,Europe,PRT,Portugal,2000,Male,19.07
EUR,Europe,PRT,Portugal,2001,Female,80.42
EUR,Europe,PRT,Portugal,2001,Female,23.35
EUR,Europe,PRT,Portugal,2001,Male,73.4
EUR,Europe,PRT,Portugal,2001,Male,19.35
EUR,Europe,PRT,Portugal,2002,Female,80.54
EUR,Europe,PRT,Portugal,2002,Female,23.46
EUR,Europe,PRT,Portugal,2002,Male,73.7
EUR,Europe,PRT,Portugal,2002,Male,19.42
EUR,Europe,PRT,Portugal,2003,Female,80.51
EUR,Europe,PRT,Portugal,2003,Female,23.31
EUR,Europe,PRT,Portugal,2003,Male,74.04
EUR,Europe,PRT,Portugal,2003,Male,19.43
EUR,Europe,PRT,Portugal,2004,Female,81.41
EUR,Europe,PRT,Portugal,2004,Female,24.01
EUR,Europe,PRT,Portugal,2004,Male,74.74
EUR,Europe,PRT,Portugal,2004,Male,19.99
EUR,Europe,PRT,Portugal,2005,Female,81.21
EUR,Europe,PRT,Portugal,2005,Female,23.75
EUR,Europe,PRT,Portugal,2005,Male,74.68
EUR,Europe,PRT,Portugal,2005,Male,19.85
EUR,Europe,PRT,Portugal,2006,Female,82.11
EUR,Europe,PRT,Portugal,2006,Female,24.46
EUR,Europe,PRT,Portugal,2006,Male,75.28
EUR,Europe,PRT,Portugal,2006,Male,20.33
EUR,Europe,PRT,Portugal,2007,Female,82.09
EUR,Europe,PRT,Portugal,2007,Female,24.49
EUR,Europe,PRT,Portugal,2007,Male,75.7
EUR,Europe,PRT,Portugal,2007,Male,20.49
EUR,Europe,PRT,Portugal,2008,Female,82.25
EUR,Europe,PRT,Portugal,2008,Female,24.62
EUR,Europe,PRT,Portugal,2008,Male,76.0
EUR,Europe,PRT,Portugal,2008,Male,20.63
EUR,Europe,PRT,Portugal,2009,Female,82.41
EUR,Europe,PRT,Portugal,2009,Female,24.76
EUR,Europe,PRT,Portugal,2009,Male,76.26
EUR,Europe,PRT,Portugal,2009,Male,20.84
EUR,Europe,PRT,Portugal,2010,Female,82.74
EUR,Europe,PRT,Portugal,2010,Female,25.0
EUR,Europe,PRT,Portugal,2010,Male,76.6
EUR,Europe,PRT,Portugal,2010,Male,20.94
EUR,Europe,PRT,Portugal,2011,Female,83.27
EUR,Europe,PRT,Portugal,2011,Female,25.44
EUR,Europe,PRT,Portugal,2011,Male,77.05
EUR,Europe,PRT,Portugal,2011,Male,21.42
EUR,Europe,PRT,Portugal,2012,Female,83.13
EUR,Europe,PRT,Portugal,2012,Female,25.28
EUR,Europe,PRT,Portugal,2012,Male,77.12
EUR,Europe,PRT,Portugal,2012,Male,21.28
EUR,Europe,PRT,Portugal,2013,Female,83.52
EUR,Europe,PRT,Portugal,2013,Female,25.52
EUR,Europe,PRT,Portugal,2013,Male,77.37
EUR,Europe,PRT,Portugal,2013,Male,21.43
EUR,Europe,PRT,Portugal,2014,Female,83.86
EUR,Europe,PRT,Portugal,2014,Female,25.84
EUR,Europe,PRT,Portugal,2014,Male,77.76
EUR,Europe,PRT,Portugal,2014,Male,21.75
EUR,Europe,PRT,Portugal,2015,Female,83.67
EUR,Europe,PRT,Portugal,2015,Female,25.63
EUR,Europe,PRT,Portugal,2015,Male,77.92
EUR,Europe,PRT,Portugal,2015,Male,21.68
EUR,Europe,PRT,Portugal,2016,Female,83.77
EUR,Europe,PRT,Portugal,2016,Female,25.74
EUR,Europe,PRT,Portugal,2016,Male,77.85
EUR,Europe,PRT,Portugal,2016,Male,21.61
EUR,Europe,PRT,Portugal,2017,Female,83.98
EUR,Europe,PRT,Portugal,2017,Female,25.96
EUR,Europe,PRT,Portugal,2017,Male,78.12
EUR,Europe,PRT,Portugal,2017,Male,21.88
EUR,Europe,PRT,Portugal,2018,Female,83.91
EUR,Europe,PRT,Portugal,2018,Female,25.93
EUR,Europe,PRT,Portugal,2018,Male,78.02
EUR,Europe,PRT,Portugal,2018,Male,21.74
EUR,Europe,PRT,Portugal,2019,Female,84.15
EUR,Europe,PRT,Portugal,2019,Female,26.15
EUR,Europe,PRT,Portugal,2019,Male,78.38
EUR,Europe,PRT,Portugal,2019,Male,21.97
EUR,Europe,PRT,Portugal,2020,Female,83.64
EUR,Europe,PRT,Portugal,2020,Female,25.57
EUR,Europe,PRT,Portugal,2020,Male,77.82
EUR,Europe,PRT,Portugal,2020,Male,21.41
EUR,Europe,PRT,Portugal,2021,Female,83.88
EUR,Europe,PRT,Portugal,2021,Female,25.85
EUR,Europe,PRT,Portugal,2021,Male,78.27
EUR,Europe,PRT,Portugal,2021,Male,21.85
AMR,Americas,PRI,Puerto Rico,2000,Female,79.92
AMR,Americas,PRI,Puerto Rico,2000,Female,23.7
AMR,Americas,PRI,Puerto Rico,2000,Male,72.51
AMR,Americas,PRI,Puerto Rico,2000,Male,20.34
AMR,Americas,PRI,Puerto Rico,2001,Female,80.2
AMR,Americas,PRI,Puerto Rico,2001,Female,23.89
AMR,Americas,PRI,Puerto Rico,2001,Male,72.26
AMR,Americas,PRI,Puerto Rico,2001,Male,20.2
AMR,Americas,PRI,Puerto Rico,2002,Female,80.82
AMR,Americas,PRI,Puerto Rico,2002,Female,24.36
AMR,Americas,PRI,Puerto Rico,2002,Male,73.35
AMR,Americas,PRI,Puerto Rico,2002,Male,20.86
AMR,Americas,PRI,Puerto Rico,2003,Female,80.85
AMR,Americas,PRI,Puerto Rico,2003,Female,24.37
AMR,Americas,PRI,Puerto Rico,2003,Male,73.84
AMR,Americas,PRI,Puerto Rico,2003,Male,21.07
AMR,Americas,PRI,Puerto Rico,2004,Female,80.92
AMR,Americas,PRI,Puerto Rico,2004,Female,24.37
AMR,Americas,PRI,Puerto Rico,2004,Male,73.93
AMR,Americas,PRI,Puerto Rico,2004,Male,21.05
AMR,Americas,PRI,Puerto Rico,2005,Female,81.29
AMR,Americas,PRI,Puerto Rico,2005,Female,24.66
AMR,Americas,PRI,Puerto Rico,2005,Male,73.85
AMR,Americas,PRI,Puerto Rico,2005,Male,21.07
AMR,Americas,PRI,Puerto Rico,2006,Female,81.76
AMR,Americas,PRI,Puerto Rico,2006,Female,25.01
AMR,Americas,PRI,Puerto Rico,2006,Male,74.28
AMR,Americas,PRI,Puerto Rico,2006,Male,21.42
AMR,Americas,PRI,Puerto Rico,2007,Female,81.91
AMR,Americas,PRI,Puerto Rico,2007,Female,25.15
AMR,Americas,PRI,Puerto Rico,2007,Male,74.62
AMR,Americas,PRI,Puerto Rico,2007,Male,21.67
AMR,Americas,PRI,Puerto Rico,2008,Female,81.99
AMR,Americas,PRI,Puerto Rico,2008,Female,25.29
AMR,Americas,PRI,Puerto Rico,2008,Male,74.94
AMR,Americas,PRI,Puerto Rico,2008,Male,21.93
AMR,Americas,PRI,Puerto Rico,2009,Female,82.14
AMR,Americas,PRI,Puerto Rico,2009,Female,25.45
AMR,Americas,PRI,Puerto Rico,2009,Male,74.64
AMR,Americas,PRI,Puerto Rico,2009,Male,21.76
AMR,Americas,PRI,Puerto Rico,2010,Female,82.54
AMR,Americas,PRI,Puerto Rico,2010,Female,25.75
AMR,Americas,PRI,Puerto Rico,2010,Male,75.47
AMR,Americas,PRI,Puerto Rico,2010,Male,22.32
AMR,Americas,PRI,Puerto Rico,2011,Female,82.18
AMR,Americas,PRI,Puerto Rico,2011,Female,25.5
AMR,Americas,PRI,Puerto Rico,2011,Male,74.94
AMR,Americas,PRI,Puerto Rico,2011,Male,22.01
AMR,Americas,PRI,Puerto Rico,2012,Female,82.91
AMR,Americas,PRI,Puerto Rico,2012,Female,26.06
AMR,Americas,PRI,Puerto Rico,2012,Male,75.69
AMR,Americas,PRI,Puerto Rico,2012,Male,22.49
AMR,Americas,PRI,Puerto Rico,2013,Female,82.83
AMR,Americas,PRI,Puerto Rico,2013,Female,25.94
AMR,Americas,PRI,Puerto Rico,2013,Male,75.83
AMR,Americas,PRI,Puerto Rico,2013,Male,22.42
AMR,Americas,PRI,Puerto Rico,2014,Female,83.08
AMR,Americas,PRI,Puerto Rico,2014,Female,26.12
AMR,Americas,PRI,Puerto Rico,2014,Male,76.58
AMR,Americas,PRI,Puerto Rico,2014,Male,22.79
AMR,Americas,PRI,Puerto Rico,2015,Female,83.79
AMR,Americas,PRI,Puerto Rico,2015,Female,26.67
AMR,Americas,PRI,Puerto Rico,2015,Male,77.12
AMR,Americas,PRI,Puerto Rico,2015,Male,23.14
AMR,Americas,PRI,Puerto Rico,2016,Female,83.38
AMR,Americas,PRI,Puerto Rico,2016,Female,26.4
AMR,Americas,PRI,Puerto Rico,2016,Male,76.97
AMR,Americas,PRI,Puerto Rico,2016,Male,23.16
AMR,Americas,PRI,Puerto Rico,2017,Female,81.77
AMR,Americas,PRI,Puerto Rico,2017,Female,26.02
AMR,Americas,PRI,Puerto Rico,2017,Male,75.02
AMR,Americas,PRI,Puerto Rico,2017,Male,22.22
AMR,Americas,PRI,Puerto Rico,2018,Female,84.39
AMR,Americas,PRI,Puerto Rico,2018,Female,27.19
AMR,Americas,PRI,Puerto Rico,2018,Male,76.96
AMR,Americas,PRI,Puerto Rico,2018,Male,23.42
AMR,Americas,PRI,Puerto Rico,2019,Female,84.04
AMR,Americas,PRI,Puerto Rico,2019,Female,26.98
AMR,Americas,PRI,Puerto Rico,2019,Male,76.86
AMR,Americas,PRI,Puerto Rico,2019,Male,23.46
AMR,Americas,PRI,Puerto Rico,2020,Female,83.65
AMR,Americas,PRI,Puerto Rico,2020,Female,26.7
AMR,Americas,PRI,Puerto Rico,2020,Male,76.14
AMR,Americas,PRI,Puerto Rico,2020,Male,22.83
AMR,Americas,PRI,Puerto Rico,2021,Female,83.51
AMR,Americas,PRI,Puerto Rico,2021,Female,26.39
AMR,Americas,PRI,Puerto Rico,2021,Male,76.2
AMR,Americas,PRI,Puerto Rico,2021,Male,22.63
EMR,Eastern Mediterranean,QAT,Qatar,2000,Female,73.61
EMR,Eastern Mediterranean,QAT,Qatar,2000,Female,17.09
EMR,Eastern Mediterranean,QAT,Qatar,2000,Male,69.0
EMR,Eastern Mediterranean,QAT,Qatar,2000,Male,14.34
EMR,Eastern Mediterranean,QAT,Qatar,2001,Female,73.31
EMR,Eastern Mediterranean,QAT,Qatar,2001,Female,16.66
EMR,Eastern Mediterranean,QAT,Qatar,2001,Male,68.99
EMR,Eastern Mediterranean,QAT,Qatar,2001,Male,14.36
EMR,Eastern Mediterranean,QAT,Qatar,2002,Female,72.96
EMR,Eastern Mediterranean,QAT,Qatar,2002,Female,16.13
EMR,Eastern Mediterranean,QAT,Qatar,2002,Male,69.15
EMR,Eastern Mediterranean,QAT,Qatar,2002,Male,14.44
EMR,Eastern Mediterranean,QAT,Qatar,2003,Female,72.75
EMR,Eastern Mediterranean,QAT,Qatar,2003,Female,15.75
EMR,Eastern Mediterranean,QAT,Qatar,2003,Male,69.57
EMR,Eastern Mediterranean,QAT,Qatar,2003,Male,14.72
EMR,Eastern Mediterranean,QAT,Qatar,2004,Female,72.92
EMR,Eastern Mediterranean,QAT,Qatar,2004,Female,15.81
EMR,Eastern Mediterranean,QAT,Qatar,2004,Male,69.89
EMR,Eastern Mediterranean,QAT,Qatar,2004,Male,14.95
EMR,Eastern Mediterranean,QAT,Qatar,2005,Female,73.1
EMR,Eastern Mediterranean,QAT,Qatar,2005,Female,15.86
EMR,Eastern Mediterranean,QAT,Qatar,2005,Male,70.17
EMR,Eastern Mediterranean,QAT,Qatar,2005,Male,15.2
EMR,Eastern Mediterranean,QAT,Qatar,2006,Female,73.33
EMR,Eastern Mediterranean,QAT,Qatar,2006,Female,16.01
EMR,Eastern Mediterranean,QAT,Qatar,2006,Male,70.79
EMR,Eastern Mediterranean,QAT,Qatar,2006,Male,15.72
EMR,Eastern Mediterranean,QAT,Qatar,2007,Female,73.62
EMR,Eastern Mediterranean,QAT,Qatar,2007,Female,16.22
EMR,Eastern Mediterranean,QAT,Qatar,2007,Male,71.29
EMR,Eastern Mediterranean,QAT,Qatar,2007,Male,16.05
EMR,Eastern Mediterranean,QAT,Qatar,2008,Female,74.21
EMR,Eastern Mediterranean,QAT,Qatar,2008,Female,16.74
EMR,Eastern Mediterranean,QAT,Qatar,2008,Male,71.7
EMR,Eastern Mediterranean,QAT,Qatar,2008,Male,16.28
EMR,Eastern Mediterranean,QAT,Qatar,2009,Female,74.83
EMR,Eastern Mediterranean,QAT,Qatar,2009,Female,17.3
EMR,Eastern Mediterranean,QAT,Qatar,2009,Male,71.96
EMR,Eastern Mediterranean,QAT,Qatar,2009,Male,16.42
EMR,Eastern Mediterranean,QAT,Qatar,2010,Female,75.45
EMR,Eastern Mediterranean,QAT,Qatar,2010,Female,17.86
EMR,Eastern Mediterranean,QAT,Qatar,2010,Male,72.62
EMR,Eastern Mediterranean,QAT,Qatar,2010,Male,16.86
EMR,Eastern Mediterranean,QAT,Qatar,2011,Female,76.35
EMR,Eastern Mediterranean,QAT,Qatar,2011,Female,18.72
EMR,Eastern Mediterranean,QAT,Qatar,2011,Male,73.38
EMR,Eastern Mediterranean,QAT,Qatar,2011,Male,17.45
EMR,Eastern Mediterranean,QAT,Qatar,2012,Female,77.26
EMR,Eastern Mediterranean,QAT,Qatar,2012,Female,19.63
EMR,Eastern Mediterranean,QAT,Qatar,2012,Male,74.02
EMR,Eastern Mediterranean,QAT,Qatar,2012,Male,17.95
EMR,Eastern Mediterranean,QAT,Qatar,2013,Female,77.8
EMR,Eastern Mediterranean,QAT,Qatar,2013,Female,20.11
EMR,Eastern Mediterranean,QAT,Qatar,2013,Male,74.92
EMR,Eastern Mediterranean,QAT,Qatar,2013,Male,18.73
EMR,Eastern Mediterranean,QAT,Qatar,2014,Female,78.08
EMR,Eastern Mediterranean,QAT,Qatar,2014,Female,20.34
EMR,Eastern Mediterranean,QAT,Qatar,2014,Male,75.91
EMR,Eastern Mediterranean,QAT,Qatar,2014,Male,19.67
EMR,Eastern Mediterranean,QAT,Qatar,2015,Female,78.84
EMR,Eastern Mediterranean,QAT,Qatar,2015,Female,21.08
EMR,Eastern Mediterranean,QAT,Qatar,2015,Male,77.41
EMR,Eastern Mediterranean,QAT,Qatar,2015,Male,21.1
EMR,Eastern Mediterranean,QAT,Qatar,2016,Female,79.21
EMR,Eastern Mediterranean,QAT,Qatar,2016,Female,21.37
EMR,Eastern Mediterranean,QAT,Qatar,2016,Male,77.88
EMR,Eastern Mediterranean,QAT,Qatar,2016,Male,21.45
EMR,Eastern Mediterranean,QAT,Qatar,2017,Female,79.44
EMR,Eastern Mediterranean,QAT,Qatar,2017,Female,21.55
EMR,Eastern Mediterranean,QAT,Qatar,2017,Male,78.18
EMR,Eastern Mediterranean,QAT,Qatar,2017,Male,21.66
EMR,Eastern Mediterranean,QAT,Qatar,2018,Female,79.62
EMR,Eastern Mediterranean,QAT,Qatar,2018,Female,21.68
EMR,Eastern Mediterranean,QAT,Qatar,2018,Male,78.23
EMR,Eastern Mediterranean,QAT,Qatar,2018,Male,21.62
EMR,Eastern Mediterranean,QAT,Qatar,2019,Female,79.84
EMR,Eastern Mediterranean,QAT,Qatar,2019,Female,21.86
EMR,Eastern Mediterranean,QAT,Qatar,2019,Male,78.49
EMR,Eastern Mediterranean,QAT,Qatar,2019,Male,21.76
EMR,Eastern Mediterranean,QAT,Qatar,2020,Female,78.78
EMR,Eastern Mediterranean,QAT,Qatar,2020,Female,20.66
EMR,Eastern Mediterranean,QAT,Qatar,2020,Male,76.58
EMR,Eastern Mediterranean,QAT,Qatar,2020,Male,19.66
EMR,Eastern Mediterranean,QAT,Qatar,2021,Female,77.98
EMR,Eastern Mediterranean,QAT,Qatar,2021,Female,19.96
EMR,Eastern Mediterranean,QAT,Qatar,2021,Male,76.03
EMR,Eastern Mediterranean,QAT,Qatar,2021,Male,19.09
WPR,Western Pacific,KOR,Republic of Korea,2000,Female,79.35
WPR,Western Pacific,KOR,Republic of Korea,2000,Female,22.23
WPR,Western Pacific,KOR,Republic of Korea,2000,Male,72.24
WPR,Western Pacific,KOR,Republic of Korea,2000,Male,17.9
WPR,Western Pacific,KOR,Republic of Korea,2001,Female,80.0
WPR,Western Pacific,KOR,Republic of Korea,2001,Female,22.72
WPR,Western Pacific,KOR,Republic of Korea,2001,Male,72.98
WPR,Western Pacific,KOR,Republic of Korea,2001,Male,18.31
WPR,Western Pacific,KOR,Republic of Korea,2002,Female,80.24
WPR,Western Pacific,KOR,Republic of Korea,2002,Female,22.83
WPR,Western Pacific,KOR,Republic of Korea,2002,Male,73.48
WPR,Western Pacific,KOR,Republic of Korea,2002,Male,18.55
WPR,Western Pacific,KOR,Republic of Korea,2003,Female,80.74
WPR,Western Pacific,KOR,Republic of Korea,2003,Female,23.28
WPR,Western Pacific,KOR,Republic of Korea,2003,Male,73.97
WPR,Western Pacific,KOR,Republic of Korea,2003,Male,18.96
WPR,Western Pacific,KOR,Republic of Korea,2004,Female,81.22
WPR,Western Pacific,KOR,Republic of Korea,2004,Female,23.61
WPR,Western Pacific,KOR,Republic of Korea,2004,Male,74.47
WPR,Western Pacific,KOR,Republic of Korea,2004,Male,19.19
WPR,Western Pacific,KOR,Republic of Korea,2005,Female,81.53
WPR,Western Pacific,KOR,Republic of Korea,2005,Female,23.93
WPR,Western Pacific,KOR,Republic of Korea,2005,Male,75.01
WPR,Western Pacific,KOR,Republic of Korea,2005,Male,19.5
WPR,Western Pacific,KOR,Republic of Korea,2006,Female,82.12
WPR,Western Pacific,KOR,Republic of Korea,2006,Female,24.37
WPR,Western Pacific,KOR,Republic of Korea,2006,Male,75.6
WPR,Western Pacific,KOR,Republic of Korea,2006,Male,19.91
WPR,Western Pacific,KOR,Republic of Korea,2007,Female,82.49
WPR,Western Pacific,KOR,Republic of Korea,2007,Female,24.79
WPR,Western Pacific,KOR,Republic of Korea,2007,Male,76.03
WPR,Western Pacific,KOR,Republic of Korea,2007,Male,20.26
WPR,Western Pacific,KOR,Republic of Korea,2008,Female,83.12
WPR,Western Pacific,KOR,Republic of Korea,2008,Female,25.37
WPR,Western Pacific,KOR,Republic of Korea,2008,Male,76.45
WPR,Western Pacific,KOR,Republic of Korea,2008,Male,20.6
WPR,Western Pacific,KOR,Republic of Korea,2009,Female,83.56
WPR,Western Pacific,KOR,Republic of Korea,2009,Female,25.82
WPR,Western Pacific,KOR,Republic of Korea,2009,Male,76.9
WPR,Western Pacific,KOR,Republic of Korea,2009,Male,21.04
WPR,Western Pacific,KOR,Republic of Korea,2010,Female,83.76
WPR,Western Pacific,KOR,Republic of Korea,2010,Female,25.91
WPR,Western Pacific,KOR,Republic of Korea,2010,Male,77.07
WPR,Western Pacific,KOR,Republic of Korea,2010,Male,21.12
WPR,Western Pacific,KOR,Republic of Korea,2011,Female,84.16
WPR,Western Pacific,KOR,Republic of Korea,2011,Female,26.23
WPR,Western Pacific,KOR,Republic of Korea,2011,Male,77.5
WPR,Western Pacific,KOR,Republic of Korea,2011,Male,21.42
WPR,Western Pacific,KOR,Republic of Korea,2012,Female,84.28
WPR,Western Pacific,KOR,Republic of Korea,2012,Female,26.24
WPR,Western Pacific,KOR,Republic of Korea,2012,Male,77.74
WPR,Western Pacific,KOR,Republic of Korea,2012,Male,21.46
WPR,Western Pacific,KOR,Republic of Korea,2013,Female,84.77
WPR,Western Pacific,KOR,Republic of Korea,2013,Female,26.7
WPR,Western Pacific,KOR,Republic of Korea,2013,Male,78.33
WPR,Western Pacific,KOR,Republic of Korea,2013,Male,21.93
WPR,Western Pacific,KOR,Republic of Korea,2014,Female,85.23
WPR,Western Pacific,KOR,Republic of Korea,2014,Female,27.1
WPR,Western Pacific,KOR,Republic of Korea,2014,Male,78.81
WPR,Western Pacific,KOR,Republic of Korea,2014,Male,22.28
WPR,Western Pacific,KOR,Republic of Korea,2015,Female,85.38
WPR,Western Pacific,KOR,Republic of Korea,2015,Female,27.19
WPR,Western Pacific,KOR,Republic of Korea,2015,Male,79.14
WPR,Western Pacific,KOR,Republic of Korea,2015,Male,22.42
WPR,Western Pacific,KOR,Republic of Korea,2016,Female,85.66
WPR,Western Pacific,KOR,Republic of Korea,2016,Female,27.44
WPR,Western Pacific,KOR,Republic of Korea,2016,Male,79.53
WPR,Western Pacific,KOR,Republic of Korea,2016,Male,22.7
WPR,Western Pacific,KOR,Republic of Korea,2017,Female,85.98
WPR,Western Pacific,KOR,Republic of Korea,2017,Female,27.66
WPR,Western Pacific,KOR,Republic of Korea,2017,Male,79.94
WPR,Western Pacific,KOR,Republic of Korea,2017,Male,23.02
WPR,Western Pacific,KOR,Republic of Korea,2018,Female,86.03
WPR,Western Pacific,KOR,Republic of Korea,2018,Female,27.76
WPR,Western Pacific,KOR,Republic of Korea,2018,Male,80.03
WPR,Western Pacific,KOR,Republic of Korea,2018,Male,23.08
WPR,Western Pacific,KOR,Republic of Korea,2019,Female,86.56
WPR,Western Pacific,KOR,Republic of Korea,2019,Female,28.3
WPR,Western Pacific,KOR,Republic of Korea,2019,Male,80.56
WPR,Western Pacific,KOR,Republic of Korea,2019,Male,23.55
WPR,Western Pacific,KOR,Republic of Korea,2020,Female,86.64
WPR,Western Pacific,KOR,Republic of Korea,2020,Female,28.4
WPR,Western Pacific,KOR,Republic of Korea,2020,Male,80.7
WPR,Western Pacific,KOR,Republic of Korea,2020,Male,23.61
WPR,Western Pacific,KOR,Republic of Korea,2021,Female,86.66
WPR,Western Pacific,KOR,Republic of Korea,2021,Female,28.38
WPR,Western Pacific,KOR,Republic of Korea,2021,Male,80.71
WPR,Western Pacific,KOR,Republic of Korea,2021,Male,23.56
EUR,Europe,MDA,Republic of Moldova,2000,Female,69.52
EUR,Europe,MDA,Republic of Moldova,2000,Female,16.39
EUR,Europe,MDA,Republic of Moldova,2000,Male,61.8
EUR,Europe,MDA,Republic of Moldova,2000,Male,13.12
EUR,Europe,MDA,Republic of Moldova,2001,Female,70.11
EUR,Europe,MDA,Republic of Moldova,2001,Female,16.7
EUR,Europe,MDA,Republic of Moldova,2001,Male,62.3
EUR,Europe,MDA,Republic of Moldova,2001,Male,13.36
EUR,Europe,MDA,Republic of Moldova,2002,Female,70.01
EUR,Europe,MDA,Republic of Moldova,2002,Female,16.37
EUR,Europe,MDA,Republic of Moldova,2002,Male,62.27
EUR,Europe,MDA,Republic of Moldova,2002,Male,12.98
EUR,Europe,MDA,Republic of Moldova,2003,Female,69.99
EUR,Europe,MDA,Republic of Moldova,2003,Female,16.15
EUR,Europe,MDA,Republic of Moldova,2003,Male,62.41
EUR,Europe,MDA,Republic of Moldova,2003,Male,12.84
EUR,Europe,MDA,Republic of Moldova,2004,Female,70.78
EUR,Europe,MDA,Republic of Moldova,2004,Female,16.6
EUR,Europe,MDA,Republic of Moldova,2004,Male,62.55
EUR,Europe,MDA,Republic of Moldova,2004,Male,12.95
EUR,Europe,MDA,Republic of Moldova,2005,Female,70.29
EUR,Europe,MDA,Republic of Moldova,2005,Female,16.2
EUR,Europe,MDA,Republic of Moldova,2005,Male,61.81
EUR,Europe,MDA,Republic of Moldova,2005,Male,12.68
EUR,Europe,MDA,Republic of Moldova,2006,Female,70.88
EUR,Europe,MDA,Republic of Moldova,2006,Female,16.74
EUR,Europe,MDA,Republic of Moldova,2006,Male,62.62
EUR,Europe,MDA,Republic of Moldova,2006,Male,13.25
EUR,Europe,MDA,Republic of Moldova,2007,Female,71.33
EUR,Europe,MDA,Republic of Moldova,2007,Female,17.17
EUR,Europe,MDA,Republic of Moldova,2007,Male,63.16
EUR,Europe,MDA,Republic of Moldova,2007,Male,13.76
EUR,Europe,MDA,Republic of Moldova,2008,Female,72.04
EUR,Europe,MDA,Republic of Moldova,2008,Female,17.64
EUR,Europe,MDA,Republic of Moldova,2008,Male,63.63
EUR,Europe,MDA,Republic of Moldova,2008,Male,14.06
EUR,Europe,MDA,Republic of Moldova,2009,Female,72.47
EUR,Europe,MDA,Republic of Moldova,2009,Female,17.79
EUR,Europe,MDA,Republic of Moldova,2009,Male,63.69
EUR,Europe,MDA,Republic of Moldova,2009,Male,13.84
EUR,Europe,MDA,Republic of Moldova,2010,Female,72.52
EUR,Europe,MDA,Republic of Moldova,2010,Female,17.77
EUR,Europe,MDA,Republic of Moldova,2010,Male,63.21
EUR,Europe,MDA,Republic of Moldova,2010,Male,13.64
EUR,Europe,MDA,Republic of Moldova,2011,Female,74.22
EUR,Europe,MDA,Republic of Moldova,2011,Female,18.81
EUR,Europe,MDA,Republic of Moldova,2011,Male,65.45
EUR,Europe,MDA,Republic of Moldova,2011,Male,14.54
EUR,Europe,MDA,Republic of Moldova,2012,Female,74.63
EUR,Europe,MDA,Republic of Moldova,2012,Female,19.21
EUR,Europe,MDA,Republic of Moldova,2012,Male,65.9
EUR,Europe,MDA,Republic of Moldova,2012,Male,14.86
EUR,Europe,MDA,Republic of Moldova,2013,Female,75.25
EUR,Europe,MDA,Republic of Moldova,2013,Female,19.6
EUR,Europe,MDA,Republic of Moldova,2013,Male,67.3
EUR,Europe,MDA,Republic of Moldova,2013,Male,15.58
EUR,Europe,MDA,Republic of Moldova,2014,Female,74.97
EUR,Europe,MDA,Republic of Moldova,2014,Female,19.42
EUR,Europe,MDA,Republic of Moldova,2014,Male,67.18
EUR,Europe,MDA,Republic of Moldova,2014,Male,15.57
EUR,Europe,MDA,Republic of Moldova,2015,Female,75.07
EUR,Europe,MDA,Republic of Moldova,2015,Female,19.53
EUR,Europe,MDA,Republic of Moldova,2015,Male,67.17
EUR,Europe,MDA,Republic of Moldova,2015,Male,15.58
EUR,Europe,MDA,Republic of Moldova,2016,Female,75.8
EUR,Europe,MDA,Republic of Moldova,2016,Female,20.01
EUR,Europe,MDA,Republic of Moldova,2016,Male,67.79
EUR,Europe,MDA,Republic of Moldova,2016,Male,15.89
EUR,Europe,MDA,Republic of Moldova,2017,Female,76.63
EUR,Europe,MDA,Republic of Moldova,2017,Female,20.5
EUR,Europe,MDA,Republic of Moldova,2017,Male,68.95
EUR,Europe,MDA,Republic of Moldova,2017,Male,16.42
EUR,Europe,MDA,Republic of Moldova,2018,Female,76.81
EUR,Europe,MDA,Republic of Moldova,2018,Female,20.64
EUR,Europe,MDA,Republic of Moldova,2018,Male,68.87
EUR,Europe,MDA,Republic of Moldova,2018,Male,16.35
EUR,Europe,MDA,Republic of Moldova,2019,Female,77.17
EUR,Europe,MDA,Republic of Moldova,2019,Female,20.92
EUR,Europe,MDA,Republic of Moldova,2019,Male,69.32
EUR,Europe,MDA,Republic of Moldova,2019,Male,16.63
EUR,Europe,MDA,Republic of Moldova,2020,Female,75.88
EUR,Europe,MDA,Republic of Moldova,2020,Female,19.81
EUR,Europe,MDA,Republic of Moldova,2020,Male,68.26
EUR,Europe,MDA,Republic of Moldova,2020,Male,15.11
EUR,Europe,MDA,Republic of Moldova,2021,Female,73.63
EUR,Europe,MDA,Republic of Moldova,2021,Female,18.0
EUR,Europe,MDA,Republic of Moldova,2021,Male,65.53
EUR,Europe,MDA,Republic of Moldova,2021,Male,13.47
EUR,Europe,ROU,Romania,2000,Female,74.66
EUR,Europe,ROU,Romania,2000,Female,19.73
EUR,Europe,ROU,Romania,2000,Male,67.7
EUR,Europe,ROU,Romania,2000,Male,16.41
EUR,Europe,ROU,Romania,2001,Female,74.9
EUR,Europe,ROU,Romania,2001,Female,19.84
EUR,Europe,ROU,Romania,2001,Male,67.63
EUR,Europe,ROU,Romania,2001,Male,16.33
EUR,Europe,ROU,Romania,2002,Female,74.63
EUR,Europe,ROU,Romania,2002,Female,19.55
EUR,Europe,ROU,Romania,2002,Male,67.3
EUR,Europe,ROU,Romania,2002,Male,15.9
EUR,Europe,ROU,Romania,2003,Female,74.97
EUR,Europe,ROU,Romania,2003,Female,19.7
EUR,Europe,ROU,Romania,2003,Male,67.61
EUR,Europe,ROU,Romania,2003,Male,16.03
EUR,Europe,ROU,Romania,2004,Female,75.43
EUR,Europe,ROU,Romania,2004,Female,20.04
EUR,Europe,ROU,Romania,2004,Male,68.2
EUR,Europe,ROU,Romania,2004,Male,16.39
EUR,Europe,ROU,Romania,2005,Female,75.62
EUR,Europe,ROU,Romania,2005,Female,20.04
EUR,Europe,ROU,Romania,2005,Male,68.65
EUR,Europe,ROU,Romania,2005,Male,16.44
EUR,Europe,ROU,Romania,2006,Female,76.07
EUR,Europe,ROU,Romania,2006,Female,20.34
EUR,Europe,ROU,Romania,2006,Male,69.16
EUR,Europe,ROU,Romania,2006,Male,16.67
EUR,Europe,ROU,Romania,2007,Female,76.71
EUR,Europe,ROU,Romania,2007,Female,20.72
EUR,Europe,ROU,Romania,2007,Male,69.62
EUR,Europe,ROU,Romania,2007,Male,16.98
EUR,Europe,ROU,Romania,2008,Female,77.07
EUR,Europe,ROU,Romania,2008,Female,20.98
EUR,Europe,ROU,Romania,2008,Male,69.63
EUR,Europe,ROU,Romania,2008,Male,17.07
EUR,Europe,ROU,Romania,2009,Female,77.24
EUR,Europe,ROU,Romania,2009,Female,21.08
EUR,Europe,ROU,Romania,2009,Male,69.75
EUR,Europe,ROU,Romania,2009,Male,17.01
EUR,Europe,ROU,Romania,2010,Female,77.43
EUR,Europe,ROU,Romania,2010,Female,21.11
EUR,Europe,ROU,Romania,2010,Male,70.06
EUR,Europe,ROU,Romania,2010,Male,17.07
EUR,Europe,ROU,Romania,2011,Female,78.01
EUR,Europe,ROU,Romania,2011,Female,21.42
EUR,Europe,ROU,Romania,2011,Male,70.92
EUR,Europe,ROU,Romania,2011,Male,17.41
EUR,Europe,ROU,Romania,2012,Female,77.92
EUR,Europe,ROU,Romania,2012,Female,21.58
EUR,Europe,ROU,Romania,2012,Male,70.81
EUR,Europe,ROU,Romania,2012,Male,17.49
EUR,Europe,ROU,Romania,2013,Female,78.5
EUR,Europe,ROU,Romania,2013,Female,21.97
EUR,Europe,ROU,Romania,2013,Male,71.52
EUR,Europe,ROU,Romania,2013,Male,17.8
EUR,Europe,ROU,Romania,2014,Female,78.49
EUR,Europe,ROU,Romania,2014,Female,21.95
EUR,Europe,ROU,Romania,2014,Male,71.28
EUR,Europe,ROU,Romania,2014,Male,17.71
EUR,Europe,ROU,Romania,2015,Female,78.49
EUR,Europe,ROU,Romania,2015,Female,21.87
EUR,Europe,ROU,Romania,2015,Male,71.38
EUR,Europe,ROU,Romania,2015,Male,17.57
EUR,Europe,ROU,Romania,2016,Female,78.75
EUR,Europe,ROU,Romania,2016,Female,22.08
EUR,Europe,ROU,Romania,2016,Male,71.48
EUR,Europe,ROU,Romania,2016,Male,17.71
EUR,Europe,ROU,Romania,2017,Female,78.77
EUR,Europe,ROU,Romania,2017,Female,22.06
EUR,Europe,ROU,Romania,2017,Male,71.52
EUR,Europe,ROU,Romania,2017,Male,17.65
EUR,Europe,ROU,Romania,2018,Female,78.87
EUR,Europe,ROU,Romania,2018,Female,22.14
EUR,Europe,ROU,Romania,2018,Male,71.46
EUR,Europe,ROU,Romania,2018,Male,17.53
EUR,Europe,ROU,Romania,2019,Female,79.23
EUR,Europe,ROU,Romania,2019,Female,22.37
EUR,Europe,ROU,Romania,2019,Male,71.78
EUR,Europe,ROU,Romania,2019,Male,17.74
EUR,Europe,ROU,Romania,2020,Female,78.09
EUR,Europe,ROU,Romania,2020,Female,21.39
EUR,Europe,ROU,Romania,2020,Male,70.3
EUR,Europe,ROU,Romania,2020,Male,16.25
EUR,Europe,ROU,Romania,2021,Female,76.52
EUR,Europe,ROU,Romania,2021,Female,20.06
EUR,Europe,ROU,Romania,2021,Male,69.21
EUR,Europe,ROU,Romania,2021,Male,15.34
EUR,Europe,RUS,Russian Federation,2000,Female,72.14
EUR,Europe,RUS,Russian Federation,2000,Female,18.71
EUR,Europe,RUS,Russian Federation,2000,Male,58.83
EUR,Europe,RUS,Russian Federation,2000,Male,13.29
EUR,Europe,RUS,Russian Federation,2001,Female,72.08
EUR,Europe,RUS,Russian Federation,2001,Female,18.7
EUR,Europe,RUS,Russian Federation,2001,Male,58.8
EUR,Europe,RUS,Russian Federation,2001,Male,13.19
EUR,Europe,RUS,Russian Federation,2002,Female,71.82
EUR,Europe,RUS,Russian Federation,2002,Female,18.49
EUR,Europe,RUS,Russian Federation,2002,Male,58.62
EUR,Europe,RUS,Russian Federation,2002,Male,12.87
EUR,Europe,RUS,Russian Federation,2003,Female,71.72
EUR,Europe,RUS,Russian Federation,2003,Female,18.43
EUR,Europe,RUS,Russian Federation,2003,Male,58.45
EUR,Europe,RUS,Russian Federation,2003,Male,12.8
EUR,Europe,RUS,Russian Federation,2004,Female,72.17
EUR,Europe,RUS,Russian Federation,2004,Female,18.77
EUR,Europe,RUS,Russian Federation,2004,Male,58.79
EUR,Europe,RUS,Russian Federation,2004,Male,13.12
EUR,Europe,RUS,Russian Federation,2005,Female,72.26
EUR,Europe,RUS,Russian Federation,2005,Female,18.85
EUR,Europe,RUS,Russian Federation,2005,Male,58.8
EUR,Europe,RUS,Russian Federation,2005,Male,13.18
EUR,Europe,RUS,Russian Federation,2006,Female,73.11
EUR,Europe,RUS,Russian Federation,2006,Female,19.23
EUR,Europe,RUS,Russian Federation,2006,Male,60.3
EUR,Europe,RUS,Russian Federation,2006,Male,13.79
EUR,Europe,RUS,Russian Federation,2007,Female,73.81
EUR,Europe,RUS,Russian Federation,2007,Female,19.65
EUR,Europe,RUS,Russian Federation,2007,Male,61.34
EUR,Europe,RUS,Russian Federation,2007,Male,14.14
EUR,Europe,RUS,Russian Federation,2008,Female,74.08
EUR,Europe,RUS,Russian Federation,2008,Female,19.79
EUR,Europe,RUS,Russian Federation,2008,Male,61.76
EUR,Europe,RUS,Russian Federation,2008,Male,14.18
EUR,Europe,RUS,Russian Federation,2009,Female,74.58
EUR,Europe,RUS,Russian Federation,2009,Female,20.07
EUR,Europe,RUS,Russian Federation,2009,Male,62.67
EUR,Europe,RUS,Russian Federation,2009,Male,14.35
EUR,Europe,RUS,Russian Federation,2010,Female,74.76
EUR,Europe,RUS,Russian Federation,2010,Female,20.15
EUR,Europe,RUS,Russian Federation,2010,Male,62.98
EUR,Europe,RUS,Russian Federation,2010,Male,14.53
EUR,Europe,RUS,Russian Federation,2011,Female,75.55
EUR,Europe,RUS,Russian Federation,2011,Female,20.78
EUR,Europe,RUS,Russian Federation,2011,Male,63.99
EUR,Europe,RUS,Russian Federation,2011,Male,15.14
EUR,Europe,RUS,Russian Federation,2012,Female,75.83
EUR,Europe,RUS,Russian Federation,2012,Female,20.99
EUR,Europe,RUS,Russian Federation,2012,Male,64.5
EUR,Europe,RUS,Russian Federation,2012,Male,15.43
EUR,Europe,RUS,Russian Federation,2013,Female,76.25
EUR,Europe,RUS,Russian Federation,2013,Female,21.24
EUR,Europe,RUS,Russian Federation,2013,Male,65.05
EUR,Europe,RUS,Russian Federation,2013,Male,15.74
EUR,Europe,RUS,Russian Federation,2014,Female,76.27
EUR,Europe,RUS,Russian Federation,2014,Female,21.19
EUR,Europe,RUS,Russian Federation,2014,Male,65.04
EUR,Europe,RUS,Russian Federation,2014,Male,15.57
EUR,Europe,RUS,Russian Federation,2015,Female,76.61
EUR,Europe,RUS,Russian Federation,2015,Female,21.39
EUR,Europe,RUS,Russian Federation,2015,Male,65.84
EUR,Europe,RUS,Russian Federation,2015,Male,15.92
EUR,Europe,RUS,Russian Federation,2016,Female,76.81
EUR,Europe,RUS,Russian Federation,2016,Female,21.43
EUR,Europe,RUS,Russian Federation,2016,Male,66.25
EUR,Europe,RUS,Russian Federation,2016,Male,15.87
EUR,Europe,RUS,Russian Federation,2017,Female,77.45
EUR,Europe,RUS,Russian Federation,2017,Female,21.79
EUR,Europe,RUS,Russian Federation,2017,Male,67.3
EUR,Europe,RUS,Russian Federation,2017,Male,16.26
EUR,Europe,RUS,Russian Federation,2018,Female,77.58
EUR,Europe,RUS,Russian Federation,2018,Female,21.86
EUR,Europe,RUS,Russian Federation,2018,Male,67.5
EUR,Europe,RUS,Russian Federation,2018,Male,16.3
EUR,Europe,RUS,Russian Federation,2019,Female,78.0
EUR,Europe,RUS,Russian Federation,2019,Female,22.19
EUR,Europe,RUS,Russian Federation,2019,Male,68.17
EUR,Europe,RUS,Russian Federation,2019,Male,16.8
EUR,Europe,RUS,Russian Federation,2020,Female,76.15
EUR,Europe,RUS,Russian Federation,2020,Female,20.59
EUR,Europe,RUS,Russian Federation,2020,Male,66.45
EUR,Europe,RUS,Russian Federation,2020,Male,14.89
EUR,Europe,RUS,Russian Federation,2021,Female,74.34
EUR,Europe,RUS,Russian Federation,2021,Female,19.02
EUR,Europe,RUS,Russian Federation,2021,Male,65.57
EUR,Europe,RUS,Russian Federation,2021,Male,14.19
AFR,Africa,RWA,Rwanda,2000,Female,48.39
AFR,Africa,RWA,Rwanda,2000,Female,13.77
AFR,Africa,RWA,Rwanda,2000,Male,45.37
AFR,Africa,RWA,Rwanda,2000,Male,11.49
AFR,Africa,RWA,Rwanda,2001,Female,49.93
AFR,Africa,RWA,Rwanda,2001,Female,14.23
AFR,Africa,RWA,Rwanda,2001,Male,46.67
AFR,Africa,RWA,Rwanda,2001,Male,11.93
AFR,Africa,RWA,Rwanda,2002,Female,51.92
AFR,Africa,RWA,Rwanda,2002,Female,14.77
AFR,Africa,RWA,Rwanda,2002,Male,49.21
AFR,Africa,RWA,Rwanda,2002,Male,12.48
AFR,Africa,RWA,Rwanda,2003,Female,53.75
AFR,Africa,RWA,Rwanda,2003,Female,15.3
AFR,Africa,RWA,Rwanda,2003,Male,51.09
AFR,Africa,RWA,Rwanda,2003,Male,13.05
AFR,Africa,RWA,Rwanda,2004,Female,55.92
AFR,Africa,RWA,Rwanda,2004,Female,15.89
AFR,Africa,RWA,Rwanda,2004,Male,53.26
AFR,Africa,RWA,Rwanda,2004,Male,13.62
AFR,Africa,RWA,Rwanda,2005,Female,58.48
AFR,Africa,RWA,Rwanda,2005,Female,16.5
AFR,Africa,RWA,Rwanda,2005,Male,55.43
AFR,Africa,RWA,Rwanda,2005,Male,14.17
AFR,Africa,RWA,Rwanda,2006,Female,60.77
AFR,Africa,RWA,Rwanda,2006,Female,17.01
AFR,Africa,RWA,Rwanda,2006,Male,57.37
AFR,Africa,RWA,Rwanda,2006,Male,14.63
AFR,Africa,RWA,Rwanda,2007,Female,62.52
AFR,Africa,RWA,Rwanda,2007,Female,17.42
AFR,Africa,RWA,Rwanda,2007,Male,58.94
AFR,Africa,RWA,Rwanda,2007,Male,15.01
AFR,Africa,RWA,Rwanda,2008,Female,63.86
AFR,Africa,RWA,Rwanda,2008,Female,17.7
AFR,Africa,RWA,Rwanda,2008,Male,60.21
AFR,Africa,RWA,Rwanda,2008,Male,15.33
AFR,Africa,RWA,Rwanda,2009,Female,64.94
AFR,Africa,RWA,Rwanda,2009,Female,17.94
AFR,Africa,RWA,Rwanda,2009,Male,60.8
AFR,Africa,RWA,Rwanda,2009,Male,15.6
AFR,Africa,RWA,Rwanda,2010,Female,65.97
AFR,Africa,RWA,Rwanda,2010,Female,18.1
AFR,Africa,RWA,Rwanda,2010,Male,62.21
AFR,Africa,RWA,Rwanda,2010,Male,15.81
AFR,Africa,RWA,Rwanda,2011,Female,66.81
AFR,Africa,RWA,Rwanda,2011,Female,18.23
AFR,Africa,RWA,Rwanda,2011,Male,63.06
AFR,Africa,RWA,Rwanda,2011,Male,15.98
AFR,Africa,RWA,Rwanda,2012,Female,67.46
AFR,Africa,RWA,Rwanda,2012,Female,18.37
AFR,Africa,RWA,Rwanda,2012,Male,63.68
AFR,Africa,RWA,Rwanda,2012,Male,16.11
AFR,Africa,RWA,Rwanda,2013,Female,68.06
AFR,Africa,RWA,Rwanda,2013,Female,18.47
AFR,Africa,RWA,Rwanda,2013,Male,64.27
AFR,Africa,RWA,Rwanda,2013,Male,16.21
AFR,Africa,RWA,Rwanda,2014,Female,68.48
AFR,Africa,RWA,Rwanda,2014,Female,18.56
AFR,Africa,RWA,Rwanda,2014,Male,64.63
AFR,Africa,RWA,Rwanda,2014,Male,16.28
AFR,Africa,RWA,Rwanda,2015,Female,68.78
AFR,Africa,RWA,Rwanda,2015,Female,18.65
AFR,Africa,RWA,Rwanda,2015,Male,64.91
AFR,Africa,RWA,Rwanda,2015,Male,16.37
AFR,Africa,RWA,Rwanda,2016,Female,69.01
AFR,Africa,RWA,Rwanda,2016,Female,18.73
AFR,Africa,RWA,Rwanda,2016,Male,65.11
AFR,Africa,RWA,Rwanda,2016,Male,16.46
AFR,Africa,RWA,Rwanda,2017,Female,69.26
AFR,Africa,RWA,Rwanda,2017,Female,18.77
AFR,Africa,RWA,Rwanda,2017,Male,65.36
AFR,Africa,RWA,Rwanda,2017,Male,16.48
AFR,Africa,RWA,Rwanda,2018,Female,69.46
AFR,Africa,RWA,Rwanda,2018,Female,18.79
AFR,Africa,RWA,Rwanda,2018,Male,65.55
AFR,Africa,RWA,Rwanda,2018,Male,16.48
AFR,Africa,RWA,Rwanda,2019,Female,69.62
AFR,Africa,RWA,Rwanda,2019,Female,18.83
AFR,Africa,RWA,Rwanda,2019,Male,65.65
AFR,Africa,RWA,Rwanda,2019,Male,16.5
AFR,Africa,RWA,Rwanda,2020,Female,70.25
AFR,Africa,RWA,Rwanda,2020,Female,19.08
AFR,Africa,RWA,Rwanda,2020,Male,66.03
AFR,Africa,RWA,Rwanda,2020,Male,16.25
AFR,Africa,RWA,Rwanda,2021,Female,69.4
AFR,Africa,RWA,Rwanda,2021,Female,18.52
AFR,Africa,RWA,Rwanda,2021,Male,65.45
AFR,Africa,RWA,Rwanda,2021,Male,16.21
AMR,Americas,LCA,Saint Lucia,2000,Female,76.27
AMR,Americas,LCA,Saint Lucia,2000,Female,21.49
AMR,Americas,LCA,Saint Lucia,2000,Male,70.21
AMR,Americas,LCA,Saint Lucia,2000,Male,18.32
AMR,Americas,LCA,Saint Lucia,2001,Female,76.46
AMR,Americas,LCA,Saint Lucia,2001,Female,21.61
AMR,Americas,LCA,Saint Lucia,2001,Male,70.28
AMR,Americas,LCA,Saint Lucia,2001,Male,18.27
AMR,Americas,LCA,Saint Lucia,2002,Female,76.69
AMR,Americas,LCA,Saint Lucia,2002,Female,21.75
AMR,Americas,LCA,Saint Lucia,2002,Male,70.41
AMR,Americas,LCA,Saint Lucia,2002,Male,18.35
AMR,Americas,LCA,Saint Lucia,2003,Female,77.03
AMR,Americas,LCA,Saint Lucia,2003,Female,21.95
AMR,Americas,LCA,Saint Lucia,2003,Male,70.62
AMR,Americas,LCA,Saint Lucia,2003,Male,18.43
AMR,Americas,LCA,Saint Lucia,2004,Female,77.27
AMR,Americas,LCA,Saint Lucia,2004,Female,22.11
AMR,Americas,LCA,Saint Lucia,2004,Male,70.82
AMR,Americas,LCA,Saint Lucia,2004,Male,18.51
AMR,Americas,LCA,Saint Lucia,2005,Female,77.49
AMR,Americas,LCA,Saint Lucia,2005,Female,22.29
AMR,Americas,LCA,Saint Lucia,2005,Male,71.28
AMR,Americas,LCA,Saint Lucia,2005,Male,18.88
AMR,Americas,LCA,Saint Lucia,2006,Female,77.78
AMR,Americas,LCA,Saint Lucia,2006,Female,22.57
AMR,Americas,LCA,Saint Lucia,2006,Male,71.69
AMR,Americas,LCA,Saint Lucia,2006,Male,19.26
AMR,Americas,LCA,Saint Lucia,2007,Female,78.77
AMR,Americas,LCA,Saint Lucia,2007,Female,23.72
AMR,Americas,LCA,Saint Lucia,2007,Male,71.82
AMR,Americas,LCA,Saint Lucia,2007,Male,19.33
AMR,Americas,LCA,Saint Lucia,2008,Female,79.21
AMR,Americas,LCA,Saint Lucia,2008,Female,24.17
AMR,Americas,LCA,Saint Lucia,2008,Male,72.04
AMR,Americas,LCA,Saint Lucia,2008,Male,19.45
AMR,Americas,LCA,Saint Lucia,2009,Female,79.63
AMR,Americas,LCA,Saint Lucia,2009,Female,24.59
AMR,Americas,LCA,Saint Lucia,2009,Male,72.25
AMR,Americas,LCA,Saint Lucia,2009,Male,19.65
AMR,Americas,LCA,Saint Lucia,2010,Female,79.79
AMR,Americas,LCA,Saint Lucia,2010,Female,24.99
AMR,Americas,LCA,Saint Lucia,2010,Male,72.41
AMR,Americas,LCA,Saint Lucia,2010,Male,19.98
AMR,Americas,LCA,Saint Lucia,2011,Female,79.87
AMR,Americas,LCA,Saint Lucia,2011,Female,25.07
AMR,Americas,LCA,Saint Lucia,2011,Male,72.75
AMR,Americas,LCA,Saint Lucia,2011,Male,20.48
AMR,Americas,LCA,Saint Lucia,2012,Female,79.88
AMR,Americas,LCA,Saint Lucia,2012,Female,25.04
AMR,Americas,LCA,Saint Lucia,2012,Male,73.01
AMR,Americas,LCA,Saint Lucia,2012,Male,20.69
AMR,Americas,LCA,Saint Lucia,2013,Female,79.69
AMR,Americas,LCA,Saint Lucia,2013,Female,24.78
AMR,Americas,LCA,Saint Lucia,2013,Male,72.78
AMR,Americas,LCA,Saint Lucia,2013,Male,20.34
AMR,Americas,LCA,Saint Lucia,2014,Female,79.95
AMR,Americas,LCA,Saint Lucia,2014,Female,24.93
AMR,Americas,LCA,Saint Lucia,2014,Male,72.75
AMR,Americas,LCA,Saint Lucia,2014,Male,20.28
AMR,Americas,LCA,Saint Lucia,2015,Female,80.08
AMR,Americas,LCA,Saint Lucia,2015,Female,25.02
AMR,Americas,LCA,Saint Lucia,2015,Male,72.84
AMR,Americas,LCA,Saint Lucia,2015,Male,20.32
AMR,Americas,LCA,Saint Lucia,2016,Female,80.18
AMR,Americas,LCA,Saint Lucia,2016,Female,25.04
AMR,Americas,LCA,Saint Lucia,2016,Male,72.48
AMR,Americas,LCA,Saint Lucia,2016,Male,19.72
AMR,Americas,LCA,Saint Lucia,2017,Female,80.04
AMR,Americas,LCA,Saint Lucia,2017,Female,24.86
AMR,Americas,LCA,Saint Lucia,2017,Male,72.49
AMR,Americas,LCA,Saint Lucia,2017,Male,19.67
AMR,Americas,LCA,Saint Lucia,2018,Female,79.97
AMR,Americas,LCA,Saint Lucia,2018,Female,24.75
AMR,Americas,LCA,Saint Lucia,2018,Male,72.5
AMR,Americas,LCA,Saint Lucia,2018,Male,19.63
AMR,Americas,LCA,Saint Lucia,2019,Female,79.93
AMR,Americas,LCA,Saint Lucia,2019,Female,24.67
AMR,Americas,LCA,Saint Lucia,2019,Male,72.53
AMR,Americas,LCA,Saint Lucia,2019,Male,19.63
AMR,Americas,LCA,Saint Lucia,2020,Female,79.55
AMR,Americas,LCA,Saint Lucia,2020,Female,24.21
AMR,Americas,LCA,Saint Lucia,2020,Male,71.96
AMR,Americas,LCA,Saint Lucia,2020,Male,19.25
AMR,Americas,LCA,Saint Lucia,2021,Female,74.47
AMR,Americas,LCA,Saint Lucia,2021,Female,19.59
AMR,Americas,LCA,Saint Lucia,2021,Male,68.0
AMR,Americas,LCA,Saint Lucia,2021,Male,15.81
AMR,Americas,VCT,Saint Vincent and the Grenadines,2000,Female,73.92
AMR,Americas,VCT,Saint Vincent and the Grenadines,2000,Female,20.55
AMR,Americas,VCT,Saint Vincent and the Grenadines,2000,Male,69.53
AMR,Americas,VCT,Saint Vincent and the Grenadines,2000,Male,18.27
AMR,Americas,VCT,Saint Vincent and the Grenadines,2001,Female,74.34
AMR,Americas,VCT,Saint Vincent and the Grenadines,2001,Female,20.97
AMR,Americas,VCT,Saint Vincent and the Grenadines,2001,Male,69.62
AMR,Americas,VCT,Saint Vincent and the Grenadines,2001,Male,18.41
AMR,Americas,VCT,Saint Vincent and the Grenadines,2002,Female,74.5
AMR,Americas,VCT,Saint Vincent and the Grenadines,2002,Female,21.07
AMR,Americas,VCT,Saint Vincent and the Grenadines,2002,Male,69.7
AMR,Americas,VCT,Saint Vincent and the Grenadines,2002,Male,18.53
AMR,Americas,VCT,Saint Vincent and the Grenadines,2003,Female,74.8
AMR,Americas,VCT,Saint Vincent and the Grenadines,2003,Female,21.13
AMR,Americas,VCT,Saint Vincent and the Grenadines,2003,Male,69.89
AMR,Americas,VCT,Saint Vincent and the Grenadines,2003,Male,18.79
AMR,Americas,VCT,Saint Vincent and the Grenadines,2004,Female,74.94
AMR,Americas,VCT,Saint Vincent and the Grenadines,2004,Female,21.09
AMR,Americas,VCT,Saint Vincent and the Grenadines,2004,Male,70.02
AMR,Americas,VCT,Saint Vincent and the Grenadines,2004,Male,19.05
AMR,Americas,VCT,Saint Vincent and the Grenadines,2005,Female,75.11
AMR,Americas,VCT,Saint Vincent and the Grenadines,2005,Female,21.27
AMR,Americas,VCT,Saint Vincent and the Grenadines,2005,Male,70.23
AMR,Americas,VCT,Saint Vincent and the Grenadines,2005,Male,19.36
AMR,Americas,VCT,Saint Vincent and the Grenadines,2006,Female,75.39
AMR,Americas,VCT,Saint Vincent and the Grenadines,2006,Female,21.51
AMR,Americas,VCT,Saint Vincent and the Grenadines,2006,Male,70.68
AMR,Americas,VCT,Saint Vincent and the Grenadines,2006,Male,19.72
AMR,Americas,VCT,Saint Vincent and the Grenadines,2007,Female,75.64
AMR,Americas,VCT,Saint Vincent and the Grenadines,2007,Female,21.73
AMR,Americas,VCT,Saint Vincent and the Grenadines,2007,Male,71.07
AMR,Americas,VCT,Saint Vincent and the Grenadines,2007,Male,19.96
AMR,Americas,VCT,Saint Vincent and the Grenadines,2008,Female,75.78
AMR,Americas,VCT,Saint Vincent and the Grenadines,2008,Female,21.83
AMR,Americas,VCT,Saint Vincent and the Grenadines,2008,Male,71.45
AMR,Americas,VCT,Saint Vincent and the Grenadines,2008,Male,20.17
AMR,Americas,VCT,Saint Vincent and the Grenadines,2009,Female,75.77
AMR,Americas,VCT,Saint Vincent and the Grenadines,2009,Female,21.86
AMR,Americas,VCT,Saint Vincent and the Grenadines,2009,Male,71.56
AMR,Americas,VCT,Saint Vincent and the Grenadines,2009,Male,20.14
AMR,Americas,VCT,Saint Vincent and the Grenadines,2010,Female,75.67
AMR,Americas,VCT,Saint Vincent and the Grenadines,2010,Female,21.78
AMR,Americas,VCT,Saint Vincent and the Grenadines,2010,Male,71.52
AMR,Americas,VCT,Saint Vincent and the Grenadines,2010,Male,20.12
AMR,Americas,VCT,Saint Vincent and the Grenadines,2011,Female,75.51
AMR,Americas,VCT,Saint Vincent and the Grenadines,2011,Female,21.67
AMR,Americas,VCT,Saint Vincent and the Grenadines,2011,Male,71.16
AMR,Americas,VCT,Saint Vincent and the Grenadines,2011,Male,19.95
AMR,Americas,VCT,Saint Vincent and the Grenadines,2012,Female,75.4
AMR,Americas,VCT,Saint Vincent and the Grenadines,2012,Female,21.62
AMR,Americas,VCT,Saint Vincent and the Grenadines,2012,Male,70.85
AMR,Americas,VCT,Saint Vincent and the Grenadines,2012,Male,19.87
AMR,Americas,VCT,Saint Vincent and the Grenadines,2013,Female,75.06
AMR,Americas,VCT,Saint Vincent and the Grenadines,2013,Female,21.52
AMR,Americas,VCT,Saint Vincent and the Grenadines,2013,Male,70.45
AMR,Americas,VCT,Saint Vincent and the Grenadines,2013,Male,19.68
AMR,Americas,VCT,Saint Vincent and the Grenadines,2014,Female,75.28
AMR,Americas,VCT,Saint Vincent and the Grenadines,2014,Female,21.71
AMR,Americas,VCT,Saint Vincent and the Grenadines,2014,Male,70.51
AMR,Americas,VCT,Saint Vincent and the Grenadines,2014,Male,19.78
AMR,Americas,VCT,Saint Vincent and the Grenadines,2015,Female,75.29
AMR,Americas,VCT,Saint Vincent and the Grenadines,2015,Female,21.68
AMR,Americas,VCT,Saint Vincent and the Grenadines,2015,Male,70.6
AMR,Americas,VCT,Saint Vincent and the Grenadines,2015,Male,19.84
AMR,Americas,VCT,Saint Vincent and the Grenadines,2016,Female,75.42
AMR,Americas,VCT,Saint Vincent and the Grenadines,2016,Female,21.69
AMR,Americas,VCT,Saint Vincent and the Grenadines,2016,Male,70.84
AMR,Americas,VCT,Saint Vincent and the Grenadines,2016,Male,19.9
AMR,Americas,VCT,Saint Vincent and the Grenadines,2017,Female,75.5
AMR,Americas,VCT,Saint Vincent and the Grenadines,2017,Female,21.62
AMR,Americas,VCT,Saint Vincent and the Grenadines,2017,Male,70.97
AMR,Americas,VCT,Saint Vincent and the Grenadines,2017,Male,19.85
AMR,Americas,VCT,Saint Vincent and the Grenadines,2018,Female,75.67
AMR,Americas,VCT,Saint Vincent and the Grenadines,2018,Female,21.71
AMR,Americas,VCT,Saint Vincent and the Grenadines,2018,Male,71.0
AMR,Americas,VCT,Saint Vincent and the Grenadines,2018,Male,19.74
AMR,Americas,VCT,Saint Vincent and the Grenadines,2019,Female,75.82
AMR,Americas,VCT,Saint Vincent and the Grenadines,2019,Female,21.71
AMR,Americas,VCT,Saint Vincent and the Grenadines,2019,Male,70.76
AMR,Americas,VCT,Saint Vincent and the Grenadines,2019,Male,19.45
AMR,Americas,VCT,Saint Vincent and the Grenadines,2020,Female,75.57
AMR,Americas,VCT,Saint Vincent and the Grenadines,2020,Female,21.45
AMR,Americas,VCT,Saint Vincent and the Grenadines,2020,Male,70.33
AMR,Americas,VCT,Saint Vincent and the Grenadines,2020,Male,18.96
AMR,Americas,VCT,Saint Vincent and the Grenadines,2021,Female,75.52
AMR,Americas,VCT,Saint Vincent and the Grenadines,2021,Female,21.39
AMR,Americas,VCT,Saint Vincent and the Grenadines,2021,Male,70.02
AMR,Americas,VCT,Saint Vincent and the Grenadines,2021,Male,18.67
WPR,Western Pacific,WSM,Samoa,2000,Female,71.71
WPR,Western Pacific,WSM,Samoa,2000,Female,18.11
WPR,Western Pacific,WSM,Samoa,2000,Male,67.69
WPR,Western Pacific,WSM,Samoa,2000,Male,16.05
WPR,Western Pacific,WSM,Samoa,2001,Female,71.83
WPR,Western Pacific,WSM,Samoa,2001,Female,18.14
WPR,Western Pacific,WSM,Samoa,2001,Male,67.9
WPR,Western Pacific,WSM,Samoa,2001,Male,16.14
WPR,Western Pacific,WSM,Samoa,2002,Female,71.94
WPR,Western Pacific,WSM,Samoa,2002,Female,18.19
WPR,Western Pacific,WSM,Samoa,2002,Male,68.09
WPR,Western Pacific,WSM,Samoa,2002,Male,16.23
WPR,Western Pacific,WSM,Samoa,2003,Female,72.02
WPR,Western Pacific,WSM,Samoa,2003,Female,18.23
WPR,Western Pacific,WSM,Samoa,2003,Male,68.25
WPR,Western Pacific,WSM,Samoa,2003,Male,16.3
WPR,Western Pacific,WSM,Samoa,2004,Female,72.08
WPR,Western Pacific,WSM,Samoa,2004,Female,18.26
WPR,Western Pacific,WSM,Samoa,2004,Male,68.41
WPR,Western Pacific,WSM,Samoa,2004,Male,16.38
WPR,Western Pacific,WSM,Samoa,2005,Female,72.08
WPR,Western Pacific,WSM,Samoa,2005,Female,18.29
WPR,Western Pacific,WSM,Samoa,2005,Male,68.54
WPR,Western Pacific,WSM,Samoa,2005,Male,16.44
WPR,Western Pacific,WSM,Samoa,2006,Female,72.26
WPR,Western Pacific,WSM,Samoa,2006,Female,18.37
WPR,Western Pacific,WSM,Samoa,2006,Male,68.72
WPR,Western Pacific,WSM,Samoa,2006,Male,16.55
WPR,Western Pacific,WSM,Samoa,2007,Female,72.19
WPR,Western Pacific,WSM,Samoa,2007,Female,18.36
WPR,Western Pacific,WSM,Samoa,2007,Male,68.85
WPR,Western Pacific,WSM,Samoa,2007,Male,16.68
WPR,Western Pacific,WSM,Samoa,2008,Female,72.13
WPR,Western Pacific,WSM,Samoa,2008,Female,18.35
WPR,Western Pacific,WSM,Samoa,2008,Male,68.93
WPR,Western Pacific,WSM,Samoa,2008,Male,16.77
WPR,Western Pacific,WSM,Samoa,2009,Female,69.92
WPR,Western Pacific,WSM,Samoa,2009,Female,17.9
WPR,Western Pacific,WSM,Samoa,2009,Male,67.58
WPR,Western Pacific,WSM,Samoa,2009,Male,16.48
WPR,Western Pacific,WSM,Samoa,2010,Female,71.99
WPR,Western Pacific,WSM,Samoa,2010,Female,18.3
WPR,Western Pacific,WSM,Samoa,2010,Male,69.07
WPR,Western Pacific,WSM,Samoa,2010,Male,16.94
WPR,Western Pacific,WSM,Samoa,2011,Female,71.92
WPR,Western Pacific,WSM,Samoa,2011,Female,18.27
WPR,Western Pacific,WSM,Samoa,2011,Male,69.16
WPR,Western Pacific,WSM,Samoa,2011,Male,17.04
WPR,Western Pacific,WSM,Samoa,2012,Female,71.66
WPR,Western Pacific,WSM,Samoa,2012,Female,18.15
WPR,Western Pacific,WSM,Samoa,2012,Male,68.96
WPR,Western Pacific,WSM,Samoa,2012,Male,16.99
WPR,Western Pacific,WSM,Samoa,2013,Female,71.62
WPR,Western Pacific,WSM,Samoa,2013,Female,18.11
WPR,Western Pacific,WSM,Samoa,2013,Male,68.95
WPR,Western Pacific,WSM,Samoa,2013,Male,17.03
WPR,Western Pacific,WSM,Samoa,2014,Female,71.49
WPR,Western Pacific,WSM,Samoa,2014,Female,18.04
WPR,Western Pacific,WSM,Samoa,2014,Male,68.86
WPR,Western Pacific,WSM,Samoa,2014,Male,17.05
WPR,Western Pacific,WSM,Samoa,2015,Female,71.37
WPR,Western Pacific,WSM,Samoa,2015,Female,17.96
WPR,Western Pacific,WSM,Samoa,2015,Male,68.76
WPR,Western Pacific,WSM,Samoa,2015,Male,17.05
WPR,Western Pacific,WSM,Samoa,2016,Female,71.25
WPR,Western Pacific,WSM,Samoa,2016,Female,17.9
WPR,Western Pacific,WSM,Samoa,2016,Male,68.68
WPR,Western Pacific,WSM,Samoa,2016,Male,17.08
WPR,Western Pacific,WSM,Samoa,2017,Female,71.32
WPR,Western Pacific,WSM,Samoa,2017,Female,17.94
WPR,Western Pacific,WSM,Samoa,2017,Male,68.74
WPR,Western Pacific,WSM,Samoa,2017,Male,17.1
WPR,Western Pacific,WSM,Samoa,2018,Female,71.41
WPR,Western Pacific,WSM,Samoa,2018,Female,18.0
WPR,Western Pacific,WSM,Samoa,2018,Male,68.86
WPR,Western Pacific,WSM,Samoa,2018,Male,17.16
WPR,Western Pacific,WSM,Samoa,2019,Female,71.31
WPR,Western Pacific,WSM,Samoa,2019,Female,18.06
WPR,Western Pacific,WSM,Samoa,2019,Male,68.77
WPR,Western Pacific,WSM,Samoa,2019,Male,17.22
WPR,Western Pacific,WSM,Samoa,2020,Female,71.73
WPR,Western Pacific,WSM,Samoa,2020,Female,18.12
WPR,Western Pacific,WSM,Samoa,2020,Male,68.74
WPR,Western Pacific,WSM,Samoa,2020,Male,16.69
WPR,Western Pacific,WSM,Samoa,2021,Female,71.58
WPR,Western Pacific,WSM,Samoa,2021,Female,18.12
WPR,Western Pacific,WSM,Samoa,2021,Male,69.07
WPR,Western Pacific,WSM,Samoa,2021,Male,17.36
AFR,Africa,STP,Sao Tome and Principe,2000,Female,63.73
AFR,Africa,STP,Sao Tome and Principe,2000,Female,17.07
AFR,Africa,STP,Sao Tome and Principe,2000,Male,62.52
AFR,Africa,STP,Sao Tome and Principe,2000,Male,16.81
AFR,Africa,STP,Sao Tome and Principe,2001,Female,64.62
AFR,Africa,STP,Sao Tome and Principe,2001,Female,17.18
AFR,Africa,STP,Sao Tome and Principe,2001,Male,63.23
AFR,Africa,STP,Sao Tome and Principe,2001,Male,16.78
AFR,Africa,STP,Sao Tome and Principe,2002,Female,65.41
AFR,Africa,STP,Sao Tome and Principe,2002,Female,17.23
AFR,Africa,STP,Sao Tome and Principe,2002,Male,63.87
AFR,Africa,STP,Sao Tome and Principe,2002,Male,16.73
AFR,Africa,STP,Sao Tome and Principe,2003,Female,66.11
AFR,Africa,STP,Sao Tome and Principe,2003,Female,17.33
AFR,Africa,STP,Sao Tome and Principe,2003,Male,64.32
AFR,Africa,STP,Sao Tome and Principe,2003,Male,16.68
AFR,Africa,STP,Sao Tome and Principe,2004,Female,66.66
AFR,Africa,STP,Sao Tome and Principe,2004,Female,17.32
AFR,Africa,STP,Sao Tome and Principe,2004,Male,64.73
AFR,Africa,STP,Sao Tome and Principe,2004,Male,16.61
AFR,Africa,STP,Sao Tome and Principe,2005,Female,67.38
AFR,Africa,STP,Sao Tome and Principe,2005,Female,17.45
AFR,Africa,STP,Sao Tome and Principe,2005,Male,65.14
AFR,Africa,STP,Sao Tome and Principe,2005,Male,16.55
AFR,Africa,STP,Sao Tome and Principe,2006,Female,67.93
AFR,Africa,STP,Sao Tome and Principe,2006,Female,17.53
AFR,Africa,STP,Sao Tome and Principe,2006,Male,65.61
AFR,Africa,STP,Sao Tome and Principe,2006,Male,16.54
AFR,Africa,STP,Sao Tome and Principe,2007,Female,68.48
AFR,Africa,STP,Sao Tome and Principe,2007,Female,17.62
AFR,Africa,STP,Sao Tome and Principe,2007,Male,65.95
AFR,Africa,STP,Sao Tome and Principe,2007,Male,16.64
AFR,Africa,STP,Sao Tome and Principe,2008,Female,69.08
AFR,Africa,STP,Sao Tome and Principe,2008,Female,17.76
AFR,Africa,STP,Sao Tome and Principe,2008,Male,66.28
AFR,Africa,STP,Sao Tome and Principe,2008,Male,16.66
AFR,Africa,STP,Sao Tome and Principe,2009,Female,69.62
AFR,Africa,STP,Sao Tome and Principe,2009,Female,17.83
AFR,Africa,STP,Sao Tome and Principe,2009,Male,67.16
AFR,Africa,STP,Sao Tome and Principe,2009,Male,16.72
AFR,Africa,STP,Sao Tome and Principe,2010,Female,69.98
AFR,Africa,STP,Sao Tome and Principe,2010,Female,17.88
AFR,Africa,STP,Sao Tome and Principe,2010,Male,67.63
AFR,Africa,STP,Sao Tome and Principe,2010,Male,16.83
AFR,Africa,STP,Sao Tome and Principe,2011,Female,70.43
AFR,Africa,STP,Sao Tome and Principe,2011,Female,18.0
AFR,Africa,STP,Sao Tome and Principe,2011,Male,67.95
AFR,Africa,STP,Sao Tome and Principe,2011,Male,16.86
AFR,Africa,STP,Sao Tome and Principe,2012,Female,70.85
AFR,Africa,STP,Sao Tome and Principe,2012,Female,18.06
AFR,Africa,STP,Sao Tome and Principe,2012,Male,68.21
AFR,Africa,STP,Sao Tome and Principe,2012,Male,16.76
AFR,Africa,STP,Sao Tome and Principe,2013,Female,71.3
AFR,Africa,STP,Sao Tome and Principe,2013,Female,18.15
AFR,Africa,STP,Sao Tome and Principe,2013,Male,68.59
AFR,Africa,STP,Sao Tome and Principe,2013,Male,16.79
AFR,Africa,STP,Sao Tome and Principe,2014,Female,71.64
AFR,Africa,STP,Sao Tome and Principe,2014,Female,18.18
AFR,Africa,STP,Sao Tome and Principe,2014,Male,68.88
AFR,Africa,STP,Sao Tome and Principe,2014,Male,16.77
AFR,Africa,STP,Sao Tome and Principe,2015,Female,71.96
AFR,Africa,STP,Sao Tome and Principe,2015,Female,18.23
AFR,Africa,STP,Sao Tome and Principe,2015,Male,69.16
AFR,Africa,STP,Sao Tome and Principe,2015,Male,16.74
AFR,Africa,STP,Sao Tome and Principe,2016,Female,72.33
AFR,Africa,STP,Sao Tome and Principe,2016,Female,18.34
AFR,Africa,STP,Sao Tome and Principe,2016,Male,69.48
AFR,Africa,STP,Sao Tome and Principe,2016,Male,16.73
AFR,Africa,STP,Sao Tome and Principe,2017,Female,72.74
AFR,Africa,STP,Sao Tome and Principe,2017,Female,18.54
AFR,Africa,STP,Sao Tome and Principe,2017,Male,69.79
AFR,Africa,STP,Sao Tome and Principe,2017,Male,16.77
AFR,Africa,STP,Sao Tome and Principe,2018,Female,72.93
AFR,Africa,STP,Sao Tome and Principe,2018,Female,18.58
AFR,Africa,STP,Sao Tome and Principe,2018,Male,69.97
AFR,Africa,STP,Sao Tome and Principe,2018,Male,16.78
AFR,Africa,STP,Sao Tome and Principe,2019,Female,73.18
AFR,Africa,STP,Sao Tome and Principe,2019,Female,18.69
AFR,Africa,STP,Sao Tome and Principe,2019,Male,70.16
AFR,Africa,STP,Sao Tome and Principe,2019,Male,16.82
AFR,Africa,STP,Sao Tome and Principe,2020,Female,73.06
AFR,Africa,STP,Sao Tome and Principe,2020,Female,18.47
AFR,Africa,STP,Sao Tome and Principe,2020,Male,69.52
AFR,Africa,STP,Sao Tome and Principe,2020,Male,15.98
AFR,Africa,STP,Sao Tome and Principe,2021,Female,72.81
AFR,Africa,STP,Sao Tome and Principe,2021,Female,18.52
AFR,Africa,STP,Sao Tome and Principe,2021,Male,69.59
AFR,Africa,STP,Sao Tome and Principe,2021,Male,16.5
EMR,Eastern Mediterranean,SAU,Saudi Arabia,2000,Female,71.93
EMR,Eastern Mediterranean,SAU,Saudi Arabia,2000,Female,18.04
EMR,Eastern Mediterranean,SAU,Saudi Arabia,2000,Male,69.43
EMR,Eastern Mediterranean,SAU,Saudi Arabia,2000,Male,16.57
EMR,Eastern Mediterranean,SAU,Saudi Arabia,2001,Female,72.14
EMR,Eastern Mediterranean,SAU,Saudi Arabia,2001,Female,18.12
EMR,Eastern Mediterranean,SAU,Saudi Arabia,2001,Male,69.72
EMR,Eastern Mediterranean,SAU,Saudi Arabia,2001,Male,16.71
EMR,Eastern Mediterranean,SAU,Saudi Arabia,2002,Female,72.36
EMR,Eastern Mediterranean,SAU,Saudi Arabia,2002,Female,18.19
EMR,Eastern Mediterranean,SAU,Saudi Arabia,2002,Male,70.06
EMR,Eastern Mediterranean,SAU,Saudi Arabia,2002,Male,16.92
EMR,Eastern Mediterranean,SAU,Saudi Arabia,2003,Female,72.6
EMR,Eastern Mediterranean,SAU,Saudi Arabia,2003,Female,18.21
EMR,Eastern Mediterranean,SAU,Saudi Arabia,2003,Male,70.32
EMR,Eastern Mediterranean,SAU,Saudi Arabia,2003,Male,17.12
EMR,Eastern Mediterranean,SAU,Saudi Arabia,2004,Female,72.93
EMR,Eastern Mediterranean,SAU,Saudi Arabia,2004,Female,18.31
EMR,Eastern Mediterranean,SAU,Saudi Arabia,2004,Male,70.64
EMR,Eastern Mediterranean,SAU,Saudi Arabia,2004,Male,17.38
EMR,Eastern Mediterranean,SAU,Saudi Arabia,2005,Female,73.12
EMR,Eastern Mediterranean,SAU,Saudi Arabia,2005,Female,18.37
EMR,Eastern Mediterranean,SAU,Saudi Arabia,2005,Male,70.9
EMR,Eastern Mediterranean,SAU,Saudi Arabia,2005,Male,17.56
EMR,Eastern Mediterranean,SAU,Saudi Arabia,2006,Female,73.41
EMR,Eastern Mediterranean,SAU,Saudi Arabia,2006,Female,18.54
EMR,Eastern Mediterranean,SAU,Saudi Arabia,2006,Male,71.11
EMR,Eastern Mediterranean,SAU,Saudi Arabia,2006,Male,17.73
EMR,Eastern Mediterranean,SAU,Saudi Arabia,2007,Female,73.73
EMR,Eastern Mediterranean,SAU,Saudi Arabia,2007,Female,18.81
EMR,Eastern Mediterranean,SAU,Saudi Arabia,2007,Male,71.45
EMR,Eastern Mediterranean,SAU,Saudi Arabia,2007,Male,18.02
EMR,Eastern Mediterranean,SAU,Saudi Arabia,2008,Female,74.39
EMR,Eastern Mediterranean,SAU,Saudi Arabia,2008,Female,19.29
EMR,Eastern Mediterranean,SAU,Saudi Arabia,2008,Male,72.1
EMR,Eastern Mediterranean,SAU,Saudi Arabia,2008,Male,18.48
EMR,Eastern Mediterranean,SAU,Saudi Arabia,2009,Female,75.28
EMR,Eastern Mediterranean,SAU,Saudi Arabia,2009,Female,19.93
EMR,Eastern Mediterranean,SAU,Saudi Arabia,2009,Male,73.02
EMR,Eastern Mediterranean,SAU,Saudi Arabia,2009,Male,19.1
EMR,Eastern Mediterranean,SAU,Saudi Arabia,2010,Female,76.28
EMR,Eastern Mediterranean,SAU,Saudi Arabia,2010,Female,20.64
EMR,Eastern Mediterranean,SAU,Saudi Arabia,2010,Male,74.02
EMR,Eastern Mediterranean,SAU,Saudi Arabia,2010,Male,19.78
EMR,Eastern Mediterranean,SAU,Saudi Arabia,2011,Female,77.48
EMR,Eastern Mediterranean,SAU,Saudi Arabia,2011,Female,21.45
EMR,Eastern Mediterranean,SAU,Saudi Arabia,2011,Male,75.3
EMR,Eastern Mediterranean,SAU,Saudi Arabia,2011,Male,20.65
EMR,Eastern Mediterranean,SAU,Saudi Arabia,2012,Female,78.27
EMR,Eastern Mediterranean,SAU,Saudi Arabia,2012,Female,21.91
EMR,Eastern Mediterranean,SAU,Saudi Arabia,2012,Male,76.28
EMR,Eastern Mediterranean,SAU,Saudi Arabia,2012,Male,21.29
EMR,Eastern Mediterranean,SAU,Saudi Arabia,2013,Female,78.46
EMR,Eastern Mediterranean,SAU,Saudi Arabia,2013,Female,21.86
EMR,Eastern Mediterranean,SAU,Saudi Arabia,2013,Male,76.68
EMR,Eastern Mediterranean,SAU,Saudi Arabia,2013,Male,21.43
EMR,Eastern Mediterranean,SAU,Saudi Arabia,2014,Female,78.3
EMR,Eastern Mediterranean,SAU,Saudi Arabia,2014,Female,21.55
EMR,Eastern Mediterranean,SAU,Saudi Arabia,2014,Male,76.62
EMR,Eastern Mediterranean,SAU,Saudi Arabia,2014,Male,21.25
EMR,Eastern Mediterranean,SAU,Saudi Arabia,2015,Female,77.84
EMR,Eastern Mediterranean,SAU,Saudi Arabia,2015,Female,21.06
EMR,Eastern Mediterranean,SAU,Saudi Arabia,2015,Male,76.36
EMR,Eastern Mediterranean,SAU,Saudi Arabia,2015,Male,20.97
EMR,Eastern Mediterranean,SAU,Saudi Arabia,2016,Female,77.44
EMR,Eastern Mediterranean,SAU,Saudi Arabia,2016,Female,20.62
EMR,Eastern Mediterranean,SAU,Saudi Arabia,2016,Male,76.38
EMR,Eastern Mediterranean,SAU,Saudi Arabia,2016,Male,20.86
EMR,Eastern Mediterranean,SAU,Saudi Arabia,2017,Female,77.31
EMR,Eastern Mediterranean,SAU,Saudi Arabia,2017,Female,20.44
EMR,Eastern Mediterranean,SAU,Saudi Arabia,2017,Male,76.44
EMR,Eastern Mediterranean,SAU,Saudi Arabia,2017,Male,20.78
EMR,Eastern Mediterranean,SAU,Saudi Arabia,2018,Female,77.49
EMR,Eastern Mediterranean,SAU,Saudi Arabia,2018,Female,20.52
EMR,Eastern Mediterranean,SAU,Saudi Arabia,2018,Male,76.42
EMR,Eastern Mediterranean,SAU,Saudi Arabia,2018,Male,20.7
EMR,Eastern Mediterranean,SAU,Saudi Arabia,2019,Female,77.75
EMR,Eastern Mediterranean,SAU,Saudi Arabia,2019,Female,20.69
EMR,Eastern Mediterranean,SAU,Saudi Arabia,2019,Male,76.45
EMR,Eastern Mediterranean,SAU,Saudi Arabia,2019,Male,20.67
EMR,Eastern Mediterranean,SAU,Saudi Arabia,2020,Female,77.92
EMR,Eastern Mediterranean,SAU,Saudi Arabia,2020,Female,20.81
EMR,Eastern Mediterranean,SAU,Saudi Arabia,2020,Male,74.9
EMR,Eastern Mediterranean,SAU,Saudi Arabia,2020,Male,19.49
EMR,Eastern Mediterranean,SAU,Saudi Arabia,2021,Female,77.37
EMR,Eastern Mediterranean,SAU,Saudi Arabia,2021,Female,20.48
EMR,Eastern Mediterranean,SAU,Saudi Arabia,2021,Male,75.73
EMR,Eastern Mediterranean,SAU,Saudi Arabia,2021,Male,19.73
AFR,Africa,SEN,Senegal,2000,Female,60.15
AFR,Africa,SEN,Senegal,2000,Female,17.39
AFR,Africa,SEN,Senegal,2000,Male,57.05
AFR,Africa,SEN,Senegal,2000,Male,15.65
AFR,Africa,SEN,Senegal,2001,Female,60.8
AFR,Africa,SEN,Senegal,2001,Female,17.51
AFR,Africa,SEN,Senegal,2001,Male,57.75
AFR,Africa,SEN,Senegal,2001,Male,15.81
AFR,Africa,SEN,Senegal,2002,Female,61.43
AFR,Africa,SEN,Senegal,2002,Female,17.56
AFR,Africa,SEN,Senegal,2002,Male,58.13
AFR,Africa,SEN,Senegal,2002,Male,15.87
AFR,Africa,SEN,Senegal,2003,Female,62.25
AFR,Africa,SEN,Senegal,2003,Female,17.65
AFR,Africa,SEN,Senegal,2003,Male,59.28
AFR,Africa,SEN,Senegal,2003,Male,16.02
AFR,Africa,SEN,Senegal,2004,Female,63.03
AFR,Africa,SEN,Senegal,2004,Female,17.76
AFR,Africa,SEN,Senegal,2004,Male,60.06
AFR,Africa,SEN,Senegal,2004,Male,16.14
AFR,Africa,SEN,Senegal,2005,Female,63.81
AFR,Africa,SEN,Senegal,2005,Female,17.89
AFR,Africa,SEN,Senegal,2005,Male,60.85
AFR,Africa,SEN,Senegal,2005,Male,16.28
AFR,Africa,SEN,Senegal,2006,Female,64.57
AFR,Africa,SEN,Senegal,2006,Female,18.01
AFR,Africa,SEN,Senegal,2006,Male,61.5
AFR,Africa,SEN,Senegal,2006,Male,16.41
AFR,Africa,SEN,Senegal,2007,Female,65.44
AFR,Africa,SEN,Senegal,2007,Female,18.08
AFR,Africa,SEN,Senegal,2007,Male,62.27
AFR,Africa,SEN,Senegal,2007,Male,16.5
AFR,Africa,SEN,Senegal,2008,Female,66.17
AFR,Africa,SEN,Senegal,2008,Female,18.11
AFR,Africa,SEN,Senegal,2008,Male,62.9
AFR,Africa,SEN,Senegal,2008,Male,16.55
AFR,Africa,SEN,Senegal,2009,Female,66.71
AFR,Africa,SEN,Senegal,2009,Female,18.2
AFR,Africa,SEN,Senegal,2009,Male,63.43
AFR,Africa,SEN,Senegal,2009,Male,16.64
AFR,Africa,SEN,Senegal,2010,Female,67.15
AFR,Africa,SEN,Senegal,2010,Female,18.28
AFR,Africa,SEN,Senegal,2010,Male,63.88
AFR,Africa,SEN,Senegal,2010,Male,16.72
AFR,Africa,SEN,Senegal,2011,Female,67.54
AFR,Africa,SEN,Senegal,2011,Female,18.37
AFR,Africa,SEN,Senegal,2011,Male,64.29
AFR,Africa,SEN,Senegal,2011,Male,16.81
AFR,Africa,SEN,Senegal,2012,Female,67.82
AFR,Africa,SEN,Senegal,2012,Female,18.37
AFR,Africa,SEN,Senegal,2012,Male,64.65
AFR,Africa,SEN,Senegal,2012,Male,16.86
AFR,Africa,SEN,Senegal,2013,Female,68.07
AFR,Africa,SEN,Senegal,2013,Female,18.33
AFR,Africa,SEN,Senegal,2013,Male,64.97
AFR,Africa,SEN,Senegal,2013,Male,16.85
AFR,Africa,SEN,Senegal,2014,Female,68.45
AFR,Africa,SEN,Senegal,2014,Female,18.37
AFR,Africa,SEN,Senegal,2014,Male,65.37
AFR,Africa,SEN,Senegal,2014,Male,16.91
AFR,Africa,SEN,Senegal,2015,Female,68.84
AFR,Africa,SEN,Senegal,2015,Female,18.46
AFR,Africa,SEN,Senegal,2015,Male,65.74
AFR,Africa,SEN,Senegal,2015,Male,16.99
AFR,Africa,SEN,Senegal,2016,Female,69.24
AFR,Africa,SEN,Senegal,2016,Female,18.54
AFR,Africa,SEN,Senegal,2016,Male,66.14
AFR,Africa,SEN,Senegal,2016,Male,17.07
AFR,Africa,SEN,Senegal,2017,Female,69.61
AFR,Africa,SEN,Senegal,2017,Female,18.55
AFR,Africa,SEN,Senegal,2017,Male,66.47
AFR,Africa,SEN,Senegal,2017,Male,17.09
AFR,Africa,SEN,Senegal,2018,Female,69.93
AFR,Africa,SEN,Senegal,2018,Female,18.5
AFR,Africa,SEN,Senegal,2018,Male,66.79
AFR,Africa,SEN,Senegal,2018,Male,17.06
AFR,Africa,SEN,Senegal,2019,Female,70.28
AFR,Africa,SEN,Senegal,2019,Female,18.55
AFR,Africa,SEN,Senegal,2019,Male,67.08
AFR,Africa,SEN,Senegal,2019,Male,17.08
AFR,Africa,SEN,Senegal,2020,Female,70.35
AFR,Africa,SEN,Senegal,2020,Female,18.31
AFR,Africa,SEN,Senegal,2020,Male,66.59
AFR,Africa,SEN,Senegal,2020,Male,16.1
AFR,Africa,SEN,Senegal,2021,Female,69.47
AFR,Africa,SEN,Senegal,2021,Female,17.58
AFR,Africa,SEN,Senegal,2021,Male,65.94
AFR,Africa,SEN,Senegal,2021,Male,15.9
EUR,Europe,SRB,Serbia,2000,Female,74.33
EUR,Europe,SRB,Serbia,2000,Female,18.42
EUR,Europe,SRB,Serbia,2000,Male,68.68
EUR,Europe,SRB,Serbia,2000,Male,15.66
EUR,Europe,SRB,Serbia,2001,Female,74.95
EUR,Europe,SRB,Serbia,2001,Female,18.96
EUR,Europe,SRB,Serbia,2001,Male,69.59
EUR,Europe,SRB,Serbia,2001,Male,16.25
EUR,Europe,SRB,Serbia,2002,Female,74.94
EUR,Europe,SRB,Serbia,2002,Female,18.75
EUR,Europe,SRB,Serbia,2002,Male,69.68
EUR,Europe,SRB,Serbia,2002,Male,16.04
EUR,Europe,SRB,Serbia,2003,Female,75.05
EUR,Europe,SRB,Serbia,2003,Female,18.77
EUR,Europe,SRB,Serbia,2003,Male,69.83
EUR,Europe,SRB,Serbia,2003,Male,16.08
EUR,Europe,SRB,Serbia,2004,Female,75.36
EUR,Europe,SRB,Serbia,2004,Female,18.95
EUR,Europe,SRB,Serbia,2004,Male,69.94
EUR,Europe,SRB,Serbia,2004,Male,16.15
EUR,Europe,SRB,Serbia,2005,Female,75.43
EUR,Europe,SRB,Serbia,2005,Female,18.97
EUR,Europe,SRB,Serbia,2005,Male,70.12
EUR,Europe,SRB,Serbia,2005,Male,16.14
EUR,Europe,SRB,Serbia,2006,Female,76.02
EUR,Europe,SRB,Serbia,2006,Female,19.46
EUR,Europe,SRB,Serbia,2006,Male,70.71
EUR,Europe,SRB,Serbia,2006,Male,16.59
EUR,Europe,SRB,Serbia,2007,Female,76.29
EUR,Europe,SRB,Serbia,2007,Female,19.6
EUR,Europe,SRB,Serbia,2007,Male,70.83
EUR,Europe,SRB,Serbia,2007,Male,16.74
EUR,Europe,SRB,Serbia,2008,Female,76.46
EUR,Europe,SRB,Serbia,2008,Female,19.8
EUR,Europe,SRB,Serbia,2008,Male,71.16
EUR,Europe,SRB,Serbia,2008,Male,17.0
EUR,Europe,SRB,Serbia,2009,Female,76.61
EUR,Europe,SRB,Serbia,2009,Female,19.9
EUR,Europe,SRB,Serbia,2009,Male,71.29
EUR,Europe,SRB,Serbia,2009,Male,16.97
EUR,Europe,SRB,Serbia,2010,Female,76.84
EUR,Europe,SRB,Serbia,2010,Female,20.03
EUR,Europe,SRB,Serbia,2010,Male,71.65
EUR,Europe,SRB,Serbia,2010,Male,17.12
EUR,Europe,SRB,Serbia,2011,Female,77.11
EUR,Europe,SRB,Serbia,2011,Female,20.23
EUR,Europe,SRB,Serbia,2011,Male,71.9
EUR,Europe,SRB,Serbia,2011,Male,17.22
EUR,Europe,SRB,Serbia,2012,Female,77.35
EUR,Europe,SRB,Serbia,2012,Female,20.45
EUR,Europe,SRB,Serbia,2012,Male,72.23
EUR,Europe,SRB,Serbia,2012,Male,17.4
EUR,Europe,SRB,Serbia,2013,Female,77.79
EUR,Europe,SRB,Serbia,2013,Female,20.79
EUR,Europe,SRB,Serbia,2013,Male,72.56
EUR,Europe,SRB,Serbia,2013,Male,17.59
EUR,Europe,SRB,Serbia,2014,Female,77.8
EUR,Europe,SRB,Serbia,2014,Female,20.81
EUR,Europe,SRB,Serbia,2014,Male,72.72
EUR,Europe,SRB,Serbia,2014,Male,17.67
EUR,Europe,SRB,Serbia,2015,Female,77.77
EUR,Europe,SRB,Serbia,2015,Female,20.75
EUR,Europe,SRB,Serbia,2015,Male,72.67
EUR,Europe,SRB,Serbia,2015,Male,17.59
EUR,Europe,SRB,Serbia,2016,Female,78.1
EUR,Europe,SRB,Serbia,2016,Female,21.03
EUR,Europe,SRB,Serbia,2016,Male,73.12
EUR,Europe,SRB,Serbia,2016,Male,17.84
EUR,Europe,SRB,Serbia,2017,Female,77.97
EUR,Europe,SRB,Serbia,2017,Female,20.85
EUR,Europe,SRB,Serbia,2017,Male,73.05
EUR,Europe,SRB,Serbia,2017,Male,17.79
EUR,Europe,SRB,Serbia,2018,Female,78.3
EUR,Europe,SRB,Serbia,2018,Female,21.1
EUR,Europe,SRB,Serbia,2018,Male,73.34
EUR,Europe,SRB,Serbia,2018,Male,17.95
EUR,Europe,SRB,Serbia,2019,Female,78.46
EUR,Europe,SRB,Serbia,2019,Female,21.23
EUR,Europe,SRB,Serbia,2019,Male,73.26
EUR,Europe,SRB,Serbia,2019,Male,17.93
EUR,Europe,SRB,Serbia,2020,Female,77.33
EUR,Europe,SRB,Serbia,2020,Female,20.26
EUR,Europe,SRB,Serbia,2020,Male,71.49
EUR,Europe,SRB,Serbia,2020,Male,16.53
EUR,Europe,SRB,Serbia,2021,Female,75.62
EUR,Europe,SRB,Serbia,2021,Female,18.82
EUR,Europe,SRB,Serbia,2021,Male,69.99
EUR,Europe,SRB,Serbia,2021,Male,15.3
AFR,Africa,SYC,Seychelles,2000,Female,76.46
AFR,Africa,SYC,Seychelles,2000,Female,21.1
AFR,Africa,SYC,Seychelles,2000,Male,67.89
AFR,Africa,SYC,Seychelles,2000,Male,16.58
AFR,Africa,SYC,Seychelles,2001,Female,76.46
AFR,Africa,SYC,Seychelles,2001,Female,21.1
AFR,Africa,SYC,Seychelles,2001,Male,68.16
AFR,Africa,SYC,Seychelles,2001,Male,16.78
AFR,Africa,SYC,Seychelles,2002,Female,76.44
AFR,Africa,SYC,Seychelles,2002,Female,21.07
AFR,Africa,SYC,Seychelles,2002,Male,67.98
AFR,Africa,SYC,Seychelles,2002,Male,16.34
AFR,Africa,SYC,Seychelles,2003,Female,76.47
AFR,Africa,SYC,Seychelles,2003,Female,21.09
AFR,Africa,SYC,Seychelles,2003,Male,67.79
AFR,Africa,SYC,Seychelles,2003,Male,15.9
AFR,Africa,SYC,Seychelles,2004,Female,76.49
AFR,Africa,SYC,Seychelles,2004,Female,21.15
AFR,Africa,SYC,Seychelles,2004,Male,68.14
AFR,Africa,SYC,Seychelles,2004,Male,16.05
AFR,Africa,SYC,Seychelles,2005,Female,76.66
AFR,Africa,SYC,Seychelles,2005,Female,21.3
AFR,Africa,SYC,Seychelles,2005,Male,68.25
AFR,Africa,SYC,Seychelles,2005,Male,15.84
AFR,Africa,SYC,Seychelles,2006,Female,76.48
AFR,Africa,SYC,Seychelles,2006,Female,21.16
AFR,Africa,SYC,Seychelles,2006,Male,68.43
AFR,Africa,SYC,Seychelles,2006,Male,15.94
AFR,Africa,SYC,Seychelles,2007,Female,76.38
AFR,Africa,SYC,Seychelles,2007,Female,21.01
AFR,Africa,SYC,Seychelles,2007,Male,68.77
AFR,Africa,SYC,Seychelles,2007,Male,16.23
AFR,Africa,SYC,Seychelles,2008,Female,76.4
AFR,Africa,SYC,Seychelles,2008,Female,20.97
AFR,Africa,SYC,Seychelles,2008,Male,69.16
AFR,Africa,SYC,Seychelles,2008,Male,16.42
AFR,Africa,SYC,Seychelles,2009,Female,76.68
AFR,Africa,SYC,Seychelles,2009,Female,21.28
AFR,Africa,SYC,Seychelles,2009,Male,69.27
AFR,Africa,SYC,Seychelles,2009,Male,16.5
AFR,Africa,SYC,Seychelles,2010,Female,76.83
AFR,Africa,SYC,Seychelles,2010,Female,21.45
AFR,Africa,SYC,Seychelles,2010,Male,69.66
AFR,Africa,SYC,Seychelles,2010,Male,17.1
AFR,Africa,SYC,Seychelles,2011,Female,76.84
AFR,Africa,SYC,Seychelles,2011,Female,21.45
AFR,Africa,SYC,Seychelles,2011,Male,70.05
AFR,Africa,SYC,Seychelles,2011,Male,17.6
AFR,Africa,SYC,Seychelles,2012,Female,76.79
AFR,Africa,SYC,Seychelles,2012,Female,21.41
AFR,Africa,SYC,Seychelles,2012,Male,70.01
AFR,Africa,SYC,Seychelles,2012,Male,17.34
AFR,Africa,SYC,Seychelles,2013,Female,76.74
AFR,Africa,SYC,Seychelles,2013,Female,21.38
AFR,Africa,SYC,Seychelles,2013,Male,70.13
AFR,Africa,SYC,Seychelles,2013,Male,17.5
AFR,Africa,SYC,Seychelles,2014,Female,76.66
AFR,Africa,SYC,Seychelles,2014,Female,21.31
AFR,Africa,SYC,Seychelles,2014,Male,70.16
AFR,Africa,SYC,Seychelles,2014,Male,17.72
AFR,Africa,SYC,Seychelles,2015,Female,76.67
AFR,Africa,SYC,Seychelles,2015,Female,21.31
AFR,Africa,SYC,Seychelles,2015,Male,70.08
AFR,Africa,SYC,Seychelles,2015,Male,17.64
AFR,Africa,SYC,Seychelles,2016,Female,76.6
AFR,Africa,SYC,Seychelles,2016,Female,21.22
AFR,Africa,SYC,Seychelles,2016,Male,69.98
AFR,Africa,SYC,Seychelles,2016,Male,17.5
AFR,Africa,SYC,Seychelles,2017,Female,76.59
AFR,Africa,SYC,Seychelles,2017,Female,21.2
AFR,Africa,SYC,Seychelles,2017,Male,70.01
AFR,Africa,SYC,Seychelles,2017,Male,17.46
AFR,Africa,SYC,Seychelles,2018,Female,76.59
AFR,Africa,SYC,Seychelles,2018,Female,21.2
AFR,Africa,SYC,Seychelles,2018,Male,70.01
AFR,Africa,SYC,Seychelles,2018,Male,17.46
AFR,Africa,SYC,Seychelles,2019,Female,76.65
AFR,Africa,SYC,Seychelles,2019,Female,21.23
AFR,Africa,SYC,Seychelles,2019,Male,70.08
AFR,Africa,SYC,Seychelles,2019,Male,17.51
AFR,Africa,SYC,Seychelles,2020,Female,80.52
AFR,Africa,SYC,Seychelles,2020,Female,25.46
AFR,Africa,SYC,Seychelles,2020,Male,75.29
AFR,Africa,SYC,Seychelles,2020,Male,22.21
AFR,Africa,SYC,Seychelles,2021,Female,75.62
AFR,Africa,SYC,Seychelles,2021,Female,20.72
AFR,Africa,SYC,Seychelles,2021,Male,72.57
AFR,Africa,SYC,Seychelles,2021,Male,18.26
AFR,Africa,SLE,Sierra Leone,2000,Female,51.58
AFR,Africa,SLE,Sierra Leone,2000,Female,15.94
AFR,Africa,SLE,Sierra Leone,2000,Male,48.03
AFR,Africa,SLE,Sierra Leone,2000,Male,14.33
AFR,Africa,SLE,Sierra Leone,2001,Female,52.26
AFR,Africa,SLE,Sierra Leone,2001,Female,15.79
AFR,Africa,SLE,Sierra Leone,2001,Male,49.62
AFR,Africa,SLE,Sierra Leone,2001,Male,14.29
AFR,Africa,SLE,Sierra Leone,2002,Female,52.47
AFR,Africa,SLE,Sierra Leone,2002,Female,15.63
AFR,Africa,SLE,Sierra Leone,2002,Male,50.07
AFR,Africa,SLE,Sierra Leone,2002,Male,14.2
AFR,Africa,SLE,Sierra Leone,2003,Female,52.69
AFR,Africa,SLE,Sierra Leone,2003,Female,15.57
AFR,Africa,SLE,Sierra Leone,2003,Male,50.34
AFR,Africa,SLE,Sierra Leone,2003,Male,14.17
AFR,Africa,SLE,Sierra Leone,2004,Female,52.88
AFR,Africa,SLE,Sierra Leone,2004,Female,15.55
AFR,Africa,SLE,Sierra Leone,2004,Male,50.69
AFR,Africa,SLE,Sierra Leone,2004,Male,14.19
AFR,Africa,SLE,Sierra Leone,2005,Female,53.14
AFR,Africa,SLE,Sierra Leone,2005,Female,15.52
AFR,Africa,SLE,Sierra Leone,2005,Male,51.06
AFR,Africa,SLE,Sierra Leone,2005,Male,14.25
AFR,Africa,SLE,Sierra Leone,2006,Female,53.47
AFR,Africa,SLE,Sierra Leone,2006,Female,15.52
AFR,Africa,SLE,Sierra Leone,2006,Male,51.48
AFR,Africa,SLE,Sierra Leone,2006,Male,14.33
AFR,Africa,SLE,Sierra Leone,2007,Female,53.82
AFR,Africa,SLE,Sierra Leone,2007,Female,15.49
AFR,Africa,SLE,Sierra Leone,2007,Male,51.91
AFR,Africa,SLE,Sierra Leone,2007,Male,14.4
AFR,Africa,SLE,Sierra Leone,2008,Female,54.42
AFR,Africa,SLE,Sierra Leone,2008,Female,15.54
AFR,Africa,SLE,Sierra Leone,2008,Male,52.66
AFR,Africa,SLE,Sierra Leone,2008,Male,14.52
AFR,Africa,SLE,Sierra Leone,2009,Female,55.04
AFR,Africa,SLE,Sierra Leone,2009,Female,15.57
AFR,Africa,SLE,Sierra Leone,2009,Male,53.31
AFR,Africa,SLE,Sierra Leone,2009,Male,14.62
AFR,Africa,SLE,Sierra Leone,2010,Female,55.75
AFR,Africa,SLE,Sierra Leone,2010,Female,15.66
AFR,Africa,SLE,Sierra Leone,2010,Male,54.17
AFR,Africa,SLE,Sierra Leone,2010,Male,14.85
AFR,Africa,SLE,Sierra Leone,2011,Female,56.44
AFR,Africa,SLE,Sierra Leone,2011,Female,15.77
AFR,Africa,SLE,Sierra Leone,2011,Male,54.86
AFR,Africa,SLE,Sierra Leone,2011,Male,15.02
AFR,Africa,SLE,Sierra Leone,2012,Female,57.16
AFR,Africa,SLE,Sierra Leone,2012,Female,15.93
AFR,Africa,SLE,Sierra Leone,2012,Male,55.56
AFR,Africa,SLE,Sierra Leone,2012,Male,15.23
AFR,Africa,SLE,Sierra Leone,2013,Female,57.88
AFR,Africa,SLE,Sierra Leone,2013,Female,16.13
AFR,Africa,SLE,Sierra Leone,2013,Male,56.21
AFR,Africa,SLE,Sierra Leone,2013,Male,15.47
AFR,Africa,SLE,Sierra Leone,2014,Female,56.52
AFR,Africa,SLE,Sierra Leone,2014,Female,15.94
AFR,Africa,SLE,Sierra Leone,2014,Male,55.14
AFR,Africa,SLE,Sierra Leone,2014,Male,15.42
AFR,Africa,SLE,Sierra Leone,2015,Female,57.66
AFR,Africa,SLE,Sierra Leone,2015,Female,16.23
AFR,Africa,SLE,Sierra Leone,2015,Male,56.1
AFR,Africa,SLE,Sierra Leone,2015,Male,15.72
AFR,Africa,SLE,Sierra Leone,2016,Female,59.62
AFR,Africa,SLE,Sierra Leone,2016,Female,16.49
AFR,Africa,SLE,Sierra Leone,2016,Male,57.87
AFR,Africa,SLE,Sierra Leone,2016,Male,15.95
AFR,Africa,SLE,Sierra Leone,2017,Female,59.98
AFR,Africa,SLE,Sierra Leone,2017,Female,16.55
AFR,Africa,SLE,Sierra Leone,2017,Male,58.33
AFR,Africa,SLE,Sierra Leone,2017,Male,16.01
AFR,Africa,SLE,Sierra Leone,2018,Female,60.77
AFR,Africa,SLE,Sierra Leone,2018,Female,16.76
AFR,Africa,SLE,Sierra Leone,2018,Male,58.96
AFR,Africa,SLE,Sierra Leone,2018,Male,16.21
AFR,Africa,SLE,Sierra Leone,2019,Female,61.3
AFR,Africa,SLE,Sierra Leone,2019,Female,16.87
AFR,Africa,SLE,Sierra Leone,2019,Male,59.5
AFR,Africa,SLE,Sierra Leone,2019,Male,16.32
AFR,Africa,SLE,Sierra Leone,2020,Female,61.6
AFR,Africa,SLE,Sierra Leone,2020,Female,16.67
AFR,Africa,SLE,Sierra Leone,2020,Male,59.42
AFR,Africa,SLE,Sierra Leone,2020,Male,15.53
AFR,Africa,SLE,Sierra Leone,2021,Female,61.89
AFR,Africa,SLE,Sierra Leone,2021,Female,16.87
AFR,Africa,SLE,Sierra Leone,2021,Male,60.15
AFR,Africa,SLE,Sierra Leone,2021,Male,16.36
WPR,Western Pacific,SGP,Singapore,2000,Female,80.77
WPR,Western Pacific,SGP,Singapore,2000,Female,23.06
WPR,Western Pacific,SGP,Singapore,2000,Male,76.26
WPR,Western Pacific,SGP,Singapore,2000,Male,19.75
WPR,Western Pacific,SGP,Singapore,2001,Female,81.42
WPR,Western Pacific,SGP,Singapore,2001,Female,23.69
WPR,Western Pacific,SGP,Singapore,2001,Male,76.85
WPR,Western Pacific,SGP,Singapore,2001,Male,20.32
WPR,Western Pacific,SGP,Singapore,2002,Female,81.49
WPR,Western Pacific,SGP,Singapore,2002,Female,23.73
WPR,Western Pacific,SGP,Singapore,2002,Male,77.14
WPR,Western Pacific,SGP,Singapore,2002,Male,20.53
WPR,Western Pacific,SGP,Singapore,2003,Female,81.95
WPR,Western Pacific,SGP,Singapore,2003,Female,24.04
WPR,Western Pacific,SGP,Singapore,2003,Male,77.24
WPR,Western Pacific,SGP,Singapore,2003,Male,20.55
WPR,Western Pacific,SGP,Singapore,2004,Female,82.59
WPR,Western Pacific,SGP,Singapore,2004,Female,24.76
WPR,Western Pacific,SGP,Singapore,2004,Male,77.98
WPR,Western Pacific,SGP,Singapore,2004,Male,21.12
WPR,Western Pacific,SGP,Singapore,2005,Female,82.76
WPR,Western Pacific,SGP,Singapore,2005,Female,24.79
WPR,Western Pacific,SGP,Singapore,2005,Male,78.23
WPR,Western Pacific,SGP,Singapore,2005,Male,21.44
WPR,Western Pacific,SGP,Singapore,2006,Female,83.08
WPR,Western Pacific,SGP,Singapore,2006,Female,25.12
WPR,Western Pacific,SGP,Singapore,2006,Male,78.76
WPR,Western Pacific,SGP,Singapore,2006,Male,21.76
WPR,Western Pacific,SGP,Singapore,2007,Female,82.97
WPR,Western Pacific,SGP,Singapore,2007,Female,24.87
WPR,Western Pacific,SGP,Singapore,2007,Male,78.11
WPR,Western Pacific,SGP,Singapore,2007,Male,21.12
WPR,Western Pacific,SGP,Singapore,2008,Female,83.2
WPR,Western Pacific,SGP,Singapore,2008,Female,25.18
WPR,Western Pacific,SGP,Singapore,2008,Male,78.67
WPR,Western Pacific,SGP,Singapore,2008,Male,21.65
WPR,Western Pacific,SGP,Singapore,2009,Female,83.82
WPR,Western Pacific,SGP,Singapore,2009,Female,25.65
WPR,Western Pacific,SGP,Singapore,2009,Male,79.26
WPR,Western Pacific,SGP,Singapore,2009,Male,22.13
WPR,Western Pacific,SGP,Singapore,2010,Female,84.04
WPR,Western Pacific,SGP,Singapore,2010,Female,25.83
WPR,Western Pacific,SGP,Singapore,2010,Male,79.41
WPR,Western Pacific,SGP,Singapore,2010,Male,22.17
WPR,Western Pacific,SGP,Singapore,2011,Female,84.09
WPR,Western Pacific,SGP,Singapore,2011,Female,25.89
WPR,Western Pacific,SGP,Singapore,2011,Male,79.76
WPR,Western Pacific,SGP,Singapore,2011,Male,22.46
WPR,Western Pacific,SGP,Singapore,2012,Female,84.31
WPR,Western Pacific,SGP,Singapore,2012,Female,26.17
WPR,Western Pacific,SGP,Singapore,2012,Male,80.04
WPR,Western Pacific,SGP,Singapore,2012,Male,22.64
WPR,Western Pacific,SGP,Singapore,2013,Female,84.5
WPR,Western Pacific,SGP,Singapore,2013,Female,26.21
WPR,Western Pacific,SGP,Singapore,2013,Male,80.18
WPR,Western Pacific,SGP,Singapore,2013,Male,22.83
WPR,Western Pacific,SGP,Singapore,2014,Female,84.71
WPR,Western Pacific,SGP,Singapore,2014,Female,26.42
WPR,Western Pacific,SGP,Singapore,2014,Male,80.46
WPR,Western Pacific,SGP,Singapore,2014,Male,23.08
WPR,Western Pacific,SGP,Singapore,2015,Female,84.92
WPR,Western Pacific,SGP,Singapore,2015,Female,26.67
WPR,Western Pacific,SGP,Singapore,2015,Male,80.75
WPR,Western Pacific,SGP,Singapore,2015,Male,23.31
WPR,Western Pacific,SGP,Singapore,2016,Female,85.4
WPR,Western Pacific,SGP,Singapore,2016,Female,27.09
WPR,Western Pacific,SGP,Singapore,2016,Male,81.04
WPR,Western Pacific,SGP,Singapore,2016,Male,23.51
WPR,Western Pacific,SGP,Singapore,2017,Female,85.34
WPR,Western Pacific,SGP,Singapore,2017,Female,26.97
WPR,Western Pacific,SGP,Singapore,2017,Male,81.08
WPR,Western Pacific,SGP,Singapore,2017,Male,23.5
WPR,Western Pacific,SGP,Singapore,2018,Female,85.62
WPR,Western Pacific,SGP,Singapore,2018,Female,27.14
WPR,Western Pacific,SGP,Singapore,2018,Male,81.4
WPR,Western Pacific,SGP,Singapore,2018,Male,23.78
WPR,Western Pacific,SGP,Singapore,2019,Female,85.98
WPR,Western Pacific,SGP,Singapore,2019,Female,27.51
WPR,Western Pacific,SGP,Singapore,2019,Male,81.81
WPR,Western Pacific,SGP,Singapore,2019,Male,24.05
WPR,Western Pacific,SGP,Singapore,2020,Female,86.33
WPR,Western Pacific,SGP,Singapore,2020,Female,27.87
WPR,Western Pacific,SGP,Singapore,2020,Male,81.69
WPR,Western Pacific,SGP,Singapore,2020,Male,23.96
WPR,Western Pacific,SGP,Singapore,2021,Female,86.25
WPR,Western Pacific,SGP,Singapore,2021,Female,27.9
WPR,Western Pacific,SGP,Singapore,2021,Male,81.58
WPR,Western Pacific,SGP,Singapore,2021,Male,24.16
EUR,Europe,SVK,Slovakia,2000,Female,77.41
EUR,Europe,SVK,Slovakia,2000,Female,20.66
EUR,Europe,SVK,Slovakia,2000,Male,69.23
EUR,Europe,SVK,Slovakia,2000,Male,15.92
EUR,Europe,SVK,Slovakia,2001,Female,77.45
EUR,Europe,SVK,Slovakia,2001,Female,20.77
EUR,Europe,SVK,Slovakia,2001,Male,69.42
EUR,Europe,SVK,Slovakia,2001,Male,15.94
EUR,Europe,SVK,Slovakia,2002,Female,77.72
EUR,Europe,SVK,Slovakia,2002,Female,20.93
EUR,Europe,SVK,Slovakia,2002,Male,69.69
EUR,Europe,SVK,Slovakia,2002,Male,16.3
EUR,Europe,SVK,Slovakia,2003,Female,77.72
EUR,Europe,SVK,Slovakia,2003,Female,20.92
EUR,Europe,SVK,Slovakia,2003,Male,69.8
EUR,Europe,SVK,Slovakia,2003,Male,16.3
EUR,Europe,SVK,Slovakia,2004,Female,77.95
EUR,Europe,SVK,Slovakia,2004,Female,21.1
EUR,Europe,SVK,Slovakia,2004,Male,70.27
EUR,Europe,SVK,Slovakia,2004,Male,16.46
EUR,Europe,SVK,Slovakia,2005,Female,77.95
EUR,Europe,SVK,Slovakia,2005,Female,21.09
EUR,Europe,SVK,Slovakia,2005,Male,70.19
EUR,Europe,SVK,Slovakia,2005,Male,16.41
EUR,Europe,SVK,Slovakia,2006,Female,78.26
EUR,Europe,SVK,Slovakia,2006,Female,21.3
EUR,Europe,SVK,Slovakia,2006,Male,70.41
EUR,Europe,SVK,Slovakia,2006,Male,16.54
EUR,Europe,SVK,Slovakia,2007,Female,78.32
EUR,Europe,SVK,Slovakia,2007,Female,21.47
EUR,Europe,SVK,Slovakia,2007,Male,70.56
EUR,Europe,SVK,Slovakia,2007,Male,16.67
EUR,Europe,SVK,Slovakia,2008,Female,78.78
EUR,Europe,SVK,Slovakia,2008,Female,21.72
EUR,Europe,SVK,Slovakia,2008,Male,70.82
EUR,Europe,SVK,Slovakia,2008,Male,16.99
EUR,Europe,SVK,Slovakia,2009,Female,78.93
EUR,Europe,SVK,Slovakia,2009,Female,21.9
EUR,Europe,SVK,Slovakia,2009,Male,71.42
EUR,Europe,SVK,Slovakia,2009,Male,17.2
EUR,Europe,SVK,Slovakia,2010,Female,79.14
EUR,Europe,SVK,Slovakia,2010,Female,21.92
EUR,Europe,SVK,Slovakia,2010,Male,71.67
EUR,Europe,SVK,Slovakia,2010,Male,17.2
EUR,Europe,SVK,Slovakia,2011,Female,79.55
EUR,Europe,SVK,Slovakia,2011,Female,22.41
EUR,Europe,SVK,Slovakia,2011,Male,72.21
EUR,Europe,SVK,Slovakia,2011,Male,17.7
EUR,Europe,SVK,Slovakia,2012,Female,79.66
EUR,Europe,SVK,Slovakia,2012,Female,22.4
EUR,Europe,SVK,Slovakia,2012,Male,72.49
EUR,Europe,SVK,Slovakia,2012,Male,17.83
EUR,Europe,SVK,Slovakia,2013,Female,79.95
EUR,Europe,SVK,Slovakia,2013,Female,22.69
EUR,Europe,SVK,Slovakia,2013,Male,72.87
EUR,Europe,SVK,Slovakia,2013,Male,17.92
EUR,Europe,SVK,Slovakia,2014,Female,80.28
EUR,Europe,SVK,Slovakia,2014,Female,22.94
EUR,Europe,SVK,Slovakia,2014,Male,73.25
EUR,Europe,SVK,Slovakia,2014,Male,18.32
EUR,Europe,SVK,Slovakia,2015,Female,80.02
EUR,Europe,SVK,Slovakia,2015,Female,22.68
EUR,Europe,SVK,Slovakia,2015,Male,73.08
EUR,Europe,SVK,Slovakia,2015,Male,18.19
EUR,Europe,SVK,Slovakia,2016,Female,80.44
EUR,Europe,SVK,Slovakia,2016,Female,23.1
EUR,Europe,SVK,Slovakia,2016,Male,73.73
EUR,Europe,SVK,Slovakia,2016,Male,18.52
EUR,Europe,SVK,Slovakia,2017,Female,80.38
EUR,Europe,SVK,Slovakia,2017,Female,23.04
EUR,Europe,SVK,Slovakia,2017,Male,73.7
EUR,Europe,SVK,Slovakia,2017,Male,18.51
EUR,Europe,SVK,Slovakia,2018,Female,80.51
EUR,Europe,SVK,Slovakia,2018,Female,23.13
EUR,Europe,SVK,Slovakia,2018,Male,73.79
EUR,Europe,SVK,Slovakia,2018,Male,18.71
EUR,Europe,SVK,Slovakia,2019,Female,80.9
EUR,Europe,SVK,Slovakia,2019,Female,23.51
EUR,Europe,SVK,Slovakia,2019,Male,74.23
EUR,Europe,SVK,Slovakia,2019,Male,18.97
EUR,Europe,SVK,Slovakia,2020,Female,80.21
EUR,Europe,SVK,Slovakia,2020,Female,22.8
EUR,Europe,SVK,Slovakia,2020,Male,73.48
EUR,Europe,SVK,Slovakia,2020,Male,18.17
EUR,Europe,SVK,Slovakia,2021,Female,78.01
EUR,Europe,SVK,Slovakia,2021,Female,20.93
EUR,Europe,SVK,Slovakia,2021,Male,71.13
EUR,Europe,SVK,Slovakia,2021,Male,16.36
EUR,Europe,SVN,Slovenia,2000,Female,79.72
EUR,Europe,SVN,Slovenia,2000,Female,22.67
EUR,Europe,SVN,Slovenia,2000,Male,72.17
EUR,Europe,SVN,Slovenia,2000,Male,17.67
EUR,Europe,SVN,Slovenia,2001,Female,80.08
EUR,Europe,SVN,Slovenia,2001,Female,22.98
EUR,Europe,SVN,Slovenia,2001,Male,72.2
EUR,Europe,SVN,Slovenia,2001,Male,17.85
EUR,Europe,SVN,Slovenia,2002,Female,80.24
EUR,Europe,SVN,Slovenia,2002,Female,23.02
EUR,Europe,SVN,Slovenia,2002,Male,72.6
EUR,Europe,SVN,Slovenia,2002,Male,17.91
EUR,Europe,SVN,Slovenia,2003,Female,80.08
EUR,Europe,SVN,Slovenia,2003,Female,22.82
EUR,Europe,SVN,Slovenia,2003,Male,72.48
EUR,Europe,SVN,Slovenia,2003,Male,17.83
EUR,Europe,SVN,Slovenia,2004,Female,80.57
EUR,Europe,SVN,Slovenia,2004,Female,23.38
EUR,Europe,SVN,Slovenia,2004,Male,73.45
EUR,Europe,SVN,Slovenia,2004,Male,18.51
EUR,Europe,SVN,Slovenia,2005,Female,80.73
EUR,Europe,SVN,Slovenia,2005,Female,23.27
EUR,Europe,SVN,Slovenia,2005,Male,73.96
EUR,Europe,SVN,Slovenia,2005,Male,18.67
EUR,Europe,SVN,Slovenia,2006,Female,81.6
EUR,Europe,SVN,Slovenia,2006,Female,23.9
EUR,Europe,SVN,Slovenia,2006,Male,74.35
EUR,Europe,SVN,Slovenia,2006,Male,19.33
EUR,Europe,SVN,Slovenia,2007,Female,81.74
EUR,Europe,SVN,Slovenia,2007,Female,24.12
EUR,Europe,SVN,Slovenia,2007,Male,74.56
EUR,Europe,SVN,Slovenia,2007,Male,19.31
EUR,Europe,SVN,Slovenia,2008,Female,82.15
EUR,Europe,SVN,Slovenia,2008,Female,24.38
EUR,Europe,SVN,Slovenia,2008,Male,75.49
EUR,Europe,SVN,Slovenia,2008,Male,19.97
EUR,Europe,SVN,Slovenia,2009,Female,82.24
EUR,Europe,SVN,Slovenia,2009,Female,24.4
EUR,Europe,SVN,Slovenia,2009,Male,75.73
EUR,Europe,SVN,Slovenia,2009,Male,19.96
EUR,Europe,SVN,Slovenia,2010,Female,82.71
EUR,Europe,SVN,Slovenia,2010,Female,24.83
EUR,Europe,SVN,Slovenia,2010,Male,76.23
EUR,Europe,SVN,Slovenia,2010,Male,20.29
EUR,Europe,SVN,Slovenia,2011,Female,82.83
EUR,Europe,SVN,Slovenia,2011,Female,24.92
EUR,Europe,SVN,Slovenia,2011,Male,76.7
EUR,Europe,SVN,Slovenia,2011,Male,20.54
EUR,Europe,SVN,Slovenia,2012,Female,82.77
EUR,Europe,SVN,Slovenia,2012,Female,24.82
EUR,Europe,SVN,Slovenia,2012,Male,76.87
EUR,Europe,SVN,Slovenia,2012,Male,20.64
EUR,Europe,SVN,Slovenia,2013,Female,83.12
EUR,Europe,SVN,Slovenia,2013,Female,25.12
EUR,Europe,SVN,Slovenia,2013,Male,77.06
EUR,Europe,SVN,Slovenia,2013,Male,20.74
EUR,Europe,SVN,Slovenia,2014,Female,83.53
EUR,Europe,SVN,Slovenia,2014,Female,25.37
EUR,Europe,SVN,Slovenia,2014,Male,77.92
EUR,Europe,SVN,Slovenia,2014,Male,21.24
EUR,Europe,SVN,Slovenia,2015,Female,83.3
EUR,Europe,SVN,Slovenia,2015,Female,25.19
EUR,Europe,SVN,Slovenia,2015,Male,77.56
EUR,Europe,SVN,Slovenia,2015,Male,21.1
EUR,Europe,SVN,Slovenia,2016,Female,83.68
EUR,Europe,SVN,Slovenia,2016,Female,25.5
EUR,Europe,SVN,Slovenia,2016,Male,77.92
EUR,Europe,SVN,Slovenia,2016,Male,21.42
EUR,Europe,SVN,Slovenia,2017,Female,83.5
EUR,Europe,SVN,Slovenia,2017,Female,25.36
EUR,Europe,SVN,Slovenia,2017,Male,78.0
EUR,Europe,SVN,Slovenia,2017,Male,21.17
EUR,Europe,SVN,Slovenia,2018,Female,83.69
EUR,Europe,SVN,Slovenia,2018,Female,25.43
EUR,Europe,SVN,Slovenia,2018,Male,78.18
EUR,Europe,SVN,Slovenia,2018,Male,21.27
EUR,Europe,SVN,Slovenia,2019,Female,84.04
EUR,Europe,SVN,Slovenia,2019,Female,25.64
EUR,Europe,SVN,Slovenia,2019,Male,78.57
EUR,Europe,SVN,Slovenia,2019,Male,21.84
EUR,Europe,SVN,Slovenia,2020,Female,83.05
EUR,Europe,SVN,Slovenia,2020,Female,24.71
EUR,Europe,SVN,Slovenia,2020,Male,77.68
EUR,Europe,SVN,Slovenia,2020,Male,20.74
EUR,Europe,SVN,Slovenia,2021,Female,83.39
EUR,Europe,SVN,Slovenia,2021,Female,25.04
EUR,Europe,SVN,Slovenia,2021,Male,77.54
EUR,Europe,SVN,Slovenia,2021,Male,20.77
WPR,Western Pacific,SLB,Solomon Islands,2000,Female,66.13
WPR,Western Pacific,SLB,Solomon Islands,2000,Female,15.59
WPR,Western Pacific,SLB,Solomon Islands,2000,Male,61.17
WPR,Western Pacific,SLB,Solomon Islands,2000,Male,13.92
WPR,Western Pacific,SLB,Solomon Islands,2001,Female,66.18
WPR,Western Pacific,SLB,Solomon Islands,2001,Female,15.61
WPR,Western Pacific,SLB,Solomon Islands,2001,Male,61.22
WPR,Western Pacific,SLB,Solomon Islands,2001,Male,13.92
WPR,Western Pacific,SLB,Solomon Islands,2002,Female,66.22
WPR,Western Pacific,SLB,Solomon Islands,2002,Female,15.62
WPR,Western Pacific,SLB,Solomon Islands,2002,Male,61.2
WPR,Western Pacific,SLB,Solomon Islands,2002,Male,13.91
WPR,Western Pacific,SLB,Solomon Islands,2003,Female,66.32
WPR,Western Pacific,SLB,Solomon Islands,2003,Female,15.67
WPR,Western Pacific,SLB,Solomon Islands,2003,Male,61.25
WPR,Western Pacific,SLB,Solomon Islands,2003,Male,13.92
WPR,Western Pacific,SLB,Solomon Islands,2004,Female,66.38
WPR,Western Pacific,SLB,Solomon Islands,2004,Female,15.69
WPR,Western Pacific,SLB,Solomon Islands,2004,Male,61.31
WPR,Western Pacific,SLB,Solomon Islands,2004,Male,13.95
WPR,Western Pacific,SLB,Solomon Islands,2005,Female,66.47
WPR,Western Pacific,SLB,Solomon Islands,2005,Female,15.72
WPR,Western Pacific,SLB,Solomon Islands,2005,Male,61.38
WPR,Western Pacific,SLB,Solomon Islands,2005,Male,13.97
WPR,Western Pacific,SLB,Solomon Islands,2006,Female,66.53
WPR,Western Pacific,SLB,Solomon Islands,2006,Female,15.73
WPR,Western Pacific,SLB,Solomon Islands,2006,Male,61.49
WPR,Western Pacific,SLB,Solomon Islands,2006,Male,14.01
WPR,Western Pacific,SLB,Solomon Islands,2007,Female,66.44
WPR,Western Pacific,SLB,Solomon Islands,2007,Female,15.74
WPR,Western Pacific,SLB,Solomon Islands,2007,Male,61.52
WPR,Western Pacific,SLB,Solomon Islands,2007,Male,14.03
WPR,Western Pacific,SLB,Solomon Islands,2008,Female,66.77
WPR,Western Pacific,SLB,Solomon Islands,2008,Female,15.83
WPR,Western Pacific,SLB,Solomon Islands,2008,Male,61.75
WPR,Western Pacific,SLB,Solomon Islands,2008,Male,14.11
WPR,Western Pacific,SLB,Solomon Islands,2009,Female,66.86
WPR,Western Pacific,SLB,Solomon Islands,2009,Female,15.87
WPR,Western Pacific,SLB,Solomon Islands,2009,Male,61.87
WPR,Western Pacific,SLB,Solomon Islands,2009,Male,14.15
WPR,Western Pacific,SLB,Solomon Islands,2010,Female,67.07
WPR,Western Pacific,SLB,Solomon Islands,2010,Female,15.95
WPR,Western Pacific,SLB,Solomon Islands,2010,Male,62.06
WPR,Western Pacific,SLB,Solomon Islands,2010,Male,14.22
WPR,Western Pacific,SLB,Solomon Islands,2011,Female,67.21
WPR,Western Pacific,SLB,Solomon Islands,2011,Female,15.99
WPR,Western Pacific,SLB,Solomon Islands,2011,Male,62.2
WPR,Western Pacific,SLB,Solomon Islands,2011,Male,14.28
WPR,Western Pacific,SLB,Solomon Islands,2012,Female,67.38
WPR,Western Pacific,SLB,Solomon Islands,2012,Female,16.07
WPR,Western Pacific,SLB,Solomon Islands,2012,Male,62.4
WPR,Western Pacific,SLB,Solomon Islands,2012,Male,14.35
WPR,Western Pacific,SLB,Solomon Islands,2013,Female,67.51
WPR,Western Pacific,SLB,Solomon Islands,2013,Female,16.13
WPR,Western Pacific,SLB,Solomon Islands,2013,Male,62.55
WPR,Western Pacific,SLB,Solomon Islands,2013,Male,14.4
WPR,Western Pacific,SLB,Solomon Islands,2014,Female,67.59
WPR,Western Pacific,SLB,Solomon Islands,2014,Female,16.18
WPR,Western Pacific,SLB,Solomon Islands,2014,Male,62.67
WPR,Western Pacific,SLB,Solomon Islands,2014,Male,14.44
WPR,Western Pacific,SLB,Solomon Islands,2015,Female,67.79
WPR,Western Pacific,SLB,Solomon Islands,2015,Female,16.24
WPR,Western Pacific,SLB,Solomon Islands,2015,Male,62.85
WPR,Western Pacific,SLB,Solomon Islands,2015,Male,14.5
WPR,Western Pacific,SLB,Solomon Islands,2016,Female,67.92
WPR,Western Pacific,SLB,Solomon Islands,2016,Female,16.28
WPR,Western Pacific,SLB,Solomon Islands,2016,Male,63.0
WPR,Western Pacific,SLB,Solomon Islands,2016,Male,14.55
WPR,Western Pacific,SLB,Solomon Islands,2017,Female,68.04
WPR,Western Pacific,SLB,Solomon Islands,2017,Female,16.32
WPR,Western Pacific,SLB,Solomon Islands,2017,Male,63.11
WPR,Western Pacific,SLB,Solomon Islands,2017,Male,14.59
WPR,Western Pacific,SLB,Solomon Islands,2018,Female,68.18
WPR,Western Pacific,SLB,Solomon Islands,2018,Female,16.37
WPR,Western Pacific,SLB,Solomon Islands,2018,Male,63.25
WPR,Western Pacific,SLB,Solomon Islands,2018,Male,14.63
WPR,Western Pacific,SLB,Solomon Islands,2019,Female,68.29
WPR,Western Pacific,SLB,Solomon Islands,2019,Female,16.42
WPR,Western Pacific,SLB,Solomon Islands,2019,Male,63.37
WPR,Western Pacific,SLB,Solomon Islands,2019,Male,14.67
WPR,Western Pacific,SLB,Solomon Islands,2020,Female,68.27
WPR,Western Pacific,SLB,Solomon Islands,2020,Female,16.3
WPR,Western Pacific,SLB,Solomon Islands,2020,Male,62.95
WPR,Western Pacific,SLB,Solomon Islands,2020,Male,13.85
WPR,Western Pacific,SLB,Solomon Islands,2021,Female,67.33
WPR,Western Pacific,SLB,Solomon Islands,2021,Female,15.72
WPR,Western Pacific,SLB,Solomon Islands,2021,Male,62.55
WPR,Western Pacific,SLB,Solomon Islands,2021,Male,14.01
EMR,Eastern Mediterranean,SOM,Somalia,2000,Female,51.57
EMR,Eastern Mediterranean,SOM,Somalia,2000,Female,13.56
EMR,Eastern Mediterranean,SOM,Somalia,2000,Male,47.19
EMR,Eastern Mediterranean,SOM,Somalia,2000,Male,11.16
EMR,Eastern Mediterranean,SOM,Somalia,2001,Female,51.65
EMR,Eastern Mediterranean,SOM,Somalia,2001,Female,13.62
EMR,Eastern Mediterranean,SOM,Somalia,2001,Male,47.2
EMR,Eastern Mediterranean,SOM,Somalia,2001,Male,11.23
EMR,Eastern Mediterranean,SOM,Somalia,2002,Female,51.72
EMR,Eastern Mediterranean,SOM,Somalia,2002,Female,13.69
EMR,Eastern Mediterranean,SOM,Somalia,2002,Male,47.27
EMR,Eastern Mediterranean,SOM,Somalia,2002,Male,11.29
EMR,Eastern Mediterranean,SOM,Somalia,2003,Female,51.82
EMR,Eastern Mediterranean,SOM,Somalia,2003,Female,13.74
EMR,Eastern Mediterranean,SOM,Somalia,2003,Male,47.37
EMR,Eastern Mediterranean,SOM,Somalia,2003,Male,11.36
EMR,Eastern Mediterranean,SOM,Somalia,2004,Female,51.87
EMR,Eastern Mediterranean,SOM,Somalia,2004,Female,13.79
EMR,Eastern Mediterranean,SOM,Somalia,2004,Male,47.23
EMR,Eastern Mediterranean,SOM,Somalia,2004,Male,11.42
EMR,Eastern Mediterranean,SOM,Somalia,2005,Female,52.08
EMR,Eastern Mediterranean,SOM,Somalia,2005,Female,13.89
EMR,Eastern Mediterranean,SOM,Somalia,2005,Male,47.69
EMR,Eastern Mediterranean,SOM,Somalia,2005,Male,11.52
EMR,Eastern Mediterranean,SOM,Somalia,2006,Female,52.2
EMR,Eastern Mediterranean,SOM,Somalia,2006,Female,13.95
EMR,Eastern Mediterranean,SOM,Somalia,2006,Male,47.65
EMR,Eastern Mediterranean,SOM,Somalia,2006,Male,11.58
EMR,Eastern Mediterranean,SOM,Somalia,2007,Female,52.46
EMR,Eastern Mediterranean,SOM,Somalia,2007,Female,14.02
EMR,Eastern Mediterranean,SOM,Somalia,2007,Male,47.7
EMR,Eastern Mediterranean,SOM,Somalia,2007,Male,11.64
EMR,Eastern Mediterranean,SOM,Somalia,2008,Female,52.79
EMR,Eastern Mediterranean,SOM,Somalia,2008,Female,14.08
EMR,Eastern Mediterranean,SOM,Somalia,2008,Male,48.04
EMR,Eastern Mediterranean,SOM,Somalia,2008,Male,11.71
EMR,Eastern Mediterranean,SOM,Somalia,2009,Female,53.17
EMR,Eastern Mediterranean,SOM,Somalia,2009,Female,14.13
EMR,Eastern Mediterranean,SOM,Somalia,2009,Male,48.38
EMR,Eastern Mediterranean,SOM,Somalia,2009,Male,11.76
EMR,Eastern Mediterranean,SOM,Somalia,2010,Female,52.17
EMR,Eastern Mediterranean,SOM,Somalia,2010,Female,13.31
EMR,Eastern Mediterranean,SOM,Somalia,2010,Male,47.14
EMR,Eastern Mediterranean,SOM,Somalia,2010,Male,11.0
EMR,Eastern Mediterranean,SOM,Somalia,2011,Female,46.3
EMR,Eastern Mediterranean,SOM,Somalia,2011,Female,11.1
EMR,Eastern Mediterranean,SOM,Somalia,2011,Male,41.64
EMR,Eastern Mediterranean,SOM,Somalia,2011,Male,9.08
EMR,Eastern Mediterranean,SOM,Somalia,2012,Female,52.76
EMR,Eastern Mediterranean,SOM,Somalia,2012,Female,13.2
EMR,Eastern Mediterranean,SOM,Somalia,2012,Male,47.72
EMR,Eastern Mediterranean,SOM,Somalia,2012,Male,10.91
EMR,Eastern Mediterranean,SOM,Somalia,2013,Female,54.98
EMR,Eastern Mediterranean,SOM,Somalia,2013,Female,14.35
EMR,Eastern Mediterranean,SOM,Somalia,2013,Male,50.23
EMR,Eastern Mediterranean,SOM,Somalia,2013,Male,12.04
EMR,Eastern Mediterranean,SOM,Somalia,2014,Female,55.56
EMR,Eastern Mediterranean,SOM,Somalia,2014,Female,14.4
EMR,Eastern Mediterranean,SOM,Somalia,2014,Male,50.81
EMR,Eastern Mediterranean,SOM,Somalia,2014,Male,12.11
EMR,Eastern Mediterranean,SOM,Somalia,2015,Female,56.0
EMR,Eastern Mediterranean,SOM,Somalia,2015,Female,14.44
EMR,Eastern Mediterranean,SOM,Somalia,2015,Male,51.27
EMR,Eastern Mediterranean,SOM,Somalia,2015,Male,12.17
EMR,Eastern Mediterranean,SOM,Somalia,2016,Female,56.44
EMR,Eastern Mediterranean,SOM,Somalia,2016,Female,14.47
EMR,Eastern Mediterranean,SOM,Somalia,2016,Male,51.64
EMR,Eastern Mediterranean,SOM,Somalia,2016,Male,12.22
EMR,Eastern Mediterranean,SOM,Somalia,2017,Female,56.83
EMR,Eastern Mediterranean,SOM,Somalia,2017,Female,14.5
EMR,Eastern Mediterranean,SOM,Somalia,2017,Male,51.74
EMR,Eastern Mediterranean,SOM,Somalia,2017,Male,12.28
EMR,Eastern Mediterranean,SOM,Somalia,2018,Female,57.3
EMR,Eastern Mediterranean,SOM,Somalia,2018,Female,14.54
EMR,Eastern Mediterranean,SOM,Somalia,2018,Male,52.25
EMR,Eastern Mediterranean,SOM,Somalia,2018,Male,12.34
EMR,Eastern Mediterranean,SOM,Somalia,2019,Female,57.75
EMR,Eastern Mediterranean,SOM,Somalia,2019,Female,14.59
EMR,Eastern Mediterranean,SOM,Somalia,2019,Male,52.87
EMR,Eastern Mediterranean,SOM,Somalia,2019,Male,12.42
EMR,Eastern Mediterranean,SOM,Somalia,2020,Female,57.61
EMR,Eastern Mediterranean,SOM,Somalia,2020,Female,14.07
EMR,Eastern Mediterranean,SOM,Somalia,2020,Male,52.85
EMR,Eastern Mediterranean,SOM,Somalia,2020,Male,11.7
EMR,Eastern Mediterranean,SOM,Somalia,2021,Female,56.33
EMR,Eastern Mediterranean,SOM,Somalia,2021,Female,13.28
EMR,Eastern Mediterranean,SOM,Somalia,2021,Male,51.75
EMR,Eastern Mediterranean,SOM,Somalia,2021,Male,11.35
AFR,Africa,ZAF,South Africa,2000,Female,59.62
AFR,Africa,ZAF,South Africa,2000,Female,18.46
AFR,Africa,ZAF,South Africa,2000,Male,54.15
AFR,Africa,ZAF,South Africa,2000,Male,14.89
AFR,Africa,ZAF,South Africa,2001,Female,57.98
AFR,Africa,ZAF,South Africa,2001,Female,18.31
AFR,Africa,ZAF,South Africa,2001,Male,53.29
AFR,Africa,ZAF,South Africa,2001,Male,14.84
AFR,Africa,ZAF,South Africa,2002,Female,56.05
AFR,Africa,ZAF,South Africa,2002,Female,18.02
AFR,Africa,ZAF,South Africa,2002,Male,52.14
AFR,Africa,ZAF,South Africa,2002,Male,14.63
AFR,Africa,ZAF,South Africa,2003,Female,54.34
AFR,Africa,ZAF,South Africa,2003,Female,17.76
AFR,Africa,ZAF,South Africa,2003,Male,51.09
AFR,Africa,ZAF,South Africa,2003,Male,14.4
AFR,Africa,ZAF,South Africa,2004,Female,53.41
AFR,Africa,ZAF,South Africa,2004,Female,17.78
AFR,Africa,ZAF,South Africa,2004,Male,50.64
AFR,Africa,ZAF,South Africa,2004,Male,14.48
AFR,Africa,ZAF,South Africa,2005,Female,53.22
AFR,Africa,ZAF,South Africa,2005,Female,17.75
AFR,Africa,ZAF,South Africa,2005,Male,50.4
AFR,Africa,ZAF,South Africa,2005,Male,14.49
AFR,Africa,ZAF,South Africa,2006,Female,53.43
AFR,Africa,ZAF,South Africa,2006,Female,17.68
AFR,Africa,ZAF,South Africa,2006,Male,50.36
AFR,Africa,ZAF,South Africa,2006,Male,14.39
AFR,Africa,ZAF,South Africa,2007,Female,54.43
AFR,Africa,ZAF,South Africa,2007,Female,17.78
AFR,Africa,ZAF,South Africa,2007,Male,50.96
AFR,Africa,ZAF,South Africa,2007,Male,14.46
AFR,Africa,ZAF,South Africa,2008,Female,55.63
AFR,Africa,ZAF,South Africa,2008,Female,17.88
AFR,Africa,ZAF,South Africa,2008,Male,51.78
AFR,Africa,ZAF,South Africa,2008,Male,14.48
AFR,Africa,ZAF,South Africa,2009,Female,57.16
AFR,Africa,ZAF,South Africa,2009,Female,17.94
AFR,Africa,ZAF,South Africa,2009,Male,52.96
AFR,Africa,ZAF,South Africa,2009,Male,14.51
AFR,Africa,ZAF,South Africa,2010,Female,59.13
AFR,Africa,ZAF,South Africa,2010,Female,18.11
AFR,Africa,ZAF,South Africa,2010,Male,54.64
AFR,Africa,ZAF,South Africa,2010,Male,14.65
AFR,Africa,ZAF,South Africa,2011,Female,61.36
AFR,Africa,ZAF,South Africa,2011,Female,18.41
AFR,Africa,ZAF,South Africa,2011,Male,56.41
AFR,Africa,ZAF,South Africa,2011,Male,14.93
AFR,Africa,ZAF,South Africa,2012,Female,63.43
AFR,Africa,ZAF,South Africa,2012,Female,18.75
AFR,Africa,ZAF,South Africa,2012,Male,57.78
AFR,Africa,ZAF,South Africa,2012,Male,15.23
AFR,Africa,ZAF,South Africa,2013,Female,64.92
AFR,Africa,ZAF,South Africa,2013,Female,18.98
AFR,Africa,ZAF,South Africa,2013,Male,58.85
AFR,Africa,ZAF,South Africa,2013,Male,15.5
AFR,Africa,ZAF,South Africa,2014,Female,65.65
AFR,Africa,ZAF,South Africa,2014,Female,18.97
AFR,Africa,ZAF,South Africa,2014,Male,59.54
AFR,Africa,ZAF,South Africa,2014,Male,15.61
AFR,Africa,ZAF,South Africa,2015,Female,66.18
AFR,Africa,ZAF,South Africa,2015,Female,18.92
AFR,Africa,ZAF,South Africa,2015,Male,60.01
AFR,Africa,ZAF,South Africa,2015,Male,15.65
AFR,Africa,ZAF,South Africa,2016,Female,66.86
AFR,Africa,ZAF,South Africa,2016,Female,19.06
AFR,Africa,ZAF,South Africa,2016,Male,60.56
AFR,Africa,ZAF,South Africa,2016,Male,15.77
AFR,Africa,ZAF,South Africa,2017,Female,67.73
AFR,Africa,ZAF,South Africa,2017,Female,19.35
AFR,Africa,ZAF,South Africa,2017,Male,61.41
AFR,Africa,ZAF,South Africa,2017,Male,16.08
AFR,Africa,ZAF,South Africa,2018,Female,68.31
AFR,Africa,ZAF,South Africa,2018,Female,19.56
AFR,Africa,ZAF,South Africa,2018,Male,61.98
AFR,Africa,ZAF,South Africa,2018,Male,16.33
AFR,Africa,ZAF,South Africa,2019,Female,68.85
AFR,Africa,ZAF,South Africa,2019,Female,19.92
AFR,Africa,ZAF,South Africa,2019,Male,62.5
AFR,Africa,ZAF,South Africa,2019,Male,16.78
AFR,Africa,ZAF,South Africa,2020,Female,66.59
AFR,Africa,ZAF,South Africa,2020,Female,17.46
AFR,Africa,ZAF,South Africa,2020,Male,61.88
AFR,Africa,ZAF,South Africa,2020,Male,16.31
AFR,Africa,ZAF,South Africa,2021,Female,64.02
AFR,Africa,ZAF,South Africa,2021,Female,15.81
AFR,Africa,ZAF,South Africa,2021,Male,58.9
AFR,Africa,ZAF,South Africa,2021,Male,14.38
AFR,Africa,SSD,South Sudan,2000,Female,53.85
AFR,Africa,SSD,South Sudan,2000,Female,16.39
AFR,Africa,SSD,South Sudan,2000,Male,49.83
AFR,Africa,SSD,South Sudan,2000,Male,13.85
AFR,Africa,SSD,South Sudan,2001,Female,54.74
AFR,Africa,SSD,South Sudan,2001,Female,16.49
AFR,Africa,SSD,South Sudan,2001,Male,51.03
AFR,Africa,SSD,South Sudan,2001,Male,13.98
AFR,Africa,SSD,South Sudan,2002,Female,55.47
AFR,Africa,SSD,South Sudan,2002,Female,16.57
AFR,Africa,SSD,South Sudan,2002,Male,51.86
AFR,Africa,SSD,South Sudan,2002,Male,14.08
AFR,Africa,SSD,South Sudan,2003,Female,56.14
AFR,Africa,SSD,South Sudan,2003,Female,16.63
AFR,Africa,SSD,South Sudan,2003,Male,52.56
AFR,Africa,SSD,South Sudan,2003,Male,14.18
AFR,Africa,SSD,South Sudan,2004,Female,56.86
AFR,Africa,SSD,South Sudan,2004,Female,16.7
AFR,Africa,SSD,South Sudan,2004,Male,53.53
AFR,Africa,SSD,South Sudan,2004,Male,14.27
AFR,Africa,SSD,South Sudan,2005,Female,57.49
AFR,Africa,SSD,South Sudan,2005,Female,16.79
AFR,Africa,SSD,South Sudan,2005,Male,54.22
AFR,Africa,SSD,South Sudan,2005,Male,14.37
AFR,Africa,SSD,South Sudan,2006,Female,58.02
AFR,Africa,SSD,South Sudan,2006,Female,16.85
AFR,Africa,SSD,South Sudan,2006,Male,54.61
AFR,Africa,SSD,South Sudan,2006,Male,14.44
AFR,Africa,SSD,South Sudan,2007,Female,58.67
AFR,Africa,SSD,South Sudan,2007,Female,16.95
AFR,Africa,SSD,South Sudan,2007,Male,55.34
AFR,Africa,SSD,South Sudan,2007,Male,14.55
AFR,Africa,SSD,South Sudan,2008,Female,59.28
AFR,Africa,SSD,South Sudan,2008,Female,17.01
AFR,Africa,SSD,South Sudan,2008,Male,56.01
AFR,Africa,SSD,South Sudan,2008,Male,14.63
AFR,Africa,SSD,South Sudan,2009,Female,59.74
AFR,Africa,SSD,South Sudan,2009,Female,17.07
AFR,Africa,SSD,South Sudan,2009,Male,55.87
AFR,Africa,SSD,South Sudan,2009,Male,14.69
AFR,Africa,SSD,South Sudan,2010,Female,60.45
AFR,Africa,SSD,South Sudan,2010,Female,17.15
AFR,Africa,SSD,South Sudan,2010,Male,57.02
AFR,Africa,SSD,South Sudan,2010,Male,14.81
AFR,Africa,SSD,South Sudan,2011,Female,60.89
AFR,Africa,SSD,South Sudan,2011,Female,17.2
AFR,Africa,SSD,South Sudan,2011,Male,57.01
AFR,Africa,SSD,South Sudan,2011,Male,14.87
AFR,Africa,SSD,South Sudan,2012,Female,61.15
AFR,Africa,SSD,South Sudan,2012,Female,17.13
AFR,Africa,SSD,South Sudan,2012,Male,57.46
AFR,Africa,SSD,South Sudan,2012,Male,14.82
AFR,Africa,SSD,South Sudan,2013,Female,61.19
AFR,Africa,SSD,South Sudan,2013,Female,17.07
AFR,Africa,SSD,South Sudan,2013,Male,56.91
AFR,Africa,SSD,South Sudan,2013,Male,14.75
AFR,Africa,SSD,South Sudan,2014,Female,61.31
AFR,Africa,SSD,South Sudan,2014,Female,17.06
AFR,Africa,SSD,South Sudan,2014,Male,56.9
AFR,Africa,SSD,South Sudan,2014,Male,14.73
AFR,Africa,SSD,South Sudan,2015,Female,61.42
AFR,Africa,SSD,South Sudan,2015,Female,17.05
AFR,Africa,SSD,South Sudan,2015,Male,57.13
AFR,Africa,SSD,South Sudan,2015,Male,14.7
AFR,Africa,SSD,South Sudan,2016,Female,61.28
AFR,Africa,SSD,South Sudan,2016,Female,16.94
AFR,Africa,SSD,South Sudan,2016,Male,57.08
AFR,Africa,SSD,South Sudan,2016,Male,14.61
AFR,Africa,SSD,South Sudan,2017,Female,61.04
AFR,Africa,SSD,South Sudan,2017,Female,16.83
AFR,Africa,SSD,South Sudan,2017,Male,56.69
AFR,Africa,SSD,South Sudan,2017,Male,14.52
AFR,Africa,SSD,South Sudan,2018,Female,60.97
AFR,Africa,SSD,South Sudan,2018,Female,16.73
AFR,Africa,SSD,South Sudan,2018,Male,56.7
AFR,Africa,SSD,South Sudan,2018,Male,14.42
AFR,Africa,SSD,South Sudan,2019,Female,61.16
AFR,Africa,SSD,South Sudan,2019,Female,16.65
AFR,Africa,SSD,South Sudan,2019,Male,56.78
AFR,Africa,SSD,South Sudan,2019,Male,14.35
AFR,Africa,SSD,South Sudan,2020,Female,61.25
AFR,Africa,SSD,South Sudan,2020,Female,16.35
AFR,Africa,SSD,South Sudan,2020,Male,56.62
AFR,Africa,SSD,South Sudan,2020,Male,13.7
AFR,Africa,SSD,South Sudan,2021,Female,60.61
AFR,Africa,SSD,South Sudan,2021,Female,16.07
AFR,Africa,SSD,South Sudan,2021,Male,56.48
AFR,Africa,SSD,South Sudan,2021,Male,13.9
EUR,Europe,ESP,Spain,2000,Female,82.48
EUR,Europe,ESP,Spain,2000,Female,24.82
EUR,Europe,ESP,Spain,2000,Male,75.69
EUR,Europe,ESP,Spain,2000,Male,20.34
EUR,Europe,ESP,Spain,2001,Female,82.76
EUR,Europe,ESP,Spain,2001,Female,25.03
EUR,Europe,ESP,Spain,2001,Male,76.02
EUR,Europe,ESP,Spain,2001,Male,20.51
EUR,Europe,ESP,Spain,2002,Female,82.81
EUR,Europe,ESP,Spain,2002,Female,25.07
EUR,Europe,ESP,Spain,2002,Male,76.16
EUR,Europe,ESP,Spain,2002,Male,20.6
EUR,Europe,ESP,Spain,2003,Female,82.65
EUR,Europe,ESP,Spain,2003,Female,24.93
EUR,Europe,ESP,Spain,2003,Male,76.17
EUR,Europe,ESP,Spain,2003,Male,20.57
EUR,Europe,ESP,Spain,2004,Female,83.25
EUR,Europe,ESP,Spain,2004,Female,25.43
EUR,Europe,ESP,Spain,2004,Male,76.73
EUR,Europe,ESP,Spain,2004,Male,21.01
EUR,Europe,ESP,Spain,2005,Female,83.22
EUR,Europe,ESP,Spain,2005,Female,25.31
EUR,Europe,ESP,Spain,2005,Male,76.8
EUR,Europe,ESP,Spain,2005,Male,20.94
EUR,Europe,ESP,Spain,2006,Female,83.82
EUR,Europe,ESP,Spain,2006,Female,25.87
EUR,Europe,ESP,Spain,2006,Male,77.51
EUR,Europe,ESP,Spain,2006,Male,21.51
EUR,Europe,ESP,Spain,2007,Female,83.78
EUR,Europe,ESP,Spain,2007,Female,25.83
EUR,Europe,ESP,Spain,2007,Male,77.56
EUR,Europe,ESP,Spain,2007,Male,21.44
EUR,Europe,ESP,Spain,2008,Female,83.95
EUR,Europe,ESP,Spain,2008,Female,25.99
EUR,Europe,ESP,Spain,2008,Male,77.98
EUR,Europe,ESP,Spain,2008,Male,21.73
EUR,Europe,ESP,Spain,2009,Female,84.24
EUR,Europe,ESP,Spain,2009,Female,26.22
EUR,Europe,ESP,Spain,2009,Male,78.39
EUR,Europe,ESP,Spain,2009,Male,21.9
EUR,Europe,ESP,Spain,2010,Female,84.58
EUR,Europe,ESP,Spain,2010,Female,26.5
EUR,Europe,ESP,Spain,2010,Male,78.76
EUR,Europe,ESP,Spain,2010,Male,22.15
EUR,Europe,ESP,Spain,2011,Female,84.62
EUR,Europe,ESP,Spain,2011,Female,26.55
EUR,Europe,ESP,Spain,2011,Male,78.96
EUR,Europe,ESP,Spain,2011,Male,22.26
EUR,Europe,ESP,Spain,2012,Female,84.71
EUR,Europe,ESP,Spain,2012,Female,26.55
EUR,Europe,ESP,Spain,2012,Male,79.16
EUR,Europe,ESP,Spain,2012,Male,22.29
EUR,Europe,ESP,Spain,2013,Female,85.15
EUR,Europe,ESP,Spain,2013,Female,26.96
EUR,Europe,ESP,Spain,2013,Male,79.73
EUR,Europe,ESP,Spain,2013,Male,22.73
EUR,Europe,ESP,Spain,2014,Female,85.21
EUR,Europe,ESP,Spain,2014,Female,27.0
EUR,Europe,ESP,Spain,2014,Male,79.88
EUR,Europe,ESP,Spain,2014,Male,22.84
EUR,Europe,ESP,Spain,2015,Female,84.94
EUR,Europe,ESP,Spain,2015,Female,26.69
EUR,Europe,ESP,Spain,2015,Male,79.66
EUR,Europe,ESP,Spain,2015,Male,22.57
EUR,Europe,ESP,Spain,2016,Female,85.36
EUR,Europe,ESP,Spain,2016,Female,27.08
EUR,Europe,ESP,Spain,2016,Male,80.04
EUR,Europe,ESP,Spain,2016,Male,22.91
EUR,Europe,ESP,Spain,2017,Female,85.21
EUR,Europe,ESP,Spain,2017,Female,26.94
EUR,Europe,ESP,Spain,2017,Male,80.08
EUR,Europe,ESP,Spain,2017,Male,22.91
EUR,Europe,ESP,Spain,2018,Female,85.32
EUR,Europe,ESP,Spain,2018,Female,27.03
EUR,Europe,ESP,Spain,2018,Male,80.15
EUR,Europe,ESP,Spain,2018,Male,22.97
EUR,Europe,ESP,Spain,2019,Female,85.66
EUR,Europe,ESP,Spain,2019,Female,27.33
EUR,Europe,ESP,Spain,2019,Male,80.54
EUR,Europe,ESP,Spain,2019,Male,23.28
EUR,Europe,ESP,Spain,2020,Female,84.51
EUR,Europe,ESP,Spain,2020,Female,26.19
EUR,Europe,ESP,Spain,2020,Male,79.32
EUR,Europe,ESP,Spain,2020,Male,22.07
EUR,Europe,ESP,Spain,2021,Female,85.3
EUR,Europe,ESP,Spain,2021,Female,26.98
EUR,Europe,ESP,Spain,2021,Male,79.99
EUR,Europe,ESP,Spain,2021,Male,22.77
SEAR,South-East Asia,LKA,Sri Lanka,2000,Female,76.4
SEAR,South-East Asia,LKA,Sri Lanka,2000,Female,21.22
SEAR,South-East Asia,LKA,Sri Lanka,2000,Male,67.15
SEAR,South-East Asia,LKA,Sri Lanka,2000,Male,17.17
SEAR,South-East Asia,LKA,Sri Lanka,2001,Female,77.34
SEAR,South-East Asia,LKA,Sri Lanka,2001,Female,21.74
SEAR,South-East Asia,LKA,Sri Lanka,2001,Male,68.42
SEAR,South-East Asia,LKA,Sri Lanka,2001,Male,17.58
SEAR,South-East Asia,LKA,Sri Lanka,2002,Female,77.61
SEAR,South-East Asia,LKA,Sri Lanka,2002,Female,21.81
SEAR,South-East Asia,LKA,Sri Lanka,2002,Male,69.4
SEAR,South-East Asia,LKA,Sri Lanka,2002,Male,17.77
SEAR,South-East Asia,LKA,Sri Lanka,2003,Female,77.58
SEAR,South-East Asia,LKA,Sri Lanka,2003,Female,21.71
SEAR,South-East Asia,LKA,Sri Lanka,2003,Male,69.47
SEAR,South-East Asia,LKA,Sri Lanka,2003,Male,17.6
SEAR,South-East Asia,LKA,Sri Lanka,2004,Female,71.79
SEAR,South-East Asia,LKA,Sri Lanka,2004,Female,20.24
SEAR,South-East Asia,LKA,Sri Lanka,2004,Male,66.56
SEAR,South-East Asia,LKA,Sri Lanka,2004,Male,16.79
SEAR,South-East Asia,LKA,Sri Lanka,2005,Female,77.78
SEAR,South-East Asia,LKA,Sri Lanka,2005,Female,21.73
SEAR,South-East Asia,LKA,Sri Lanka,2005,Male,69.5
SEAR,South-East Asia,LKA,Sri Lanka,2005,Male,17.41
SEAR,South-East Asia,LKA,Sri Lanka,2006,Female,77.65
SEAR,South-East Asia,LKA,Sri Lanka,2006,Female,21.58
SEAR,South-East Asia,LKA,Sri Lanka,2006,Male,69.34
SEAR,South-East Asia,LKA,Sri Lanka,2006,Male,17.51
SEAR,South-East Asia,LKA,Sri Lanka,2007,Female,77.95
SEAR,South-East Asia,LKA,Sri Lanka,2007,Female,21.7
SEAR,South-East Asia,LKA,Sri Lanka,2007,Male,69.9
SEAR,South-East Asia,LKA,Sri Lanka,2007,Male,17.76
SEAR,South-East Asia,LKA,Sri Lanka,2008,Female,77.79
SEAR,South-East Asia,LKA,Sri Lanka,2008,Female,21.66
SEAR,South-East Asia,LKA,Sri Lanka,2008,Male,68.76
SEAR,South-East Asia,LKA,Sri Lanka,2008,Male,17.63
SEAR,South-East Asia,LKA,Sri Lanka,2009,Female,76.57
SEAR,South-East Asia,LKA,Sri Lanka,2009,Female,21.57
SEAR,South-East Asia,LKA,Sri Lanka,2009,Male,68.42
SEAR,South-East Asia,LKA,Sri Lanka,2009,Male,18.03
SEAR,South-East Asia,LKA,Sri Lanka,2010,Female,78.25
SEAR,South-East Asia,LKA,Sri Lanka,2010,Female,22.06
SEAR,South-East Asia,LKA,Sri Lanka,2010,Male,70.15
SEAR,South-East Asia,LKA,Sri Lanka,2010,Male,18.15
SEAR,South-East Asia,LKA,Sri Lanka,2011,Female,78.55
SEAR,South-East Asia,LKA,Sri Lanka,2011,Female,22.1
SEAR,South-East Asia,LKA,Sri Lanka,2011,Male,71.42
SEAR,South-East Asia,LKA,Sri Lanka,2011,Male,18.2
SEAR,South-East Asia,LKA,Sri Lanka,2012,Female,79.0
SEAR,South-East Asia,LKA,Sri Lanka,2012,Female,22.32
SEAR,South-East Asia,LKA,Sri Lanka,2012,Male,72.28
SEAR,South-East Asia,LKA,Sri Lanka,2012,Male,18.48
SEAR,South-East Asia,LKA,Sri Lanka,2013,Female,79.08
SEAR,South-East Asia,LKA,Sri Lanka,2013,Female,22.27
SEAR,South-East Asia,LKA,Sri Lanka,2013,Male,72.53
SEAR,South-East Asia,LKA,Sri Lanka,2013,Male,18.4
SEAR,South-East Asia,LKA,Sri Lanka,2014,Female,79.27
SEAR,South-East Asia,LKA,Sri Lanka,2014,Female,22.35
SEAR,South-East Asia,LKA,Sri Lanka,2014,Male,72.99
SEAR,South-East Asia,LKA,Sri Lanka,2014,Male,18.53
SEAR,South-East Asia,LKA,Sri Lanka,2015,Female,79.52
SEAR,South-East Asia,LKA,Sri Lanka,2015,Female,22.5
SEAR,South-East Asia,LKA,Sri Lanka,2015,Male,73.24
SEAR,South-East Asia,LKA,Sri Lanka,2015,Male,18.63
SEAR,South-East Asia,LKA,Sri Lanka,2016,Female,79.74
SEAR,South-East Asia,LKA,Sri Lanka,2016,Female,22.69
SEAR,South-East Asia,LKA,Sri Lanka,2016,Male,73.62
SEAR,South-East Asia,LKA,Sri Lanka,2016,Male,19.08
SEAR,South-East Asia,LKA,Sri Lanka,2017,Female,79.86
SEAR,South-East Asia,LKA,Sri Lanka,2017,Female,22.79
SEAR,South-East Asia,LKA,Sri Lanka,2017,Male,73.76
SEAR,South-East Asia,LKA,Sri Lanka,2017,Male,19.22
SEAR,South-East Asia,LKA,Sri Lanka,2018,Female,80.09
SEAR,South-East Asia,LKA,Sri Lanka,2018,Female,22.96
SEAR,South-East Asia,LKA,Sri Lanka,2018,Male,74.02
SEAR,South-East Asia,LKA,Sri Lanka,2018,Male,19.48
SEAR,South-East Asia,LKA,Sri Lanka,2019,Female,80.33
SEAR,South-East Asia,LKA,Sri Lanka,2019,Female,23.19
SEAR,South-East Asia,LKA,Sri Lanka,2019,Male,74.32
SEAR,South-East Asia,LKA,Sri Lanka,2019,Male,19.93
SEAR,South-East Asia,LKA,Sri Lanka,2020,Female,83.15
SEAR,South-East Asia,LKA,Sri Lanka,2020,Female,25.6
SEAR,South-East Asia,LKA,Sri Lanka,2020,Male,77.82
SEAR,South-East Asia,LKA,Sri Lanka,2020,Male,22.77
SEAR,South-East Asia,LKA,Sri Lanka,2021,Female,80.05
SEAR,South-East Asia,LKA,Sri Lanka,2021,Female,22.93
SEAR,South-East Asia,LKA,Sri Lanka,2021,Male,74.16
SEAR,South-East Asia,LKA,Sri Lanka,2021,Male,19.83
EMR,Eastern Mediterranean,SDN,Sudan,2000,Female,63.79
EMR,Eastern Mediterranean,SDN,Sudan,2000,Female,17.71
EMR,Eastern Mediterranean,SDN,Sudan,2000,Male,61.25
EMR,Eastern Mediterranean,SDN,Sudan,2000,Male,17.02
EMR,Eastern Mediterranean,SDN,Sudan,2001,Female,64.28
EMR,Eastern Mediterranean,SDN,Sudan,2001,Female,17.82
EMR,Eastern Mediterranean,SDN,Sudan,2001,Male,61.74
EMR,Eastern Mediterranean,SDN,Sudan,2001,Male,17.14
EMR,Eastern Mediterranean,SDN,Sudan,2002,Female,64.67
EMR,Eastern Mediterranean,SDN,Sudan,2002,Female,17.93
EMR,Eastern Mediterranean,SDN,Sudan,2002,Male,61.85
EMR,Eastern Mediterranean,SDN,Sudan,2002,Male,17.25
EMR,Eastern Mediterranean,SDN,Sudan,2003,Female,65.1
EMR,Eastern Mediterranean,SDN,Sudan,2003,Female,18.04
EMR,Eastern Mediterranean,SDN,Sudan,2003,Male,62.32
EMR,Eastern Mediterranean,SDN,Sudan,2003,Male,17.37
EMR,Eastern Mediterranean,SDN,Sudan,2004,Female,65.39
EMR,Eastern Mediterranean,SDN,Sudan,2004,Female,18.14
EMR,Eastern Mediterranean,SDN,Sudan,2004,Male,62.07
EMR,Eastern Mediterranean,SDN,Sudan,2004,Male,17.45
EMR,Eastern Mediterranean,SDN,Sudan,2005,Female,66.05
EMR,Eastern Mediterranean,SDN,Sudan,2005,Female,18.29
EMR,Eastern Mediterranean,SDN,Sudan,2005,Male,63.72
EMR,Eastern Mediterranean,SDN,Sudan,2005,Male,17.64
EMR,Eastern Mediterranean,SDN,Sudan,2006,Female,66.47
EMR,Eastern Mediterranean,SDN,Sudan,2006,Female,18.41
EMR,Eastern Mediterranean,SDN,Sudan,2006,Male,64.12
EMR,Eastern Mediterranean,SDN,Sudan,2006,Male,17.77
EMR,Eastern Mediterranean,SDN,Sudan,2007,Female,66.9
EMR,Eastern Mediterranean,SDN,Sudan,2007,Female,18.53
EMR,Eastern Mediterranean,SDN,Sudan,2007,Male,64.63
EMR,Eastern Mediterranean,SDN,Sudan,2007,Male,17.9
EMR,Eastern Mediterranean,SDN,Sudan,2008,Female,67.25
EMR,Eastern Mediterranean,SDN,Sudan,2008,Female,18.65
EMR,Eastern Mediterranean,SDN,Sudan,2008,Male,64.97
EMR,Eastern Mediterranean,SDN,Sudan,2008,Male,18.03
EMR,Eastern Mediterranean,SDN,Sudan,2009,Female,67.69
EMR,Eastern Mediterranean,SDN,Sudan,2009,Female,18.75
EMR,Eastern Mediterranean,SDN,Sudan,2009,Male,65.2
EMR,Eastern Mediterranean,SDN,Sudan,2009,Male,18.13
EMR,Eastern Mediterranean,SDN,Sudan,2010,Female,68.09
EMR,Eastern Mediterranean,SDN,Sudan,2010,Female,18.86
EMR,Eastern Mediterranean,SDN,Sudan,2010,Male,65.8
EMR,Eastern Mediterranean,SDN,Sudan,2010,Male,18.25
EMR,Eastern Mediterranean,SDN,Sudan,2011,Female,68.37
EMR,Eastern Mediterranean,SDN,Sudan,2011,Female,18.97
EMR,Eastern Mediterranean,SDN,Sudan,2011,Male,65.78
EMR,Eastern Mediterranean,SDN,Sudan,2011,Male,18.34
EMR,Eastern Mediterranean,SDN,Sudan,2012,Female,68.71
EMR,Eastern Mediterranean,SDN,Sudan,2012,Female,19.05
EMR,Eastern Mediterranean,SDN,Sudan,2012,Male,66.45
EMR,Eastern Mediterranean,SDN,Sudan,2012,Male,18.43
EMR,Eastern Mediterranean,SDN,Sudan,2013,Female,68.94
EMR,Eastern Mediterranean,SDN,Sudan,2013,Female,19.11
EMR,Eastern Mediterranean,SDN,Sudan,2013,Male,66.56
EMR,Eastern Mediterranean,SDN,Sudan,2013,Male,18.48
EMR,Eastern Mediterranean,SDN,Sudan,2014,Female,69.25
EMR,Eastern Mediterranean,SDN,Sudan,2014,Female,19.18
EMR,Eastern Mediterranean,SDN,Sudan,2014,Male,66.92
EMR,Eastern Mediterranean,SDN,Sudan,2014,Male,18.54
EMR,Eastern Mediterranean,SDN,Sudan,2015,Female,69.51
EMR,Eastern Mediterranean,SDN,Sudan,2015,Female,19.22
EMR,Eastern Mediterranean,SDN,Sudan,2015,Male,67.13
EMR,Eastern Mediterranean,SDN,Sudan,2015,Male,18.6
EMR,Eastern Mediterranean,SDN,Sudan,2016,Female,69.79
EMR,Eastern Mediterranean,SDN,Sudan,2016,Female,19.28
EMR,Eastern Mediterranean,SDN,Sudan,2016,Male,67.49
EMR,Eastern Mediterranean,SDN,Sudan,2016,Male,18.63
EMR,Eastern Mediterranean,SDN,Sudan,2017,Female,70.12
EMR,Eastern Mediterranean,SDN,Sudan,2017,Female,19.34
EMR,Eastern Mediterranean,SDN,Sudan,2017,Male,67.94
EMR,Eastern Mediterranean,SDN,Sudan,2017,Male,18.66
EMR,Eastern Mediterranean,SDN,Sudan,2018,Female,70.33
EMR,Eastern Mediterranean,SDN,Sudan,2018,Female,19.36
EMR,Eastern Mediterranean,SDN,Sudan,2018,Male,68.14
EMR,Eastern Mediterranean,SDN,Sudan,2018,Male,18.66
EMR,Eastern Mediterranean,SDN,Sudan,2019,Female,70.55
EMR,Eastern Mediterranean,SDN,Sudan,2019,Female,19.39
EMR,Eastern Mediterranean,SDN,Sudan,2019,Male,68.35
EMR,Eastern Mediterranean,SDN,Sudan,2019,Male,18.65
EMR,Eastern Mediterranean,SDN,Sudan,2020,Female,69.81
EMR,Eastern Mediterranean,SDN,Sudan,2020,Female,18.55
EMR,Eastern Mediterranean,SDN,Sudan,2020,Male,67.04
EMR,Eastern Mediterranean,SDN,Sudan,2020,Male,17.12
EMR,Eastern Mediterranean,SDN,Sudan,2021,Female,68.89
EMR,Eastern Mediterranean,SDN,Sudan,2021,Female,17.98
EMR,Eastern Mediterranean,SDN,Sudan,2021,Male,66.25
EMR,Eastern Mediterranean,SDN,Sudan,2021,Male,16.94
AMR,Americas,SUR,Suriname,2000,Female,73.53
AMR,Americas,SUR,Suriname,2000,Female,20.98
AMR,Americas,SUR,Suriname,2000,Male,67.71
AMR,Americas,SUR,Suriname,2000,Male,18.1
AMR,Americas,SUR,Suriname,2001,Female,73.45
AMR,Americas,SUR,Suriname,2001,Female,20.85
AMR,Americas,SUR,Suriname,2001,Male,67.65
AMR,Americas,SUR,Suriname,2001,Male,17.94
AMR,Americas,SUR,Suriname,2002,Female,73.46
AMR,Americas,SUR,Suriname,2002,Female,20.73
AMR,Americas,SUR,Suriname,2002,Male,67.56
AMR,Americas,SUR,Suriname,2002,Male,17.67
AMR,Americas,SUR,Suriname,2003,Female,73.77
AMR,Americas,SUR,Suriname,2003,Female,20.81
AMR,Americas,SUR,Suriname,2003,Male,67.49
AMR,Americas,SUR,Suriname,2003,Male,17.58
AMR,Americas,SUR,Suriname,2004,Female,73.91
AMR,Americas,SUR,Suriname,2004,Female,20.8
AMR,Americas,SUR,Suriname,2004,Male,67.91
AMR,Americas,SUR,Suriname,2004,Male,17.85
AMR,Americas,SUR,Suriname,2005,Female,74.32
AMR,Americas,SUR,Suriname,2005,Female,20.98
AMR,Americas,SUR,Suriname,2005,Male,68.34
AMR,Americas,SUR,Suriname,2005,Male,18.08
AMR,Americas,SUR,Suriname,2006,Female,74.71
AMR,Americas,SUR,Suriname,2006,Female,21.35
AMR,Americas,SUR,Suriname,2006,Male,68.84
AMR,Americas,SUR,Suriname,2006,Male,18.44
AMR,Americas,SUR,Suriname,2007,Female,75.13
AMR,Americas,SUR,Suriname,2007,Female,21.76
AMR,Americas,SUR,Suriname,2007,Male,69.15
AMR,Americas,SUR,Suriname,2007,Male,18.69
AMR,Americas,SUR,Suriname,2008,Female,75.31
AMR,Americas,SUR,Suriname,2008,Female,21.81
AMR,Americas,SUR,Suriname,2008,Male,69.24
AMR,Americas,SUR,Suriname,2008,Male,18.83
AMR,Americas,SUR,Suriname,2009,Female,75.53
AMR,Americas,SUR,Suriname,2009,Female,21.84
AMR,Americas,SUR,Suriname,2009,Male,69.81
AMR,Americas,SUR,Suriname,2009,Male,19.21
AMR,Americas,SUR,Suriname,2010,Female,75.95
AMR,Americas,SUR,Suriname,2010,Female,22.18
AMR,Americas,SUR,Suriname,2010,Male,69.77
AMR,Americas,SUR,Suriname,2010,Male,19.14
AMR,Americas,SUR,Suriname,2011,Female,76.23
AMR,Americas,SUR,Suriname,2011,Female,22.39
AMR,Americas,SUR,Suriname,2011,Male,70.1
AMR,Americas,SUR,Suriname,2011,Male,19.3
AMR,Americas,SUR,Suriname,2012,Female,76.38
AMR,Americas,SUR,Suriname,2012,Female,22.48
AMR,Americas,SUR,Suriname,2012,Male,70.38
AMR,Americas,SUR,Suriname,2012,Male,19.39
AMR,Americas,SUR,Suriname,2013,Female,76.39
AMR,Americas,SUR,Suriname,2013,Female,22.48
AMR,Americas,SUR,Suriname,2013,Male,69.99
AMR,Americas,SUR,Suriname,2013,Male,18.56
AMR,Americas,SUR,Suriname,2014,Female,76.21
AMR,Americas,SUR,Suriname,2014,Female,22.36
AMR,Americas,SUR,Suriname,2014,Male,69.96
AMR,Americas,SUR,Suriname,2014,Male,18.52
AMR,Americas,SUR,Suriname,2015,Female,76.01
AMR,Americas,SUR,Suriname,2015,Female,22.26
AMR,Americas,SUR,Suriname,2015,Male,69.98
AMR,Americas,SUR,Suriname,2015,Male,18.74
AMR,Americas,SUR,Suriname,2016,Female,76.07
AMR,Americas,SUR,Suriname,2016,Female,22.37
AMR,Americas,SUR,Suriname,2016,Male,70.14
AMR,Americas,SUR,Suriname,2016,Male,19.02
AMR,Americas,SUR,Suriname,2017,Female,76.15
AMR,Americas,SUR,Suriname,2017,Female,22.42
AMR,Americas,SUR,Suriname,2017,Male,70.29
AMR,Americas,SUR,Suriname,2017,Male,19.05
AMR,Americas,SUR,Suriname,2018,Female,76.11
AMR,Americas,SUR,Suriname,2018,Female,22.34
AMR,Americas,SUR,Suriname,2018,Male,70.09
AMR,Americas,SUR,Suriname,2018,Male,18.84
AMR,Americas,SUR,Suriname,2019,Female,76.1
AMR,Americas,SUR,Suriname,2019,Female,22.31
AMR,Americas,SUR,Suriname,2019,Male,69.99
AMR,Americas,SUR,Suriname,2019,Male,18.8
AMR,Americas,SUR,Suriname,2020,Female,76.31
AMR,Americas,SUR,Suriname,2020,Female,22.62
AMR,Americas,SUR,Suriname,2020,Male,69.39
AMR,Americas,SUR,Suriname,2020,Male,18.34
AMR,Americas,SUR,Suriname,2021,Female,72.7
AMR,Americas,SUR,Suriname,2021,Female,19.94
AMR,Americas,SUR,Suriname,2021,Male,66.96
AMR,Americas,SUR,Suriname,2021,Male,15.75
EUR,Europe,SWE,Sweden,2000,Female,81.79
EUR,Europe,SWE,Sweden,2000,Female,24.07
EUR,Europe,SWE,Sweden,2000,Male,77.28
EUR,Europe,SWE,Sweden,2000,Male,20.59
EUR,Europe,SWE,Sweden,2001,Female,81.82
EUR,Europe,SWE,Sweden,2001,Female,24.1
EUR,Europe,SWE,Sweden,2001,Male,77.44
EUR,Europe,SWE,Sweden,2001,Male,20.79
EUR,Europe,SWE,Sweden,2002,Female,81.83
EUR,Europe,SWE,Sweden,2002,Female,24.03
EUR,Europe,SWE,Sweden,2002,Male,77.62
EUR,Europe,SWE,Sweden,2002,Male,20.81
EUR,Europe,SWE,Sweden,2003,Female,82.13
EUR,Europe,SWE,Sweden,2003,Female,24.3
EUR,Europe,SWE,Sweden,2003,Male,77.81
EUR,Europe,SWE,Sweden,2003,Male,20.97
EUR,Europe,SWE,Sweden,2004,Female,82.37
EUR,Europe,SWE,Sweden,2004,Female,24.52
EUR,Europe,SWE,Sweden,2004,Male,78.25
EUR,Europe,SWE,Sweden,2004,Male,21.36
EUR,Europe,SWE,Sweden,2005,Female,82.46
EUR,Europe,SWE,Sweden,2005,Female,24.57
EUR,Europe,SWE,Sweden,2005,Male,78.31
EUR,Europe,SWE,Sweden,2005,Male,21.33
EUR,Europe,SWE,Sweden,2006,Female,82.6
EUR,Europe,SWE,Sweden,2006,Female,24.69
EUR,Europe,SWE,Sweden,2006,Male,78.59
EUR,Europe,SWE,Sweden,2006,Male,21.6
EUR,Europe,SWE,Sweden,2007,Female,82.66
EUR,Europe,SWE,Sweden,2007,Female,24.66
EUR,Europe,SWE,Sweden,2007,Male,78.82
EUR,Europe,SWE,Sweden,2007,Male,21.8
EUR,Europe,SWE,Sweden,2008,Female,82.81
EUR,Europe,SWE,Sweden,2008,Female,24.82
EUR,Europe,SWE,Sweden,2008,Male,78.99
EUR,Europe,SWE,Sweden,2008,Male,21.91
EUR,Europe,SWE,Sweden,2009,Female,83.01
EUR,Europe,SWE,Sweden,2009,Female,25.0
EUR,Europe,SWE,Sweden,2009,Male,79.22
EUR,Europe,SWE,Sweden,2009,Male,22.16
EUR,Europe,SWE,Sweden,2010,Female,83.15
EUR,Europe,SWE,Sweden,2010,Female,25.0
EUR,Europe,SWE,Sweden,2010,Male,79.41
EUR,Europe,SWE,Sweden,2010,Male,22.2
EUR,Europe,SWE,Sweden,2011,Female,83.32
EUR,Europe,SWE,Sweden,2011,Female,25.17
EUR,Europe,SWE,Sweden,2011,Male,79.68
EUR,Europe,SWE,Sweden,2011,Male,22.41
EUR,Europe,SWE,Sweden,2012,Female,83.16
EUR,Europe,SWE,Sweden,2012,Female,25.02
EUR,Europe,SWE,Sweden,2012,Male,79.72
EUR,Europe,SWE,Sweden,2012,Male,22.44
EUR,Europe,SWE,Sweden,2013,Female,83.31
EUR,Europe,SWE,Sweden,2013,Female,25.18
EUR,Europe,SWE,Sweden,2013,Male,79.93
EUR,Europe,SWE,Sweden,2013,Male,22.65
EUR,Europe,SWE,Sweden,2014,Female,83.63
EUR,Europe,SWE,Sweden,2014,Female,25.43
EUR,Europe,SWE,Sweden,2014,Male,80.19
EUR,Europe,SWE,Sweden,2014,Male,22.86
EUR,Europe,SWE,Sweden,2015,Female,83.5
EUR,Europe,SWE,Sweden,2015,Female,25.25
EUR,Europe,SWE,Sweden,2015,Male,79.97
EUR,Europe,SWE,Sweden,2015,Male,22.7
EUR,Europe,SWE,Sweden,2016,Female,83.63
EUR,Europe,SWE,Sweden,2016,Female,25.39
EUR,Europe,SWE,Sweden,2016,Male,80.37
EUR,Europe,SWE,Sweden,2016,Male,22.98
EUR,Europe,SWE,Sweden,2017,Female,83.64
EUR,Europe,SWE,Sweden,2017,Female,25.36
EUR,Europe,SWE,Sweden,2017,Male,80.5
EUR,Europe,SWE,Sweden,2017,Male,23.12
EUR,Europe,SWE,Sweden,2018,Female,83.78
EUR,Europe,SWE,Sweden,2018,Female,25.47
EUR,Europe,SWE,Sweden,2018,Male,80.61
EUR,Europe,SWE,Sweden,2018,Male,23.15
EUR,Europe,SWE,Sweden,2019,Female,84.24
EUR,Europe,SWE,Sweden,2019,Female,25.91
EUR,Europe,SWE,Sweden,2019,Male,81.17
EUR,Europe,SWE,Sweden,2019,Male,23.57
EUR,Europe,SWE,Sweden,2020,Female,83.79
EUR,Europe,SWE,Sweden,2020,Female,25.39
EUR,Europe,SWE,Sweden,2020,Male,80.39
EUR,Europe,SWE,Sweden,2020,Male,22.88
EUR,Europe,SWE,Sweden,2021,Female,84.31
EUR,Europe,SWE,Sweden,2021,Female,25.92
EUR,Europe,SWE,Sweden,2021,Male,81.02
EUR,Europe,SWE,Sweden,2021,Male,23.45
EUR,Europe,CHE,Switzerland,2000,Female,82.34
EUR,Europe,CHE,Switzerland,2000,Female,24.8
EUR,Europe,CHE,Switzerland,2000,Male,76.9
EUR,Europe,CHE,Switzerland,2000,Male,20.84
EUR,Europe,CHE,Switzerland,2001,Female,82.71
EUR,Europe,CHE,Switzerland,2001,Female,25.12
EUR,Europe,CHE,Switzerland,2001,Male,77.29
EUR,Europe,CHE,Switzerland,2001,Male,21.12
EUR,Europe,CHE,Switzerland,2002,Female,82.81
EUR,Europe,CHE,Switzerland,2002,Female,25.2
EUR,Europe,CHE,Switzerland,2002,Male,77.81
EUR,Europe,CHE,Switzerland,2002,Male,21.49
EUR,Europe,CHE,Switzerland,2003,Female,82.76
EUR,Europe,CHE,Switzerland,2003,Female,25.04
EUR,Europe,CHE,Switzerland,2003,Male,77.86
EUR,Europe,CHE,Switzerland,2003,Male,21.42
EUR,Europe,CHE,Switzerland,2004,Female,83.26
EUR,Europe,CHE,Switzerland,2004,Female,25.48
EUR,Europe,CHE,Switzerland,2004,Male,78.43
EUR,Europe,CHE,Switzerland,2004,Male,21.96
EUR,Europe,CHE,Switzerland,2005,Female,83.47
EUR,Europe,CHE,Switzerland,2005,Female,25.59
EUR,Europe,CHE,Switzerland,2005,Male,78.57
EUR,Europe,CHE,Switzerland,2005,Male,21.96
EUR,Europe,CHE,Switzerland,2006,Female,83.62
EUR,Europe,CHE,Switzerland,2006,Female,25.82
EUR,Europe,CHE,Switzerland,2006,Male,79.0
EUR,Europe,CHE,Switzerland,2006,Male,22.31
EUR,Europe,CHE,Switzerland,2007,Female,83.76
EUR,Europe,CHE,Switzerland,2007,Female,25.89
EUR,Europe,CHE,Switzerland,2007,Male,79.25
EUR,Europe,CHE,Switzerland,2007,Male,22.39
EUR,Europe,CHE,Switzerland,2008,Female,83.97
EUR,Europe,CHE,Switzerland,2008,Female,25.97
EUR,Europe,CHE,Switzerland,2008,Male,79.57
EUR,Europe,CHE,Switzerland,2008,Male,22.66
EUR,Europe,CHE,Switzerland,2009,Female,83.99
EUR,Europe,CHE,Switzerland,2009,Female,25.99
EUR,Europe,CHE,Switzerland,2009,Male,79.63
EUR,Europe,CHE,Switzerland,2009,Male,22.77
EUR,Europe,CHE,Switzerland,2010,Female,84.18
EUR,Europe,CHE,Switzerland,2010,Female,26.19
EUR,Europe,CHE,Switzerland,2010,Male,80.03
EUR,Europe,CHE,Switzerland,2010,Male,22.86
EUR,Europe,CHE,Switzerland,2011,Female,84.36
EUR,Europe,CHE,Switzerland,2011,Female,26.27
EUR,Europe,CHE,Switzerland,2011,Male,80.21
EUR,Europe,CHE,Switzerland,2011,Male,23.04
EUR,Europe,CHE,Switzerland,2012,Female,84.27
EUR,Europe,CHE,Switzerland,2012,Female,26.13
EUR,Europe,CHE,Switzerland,2012,Male,80.37
EUR,Europe,CHE,Switzerland,2012,Male,23.08
EUR,Europe,CHE,Switzerland,2013,Female,84.4
EUR,Europe,CHE,Switzerland,2013,Female,26.2
EUR,Europe,CHE,Switzerland,2013,Male,80.42
EUR,Europe,CHE,Switzerland,2013,Male,23.2
EUR,Europe,CHE,Switzerland,2014,Female,84.73
EUR,Europe,CHE,Switzerland,2014,Female,26.48
EUR,Europe,CHE,Switzerland,2014,Male,80.84
EUR,Europe,CHE,Switzerland,2014,Male,23.48
EUR,Europe,CHE,Switzerland,2015,Female,84.5
EUR,Europe,CHE,Switzerland,2015,Female,26.24
EUR,Europe,CHE,Switzerland,2015,Male,80.58
EUR,Europe,CHE,Switzerland,2015,Male,23.24
EUR,Europe,CHE,Switzerland,2016,Female,84.82
EUR,Europe,CHE,Switzerland,2016,Female,26.59
EUR,Europe,CHE,Switzerland,2016,Male,81.39
EUR,Europe,CHE,Switzerland,2016,Male,23.8
EUR,Europe,CHE,Switzerland,2017,Female,84.95
EUR,Europe,CHE,Switzerland,2017,Female,26.58
EUR,Europe,CHE,Switzerland,2017,Male,81.24
EUR,Europe,CHE,Switzerland,2017,Male,23.8
EUR,Europe,CHE,Switzerland,2018,Female,84.96
EUR,Europe,CHE,Switzerland,2018,Female,26.66
EUR,Europe,CHE,Switzerland,2018,Male,81.53
EUR,Europe,CHE,Switzerland,2018,Male,23.99
EUR,Europe,CHE,Switzerland,2019,Female,85.12
EUR,Europe,CHE,Switzerland,2019,Female,26.68
EUR,Europe,CHE,Switzerland,2019,Male,81.76
EUR,Europe,CHE,Switzerland,2019,Male,24.09
EUR,Europe,CHE,Switzerland,2020,Female,84.6
EUR,Europe,CHE,Switzerland,2020,Female,26.19
EUR,Europe,CHE,Switzerland,2020,Male,80.82
EUR,Europe,CHE,Switzerland,2020,Male,23.25
EUR,Europe,CHE,Switzerland,2021,Female,85.11
EUR,Europe,CHE,Switzerland,2021,Female,26.69
EUR,Europe,CHE,Switzerland,2021,Male,81.48
EUR,Europe,CHE,Switzerland,2021,Male,23.89
EMR,Eastern Mediterranean,SYR,Syrian Arab Republic,2000,Female,72.42
EMR,Eastern Mediterranean,SYR,Syrian Arab Republic,2000,Female,17.74
EMR,Eastern Mediterranean,SYR,Syrian Arab Republic,2000,Male,70.02
EMR,Eastern Mediterranean,SYR,Syrian Arab Republic,2000,Male,17.11
EMR,Eastern Mediterranean,SYR,Syrian Arab Republic,2001,Female,73.07
EMR,Eastern Mediterranean,SYR,Syrian Arab Republic,2001,Female,18.1
EMR,Eastern Mediterranean,SYR,Syrian Arab Republic,2001,Male,70.74
EMR,Eastern Mediterranean,SYR,Syrian Arab Republic,2001,Male,17.53
EMR,Eastern Mediterranean,SYR,Syrian Arab Republic,2002,Female,73.34
EMR,Eastern Mediterranean,SYR,Syrian Arab Republic,2002,Female,18.2
EMR,Eastern Mediterranean,SYR,Syrian Arab Republic,2002,Male,70.93
EMR,Eastern Mediterranean,SYR,Syrian Arab Republic,2002,Male,17.58
EMR,Eastern Mediterranean,SYR,Syrian Arab Republic,2003,Female,74.0
EMR,Eastern Mediterranean,SYR,Syrian Arab Republic,2003,Female,18.64
EMR,Eastern Mediterranean,SYR,Syrian Arab Republic,2003,Male,71.59
EMR,Eastern Mediterranean,SYR,Syrian Arab Republic,2003,Male,18.08
EMR,Eastern Mediterranean,SYR,Syrian Arab Republic,2004,Female,74.18
EMR,Eastern Mediterranean,SYR,Syrian Arab Republic,2004,Female,18.8
EMR,Eastern Mediterranean,SYR,Syrian Arab Republic,2004,Male,71.87
EMR,Eastern Mediterranean,SYR,Syrian Arab Republic,2004,Male,18.3
EMR,Eastern Mediterranean,SYR,Syrian Arab Republic,2005,Female,74.58
EMR,Eastern Mediterranean,SYR,Syrian Arab Republic,2005,Female,19.04
EMR,Eastern Mediterranean,SYR,Syrian Arab Republic,2005,Male,72.14
EMR,Eastern Mediterranean,SYR,Syrian Arab Republic,2005,Male,18.46
EMR,Eastern Mediterranean,SYR,Syrian Arab Republic,2006,Female,74.78
EMR,Eastern Mediterranean,SYR,Syrian Arab Republic,2006,Female,19.15
EMR,Eastern Mediterranean,SYR,Syrian Arab Republic,2006,Male,72.2
EMR,Eastern Mediterranean,SYR,Syrian Arab Republic,2006,Male,18.55
EMR,Eastern Mediterranean,SYR,Syrian Arab Republic,2007,Female,75.08
EMR,Eastern Mediterranean,SYR,Syrian Arab Republic,2007,Female,19.29
EMR,Eastern Mediterranean,SYR,Syrian Arab Republic,2007,Male,72.35
EMR,Eastern Mediterranean,SYR,Syrian Arab Republic,2007,Male,18.46
EMR,Eastern Mediterranean,SYR,Syrian Arab Republic,2008,Female,75.14
EMR,Eastern Mediterranean,SYR,Syrian Arab Republic,2008,Female,19.33
EMR,Eastern Mediterranean,SYR,Syrian Arab Republic,2008,Male,72.11
EMR,Eastern Mediterranean,SYR,Syrian Arab Republic,2008,Male,18.11
EMR,Eastern Mediterranean,SYR,Syrian Arab Republic,2009,Female,75.26
EMR,Eastern Mediterranean,SYR,Syrian Arab Republic,2009,Female,19.4
EMR,Eastern Mediterranean,SYR,Syrian Arab Republic,2009,Male,72.36
EMR,Eastern Mediterranean,SYR,Syrian Arab Republic,2009,Male,18.24
EMR,Eastern Mediterranean,SYR,Syrian Arab Republic,2010,Female,75.16
EMR,Eastern Mediterranean,SYR,Syrian Arab Republic,2010,Female,19.28
EMR,Eastern Mediterranean,SYR,Syrian Arab Republic,2010,Male,72.51
EMR,Eastern Mediterranean,SYR,Syrian Arab Republic,2010,Male,18.34
EMR,Eastern Mediterranean,SYR,Syrian Arab Republic,2011,Female,74.18
EMR,Eastern Mediterranean,SYR,Syrian Arab Republic,2011,Female,19.21
EMR,Eastern Mediterranean,SYR,Syrian Arab Republic,2011,Male,69.84
EMR,Eastern Mediterranean,SYR,Syrian Arab Republic,2011,Male,18.28
EMR,Eastern Mediterranean,SYR,Syrian Arab Republic,2012,Female,70.45
EMR,Eastern Mediterranean,SYR,Syrian Arab Republic,2012,Female,19.1
EMR,Eastern Mediterranean,SYR,Syrian Arab Republic,2012,Male,60.34
EMR,Eastern Mediterranean,SYR,Syrian Arab Republic,2012,Male,17.98
EMR,Eastern Mediterranean,SYR,Syrian Arab Republic,2013,Female,70.03
EMR,Eastern Mediterranean,SYR,Syrian Arab Republic,2013,Female,19.12
EMR,Eastern Mediterranean,SYR,Syrian Arab Republic,2013,Male,60.13
EMR,Eastern Mediterranean,SYR,Syrian Arab Republic,2013,Male,18.04
EMR,Eastern Mediterranean,SYR,Syrian Arab Republic,2014,Female,68.95
EMR,Eastern Mediterranean,SYR,Syrian Arab Republic,2014,Female,18.95
EMR,Eastern Mediterranean,SYR,Syrian Arab Republic,2014,Male,53.42
EMR,Eastern Mediterranean,SYR,Syrian Arab Republic,2014,Male,17.83
EMR,Eastern Mediterranean,SYR,Syrian Arab Republic,2015,Female,69.34
EMR,Eastern Mediterranean,SYR,Syrian Arab Republic,2015,Female,19.06
EMR,Eastern Mediterranean,SYR,Syrian Arab Republic,2015,Male,52.85
EMR,Eastern Mediterranean,SYR,Syrian Arab Republic,2015,Male,17.94
EMR,Eastern Mediterranean,SYR,Syrian Arab Republic,2016,Female,70.32
EMR,Eastern Mediterranean,SYR,Syrian Arab Republic,2016,Female,19.07
EMR,Eastern Mediterranean,SYR,Syrian Arab Republic,2016,Male,52.45
EMR,Eastern Mediterranean,SYR,Syrian Arab Republic,2016,Male,17.92
EMR,Eastern Mediterranean,SYR,Syrian Arab Republic,2017,Female,69.95
EMR,Eastern Mediterranean,SYR,Syrian Arab Republic,2017,Female,19.07
EMR,Eastern Mediterranean,SYR,Syrian Arab Republic,2017,Male,51.25
EMR,Eastern Mediterranean,SYR,Syrian Arab Republic,2017,Male,17.88
EMR,Eastern Mediterranean,SYR,Syrian Arab Republic,2018,Female,71.13
EMR,Eastern Mediterranean,SYR,Syrian Arab Republic,2018,Female,19.2
EMR,Eastern Mediterranean,SYR,Syrian Arab Republic,2018,Male,58.68
EMR,Eastern Mediterranean,SYR,Syrian Arab Republic,2018,Male,18.07
EMR,Eastern Mediterranean,SYR,Syrian Arab Republic,2019,Female,73.49
EMR,Eastern Mediterranean,SYR,Syrian Arab Republic,2019,Female,19.31
EMR,Eastern Mediterranean,SYR,Syrian Arab Republic,2019,Male,65.37
EMR,Eastern Mediterranean,SYR,Syrian Arab Republic,2019,Male,18.19
EMR,Eastern Mediterranean,SYR,Syrian Arab Republic,2020,Female,74.54
EMR,Eastern Mediterranean,SYR,Syrian Arab Republic,2020,Female,19.28
EMR,Eastern Mediterranean,SYR,Syrian Arab Republic,2020,Male,69.57
EMR,Eastern Mediterranean,SYR,Syrian Arab Republic,2020,Male,17.63
EMR,Eastern Mediterranean,SYR,Syrian Arab Republic,2021,Female,74.39
EMR,Eastern Mediterranean,SYR,Syrian Arab Republic,2021,Female,19.06
EMR,Eastern Mediterranean,SYR,Syrian Arab Republic,2021,Male,70.56
EMR,Eastern Mediterranean,SYR,Syrian Arab Republic,2021,Male,17.65
EUR,Europe,TJK,Tajikistan,2000,Female,67.96
EUR,Europe,TJK,Tajikistan,2000,Female,18.16
EUR,Europe,TJK,Tajikistan,2000,Male,63.38
EUR,Europe,TJK,Tajikistan,2000,Male,16.49
EUR,Europe,TJK,Tajikistan,2001,Female,68.47
EUR,Europe,TJK,Tajikistan,2001,Female,18.09
EUR,Europe,TJK,Tajikistan,2001,Male,64.29
EUR,Europe,TJK,Tajikistan,2001,Male,16.41
EUR,Europe,TJK,Tajikistan,2002,Female,69.03
EUR,Europe,TJK,Tajikistan,2002,Female,17.94
EUR,Europe,TJK,Tajikistan,2002,Male,64.93
EUR,Europe,TJK,Tajikistan,2002,Male,16.26
EUR,Europe,TJK,Tajikistan,2003,Female,69.55
EUR,Europe,TJK,Tajikistan,2003,Female,17.83
EUR,Europe,TJK,Tajikistan,2003,Male,65.66
EUR,Europe,TJK,Tajikistan,2003,Male,16.29
EUR,Europe,TJK,Tajikistan,2004,Female,69.97
EUR,Europe,TJK,Tajikistan,2004,Female,17.72
EUR,Europe,TJK,Tajikistan,2004,Male,66.1
EUR,Europe,TJK,Tajikistan,2004,Male,16.22
EUR,Europe,TJK,Tajikistan,2005,Female,70.15
EUR,Europe,TJK,Tajikistan,2005,Female,17.55
EUR,Europe,TJK,Tajikistan,2005,Male,66.28
EUR,Europe,TJK,Tajikistan,2005,Male,16.01
EUR,Europe,TJK,Tajikistan,2006,Female,70.46
EUR,Europe,TJK,Tajikistan,2006,Female,17.48
EUR,Europe,TJK,Tajikistan,2006,Male,66.63
EUR,Europe,TJK,Tajikistan,2006,Male,16.0
EUR,Europe,TJK,Tajikistan,2007,Female,70.6
EUR,Europe,TJK,Tajikistan,2007,Female,17.28
EUR,Europe,TJK,Tajikistan,2007,Male,66.86
EUR,Europe,TJK,Tajikistan,2007,Male,15.9
EUR,Europe,TJK,Tajikistan,2008,Female,70.99
EUR,Europe,TJK,Tajikistan,2008,Female,17.42
EUR,Europe,TJK,Tajikistan,2008,Male,67.21
EUR,Europe,TJK,Tajikistan,2008,Male,15.96
EUR,Europe,TJK,Tajikistan,2009,Female,71.26
EUR,Europe,TJK,Tajikistan,2009,Female,17.53
EUR,Europe,TJK,Tajikistan,2009,Male,67.55
EUR,Europe,TJK,Tajikistan,2009,Male,16.09
EUR,Europe,TJK,Tajikistan,2010,Female,71.85
EUR,Europe,TJK,Tajikistan,2010,Female,18.03
EUR,Europe,TJK,Tajikistan,2010,Male,68.11
EUR,Europe,TJK,Tajikistan,2010,Male,16.62
EUR,Europe,TJK,Tajikistan,2011,Female,72.35
EUR,Europe,TJK,Tajikistan,2011,Female,18.4
EUR,Europe,TJK,Tajikistan,2011,Male,68.62
EUR,Europe,TJK,Tajikistan,2011,Male,16.96
EUR,Europe,TJK,Tajikistan,2012,Female,72.89
EUR,Europe,TJK,Tajikistan,2012,Female,18.86
EUR,Europe,TJK,Tajikistan,2012,Male,69.16
EUR,Europe,TJK,Tajikistan,2012,Male,17.4
EUR,Europe,TJK,Tajikistan,2013,Female,73.67
EUR,Europe,TJK,Tajikistan,2013,Female,19.6
EUR,Europe,TJK,Tajikistan,2013,Male,69.95
EUR,Europe,TJK,Tajikistan,2013,Male,18.14
EUR,Europe,TJK,Tajikistan,2014,Female,73.89
EUR,Europe,TJK,Tajikistan,2014,Female,19.73
EUR,Europe,TJK,Tajikistan,2014,Male,70.24
EUR,Europe,TJK,Tajikistan,2014,Male,18.31
EUR,Europe,TJK,Tajikistan,2015,Female,74.18
EUR,Europe,TJK,Tajikistan,2015,Female,19.91
EUR,Europe,TJK,Tajikistan,2015,Male,70.65
EUR,Europe,TJK,Tajikistan,2015,Male,18.58
EUR,Europe,TJK,Tajikistan,2016,Female,74.46
EUR,Europe,TJK,Tajikistan,2016,Female,20.12
EUR,Europe,TJK,Tajikistan,2016,Male,71.06
EUR,Europe,TJK,Tajikistan,2016,Male,18.83
EUR,Europe,TJK,Tajikistan,2017,Female,74.82
EUR,Europe,TJK,Tajikistan,2017,Female,20.33
EUR,Europe,TJK,Tajikistan,2017,Male,71.61
EUR,Europe,TJK,Tajikistan,2017,Male,19.19
EUR,Europe,TJK,Tajikistan,2018,Female,75.13
EUR,Europe,TJK,Tajikistan,2018,Female,20.51
EUR,Europe,TJK,Tajikistan,2018,Male,71.91
EUR,Europe,TJK,Tajikistan,2018,Male,19.37
EUR,Europe,TJK,Tajikistan,2019,Female,75.37
EUR,Europe,TJK,Tajikistan,2019,Female,20.62
EUR,Europe,TJK,Tajikistan,2019,Male,72.28
EUR,Europe,TJK,Tajikistan,2019,Male,19.57
EUR,Europe,TJK,Tajikistan,2020,Female,72.62
EUR,Europe,TJK,Tajikistan,2020,Female,18.2
EUR,Europe,TJK,Tajikistan,2020,Male,68.61
EUR,Europe,TJK,Tajikistan,2020,Male,16.23
EUR,Europe,TJK,Tajikistan,2021,Female,73.5
EUR,Europe,TJK,Tajikistan,2021,Female,19.0
EUR,Europe,TJK,Tajikistan,2021,Male,70.17
EUR,Europe,TJK,Tajikistan,2021,Male,17.76
SEAR,South-East Asia,THA,Thailand,2000,Female,74.82
SEAR,South-East Asia,THA,Thailand,2000,Female,21.71
SEAR,South-East Asia,THA,Thailand,2000,Male,67.34
SEAR,South-East Asia,THA,Thailand,2000,Male,19.63
SEAR,South-East Asia,THA,Thailand,2001,Female,75.47
SEAR,South-East Asia,THA,Thailand,2001,Female,22.12
SEAR,South-East Asia,THA,Thailand,2001,Male,68.11
SEAR,South-East Asia,THA,Thailand,2001,Male,19.96
SEAR,South-East Asia,THA,Thailand,2002,Female,75.36
SEAR,South-East Asia,THA,Thailand,2002,Female,21.97
SEAR,South-East Asia,THA,Thailand,2002,Male,68.2
SEAR,South-East Asia,THA,Thailand,2002,Male,19.86
SEAR,South-East Asia,THA,Thailand,2003,Female,75.68
SEAR,South-East Asia,THA,Thailand,2003,Female,22.03
SEAR,South-East Asia,THA,Thailand,2003,Male,68.52
SEAR,South-East Asia,THA,Thailand,2003,Male,19.93
SEAR,South-East Asia,THA,Thailand,2004,Female,75.5
SEAR,South-East Asia,THA,Thailand,2004,Female,21.81
SEAR,South-East Asia,THA,Thailand,2004,Male,68.7
SEAR,South-East Asia,THA,Thailand,2004,Male,19.79
SEAR,South-East Asia,THA,Thailand,2005,Female,76.31
SEAR,South-East Asia,THA,Thailand,2005,Female,22.01
SEAR,South-East Asia,THA,Thailand,2005,Male,69.48
SEAR,South-East Asia,THA,Thailand,2005,Male,19.98
SEAR,South-East Asia,THA,Thailand,2006,Female,76.79
SEAR,South-East Asia,THA,Thailand,2006,Female,22.21
SEAR,South-East Asia,THA,Thailand,2006,Male,70.14
SEAR,South-East Asia,THA,Thailand,2006,Male,20.22
SEAR,South-East Asia,THA,Thailand,2007,Female,77.24
SEAR,South-East Asia,THA,Thailand,2007,Female,22.44
SEAR,South-East Asia,THA,Thailand,2007,Male,70.73
SEAR,South-East Asia,THA,Thailand,2007,Male,20.43
SEAR,South-East Asia,THA,Thailand,2008,Female,77.71
SEAR,South-East Asia,THA,Thailand,2008,Female,22.69
SEAR,South-East Asia,THA,Thailand,2008,Male,71.31
SEAR,South-East Asia,THA,Thailand,2008,Male,20.65
SEAR,South-East Asia,THA,Thailand,2009,Female,78.26
SEAR,South-East Asia,THA,Thailand,2009,Female,23.02
SEAR,South-East Asia,THA,Thailand,2009,Male,71.93
SEAR,South-East Asia,THA,Thailand,2009,Male,20.95
SEAR,South-East Asia,THA,Thailand,2010,Female,78.52
SEAR,South-East Asia,THA,Thailand,2010,Female,23.18
SEAR,South-East Asia,THA,Thailand,2010,Male,72.14
SEAR,South-East Asia,THA,Thailand,2010,Male,21.07
SEAR,South-East Asia,THA,Thailand,2011,Female,79.02
SEAR,South-East Asia,THA,Thailand,2011,Female,23.58
SEAR,South-East Asia,THA,Thailand,2011,Male,72.5
SEAR,South-East Asia,THA,Thailand,2011,Male,21.41
SEAR,South-East Asia,THA,Thailand,2012,Female,79.54
SEAR,South-East Asia,THA,Thailand,2012,Female,24.01
SEAR,South-East Asia,THA,Thailand,2012,Male,72.9
SEAR,South-East Asia,THA,Thailand,2012,Male,21.78
SEAR,South-East Asia,THA,Thailand,2013,Female,79.93
SEAR,South-East Asia,THA,Thailand,2013,Female,24.33
SEAR,South-East Asia,THA,Thailand,2013,Male,73.23
SEAR,South-East Asia,THA,Thailand,2013,Male,22.08
SEAR,South-East Asia,THA,Thailand,2014,Female,80.16
SEAR,South-East Asia,THA,Thailand,2014,Female,24.51
SEAR,South-East Asia,THA,Thailand,2014,Male,73.43
SEAR,South-East Asia,THA,Thailand,2014,Male,22.26
SEAR,South-East Asia,THA,Thailand,2015,Female,80.43
SEAR,South-East Asia,THA,Thailand,2015,Female,24.71
SEAR,South-East Asia,THA,Thailand,2015,Male,73.6
SEAR,South-East Asia,THA,Thailand,2015,Male,22.42
SEAR,South-East Asia,THA,Thailand,2016,Female,80.52
SEAR,South-East Asia,THA,Thailand,2016,Female,24.77
SEAR,South-East Asia,THA,Thailand,2016,Male,73.56
SEAR,South-East Asia,THA,Thailand,2016,Male,22.42
SEAR,South-East Asia,THA,Thailand,2017,Female,80.79
SEAR,South-East Asia,THA,Thailand,2017,Female,24.95
SEAR,South-East Asia,THA,Thailand,2017,Male,73.75
SEAR,South-East Asia,THA,Thailand,2017,Male,22.51
SEAR,South-East Asia,THA,Thailand,2018,Female,80.74
SEAR,South-East Asia,THA,Thailand,2018,Female,24.85
SEAR,South-East Asia,THA,Thailand,2018,Male,73.64
SEAR,South-East Asia,THA,Thailand,2018,Male,22.29
SEAR,South-East Asia,THA,Thailand,2019,Female,80.64
SEAR,South-East Asia,THA,Thailand,2019,Female,24.74
SEAR,South-East Asia,THA,Thailand,2019,Male,73.3
SEAR,South-East Asia,THA,Thailand,2019,Male,21.99
SEAR,South-East Asia,THA,Thailand,2020,Female,79.91
SEAR,South-East Asia,THA,Thailand,2020,Female,24.26
SEAR,South-East Asia,THA,Thailand,2020,Male,73.24
SEAR,South-East Asia,THA,Thailand,2020,Male,22.84
SEAR,South-East Asia,THA,Thailand,2021,Female,78.97
SEAR,South-East Asia,THA,Thailand,2021,Female,23.63
SEAR,South-East Asia,THA,Thailand,2021,Male,71.76
SEAR,South-East Asia,THA,Thailand,2021,Male,21.78
SEAR,South-East Asia,TLS,Timor-Leste,2000,Female,63.31
SEAR,South-East Asia,TLS,Timor-Leste,2000,Female,17.77
SEAR,South-East Asia,TLS,Timor-Leste,2000,Male,62.47
SEAR,South-East Asia,TLS,Timor-Leste,2000,Male,18.11
SEAR,South-East Asia,TLS,Timor-Leste,2001,Female,63.94
SEAR,South-East Asia,TLS,Timor-Leste,2001,Female,17.93
SEAR,South-East Asia,TLS,Timor-Leste,2001,Male,62.93
SEAR,South-East Asia,TLS,Timor-Leste,2001,Male,18.16
SEAR,South-East Asia,TLS,Timor-Leste,2002,Female,64.57
SEAR,South-East Asia,TLS,Timor-Leste,2002,Female,18.08
SEAR,South-East Asia,TLS,Timor-Leste,2002,Male,63.32
SEAR,South-East Asia,TLS,Timor-Leste,2002,Male,18.18
SEAR,South-East Asia,TLS,Timor-Leste,2003,Female,65.17
SEAR,South-East Asia,TLS,Timor-Leste,2003,Female,18.2
SEAR,South-East Asia,TLS,Timor-Leste,2003,Male,63.9
SEAR,South-East Asia,TLS,Timor-Leste,2003,Male,18.16
SEAR,South-East Asia,TLS,Timor-Leste,2004,Female,65.79
SEAR,South-East Asia,TLS,Timor-Leste,2004,Female,18.32
SEAR,South-East Asia,TLS,Timor-Leste,2004,Male,64.47
SEAR,South-East Asia,TLS,Timor-Leste,2004,Male,18.15
SEAR,South-East Asia,TLS,Timor-Leste,2005,Female,66.46
SEAR,South-East Asia,TLS,Timor-Leste,2005,Female,18.42
SEAR,South-East Asia,TLS,Timor-Leste,2005,Male,64.95
SEAR,South-East Asia,TLS,Timor-Leste,2005,Male,18.12
SEAR,South-East Asia,TLS,Timor-Leste,2006,Female,66.92
SEAR,South-East Asia,TLS,Timor-Leste,2006,Female,18.48
SEAR,South-East Asia,TLS,Timor-Leste,2006,Male,65.12
SEAR,South-East Asia,TLS,Timor-Leste,2006,Male,18.09
SEAR,South-East Asia,TLS,Timor-Leste,2007,Female,67.3
SEAR,South-East Asia,TLS,Timor-Leste,2007,Female,18.53
SEAR,South-East Asia,TLS,Timor-Leste,2007,Male,65.42
SEAR,South-East Asia,TLS,Timor-Leste,2007,Male,18.07
SEAR,South-East Asia,TLS,Timor-Leste,2008,Female,67.55
SEAR,South-East Asia,TLS,Timor-Leste,2008,Female,18.54
SEAR,South-East Asia,TLS,Timor-Leste,2008,Male,65.67
SEAR,South-East Asia,TLS,Timor-Leste,2008,Male,18.0
SEAR,South-East Asia,TLS,Timor-Leste,2009,Female,67.68
SEAR,South-East Asia,TLS,Timor-Leste,2009,Female,18.53
SEAR,South-East Asia,TLS,Timor-Leste,2009,Male,65.67
SEAR,South-East Asia,TLS,Timor-Leste,2009,Male,17.87
SEAR,South-East Asia,TLS,Timor-Leste,2010,Female,68.17
SEAR,South-East Asia,TLS,Timor-Leste,2010,Female,18.65
SEAR,South-East Asia,TLS,Timor-Leste,2010,Male,65.92
SEAR,South-East Asia,TLS,Timor-Leste,2010,Male,17.81
SEAR,South-East Asia,TLS,Timor-Leste,2011,Female,68.52
SEAR,South-East Asia,TLS,Timor-Leste,2011,Female,18.64
SEAR,South-East Asia,TLS,Timor-Leste,2011,Male,66.13
SEAR,South-East Asia,TLS,Timor-Leste,2011,Male,17.7
SEAR,South-East Asia,TLS,Timor-Leste,2012,Female,68.78
SEAR,South-East Asia,TLS,Timor-Leste,2012,Female,18.66
SEAR,South-East Asia,TLS,Timor-Leste,2012,Male,66.21
SEAR,South-East Asia,TLS,Timor-Leste,2012,Male,17.59
SEAR,South-East Asia,TLS,Timor-Leste,2013,Female,68.84
SEAR,South-East Asia,TLS,Timor-Leste,2013,Female,18.58
SEAR,South-East Asia,TLS,Timor-Leste,2013,Male,66.17
SEAR,South-East Asia,TLS,Timor-Leste,2013,Male,17.42
SEAR,South-East Asia,TLS,Timor-Leste,2014,Female,68.92
SEAR,South-East Asia,TLS,Timor-Leste,2014,Female,18.5
SEAR,South-East Asia,TLS,Timor-Leste,2014,Male,66.14
SEAR,South-East Asia,TLS,Timor-Leste,2014,Male,17.26
SEAR,South-East Asia,TLS,Timor-Leste,2015,Female,69.35
SEAR,South-East Asia,TLS,Timor-Leste,2015,Female,18.72
SEAR,South-East Asia,TLS,Timor-Leste,2015,Male,66.42
SEAR,South-East Asia,TLS,Timor-Leste,2015,Male,17.38
SEAR,South-East Asia,TLS,Timor-Leste,2016,Female,69.63
SEAR,South-East Asia,TLS,Timor-Leste,2016,Female,18.75
SEAR,South-East Asia,TLS,Timor-Leste,2016,Male,66.62
SEAR,South-East Asia,TLS,Timor-Leste,2016,Male,17.39
SEAR,South-East Asia,TLS,Timor-Leste,2017,Female,69.8
SEAR,South-East Asia,TLS,Timor-Leste,2017,Female,18.74
SEAR,South-East Asia,TLS,Timor-Leste,2017,Male,66.77
SEAR,South-East Asia,TLS,Timor-Leste,2017,Male,17.35
SEAR,South-East Asia,TLS,Timor-Leste,2018,Female,69.95
SEAR,South-East Asia,TLS,Timor-Leste,2018,Female,18.71
SEAR,South-East Asia,TLS,Timor-Leste,2018,Male,66.89
SEAR,South-East Asia,TLS,Timor-Leste,2018,Male,17.31
SEAR,South-East Asia,TLS,Timor-Leste,2019,Female,70.08
SEAR,South-East Asia,TLS,Timor-Leste,2019,Female,18.65
SEAR,South-East Asia,TLS,Timor-Leste,2019,Male,67.02
SEAR,South-East Asia,TLS,Timor-Leste,2019,Male,17.25
SEAR,South-East Asia,TLS,Timor-Leste,2020,Female,70.72
SEAR,South-East Asia,TLS,Timor-Leste,2020,Female,19.02
SEAR,South-East Asia,TLS,Timor-Leste,2020,Male,67.25
SEAR,South-East Asia,TLS,Timor-Leste,2020,Male,17.1
SEAR,South-East Asia,TLS,Timor-Leste,2021,Female,69.56
SEAR,South-East Asia,TLS,Timor-Leste,2021,Female,18.15
SEAR,South-East Asia,TLS,Timor-Leste,2021,Male,66.53
SEAR,South-East Asia,TLS,Timor-Leste,2021,Male,16.74
AFR,Africa,TGO,Togo,2000,Female,58.02
AFR,Africa,TGO,Togo,2000,Female,16.67
AFR,Africa,TGO,Togo,2000,Male,54.25
AFR,Africa,TGO,Togo,2000,Male,13.86
AFR,Africa,TGO,Togo,2001,Female,58.02
AFR,Africa,TGO,Togo,2001,Female,16.62
AFR,Africa,TGO,Togo,2001,Male,54.32
AFR,Africa,TGO,Togo,2001,Male,13.79
AFR,Africa,TGO,Togo,2002,Female,58.09
AFR,Africa,TGO,Togo,2002,Female,16.59
AFR,Africa,TGO,Togo,2002,Male,54.46
AFR,Africa,TGO,Togo,2002,Male,13.77
AFR,Africa,TGO,Togo,2003,Female,58.32
AFR,Africa,TGO,Togo,2003,Female,16.62
AFR,Africa,TGO,Togo,2003,Male,54.53
AFR,Africa,TGO,Togo,2003,Male,13.65
AFR,Africa,TGO,Togo,2004,Female,58.73
AFR,Africa,TGO,Togo,2004,Female,16.7
AFR,Africa,TGO,Togo,2004,Male,54.91
AFR,Africa,TGO,Togo,2004,Male,13.7
AFR,Africa,TGO,Togo,2005,Female,59.06
AFR,Africa,TGO,Togo,2005,Female,16.7
AFR,Africa,TGO,Togo,2005,Male,55.02
AFR,Africa,TGO,Togo,2005,Male,13.68
AFR,Africa,TGO,Togo,2006,Female,59.54
AFR,Africa,TGO,Togo,2006,Female,16.71
AFR,Africa,TGO,Togo,2006,Male,55.65
AFR,Africa,TGO,Togo,2006,Male,13.68
AFR,Africa,TGO,Togo,2007,Female,59.73
AFR,Africa,TGO,Togo,2007,Female,16.67
AFR,Africa,TGO,Togo,2007,Male,55.82
AFR,Africa,TGO,Togo,2007,Male,13.63
AFR,Africa,TGO,Togo,2008,Female,60.12
AFR,Africa,TGO,Togo,2008,Female,16.71
AFR,Africa,TGO,Togo,2008,Male,56.02
AFR,Africa,TGO,Togo,2008,Male,13.57
AFR,Africa,TGO,Togo,2009,Female,60.69
AFR,Africa,TGO,Togo,2009,Female,16.78
AFR,Africa,TGO,Togo,2009,Male,56.53
AFR,Africa,TGO,Togo,2009,Male,13.7
AFR,Africa,TGO,Togo,2010,Female,61.38
AFR,Africa,TGO,Togo,2010,Female,16.89
AFR,Africa,TGO,Togo,2010,Male,57.14
AFR,Africa,TGO,Togo,2010,Male,13.84
AFR,Africa,TGO,Togo,2011,Female,62.02
AFR,Africa,TGO,Togo,2011,Female,16.98
AFR,Africa,TGO,Togo,2011,Male,57.77
AFR,Africa,TGO,Togo,2011,Male,13.99
AFR,Africa,TGO,Togo,2012,Female,62.61
AFR,Africa,TGO,Togo,2012,Female,17.12
AFR,Africa,TGO,Togo,2012,Male,58.22
AFR,Africa,TGO,Togo,2012,Male,14.1
AFR,Africa,TGO,Togo,2013,Female,63.21
AFR,Africa,TGO,Togo,2013,Female,17.24
AFR,Africa,TGO,Togo,2013,Male,58.46
AFR,Africa,TGO,Togo,2013,Male,14.14
AFR,Africa,TGO,Togo,2014,Female,63.72
AFR,Africa,TGO,Togo,2014,Female,17.33
AFR,Africa,TGO,Togo,2014,Male,58.73
AFR,Africa,TGO,Togo,2014,Male,14.29
AFR,Africa,TGO,Togo,2015,Female,64.12
AFR,Africa,TGO,Togo,2015,Female,17.4
AFR,Africa,TGO,Togo,2015,Male,59.18
AFR,Africa,TGO,Togo,2015,Male,14.47
AFR,Africa,TGO,Togo,2016,Female,64.63
AFR,Africa,TGO,Togo,2016,Female,17.49
AFR,Africa,TGO,Togo,2016,Male,59.65
AFR,Africa,TGO,Togo,2016,Male,14.61
AFR,Africa,TGO,Togo,2017,Female,65.31
AFR,Africa,TGO,Togo,2017,Female,17.63
AFR,Africa,TGO,Togo,2017,Male,60.08
AFR,Africa,TGO,Togo,2017,Male,14.72
AFR,Africa,TGO,Togo,2018,Female,65.86
AFR,Africa,TGO,Togo,2018,Female,17.75
AFR,Africa,TGO,Togo,2018,Male,60.58
AFR,Africa,TGO,Togo,2018,Male,14.82
AFR,Africa,TGO,Togo,2019,Female,66.34
AFR,Africa,TGO,Togo,2019,Female,17.84
AFR,Africa,TGO,Togo,2019,Male,61.21
AFR,Africa,TGO,Togo,2019,Male,15.0
AFR,Africa,TGO,Togo,2020,Female,66.68
AFR,Africa,TGO,Togo,2020,Female,17.61
AFR,Africa,TGO,Togo,2020,Male,61.33
AFR,Africa,TGO,Togo,2020,Male,14.49
AFR,Africa,TGO,Togo,2021,Female,66.42
AFR,Africa,TGO,Togo,2021,Female,17.4
AFR,Africa,TGO,Togo,2021,Male,61.54
AFR,Africa,TGO,Togo,2021,Male,14.83
WPR,Western Pacific,TON,Tonga,2000,Female,74.34
WPR,Western Pacific,TON,Tonga,2000,Female,20.73
WPR,Western Pacific,TON,Tonga,2000,Male,68.16
WPR,Western Pacific,TON,Tonga,2000,Male,15.63
WPR,Western Pacific,TON,Tonga,2001,Female,74.49
WPR,Western Pacific,TON,Tonga,2001,Female,20.73
WPR,Western Pacific,TON,Tonga,2001,Male,68.45
WPR,Western Pacific,TON,Tonga,2001,Male,15.94
WPR,Western Pacific,TON,Tonga,2002,Female,74.69
WPR,Western Pacific,TON,Tonga,2002,Female,20.83
WPR,Western Pacific,TON,Tonga,2002,Male,68.36
WPR,Western Pacific,TON,Tonga,2002,Male,15.82
WPR,Western Pacific,TON,Tonga,2003,Female,74.83
WPR,Western Pacific,TON,Tonga,2003,Female,20.87
WPR,Western Pacific,TON,Tonga,2003,Male,68.27
WPR,Western Pacific,TON,Tonga,2003,Male,15.7
WPR,Western Pacific,TON,Tonga,2004,Female,74.81
WPR,Western Pacific,TON,Tonga,2004,Female,20.71
WPR,Western Pacific,TON,Tonga,2004,Male,68.54
WPR,Western Pacific,TON,Tonga,2004,Male,16.03
WPR,Western Pacific,TON,Tonga,2005,Female,74.85
WPR,Western Pacific,TON,Tonga,2005,Female,20.66
WPR,Western Pacific,TON,Tonga,2005,Male,69.35
WPR,Western Pacific,TON,Tonga,2005,Male,16.97
WPR,Western Pacific,TON,Tonga,2006,Female,74.89
WPR,Western Pacific,TON,Tonga,2006,Female,20.6
WPR,Western Pacific,TON,Tonga,2006,Male,69.4
WPR,Western Pacific,TON,Tonga,2006,Male,16.96
WPR,Western Pacific,TON,Tonga,2007,Female,74.87
WPR,Western Pacific,TON,Tonga,2007,Female,20.52
WPR,Western Pacific,TON,Tonga,2007,Male,69.41
WPR,Western Pacific,TON,Tonga,2007,Male,16.93
WPR,Western Pacific,TON,Tonga,2008,Female,74.85
WPR,Western Pacific,TON,Tonga,2008,Female,20.46
WPR,Western Pacific,TON,Tonga,2008,Male,69.4
WPR,Western Pacific,TON,Tonga,2008,Male,16.9
WPR,Western Pacific,TON,Tonga,2009,Female,74.08
WPR,Western Pacific,TON,Tonga,2009,Female,20.21
WPR,Western Pacific,TON,Tonga,2009,Male,66.71
WPR,Western Pacific,TON,Tonga,2009,Male,16.49
WPR,Western Pacific,TON,Tonga,2010,Female,74.96
WPR,Western Pacific,TON,Tonga,2010,Female,20.39
WPR,Western Pacific,TON,Tonga,2010,Male,69.5
WPR,Western Pacific,TON,Tonga,2010,Male,16.89
WPR,Western Pacific,TON,Tonga,2011,Female,75.01
WPR,Western Pacific,TON,Tonga,2011,Female,20.39
WPR,Western Pacific,TON,Tonga,2011,Male,69.57
WPR,Western Pacific,TON,Tonga,2011,Male,16.93
WPR,Western Pacific,TON,Tonga,2012,Female,75.05
WPR,Western Pacific,TON,Tonga,2012,Female,20.4
WPR,Western Pacific,TON,Tonga,2012,Male,69.64
WPR,Western Pacific,TON,Tonga,2012,Male,16.97
WPR,Western Pacific,TON,Tonga,2013,Female,75.09
WPR,Western Pacific,TON,Tonga,2013,Female,20.42
WPR,Western Pacific,TON,Tonga,2013,Male,69.7
WPR,Western Pacific,TON,Tonga,2013,Male,17.03
WPR,Western Pacific,TON,Tonga,2014,Female,75.14
WPR,Western Pacific,TON,Tonga,2014,Female,20.44
WPR,Western Pacific,TON,Tonga,2014,Male,69.79
WPR,Western Pacific,TON,Tonga,2014,Male,17.1
WPR,Western Pacific,TON,Tonga,2015,Female,75.21
WPR,Western Pacific,TON,Tonga,2015,Female,20.47
WPR,Western Pacific,TON,Tonga,2015,Male,69.87
WPR,Western Pacific,TON,Tonga,2015,Male,17.14
WPR,Western Pacific,TON,Tonga,2016,Female,75.29
WPR,Western Pacific,TON,Tonga,2016,Female,20.51
WPR,Western Pacific,TON,Tonga,2016,Male,69.96
WPR,Western Pacific,TON,Tonga,2016,Male,17.21
WPR,Western Pacific,TON,Tonga,2017,Female,75.43
WPR,Western Pacific,TON,Tonga,2017,Female,20.56
WPR,Western Pacific,TON,Tonga,2017,Male,70.12
WPR,Western Pacific,TON,Tonga,2017,Male,17.28
WPR,Western Pacific,TON,Tonga,2018,Female,75.52
WPR,Western Pacific,TON,Tonga,2018,Female,20.61
WPR,Western Pacific,TON,Tonga,2018,Male,70.28
WPR,Western Pacific,TON,Tonga,2018,Male,17.35
WPR,Western Pacific,TON,Tonga,2019,Female,75.6
WPR,Western Pacific,TON,Tonga,2019,Female,20.65
WPR,Western Pacific,TON,Tonga,2019,Male,70.38
WPR,Western Pacific,TON,Tonga,2019,Male,17.41
WPR,Western Pacific,TON,Tonga,2020,Female,76.12
WPR,Western Pacific,TON,Tonga,2020,Female,20.98
WPR,Western Pacific,TON,Tonga,2020,Male,70.38
WPR,Western Pacific,TON,Tonga,2020,Male,17.48
WPR,Western Pacific,TON,Tonga,2021,Female,75.29
WPR,Western Pacific,TON,Tonga,2021,Female,20.44
WPR,Western Pacific,TON,Tonga,2021,Male,70.21
WPR,Western Pacific,TON,Tonga,2021,Male,17.39
AMR,Americas,TTO,Trinidad and Tobago,2000,Female,72.9
AMR,Americas,TTO,Trinidad and Tobago,2000,Female,20.03
AMR,Americas,TTO,Trinidad and Tobago,2000,Male,67.88
AMR,Americas,TTO,Trinidad and Tobago,2000,Male,17.41
AMR,Americas,TTO,Trinidad and Tobago,2001,Female,73.28
AMR,Americas,TTO,Trinidad and Tobago,2001,Female,20.32
AMR,Americas,TTO,Trinidad and Tobago,2001,Male,67.79
AMR,Americas,TTO,Trinidad and Tobago,2001,Male,17.4
AMR,Americas,TTO,Trinidad and Tobago,2002,Female,73.98
AMR,Americas,TTO,Trinidad and Tobago,2002,Female,20.73
AMR,Americas,TTO,Trinidad and Tobago,2002,Male,68.16
AMR,Americas,TTO,Trinidad and Tobago,2002,Male,17.57
AMR,Americas,TTO,Trinidad and Tobago,2003,Female,73.88
AMR,Americas,TTO,Trinidad and Tobago,2003,Female,20.62
AMR,Americas,TTO,Trinidad and Tobago,2003,Male,68.02
AMR,Americas,TTO,Trinidad and Tobago,2003,Male,17.43
AMR,Americas,TTO,Trinidad and Tobago,2004,Female,74.3
AMR,Americas,TTO,Trinidad and Tobago,2004,Female,20.88
AMR,Americas,TTO,Trinidad and Tobago,2004,Male,68.37
AMR,Americas,TTO,Trinidad and Tobago,2004,Male,17.73
AMR,Americas,TTO,Trinidad and Tobago,2005,Female,74.9
AMR,Americas,TTO,Trinidad and Tobago,2005,Female,21.25
AMR,Americas,TTO,Trinidad and Tobago,2005,Male,68.44
AMR,Americas,TTO,Trinidad and Tobago,2005,Male,17.94
AMR,Americas,TTO,Trinidad and Tobago,2006,Female,75.14
AMR,Americas,TTO,Trinidad and Tobago,2006,Female,21.4
AMR,Americas,TTO,Trinidad and Tobago,2006,Male,69.22
AMR,Americas,TTO,Trinidad and Tobago,2006,Male,18.56
AMR,Americas,TTO,Trinidad and Tobago,2007,Female,75.43
AMR,Americas,TTO,Trinidad and Tobago,2007,Female,21.55
AMR,Americas,TTO,Trinidad and Tobago,2007,Male,69.32
AMR,Americas,TTO,Trinidad and Tobago,2007,Male,18.73
AMR,Americas,TTO,Trinidad and Tobago,2008,Female,75.45
AMR,Americas,TTO,Trinidad and Tobago,2008,Female,21.6
AMR,Americas,TTO,Trinidad and Tobago,2008,Male,68.63
AMR,Americas,TTO,Trinidad and Tobago,2008,Male,18.38
AMR,Americas,TTO,Trinidad and Tobago,2009,Female,76.01
AMR,Americas,TTO,Trinidad and Tobago,2009,Female,22.07
AMR,Americas,TTO,Trinidad and Tobago,2009,Male,69.63
AMR,Americas,TTO,Trinidad and Tobago,2009,Male,18.99
AMR,Americas,TTO,Trinidad and Tobago,2010,Female,76.4
AMR,Americas,TTO,Trinidad and Tobago,2010,Female,22.28
AMR,Americas,TTO,Trinidad and Tobago,2010,Male,70.19
AMR,Americas,TTO,Trinidad and Tobago,2010,Male,19.19
AMR,Americas,TTO,Trinidad and Tobago,2011,Female,76.95
AMR,Americas,TTO,Trinidad and Tobago,2011,Female,22.69
AMR,Americas,TTO,Trinidad and Tobago,2011,Male,71.0
AMR,Americas,TTO,Trinidad and Tobago,2011,Male,19.64
AMR,Americas,TTO,Trinidad and Tobago,2012,Female,77.43
AMR,Americas,TTO,Trinidad and Tobago,2012,Female,23.03
AMR,Americas,TTO,Trinidad and Tobago,2012,Male,71.76
AMR,Americas,TTO,Trinidad and Tobago,2012,Male,20.1
AMR,Americas,TTO,Trinidad and Tobago,2013,Female,77.19
AMR,Americas,TTO,Trinidad and Tobago,2013,Female,22.78
AMR,Americas,TTO,Trinidad and Tobago,2013,Male,71.37
AMR,Americas,TTO,Trinidad and Tobago,2013,Male,19.8
AMR,Americas,TTO,Trinidad and Tobago,2014,Female,77.28
AMR,Americas,TTO,Trinidad and Tobago,2014,Female,22.86
AMR,Americas,TTO,Trinidad and Tobago,2014,Male,71.31
AMR,Americas,TTO,Trinidad and Tobago,2014,Male,19.72
AMR,Americas,TTO,Trinidad and Tobago,2015,Female,77.25
AMR,Americas,TTO,Trinidad and Tobago,2015,Female,22.83
AMR,Americas,TTO,Trinidad and Tobago,2015,Male,71.42
AMR,Americas,TTO,Trinidad and Tobago,2015,Male,19.77
AMR,Americas,TTO,Trinidad and Tobago,2016,Female,76.91
AMR,Americas,TTO,Trinidad and Tobago,2016,Female,22.61
AMR,Americas,TTO,Trinidad and Tobago,2016,Male,70.74
AMR,Americas,TTO,Trinidad and Tobago,2016,Male,19.38
AMR,Americas,TTO,Trinidad and Tobago,2017,Female,77.28
AMR,Americas,TTO,Trinidad and Tobago,2017,Female,22.92
AMR,Americas,TTO,Trinidad and Tobago,2017,Male,70.73
AMR,Americas,TTO,Trinidad and Tobago,2017,Male,19.44
AMR,Americas,TTO,Trinidad and Tobago,2018,Female,77.45
AMR,Americas,TTO,Trinidad and Tobago,2018,Female,23.04
AMR,Americas,TTO,Trinidad and Tobago,2018,Male,70.59
AMR,Americas,TTO,Trinidad and Tobago,2018,Male,19.55
AMR,Americas,TTO,Trinidad and Tobago,2019,Female,77.54
AMR,Americas,TTO,Trinidad and Tobago,2019,Female,23.05
AMR,Americas,TTO,Trinidad and Tobago,2019,Male,70.71
AMR,Americas,TTO,Trinidad and Tobago,2019,Male,19.58
AMR,Americas,TTO,Trinidad and Tobago,2020,Female,77.27
AMR,Americas,TTO,Trinidad and Tobago,2020,Female,22.73
AMR,Americas,TTO,Trinidad and Tobago,2020,Male,70.1
AMR,Americas,TTO,Trinidad and Tobago,2020,Male,18.99
AMR,Americas,TTO,Trinidad and Tobago,2021,Female,75.15
AMR,Americas,TTO,Trinidad and Tobago,2021,Female,21.05
AMR,Americas,TTO,Trinidad and Tobago,2021,Male,68.41
AMR,Americas,TTO,Trinidad and Tobago,2021,Male,17.63
EMR,Eastern Mediterranean,TUN,Tunisia,2000,Female,76.99
EMR,Eastern Mediterranean,TUN,Tunisia,2000,Female,21.94
EMR,Eastern Mediterranean,TUN,Tunisia,2000,Male,71.8
EMR,Eastern Mediterranean,TUN,Tunisia,2000,Male,18.68
EMR,Eastern Mediterranean,TUN,Tunisia,2001,Female,77.24
EMR,Eastern Mediterranean,TUN,Tunisia,2001,Female,22.01
EMR,Eastern Mediterranean,TUN,Tunisia,2001,Male,72.07
EMR,Eastern Mediterranean,TUN,Tunisia,2001,Male,18.74
EMR,Eastern Mediterranean,TUN,Tunisia,2002,Female,77.44
EMR,Eastern Mediterranean,TUN,Tunisia,2002,Female,22.07
EMR,Eastern Mediterranean,TUN,Tunisia,2002,Male,72.27
EMR,Eastern Mediterranean,TUN,Tunisia,2002,Male,18.79
EMR,Eastern Mediterranean,TUN,Tunisia,2003,Female,77.63
EMR,Eastern Mediterranean,TUN,Tunisia,2003,Female,22.13
EMR,Eastern Mediterranean,TUN,Tunisia,2003,Male,72.5
EMR,Eastern Mediterranean,TUN,Tunisia,2003,Male,18.83
EMR,Eastern Mediterranean,TUN,Tunisia,2004,Female,77.85
EMR,Eastern Mediterranean,TUN,Tunisia,2004,Female,22.21
EMR,Eastern Mediterranean,TUN,Tunisia,2004,Male,72.73
EMR,Eastern Mediterranean,TUN,Tunisia,2004,Male,18.91
EMR,Eastern Mediterranean,TUN,Tunisia,2005,Female,78.03
EMR,Eastern Mediterranean,TUN,Tunisia,2005,Female,22.29
EMR,Eastern Mediterranean,TUN,Tunisia,2005,Male,72.94
EMR,Eastern Mediterranean,TUN,Tunisia,2005,Male,18.98
EMR,Eastern Mediterranean,TUN,Tunisia,2006,Female,78.23
EMR,Eastern Mediterranean,TUN,Tunisia,2006,Female,22.38
EMR,Eastern Mediterranean,TUN,Tunisia,2006,Male,73.15
EMR,Eastern Mediterranean,TUN,Tunisia,2006,Male,19.06
EMR,Eastern Mediterranean,TUN,Tunisia,2007,Female,78.35
EMR,Eastern Mediterranean,TUN,Tunisia,2007,Female,22.41
EMR,Eastern Mediterranean,TUN,Tunisia,2007,Male,73.35
EMR,Eastern Mediterranean,TUN,Tunisia,2007,Male,19.18
EMR,Eastern Mediterranean,TUN,Tunisia,2008,Female,78.46
EMR,Eastern Mediterranean,TUN,Tunisia,2008,Female,22.44
EMR,Eastern Mediterranean,TUN,Tunisia,2008,Male,73.57
EMR,Eastern Mediterranean,TUN,Tunisia,2008,Male,19.29
EMR,Eastern Mediterranean,TUN,Tunisia,2009,Female,78.6
EMR,Eastern Mediterranean,TUN,Tunisia,2009,Female,22.52
EMR,Eastern Mediterranean,TUN,Tunisia,2009,Male,73.73
EMR,Eastern Mediterranean,TUN,Tunisia,2009,Male,19.37
EMR,Eastern Mediterranean,TUN,Tunisia,2010,Female,78.74
EMR,Eastern Mediterranean,TUN,Tunisia,2010,Female,22.6
EMR,Eastern Mediterranean,TUN,Tunisia,2010,Male,73.86
EMR,Eastern Mediterranean,TUN,Tunisia,2010,Male,19.45
EMR,Eastern Mediterranean,TUN,Tunisia,2011,Female,78.86
EMR,Eastern Mediterranean,TUN,Tunisia,2011,Female,22.71
EMR,Eastern Mediterranean,TUN,Tunisia,2011,Male,74.0
EMR,Eastern Mediterranean,TUN,Tunisia,2011,Male,19.6
EMR,Eastern Mediterranean,TUN,Tunisia,2012,Female,79.01
EMR,Eastern Mediterranean,TUN,Tunisia,2012,Female,22.78
EMR,Eastern Mediterranean,TUN,Tunisia,2012,Male,74.17
EMR,Eastern Mediterranean,TUN,Tunisia,2012,Male,19.66
EMR,Eastern Mediterranean,TUN,Tunisia,2013,Female,79.11
EMR,Eastern Mediterranean,TUN,Tunisia,2013,Female,22.84
EMR,Eastern Mediterranean,TUN,Tunisia,2013,Male,74.24
EMR,Eastern Mediterranean,TUN,Tunisia,2013,Male,19.71
EMR,Eastern Mediterranean,TUN,Tunisia,2014,Female,79.2
EMR,Eastern Mediterranean,TUN,Tunisia,2014,Female,22.9
EMR,Eastern Mediterranean,TUN,Tunisia,2014,Male,74.32
EMR,Eastern Mediterranean,TUN,Tunisia,2014,Male,19.76
EMR,Eastern Mediterranean,TUN,Tunisia,2015,Female,79.3
EMR,Eastern Mediterranean,TUN,Tunisia,2015,Female,22.96
EMR,Eastern Mediterranean,TUN,Tunisia,2015,Male,74.39
EMR,Eastern Mediterranean,TUN,Tunisia,2015,Male,19.8
EMR,Eastern Mediterranean,TUN,Tunisia,2016,Female,79.43
EMR,Eastern Mediterranean,TUN,Tunisia,2016,Female,23.03
EMR,Eastern Mediterranean,TUN,Tunisia,2016,Male,74.52
EMR,Eastern Mediterranean,TUN,Tunisia,2016,Male,19.85
EMR,Eastern Mediterranean,TUN,Tunisia,2017,Female,79.56
EMR,Eastern Mediterranean,TUN,Tunisia,2017,Female,23.11
EMR,Eastern Mediterranean,TUN,Tunisia,2017,Male,74.61
EMR,Eastern Mediterranean,TUN,Tunisia,2017,Male,19.89
EMR,Eastern Mediterranean,TUN,Tunisia,2018,Female,79.76
EMR,Eastern Mediterranean,TUN,Tunisia,2018,Female,23.22
EMR,Eastern Mediterranean,TUN,Tunisia,2018,Male,74.8
EMR,Eastern Mediterranean,TUN,Tunisia,2018,Male,19.99
EMR,Eastern Mediterranean,TUN,Tunisia,2019,Female,79.99
EMR,Eastern Mediterranean,TUN,Tunisia,2019,Female,23.33
EMR,Eastern Mediterranean,TUN,Tunisia,2019,Male,75.09
EMR,Eastern Mediterranean,TUN,Tunisia,2019,Male,20.14
EMR,Eastern Mediterranean,TUN,Tunisia,2020,Female,79.64
EMR,Eastern Mediterranean,TUN,Tunisia,2020,Female,22.67
EMR,Eastern Mediterranean,TUN,Tunisia,2020,Male,74.71
EMR,Eastern Mediterranean,TUN,Tunisia,2020,Male,19.2
EMR,Eastern Mediterranean,TUN,Tunisia,2021,Female,76.84
EMR,Eastern Mediterranean,TUN,Tunisia,2021,Female,20.49
EMR,Eastern Mediterranean,TUN,Tunisia,2021,Male,71.51
EMR,Eastern Mediterranean,TUN,Tunisia,2021,Male,17.0
EUR,Europe,TKM,Turkmenistan,2000,Female,69.45
EUR,Europe,TKM,Turkmenistan,2000,Female,18.83
EUR,Europe,TKM,Turkmenistan,2000,Male,61.71
EUR,Europe,TKM,Turkmenistan,2000,Male,15.28
EUR,Europe,TKM,Turkmenistan,2001,Female,69.72
EUR,Europe,TKM,Turkmenistan,2001,Female,18.83
EUR,Europe,TKM,Turkmenistan,2001,Male,62.19
EUR,Europe,TKM,Turkmenistan,2001,Male,15.41
EUR,Europe,TKM,Turkmenistan,2002,Female,69.65
EUR,Europe,TKM,Turkmenistan,2002,Female,18.6
EUR,Europe,TKM,Turkmenistan,2002,Male,62.13
EUR,Europe,TKM,Turkmenistan,2002,Male,15.14
EUR,Europe,TKM,Turkmenistan,2003,Female,69.92
EUR,Europe,TKM,Turkmenistan,2003,Female,18.59
EUR,Europe,TKM,Turkmenistan,2003,Male,61.95
EUR,Europe,TKM,Turkmenistan,2003,Male,14.73
EUR,Europe,TKM,Turkmenistan,2004,Female,69.7
EUR,Europe,TKM,Turkmenistan,2004,Female,18.3
EUR,Europe,TKM,Turkmenistan,2004,Male,61.67
EUR,Europe,TKM,Turkmenistan,2004,Male,14.39
EUR,Europe,TKM,Turkmenistan,2005,Female,69.35
EUR,Europe,TKM,Turkmenistan,2005,Female,17.95
EUR,Europe,TKM,Turkmenistan,2005,Male,61.39
EUR,Europe,TKM,Turkmenistan,2005,Male,14.07
EUR,Europe,TKM,Turkmenistan,2006,Female,69.55
EUR,Europe,TKM,Turkmenistan,2006,Female,17.98
EUR,Europe,TKM,Turkmenistan,2006,Male,61.91
EUR,Europe,TKM,Turkmenistan,2006,Male,14.26
EUR,Europe,TKM,Turkmenistan,2007,Female,70.17
EUR,Europe,TKM,Turkmenistan,2007,Female,18.31
EUR,Europe,TKM,Turkmenistan,2007,Male,62.3
EUR,Europe,TKM,Turkmenistan,2007,Male,14.41
EUR,Europe,TKM,Turkmenistan,2008,Female,70.87
EUR,Europe,TKM,Turkmenistan,2008,Female,18.88
EUR,Europe,TKM,Turkmenistan,2008,Male,63.17
EUR,Europe,TKM,Turkmenistan,2008,Male,14.93
EUR,Europe,TKM,Turkmenistan,2009,Female,72.08
EUR,Europe,TKM,Turkmenistan,2009,Female,19.73
EUR,Europe,TKM,Turkmenistan,2009,Male,64.74
EUR,Europe,TKM,Turkmenistan,2009,Male,15.95
EUR,Europe,TKM,Turkmenistan,2010,Female,72.73
EUR,Europe,TKM,Turkmenistan,2010,Female,20.22
EUR,Europe,TKM,Turkmenistan,2010,Male,65.44
EUR,Europe,TKM,Turkmenistan,2010,Male,16.43
EUR,Europe,TKM,Turkmenistan,2011,Female,72.64
EUR,Europe,TKM,Turkmenistan,2011,Female,20.21
EUR,Europe,TKM,Turkmenistan,2011,Male,65.73
EUR,Europe,TKM,Turkmenistan,2011,Male,16.55
EUR,Europe,TKM,Turkmenistan,2012,Female,72.61
EUR,Europe,TKM,Turkmenistan,2012,Female,20.17
EUR,Europe,TKM,Turkmenistan,2012,Male,65.91
EUR,Europe,TKM,Turkmenistan,2012,Male,16.69
EUR,Europe,TKM,Turkmenistan,2013,Female,72.64
EUR,Europe,TKM,Turkmenistan,2013,Female,20.18
EUR,Europe,TKM,Turkmenistan,2013,Male,65.54
EUR,Europe,TKM,Turkmenistan,2013,Male,16.45
EUR,Europe,TKM,Turkmenistan,2014,Female,72.51
EUR,Europe,TKM,Turkmenistan,2014,Female,20.04
EUR,Europe,TKM,Turkmenistan,2014,Male,65.3
EUR,Europe,TKM,Turkmenistan,2014,Male,16.33
EUR,Europe,TKM,Turkmenistan,2015,Female,72.31
EUR,Europe,TKM,Turkmenistan,2015,Female,19.88
EUR,Europe,TKM,Turkmenistan,2015,Male,65.31
EUR,Europe,TKM,Turkmenistan,2015,Male,16.3
EUR,Europe,TKM,Turkmenistan,2016,Female,72.39
EUR,Europe,TKM,Turkmenistan,2016,Female,19.93
EUR,Europe,TKM,Turkmenistan,2016,Male,65.49
EUR,Europe,TKM,Turkmenistan,2016,Male,16.41
EUR,Europe,TKM,Turkmenistan,2017,Female,72.28
EUR,Europe,TKM,Turkmenistan,2017,Female,19.69
EUR,Europe,TKM,Turkmenistan,2017,Male,65.63
EUR,Europe,TKM,Turkmenistan,2017,Male,16.51
EUR,Europe,TKM,Turkmenistan,2018,Female,72.42
EUR,Europe,TKM,Turkmenistan,2018,Female,19.75
EUR,Europe,TKM,Turkmenistan,2018,Male,65.69
EUR,Europe,TKM,Turkmenistan,2018,Male,16.46
EUR,Europe,TKM,Turkmenistan,2019,Female,72.54
EUR,Europe,TKM,Turkmenistan,2019,Female,19.79
EUR,Europe,TKM,Turkmenistan,2019,Male,65.7
EUR,Europe,TKM,Turkmenistan,2019,Male,16.33
EUR,Europe,TKM,Turkmenistan,2020,Female,72.09
EUR,Europe,TKM,Turkmenistan,2020,Female,19.24
EUR,Europe,TKM,Turkmenistan,2020,Male,64.89
EUR,Europe,TKM,Turkmenistan,2020,Male,15.3
EUR,Europe,TKM,Turkmenistan,2021,Female,72.5
EUR,Europe,TKM,Turkmenistan,2021,Female,19.67
EUR,Europe,TKM,Turkmenistan,2021,Male,65.71
EUR,Europe,TKM,Turkmenistan,2021,Male,16.35
EUR,Europe,TUR,Türkiye,2000,Female,77.13
EUR,Europe,TUR,Türkiye,2000,Female,23.08
EUR,Europe,TUR,Türkiye,2000,Male,69.63
EUR,Europe,TUR,Türkiye,2000,Male,17.42
EUR,Europe,TUR,Türkiye,2001,Female,77.75
EUR,Europe,TUR,Türkiye,2001,Female,23.35
EUR,Europe,TUR,Türkiye,2001,Male,70.38
EUR,Europe,TUR,Türkiye,2001,Male,17.79
EUR,Europe,TUR,Türkiye,2002,Female,78.43
EUR,Europe,TUR,Türkiye,2002,Female,23.74
EUR,Europe,TUR,Türkiye,2002,Male,71.12
EUR,Europe,TUR,Türkiye,2002,Male,18.16
EUR,Europe,TUR,Türkiye,2003,Female,79.0
EUR,Europe,TUR,Türkiye,2003,Female,24.09
EUR,Europe,TUR,Türkiye,2003,Male,71.59
EUR,Europe,TUR,Türkiye,2003,Male,18.36
EUR,Europe,TUR,Türkiye,2004,Female,79.51
EUR,Europe,TUR,Türkiye,2004,Female,24.33
EUR,Europe,TUR,Türkiye,2004,Male,72.1
EUR,Europe,TUR,Türkiye,2004,Male,18.57
EUR,Europe,TUR,Türkiye,2005,Female,79.81
EUR,Europe,TUR,Türkiye,2005,Female,24.41
EUR,Europe,TUR,Türkiye,2005,Male,72.49
EUR,Europe,TUR,Türkiye,2005,Male,18.71
EUR,Europe,TUR,Türkiye,2006,Female,80.11
EUR,Europe,TUR,Türkiye,2006,Female,24.49
EUR,Europe,TUR,Türkiye,2006,Male,72.85
EUR,Europe,TUR,Türkiye,2006,Male,18.84
EUR,Europe,TUR,Türkiye,2007,Female,80.05
EUR,Europe,TUR,Türkiye,2007,Female,24.19
EUR,Europe,TUR,Türkiye,2007,Male,73.2
EUR,Europe,TUR,Türkiye,2007,Male,18.99
EUR,Europe,TUR,Türkiye,2008,Female,79.66
EUR,Europe,TUR,Türkiye,2008,Female,23.57
EUR,Europe,TUR,Türkiye,2008,Male,73.45
EUR,Europe,TUR,Türkiye,2008,Male,19.05
EUR,Europe,TUR,Türkiye,2009,Female,79.18
EUR,Europe,TUR,Türkiye,2009,Female,22.95
EUR,Europe,TUR,Türkiye,2009,Male,73.33
EUR,Europe,TUR,Türkiye,2009,Male,18.82
EUR,Europe,TUR,Türkiye,2010,Female,79.36
EUR,Europe,TUR,Türkiye,2010,Female,22.98
EUR,Europe,TUR,Türkiye,2010,Male,73.46
EUR,Europe,TUR,Türkiye,2010,Male,18.82
EUR,Europe,TUR,Türkiye,2011,Female,79.55
EUR,Europe,TUR,Türkiye,2011,Female,23.05
EUR,Europe,TUR,Türkiye,2011,Male,73.65
EUR,Europe,TUR,Türkiye,2011,Male,18.87
EUR,Europe,TUR,Türkiye,2012,Female,79.73
EUR,Europe,TUR,Türkiye,2012,Female,23.1
EUR,Europe,TUR,Türkiye,2012,Male,73.77
EUR,Europe,TUR,Türkiye,2012,Male,18.91
EUR,Europe,TUR,Türkiye,2013,Female,79.73
EUR,Europe,TUR,Türkiye,2013,Female,22.99
EUR,Europe,TUR,Türkiye,2013,Male,73.8
EUR,Europe,TUR,Türkiye,2013,Male,18.84
EUR,Europe,TUR,Türkiye,2014,Female,79.48
EUR,Europe,TUR,Türkiye,2014,Female,22.62
EUR,Europe,TUR,Türkiye,2014,Male,73.93
EUR,Europe,TUR,Türkiye,2014,Male,18.91
EUR,Europe,TUR,Türkiye,2015,Female,79.28
EUR,Europe,TUR,Türkiye,2015,Female,22.32
EUR,Europe,TUR,Türkiye,2015,Male,74.05
EUR,Europe,TUR,Türkiye,2015,Male,18.93
EUR,Europe,TUR,Türkiye,2016,Female,79.27
EUR,Europe,TUR,Türkiye,2016,Female,22.25
EUR,Europe,TUR,Türkiye,2016,Male,74.06
EUR,Europe,TUR,Türkiye,2016,Male,18.94
EUR,Europe,TUR,Türkiye,2017,Female,79.6
EUR,Europe,TUR,Türkiye,2017,Female,22.47
EUR,Europe,TUR,Türkiye,2017,Male,74.54
EUR,Europe,TUR,Türkiye,2017,Male,19.2
EUR,Europe,TUR,Türkiye,2018,Female,80.08
EUR,Europe,TUR,Türkiye,2018,Female,22.88
EUR,Europe,TUR,Türkiye,2018,Male,75.01
EUR,Europe,TUR,Türkiye,2018,Male,19.51
EUR,Europe,TUR,Türkiye,2019,Female,80.13
EUR,Europe,TUR,Türkiye,2019,Female,22.85
EUR,Europe,TUR,Türkiye,2019,Male,75.09
EUR,Europe,TUR,Türkiye,2019,Male,19.46
EUR,Europe,TUR,Türkiye,2020,Female,78.97
EUR,Europe,TUR,Türkiye,2020,Female,21.67
EUR,Europe,TUR,Türkiye,2020,Male,73.41
EUR,Europe,TUR,Türkiye,2020,Male,17.79
EUR,Europe,TUR,Türkiye,2021,Female,78.1
EUR,Europe,TUR,Türkiye,2021,Female,21.08
EUR,Europe,TUR,Türkiye,2021,Male,72.54
EUR,Europe,TUR,Türkiye,2021,Male,17.42
AFR,Africa,UGA,Uganda,2000,Female,50.7
AFR,Africa,UGA,Uganda,2000,Female,15.69
AFR,Africa,UGA,Uganda,2000,Male,47.08
AFR,Africa,UGA,Uganda,2000,Male,12.01
AFR,Africa,UGA,Uganda,2001,Female,51.54
AFR,Africa,UGA,Uganda,2001,Female,15.79
AFR,Africa,UGA,Uganda,2001,Male,48.01
AFR,Africa,UGA,Uganda,2001,Male,12.14
AFR,Africa,UGA,Uganda,2002,Female,52.51
AFR,Africa,UGA,Uganda,2002,Female,15.96
AFR,Africa,UGA,Uganda,2002,Male,48.76
AFR,Africa,UGA,Uganda,2002,Male,12.33
AFR,Africa,UGA,Uganda,2003,Female,53.62
AFR,Africa,UGA,Uganda,2003,Female,16.2
AFR,Africa,UGA,Uganda,2003,Male,49.71
AFR,Africa,UGA,Uganda,2003,Male,12.54
AFR,Africa,UGA,Uganda,2004,Female,55.16
AFR,Africa,UGA,Uganda,2004,Female,16.52
AFR,Africa,UGA,Uganda,2004,Male,51.07
AFR,Africa,UGA,Uganda,2004,Male,12.81
AFR,Africa,UGA,Uganda,2005,Female,56.93
AFR,Africa,UGA,Uganda,2005,Female,16.92
AFR,Africa,UGA,Uganda,2005,Male,52.63
AFR,Africa,UGA,Uganda,2005,Male,13.15
AFR,Africa,UGA,Uganda,2006,Female,58.12
AFR,Africa,UGA,Uganda,2006,Female,17.31
AFR,Africa,UGA,Uganda,2006,Male,53.79
AFR,Africa,UGA,Uganda,2006,Male,13.44
AFR,Africa,UGA,Uganda,2007,Female,59.01
AFR,Africa,UGA,Uganda,2007,Female,17.66
AFR,Africa,UGA,Uganda,2007,Male,54.58
AFR,Africa,UGA,Uganda,2007,Male,13.66
AFR,Africa,UGA,Uganda,2008,Female,60.31
AFR,Africa,UGA,Uganda,2008,Female,18.02
AFR,Africa,UGA,Uganda,2008,Male,55.57
AFR,Africa,UGA,Uganda,2008,Male,13.89
AFR,Africa,UGA,Uganda,2009,Female,61.51
AFR,Africa,UGA,Uganda,2009,Female,18.32
AFR,Africa,UGA,Uganda,2009,Male,56.53
AFR,Africa,UGA,Uganda,2009,Male,14.11
AFR,Africa,UGA,Uganda,2010,Female,62.46
AFR,Africa,UGA,Uganda,2010,Female,18.52
AFR,Africa,UGA,Uganda,2010,Male,57.37
AFR,Africa,UGA,Uganda,2010,Male,14.29
AFR,Africa,UGA,Uganda,2011,Female,63.43
AFR,Africa,UGA,Uganda,2011,Female,18.76
AFR,Africa,UGA,Uganda,2011,Male,58.22
AFR,Africa,UGA,Uganda,2011,Male,14.52
AFR,Africa,UGA,Uganda,2012,Female,64.62
AFR,Africa,UGA,Uganda,2012,Female,18.97
AFR,Africa,UGA,Uganda,2012,Male,58.9
AFR,Africa,UGA,Uganda,2012,Male,14.71
AFR,Africa,UGA,Uganda,2013,Female,65.93
AFR,Africa,UGA,Uganda,2013,Female,19.08
AFR,Africa,UGA,Uganda,2013,Male,59.46
AFR,Africa,UGA,Uganda,2013,Male,14.85
AFR,Africa,UGA,Uganda,2014,Female,66.97
AFR,Africa,UGA,Uganda,2014,Female,19.18
AFR,Africa,UGA,Uganda,2014,Male,60.0
AFR,Africa,UGA,Uganda,2014,Male,14.99
AFR,Africa,UGA,Uganda,2015,Female,67.71
AFR,Africa,UGA,Uganda,2015,Female,19.25
AFR,Africa,UGA,Uganda,2015,Male,60.7
AFR,Africa,UGA,Uganda,2015,Male,15.08
AFR,Africa,UGA,Uganda,2016,Female,68.13
AFR,Africa,UGA,Uganda,2016,Female,19.29
AFR,Africa,UGA,Uganda,2016,Male,61.2
AFR,Africa,UGA,Uganda,2016,Male,15.16
AFR,Africa,UGA,Uganda,2017,Female,68.59
AFR,Africa,UGA,Uganda,2017,Female,19.41
AFR,Africa,UGA,Uganda,2017,Male,61.82
AFR,Africa,UGA,Uganda,2017,Male,15.35
AFR,Africa,UGA,Uganda,2018,Female,69.02
AFR,Africa,UGA,Uganda,2018,Female,19.48
AFR,Africa,UGA,Uganda,2018,Male,62.38
AFR,Africa,UGA,Uganda,2018,Male,15.48
AFR,Africa,UGA,Uganda,2019,Female,69.31
AFR,Africa,UGA,Uganda,2019,Female,19.52
AFR,Africa,UGA,Uganda,2019,Male,62.82
AFR,Africa,UGA,Uganda,2019,Male,15.57
AFR,Africa,UGA,Uganda,2020,Female,69.64
AFR,Africa,UGA,Uganda,2020,Female,19.43
AFR,Africa,UGA,Uganda,2020,Male,62.98
AFR,Africa,UGA,Uganda,2020,Male,14.99
AFR,Africa,UGA,Uganda,2021,Female,68.98
AFR,Africa,UGA,Uganda,2021,Female,19.01
AFR,Africa,UGA,Uganda,2021,Male,62.93
AFR,Africa,UGA,Uganda,2021,Male,15.32
EUR,Europe,UKR,Ukraine,2000,Female,73.25
EUR,Europe,UKR,Ukraine,2000,Female,18.83
EUR,Europe,UKR,Ukraine,2000,Male,62.03
EUR,Europe,UKR,Ukraine,2000,Male,14.04
EUR,Europe,UKR,Ukraine,2001,Female,73.4
EUR,Europe,UKR,Ukraine,2001,Female,19.02
EUR,Europe,UKR,Ukraine,2001,Male,62.19
EUR,Europe,UKR,Ukraine,2001,Male,14.17
EUR,Europe,UKR,Ukraine,2002,Female,73.29
EUR,Europe,UKR,Ukraine,2002,Female,18.98
EUR,Europe,UKR,Ukraine,2002,Male,61.9
EUR,Europe,UKR,Ukraine,2002,Male,14.01
EUR,Europe,UKR,Ukraine,2003,Female,73.2
EUR,Europe,UKR,Ukraine,2003,Female,18.82
EUR,Europe,UKR,Ukraine,2003,Male,62.03
EUR,Europe,UKR,Ukraine,2003,Male,13.97
EUR,Europe,UKR,Ukraine,2004,Female,73.31
EUR,Europe,UKR,Ukraine,2004,Female,19.04
EUR,Europe,UKR,Ukraine,2004,Male,61.78
EUR,Europe,UKR,Ukraine,2004,Male,13.99
EUR,Europe,UKR,Ukraine,2005,Female,73.12
EUR,Europe,UKR,Ukraine,2005,Female,18.92
EUR,Europe,UKR,Ukraine,2005,Male,61.38
EUR,Europe,UKR,Ukraine,2005,Male,13.76
EUR,Europe,UKR,Ukraine,2006,Female,73.56
EUR,Europe,UKR,Ukraine,2006,Female,19.15
EUR,Europe,UKR,Ukraine,2006,Male,62.19
EUR,Europe,UKR,Ukraine,2006,Male,14.1
EUR,Europe,UKR,Ukraine,2007,Female,73.62
EUR,Europe,UKR,Ukraine,2007,Female,19.38
EUR,Europe,UKR,Ukraine,2007,Male,61.82
EUR,Europe,UKR,Ukraine,2007,Male,14.18
EUR,Europe,UKR,Ukraine,2008,Female,73.81
EUR,Europe,UKR,Ukraine,2008,Female,19.54
EUR,Europe,UKR,Ukraine,2008,Male,62.2
EUR,Europe,UKR,Ukraine,2008,Male,14.38
EUR,Europe,UKR,Ukraine,2009,Female,74.69
EUR,Europe,UKR,Ukraine,2009,Female,19.81
EUR,Europe,UKR,Ukraine,2009,Male,64.24
EUR,Europe,UKR,Ukraine,2009,Male,14.78
EUR,Europe,UKR,Ukraine,2010,Female,75.03
EUR,Europe,UKR,Ukraine,2010,Female,19.81
EUR,Europe,UKR,Ukraine,2010,Male,65.12
EUR,Europe,UKR,Ukraine,2010,Male,14.88
EUR,Europe,UKR,Ukraine,2011,Female,75.77
EUR,Europe,UKR,Ukraine,2011,Female,20.32
EUR,Europe,UKR,Ukraine,2011,Male,65.91
EUR,Europe,UKR,Ukraine,2011,Male,15.35
EUR,Europe,UKR,Ukraine,2012,Female,75.95
EUR,Europe,UKR,Ukraine,2012,Female,20.51
EUR,Europe,UKR,Ukraine,2012,Male,66.05
EUR,Europe,UKR,Ukraine,2012,Male,15.43
EUR,Europe,UKR,Ukraine,2013,Female,76.32
EUR,Europe,UKR,Ukraine,2013,Female,20.66
EUR,Europe,UKR,Ukraine,2013,Male,66.57
EUR,Europe,UKR,Ukraine,2013,Male,15.6
EUR,Europe,UKR,Ukraine,2014,Female,76.09
EUR,Europe,UKR,Ukraine,2014,Female,20.6
EUR,Europe,UKR,Ukraine,2014,Male,65.61
EUR,Europe,UKR,Ukraine,2014,Male,15.49
EUR,Europe,UKR,Ukraine,2015,Female,76.95
EUR,Europe,UKR,Ukraine,2015,Female,21.12
EUR,Europe,UKR,Ukraine,2015,Male,67.12
EUR,Europe,UKR,Ukraine,2015,Male,15.93
EUR,Europe,UKR,Ukraine,2016,Female,77.28
EUR,Europe,UKR,Ukraine,2016,Female,21.37
EUR,Europe,UKR,Ukraine,2016,Male,67.71
EUR,Europe,UKR,Ukraine,2016,Male,16.16
EUR,Europe,UKR,Ukraine,2017,Female,77.67
EUR,Europe,UKR,Ukraine,2017,Female,21.65
EUR,Europe,UKR,Ukraine,2017,Male,68.06
EUR,Europe,UKR,Ukraine,2017,Male,16.43
EUR,Europe,UKR,Ukraine,2018,Female,77.56
EUR,Europe,UKR,Ukraine,2018,Female,21.6
EUR,Europe,UKR,Ukraine,2018,Male,67.67
EUR,Europe,UKR,Ukraine,2018,Male,16.29
EUR,Europe,UKR,Ukraine,2019,Female,77.81
EUR,Europe,UKR,Ukraine,2019,Female,21.73
EUR,Europe,UKR,Ukraine,2019,Male,67.99
EUR,Europe,UKR,Ukraine,2019,Male,16.43
EUR,Europe,UKR,Ukraine,2020,Female,77.22
EUR,Europe,UKR,Ukraine,2020,Female,21.23
EUR,Europe,UKR,Ukraine,2020,Male,67.57
EUR,Europe,UKR,Ukraine,2020,Male,15.72
EUR,Europe,UKR,Ukraine,2021,Female,75.34
EUR,Europe,UKR,Ukraine,2021,Female,19.59
EUR,Europe,UKR,Ukraine,2021,Male,66.33
EUR,Europe,UKR,Ukraine,2021,Male,14.6
EMR,Eastern Mediterranean,ARE,United Arab Emirates,2000,Female,78.03
EMR,Eastern Mediterranean,ARE,United Arab Emirates,2000,Female,20.36
EMR,Eastern Mediterranean,ARE,United Arab Emirates,2000,Male,78.58
EMR,Eastern Mediterranean,ARE,United Arab Emirates,2000,Male,22.3
EMR,Eastern Mediterranean,ARE,United Arab Emirates,2001,Female,78.18
EMR,Eastern Mediterranean,ARE,United Arab Emirates,2001,Female,20.46
EMR,Eastern Mediterranean,ARE,United Arab Emirates,2001,Male,78.72
EMR,Eastern Mediterranean,ARE,United Arab Emirates,2001,Male,22.41
EMR,Eastern Mediterranean,ARE,United Arab Emirates,2002,Female,78.24
EMR,Eastern Mediterranean,ARE,United Arab Emirates,2002,Female,20.44
EMR,Eastern Mediterranean,ARE,United Arab Emirates,2002,Male,78.79
EMR,Eastern Mediterranean,ARE,United Arab Emirates,2002,Male,22.42
EMR,Eastern Mediterranean,ARE,United Arab Emirates,2003,Female,78.5
EMR,Eastern Mediterranean,ARE,United Arab Emirates,2003,Female,20.65
EMR,Eastern Mediterranean,ARE,United Arab Emirates,2003,Male,78.94
EMR,Eastern Mediterranean,ARE,United Arab Emirates,2003,Male,22.54
EMR,Eastern Mediterranean,ARE,United Arab Emirates,2004,Female,78.89
EMR,Eastern Mediterranean,ARE,United Arab Emirates,2004,Female,21.02
EMR,Eastern Mediterranean,ARE,United Arab Emirates,2004,Male,79.2
EMR,Eastern Mediterranean,ARE,United Arab Emirates,2004,Male,22.79
EMR,Eastern Mediterranean,ARE,United Arab Emirates,2005,Female,79.52
EMR,Eastern Mediterranean,ARE,United Arab Emirates,2005,Female,21.61
EMR,Eastern Mediterranean,ARE,United Arab Emirates,2005,Male,79.57
EMR,Eastern Mediterranean,ARE,United Arab Emirates,2005,Male,23.16
EMR,Eastern Mediterranean,ARE,United Arab Emirates,2006,Female,80.46
EMR,Eastern Mediterranean,ARE,United Arab Emirates,2006,Female,22.51
EMR,Eastern Mediterranean,ARE,United Arab Emirates,2006,Male,80.09
EMR,Eastern Mediterranean,ARE,United Arab Emirates,2006,Male,23.62
EMR,Eastern Mediterranean,ARE,United Arab Emirates,2007,Female,81.12
EMR,Eastern Mediterranean,ARE,United Arab Emirates,2007,Female,23.14
EMR,Eastern Mediterranean,ARE,United Arab Emirates,2007,Male,80.45
EMR,Eastern Mediterranean,ARE,United Arab Emirates,2007,Male,23.94
EMR,Eastern Mediterranean,ARE,United Arab Emirates,2008,Female,81.35
EMR,Eastern Mediterranean,ARE,United Arab Emirates,2008,Female,23.36
EMR,Eastern Mediterranean,ARE,United Arab Emirates,2008,Male,80.57
EMR,Eastern Mediterranean,ARE,United Arab Emirates,2008,Male,24.06
EMR,Eastern Mediterranean,ARE,United Arab Emirates,2009,Female,81.38
EMR,Eastern Mediterranean,ARE,United Arab Emirates,2009,Female,23.4
EMR,Eastern Mediterranean,ARE,United Arab Emirates,2009,Male,80.51
EMR,Eastern Mediterranean,ARE,United Arab Emirates,2009,Male,24.0
EMR,Eastern Mediterranean,ARE,United Arab Emirates,2010,Female,81.19
EMR,Eastern Mediterranean,ARE,United Arab Emirates,2010,Female,23.22
EMR,Eastern Mediterranean,ARE,United Arab Emirates,2010,Male,80.25
EMR,Eastern Mediterranean,ARE,United Arab Emirates,2010,Male,23.73
EMR,Eastern Mediterranean,ARE,United Arab Emirates,2011,Female,80.93
EMR,Eastern Mediterranean,ARE,United Arab Emirates,2011,Female,22.94
EMR,Eastern Mediterranean,ARE,United Arab Emirates,2011,Male,80.06
EMR,Eastern Mediterranean,ARE,United Arab Emirates,2011,Male,23.47
EMR,Eastern Mediterranean,ARE,United Arab Emirates,2012,Female,80.99
EMR,Eastern Mediterranean,ARE,United Arab Emirates,2012,Female,22.9
EMR,Eastern Mediterranean,ARE,United Arab Emirates,2012,Male,80.09
EMR,Eastern Mediterranean,ARE,United Arab Emirates,2012,Male,23.38
EMR,Eastern Mediterranean,ARE,United Arab Emirates,2013,Female,81.25
EMR,Eastern Mediterranean,ARE,United Arab Emirates,2013,Female,23.07
EMR,Eastern Mediterranean,ARE,United Arab Emirates,2013,Male,80.32
EMR,Eastern Mediterranean,ARE,United Arab Emirates,2013,Male,23.48
EMR,Eastern Mediterranean,ARE,United Arab Emirates,2014,Female,81.38
EMR,Eastern Mediterranean,ARE,United Arab Emirates,2014,Female,23.09
EMR,Eastern Mediterranean,ARE,United Arab Emirates,2014,Male,80.35
EMR,Eastern Mediterranean,ARE,United Arab Emirates,2014,Male,23.36
EMR,Eastern Mediterranean,ARE,United Arab Emirates,2015,Female,81.49
EMR,Eastern Mediterranean,ARE,United Arab Emirates,2015,Female,23.12
EMR,Eastern Mediterranean,ARE,United Arab Emirates,2015,Male,80.38
EMR,Eastern Mediterranean,ARE,United Arab Emirates,2015,Male,23.32
EMR,Eastern Mediterranean,ARE,United Arab Emirates,2016,Female,81.63
EMR,Eastern Mediterranean,ARE,United Arab Emirates,2016,Female,23.17
EMR,Eastern Mediterranean,ARE,United Arab Emirates,2016,Male,80.43
EMR,Eastern Mediterranean,ARE,United Arab Emirates,2016,Male,23.21
EMR,Eastern Mediterranean,ARE,United Arab Emirates,2017,Female,81.82
EMR,Eastern Mediterranean,ARE,United Arab Emirates,2017,Female,23.31
EMR,Eastern Mediterranean,ARE,United Arab Emirates,2017,Male,80.53
EMR,Eastern Mediterranean,ARE,United Arab Emirates,2017,Male,23.23
EMR,Eastern Mediterranean,ARE,United Arab Emirates,2018,Female,82.05
EMR,Eastern Mediterranean,ARE,United Arab Emirates,2018,Female,23.49
EMR,Eastern Mediterranean,ARE,United Arab Emirates,2018,Male,80.76
EMR,Eastern Mediterranean,ARE,United Arab Emirates,2018,Male,23.36
EMR,Eastern Mediterranean,ARE,United Arab Emirates,2019,Female,82.29
EMR,Eastern Mediterranean,ARE,United Arab Emirates,2019,Female,23.68
EMR,Eastern Mediterranean,ARE,United Arab Emirates,2019,Male,80.98
EMR,Eastern Mediterranean,ARE,United Arab Emirates,2019,Male,23.52
EMR,Eastern Mediterranean,ARE,United Arab Emirates,2020,Female,82.16
EMR,Eastern Mediterranean,ARE,United Arab Emirates,2020,Female,23.6
EMR,Eastern Mediterranean,ARE,United Arab Emirates,2020,Male,78.94
EMR,Eastern Mediterranean,ARE,United Arab Emirates,2020,Male,21.94
EMR,Eastern Mediterranean,ARE,United Arab Emirates,2021,Female,80.02
EMR,Eastern Mediterranean,ARE,United Arab Emirates,2021,Female,21.49
EMR,Eastern Mediterranean,ARE,United Arab Emirates,2021,Male,77.18
EMR,Eastern Mediterranean,ARE,United Arab Emirates,2021,Male,19.61
EUR,Europe,GBR,United Kingdom of Great Britain and Northern Ireland,2000,Female,80.09
EUR,Europe,GBR,United Kingdom of Great Britain and Northern Ireland,2000,Female,22.91
EUR,Europe,GBR,United Kingdom of Great Britain and Northern Ireland,2000,Male,75.49
EUR,Europe,GBR,United Kingdom of Great Britain and Northern Ireland,2000,Male,19.49
EUR,Europe,GBR,United Kingdom of Great Britain and Northern Ireland,2001,Female,80.18
EUR,Europe,GBR,United Kingdom of Great Britain and Northern Ireland,2001,Female,22.99
EUR,Europe,GBR,United Kingdom of Great Britain and Northern Ireland,2001,Male,75.61
EUR,Europe,GBR,United Kingdom of Great Britain and Northern Ireland,2001,Male,19.75
EUR,Europe,GBR,United Kingdom of Great Britain and Northern Ireland,2002,Female,80.29
EUR,Europe,GBR,United Kingdom of Great Britain and Northern Ireland,2002,Female,23.01
EUR,Europe,GBR,United Kingdom of Great Britain and Northern Ireland,2002,Male,75.77
EUR,Europe,GBR,United Kingdom of Great Britain and Northern Ireland,2002,Male,19.87
EUR,Europe,GBR,United Kingdom of Great Britain and Northern Ireland,2003,Female,80.22
EUR,Europe,GBR,United Kingdom of Great Britain and Northern Ireland,2003,Female,22.99
EUR,Europe,GBR,United Kingdom of Great Britain and Northern Ireland,2003,Male,75.98
EUR,Europe,GBR,United Kingdom of Great Britain and Northern Ireland,2003,Male,20.0
EUR,Europe,GBR,United Kingdom of Great Britain and Northern Ireland,2004,Female,80.74
EUR,Europe,GBR,United Kingdom of Great Britain and Northern Ireland,2004,Female,23.43
EUR,Europe,GBR,United Kingdom of Great Britain and Northern Ireland,2004,Male,76.52
EUR,Europe,GBR,United Kingdom of Great Britain and Northern Ireland,2004,Male,20.45
EUR,Europe,GBR,United Kingdom of Great Britain and Northern Ireland,2005,Female,80.93
EUR,Europe,GBR,United Kingdom of Great Britain and Northern Ireland,2005,Female,23.58
EUR,Europe,GBR,United Kingdom of Great Britain and Northern Ireland,2005,Male,76.81
EUR,Europe,GBR,United Kingdom of Great Britain and Northern Ireland,2005,Male,20.72
EUR,Europe,GBR,United Kingdom of Great Britain and Northern Ireland,2006,Female,81.24
EUR,Europe,GBR,United Kingdom of Great Britain and Northern Ireland,2006,Female,23.9
EUR,Europe,GBR,United Kingdom of Great Britain and Northern Ireland,2006,Male,77.12
EUR,Europe,GBR,United Kingdom of Great Britain and Northern Ireland,2006,Male,21.06
EUR,Europe,GBR,United Kingdom of Great Britain and Northern Ireland,2007,Female,81.4
EUR,Europe,GBR,United Kingdom of Great Britain and Northern Ireland,2007,Female,24.0
EUR,Europe,GBR,United Kingdom of Great Britain and Northern Ireland,2007,Male,77.36
EUR,Europe,GBR,United Kingdom of Great Britain and Northern Ireland,2007,Male,21.26
EUR,Europe,GBR,United Kingdom of Great Britain and Northern Ireland,2008,Female,81.45
EUR,Europe,GBR,United Kingdom of Great Britain and Northern Ireland,2008,Female,24.06
EUR,Europe,GBR,United Kingdom of Great Britain and Northern Ireland,2008,Male,77.55
EUR,Europe,GBR,United Kingdom of Great Britain and Northern Ireland,2008,Male,21.42
EUR,Europe,GBR,United Kingdom of Great Britain and Northern Ireland,2009,Female,81.97
EUR,Europe,GBR,United Kingdom of Great Britain and Northern Ireland,2009,Female,24.53
EUR,Europe,GBR,United Kingdom of Great Britain and Northern Ireland,2009,Male,78.02
EUR,Europe,GBR,United Kingdom of Great Britain and Northern Ireland,2009,Male,21.81
EUR,Europe,GBR,United Kingdom of Great Britain and Northern Ireland,2010,Female,82.09
EUR,Europe,GBR,United Kingdom of Great Britain and Northern Ireland,2010,Female,24.62
EUR,Europe,GBR,United Kingdom of Great Britain and Northern Ireland,2010,Male,78.34
EUR,Europe,GBR,United Kingdom of Great Britain and Northern Ireland,2010,Male,21.99
EUR,Europe,GBR,United Kingdom of Great Britain and Northern Ireland,2011,Female,82.45
EUR,Europe,GBR,United Kingdom of Great Britain and Northern Ireland,2011,Female,24.88
EUR,Europe,GBR,United Kingdom of Great Britain and Northern Ireland,2011,Male,78.76
EUR,Europe,GBR,United Kingdom of Great Britain and Northern Ireland,2011,Male,22.3
EUR,Europe,GBR,United Kingdom of Great Britain and Northern Ireland,2012,Female,82.34
EUR,Europe,GBR,United Kingdom of Great Britain and Northern Ireland,2012,Female,24.66
EUR,Europe,GBR,United Kingdom of Great Britain and Northern Ireland,2012,Male,78.88
EUR,Europe,GBR,United Kingdom of Great Britain and Northern Ireland,2012,Male,22.24
EUR,Europe,GBR,United Kingdom of Great Britain and Northern Ireland,2013,Female,82.41
EUR,Europe,GBR,United Kingdom of Great Britain and Northern Ireland,2013,Female,24.72
EUR,Europe,GBR,United Kingdom of Great Britain and Northern Ireland,2013,Male,78.9
EUR,Europe,GBR,United Kingdom of Great Britain and Northern Ireland,2013,Male,22.28
EUR,Europe,GBR,United Kingdom of Great Britain and Northern Ireland,2014,Female,82.65
EUR,Europe,GBR,United Kingdom of Great Britain and Northern Ireland,2014,Female,24.98
EUR,Europe,GBR,United Kingdom of Great Britain and Northern Ireland,2014,Male,79.17
EUR,Europe,GBR,United Kingdom of Great Britain and Northern Ireland,2014,Male,22.52
EUR,Europe,GBR,United Kingdom of Great Britain and Northern Ireland,2015,Female,82.34
EUR,Europe,GBR,United Kingdom of Great Britain and Northern Ireland,2015,Female,24.65
EUR,Europe,GBR,United Kingdom of Great Britain and Northern Ireland,2015,Male,78.93
EUR,Europe,GBR,United Kingdom of Great Britain and Northern Ireland,2015,Male,22.31
EUR,Europe,GBR,United Kingdom of Great Britain and Northern Ireland,2016,Female,82.49
EUR,Europe,GBR,United Kingdom of Great Britain and Northern Ireland,2016,Female,24.86
EUR,Europe,GBR,United Kingdom of Great Britain and Northern Ireland,2016,Male,79.09
EUR,Europe,GBR,United Kingdom of Great Britain and Northern Ireland,2016,Male,22.49
EUR,Europe,GBR,United Kingdom of Great Britain and Northern Ireland,2017,Female,82.62
EUR,Europe,GBR,United Kingdom of Great Britain and Northern Ireland,2017,Female,24.9
EUR,Europe,GBR,United Kingdom of Great Britain and Northern Ireland,2017,Male,79.2
EUR,Europe,GBR,United Kingdom of Great Britain and Northern Ireland,2017,Male,22.56
EUR,Europe,GBR,United Kingdom of Great Britain and Northern Ireland,2018,Female,82.33
EUR,Europe,GBR,United Kingdom of Great Britain and Northern Ireland,2018,Female,24.72
EUR,Europe,GBR,United Kingdom of Great Britain and Northern Ireland,2018,Male,78.9
EUR,Europe,GBR,United Kingdom of Great Britain and Northern Ireland,2018,Male,22.43
EUR,Europe,GBR,United Kingdom of Great Britain and Northern Ireland,2019,Female,82.92
EUR,Europe,GBR,United Kingdom of Great Britain and Northern Ireland,2019,Female,25.25
EUR,Europe,GBR,United Kingdom of Great Britain and Northern Ireland,2019,Male,79.5
EUR,Europe,GBR,United Kingdom of Great Britain and Northern Ireland,2019,Male,22.91
EUR,Europe,GBR,United Kingdom of Great Britain and Northern Ireland,2020,Female,82.03
EUR,Europe,GBR,United Kingdom of Great Britain and Northern Ireland,2020,Female,24.42
EUR,Europe,GBR,United Kingdom of Great Britain and Northern Ireland,2020,Male,78.26
EUR,Europe,GBR,United Kingdom of Great Britain and Northern Ireland,2020,Male,21.82
EUR,Europe,GBR,United Kingdom of Great Britain and Northern Ireland,2021,Female,81.93
EUR,Europe,GBR,United Kingdom of Great Britain and Northern Ireland,2021,Female,24.41
EUR,Europe,GBR,United Kingdom of Great Britain and Northern Ireland,2021,Male,78.27
EUR,Europe,GBR,United Kingdom of Great Britain and Northern Ireland,2021,Male,21.97
AFR,Africa,TZA,United Republic of Tanzania,2000,Female,53.84
AFR,Africa,TZA,United Republic of Tanzania,2000,Female,16.75
AFR,Africa,TZA,United Republic of Tanzania,2000,Male,51.77
AFR,Africa,TZA,United Republic of Tanzania,2000,Male,14.13
AFR,Africa,TZA,United Republic of Tanzania,2001,Female,54.56
AFR,Africa,TZA,United Republic of Tanzania,2001,Female,16.93
AFR,Africa,TZA,United Republic of Tanzania,2001,Male,52.51
AFR,Africa,TZA,United Republic of Tanzania,2001,Male,14.31
AFR,Africa,TZA,United Republic of Tanzania,2002,Female,55.27
AFR,Africa,TZA,United Republic of Tanzania,2002,Female,17.08
AFR,Africa,TZA,United Republic of Tanzania,2002,Male,53.25
AFR,Africa,TZA,United Republic of Tanzania,2002,Male,14.48
AFR,Africa,TZA,United Republic of Tanzania,2003,Female,55.92
AFR,Africa,TZA,United Republic of Tanzania,2003,Female,17.14
AFR,Africa,TZA,United Republic of Tanzania,2003,Male,54.06
AFR,Africa,TZA,United Republic of Tanzania,2003,Male,14.67
AFR,Africa,TZA,United Republic of Tanzania,2004,Female,56.56
AFR,Africa,TZA,United Republic of Tanzania,2004,Female,17.19
AFR,Africa,TZA,United Republic of Tanzania,2004,Male,54.82
AFR,Africa,TZA,United Republic of Tanzania,2004,Male,14.83
AFR,Africa,TZA,United Republic of Tanzania,2005,Female,57.41
AFR,Africa,TZA,United Republic of Tanzania,2005,Female,17.25
AFR,Africa,TZA,United Republic of Tanzania,2005,Male,55.69
AFR,Africa,TZA,United Republic of Tanzania,2005,Male,15.0
AFR,Africa,TZA,United Republic of Tanzania,2006,Female,58.75
AFR,Africa,TZA,United Republic of Tanzania,2006,Female,17.38
AFR,Africa,TZA,United Republic of Tanzania,2006,Male,56.88
AFR,Africa,TZA,United Republic of Tanzania,2006,Male,15.22
AFR,Africa,TZA,United Republic of Tanzania,2007,Female,60.43
AFR,Africa,TZA,United Republic of Tanzania,2007,Female,17.57
AFR,Africa,TZA,United Republic of Tanzania,2007,Male,58.32
AFR,Africa,TZA,United Republic of Tanzania,2007,Male,15.49
AFR,Africa,TZA,United Republic of Tanzania,2008,Female,61.5
AFR,Africa,TZA,United Republic of Tanzania,2008,Female,17.73
AFR,Africa,TZA,United Republic of Tanzania,2008,Male,59.38
AFR,Africa,TZA,United Republic of Tanzania,2008,Male,15.73
AFR,Africa,TZA,United Republic of Tanzania,2009,Female,62.07
AFR,Africa,TZA,United Republic of Tanzania,2009,Female,17.81
AFR,Africa,TZA,United Republic of Tanzania,2009,Male,60.01
AFR,Africa,TZA,United Republic of Tanzania,2009,Male,15.92
AFR,Africa,TZA,United Republic of Tanzania,2010,Female,62.95
AFR,Africa,TZA,United Republic of Tanzania,2010,Female,17.94
AFR,Africa,TZA,United Republic of Tanzania,2010,Male,60.44
AFR,Africa,TZA,United Republic of Tanzania,2010,Male,16.11
AFR,Africa,TZA,United Republic of Tanzania,2011,Female,63.7
AFR,Africa,TZA,United Republic of Tanzania,2011,Female,18.08
AFR,Africa,TZA,United Republic of Tanzania,2011,Male,60.86
AFR,Africa,TZA,United Republic of Tanzania,2011,Male,16.34
AFR,Africa,TZA,United Republic of Tanzania,2012,Female,64.5
AFR,Africa,TZA,United Republic of Tanzania,2012,Female,18.21
AFR,Africa,TZA,United Republic of Tanzania,2012,Male,61.69
AFR,Africa,TZA,United Republic of Tanzania,2012,Male,16.55
AFR,Africa,TZA,United Republic of Tanzania,2013,Female,65.55
AFR,Africa,TZA,United Republic of Tanzania,2013,Female,18.32
AFR,Africa,TZA,United Republic of Tanzania,2013,Male,62.55
AFR,Africa,TZA,United Republic of Tanzania,2013,Male,16.72
AFR,Africa,TZA,United Republic of Tanzania,2014,Female,66.27
AFR,Africa,TZA,United Republic of Tanzania,2014,Female,18.41
AFR,Africa,TZA,United Republic of Tanzania,2014,Male,63.15
AFR,Africa,TZA,United Republic of Tanzania,2014,Male,16.84
AFR,Africa,TZA,United Republic of Tanzania,2015,Female,66.8
AFR,Africa,TZA,United Republic of Tanzania,2015,Female,18.47
AFR,Africa,TZA,United Republic of Tanzania,2015,Male,63.54
AFR,Africa,TZA,United Republic of Tanzania,2015,Male,16.91
AFR,Africa,TZA,United Republic of Tanzania,2016,Female,67.25
AFR,Africa,TZA,United Republic of Tanzania,2016,Female,18.56
AFR,Africa,TZA,United Republic of Tanzania,2016,Male,63.98
AFR,Africa,TZA,United Republic of Tanzania,2016,Male,17.01
AFR,Africa,TZA,United Republic of Tanzania,2017,Female,67.6
AFR,Africa,TZA,United Republic of Tanzania,2017,Female,18.65
AFR,Africa,TZA,United Republic of Tanzania,2017,Male,64.37
AFR,Africa,TZA,United Republic of Tanzania,2017,Male,17.11
AFR,Africa,TZA,United Republic of Tanzania,2018,Female,68.0
AFR,Africa,TZA,United Republic of Tanzania,2018,Female,18.73
AFR,Africa,TZA,United Republic of Tanzania,2018,Male,64.79
AFR,Africa,TZA,United Republic of Tanzania,2018,Male,17.18
AFR,Africa,TZA,United Republic of Tanzania,2019,Female,68.37
AFR,Africa,TZA,United Republic of Tanzania,2019,Female,18.79
AFR,Africa,TZA,United Republic of Tanzania,2019,Male,65.2
AFR,Africa,TZA,United Republic of Tanzania,2019,Male,17.23
AFR,Africa,TZA,United Republic of Tanzania,2020,Female,69.13
AFR,Africa,TZA,United Republic of Tanzania,2020,Female,19.0
AFR,Africa,TZA,United Republic of Tanzania,2020,Male,65.68
AFR,Africa,TZA,United Republic of Tanzania,2020,Male,16.97
AFR,Africa,TZA,United Republic of Tanzania,2021,Female,68.38
AFR,Africa,TZA,United Republic of Tanzania,2021,Female,18.42
AFR,Africa,TZA,United Republic of Tanzania,2021,Male,65.24
AFR,Africa,TZA,United Republic of Tanzania,2021,Male,16.83
AMR,Americas,USA,United States of America,2000,Female,79.06
AMR,Americas,USA,United States of America,2000,Female,22.65
AMR,Americas,USA,United States of America,2000,Male,74.16
AMR,Americas,USA,United States of America,2000,Male,19.8
AMR,Americas,USA,United States of America,2001,Female,79.14
AMR,Americas,USA,United States of America,2001,Female,22.76
AMR,Americas,USA,United States of America,2001,Male,74.28
AMR,Americas,USA,United States of America,2001,Male,19.99
AMR,Americas,USA,United States of America,2002,Female,79.22
AMR,Americas,USA,United States of America,2002,Female,22.82
AMR,Americas,USA,United States of America,2002,Male,74.4
AMR,Americas,USA,United States of America,2002,Male,20.09
AMR,Americas,USA,United States of America,2003,Female,79.33
AMR,Americas,USA,United States of America,2003,Female,22.92
AMR,Americas,USA,United States of America,2003,Male,74.57
AMR,Americas,USA,United States of America,2003,Male,20.28
AMR,Americas,USA,United States of America,2004,Female,79.7
AMR,Americas,USA,United States of America,2004,Female,23.25
AMR,Americas,USA,United States of America,2004,Male,75.02
AMR,Americas,USA,United States of America,2004,Male,20.66
AMR,Americas,USA,United States of America,2005,Female,79.7
AMR,Americas,USA,United States of America,2005,Female,23.27
AMR,Americas,USA,United States of America,2005,Male,75.01
AMR,Americas,USA,United States of America,2005,Male,20.73
AMR,Americas,USA,United States of America,2006,Female,79.99
AMR,Americas,USA,United States of America,2006,Female,23.57
AMR,Americas,USA,United States of America,2006,Male,75.31
AMR,Americas,USA,United States of America,2006,Male,21.05
AMR,Americas,USA,United States of America,2007,Female,80.23
AMR,Americas,USA,United States of America,2007,Female,23.76
AMR,Americas,USA,United States of America,2007,Male,75.59
AMR,Americas,USA,United States of America,2007,Male,21.26
AMR,Americas,USA,United States of America,2008,Female,80.28
AMR,Americas,USA,United States of America,2008,Female,23.76
AMR,Americas,USA,United States of America,2008,Male,75.76
AMR,Americas,USA,United States of America,2008,Male,21.3
AMR,Americas,USA,United States of America,2009,Female,80.63
AMR,Americas,USA,United States of America,2009,Female,24.12
AMR,Americas,USA,United States of America,2009,Male,76.16
AMR,Americas,USA,United States of America,2009,Male,21.62
AMR,Americas,USA,United States of America,2010,Female,80.79
AMR,Americas,USA,United States of America,2010,Female,24.15
AMR,Americas,USA,United States of America,2010,Male,76.37
AMR,Americas,USA,United States of America,2010,Male,21.66
AMR,Americas,USA,United States of America,2011,Female,80.8
AMR,Americas,USA,United States of America,2011,Female,24.18
AMR,Americas,USA,United States of America,2011,Male,76.47
AMR,Americas,USA,United States of America,2011,Male,21.75
AMR,Americas,USA,United States of America,2012,Female,80.91
AMR,Americas,USA,United States of America,2012,Female,24.28
AMR,Americas,USA,United States of America,2012,Male,76.6
AMR,Americas,USA,United States of America,2012,Male,21.86
AMR,Americas,USA,United States of America,2013,Female,80.89
AMR,Americas,USA,United States of America,2013,Female,24.26
AMR,Americas,USA,United States of America,2013,Male,76.61
AMR,Americas,USA,United States of America,2013,Male,21.83
AMR,Americas,USA,United States of America,2014,Female,80.93
AMR,Americas,USA,United States of America,2014,Female,24.34
AMR,Americas,USA,United States of America,2014,Male,76.67
AMR,Americas,USA,United States of America,2014,Male,21.91
AMR,Americas,USA,United States of America,2015,Female,80.76
AMR,Americas,USA,United States of America,2015,Female,24.22
AMR,Americas,USA,United States of America,2015,Male,76.48
AMR,Americas,USA,United States of America,2015,Male,21.83
AMR,Americas,USA,United States of America,2016,Female,80.77
AMR,Americas,USA,United States of America,2016,Female,24.32
AMR,Americas,USA,United States of America,2016,Male,76.37
AMR,Americas,USA,United States of America,2016,Male,21.93
AMR,Americas,USA,United States of America,2017,Female,80.73
AMR,Americas,USA,United States of America,2017,Female,24.25
AMR,Americas,USA,United States of America,2017,Male,76.31
AMR,Americas,USA,United States of America,2017,Male,21.88
AMR,Americas,USA,United States of America,2018,Female,80.86
AMR,Americas,USA,United States of America,2018,Female,24.31
AMR,Americas,USA,United States of America,2018,Male,76.44
AMR,Americas,USA,United States of America,2018,Male,21.9
AMR,Americas,USA,United States of America,2019,Female,80.98
AMR,Americas,USA,United States of America,2019,Female,24.41
AMR,Americas,USA,United States of America,2019,Male,76.53
AMR,Americas,USA,United States of America,2019,Male,21.99
AMR,Americas,USA,United States of America,2020,Female,79.51
AMR,Americas,USA,United States of America,2020,Female,23.28
AMR,Americas,USA,United States of America,2020,Male,74.38
AMR,Americas,USA,United States of America,2020,Male,20.59
AMR,Americas,USA,United States of America,2021,Female,79.15
AMR,Americas,USA,United States of America,2021,Female,23.39
AMR,Americas,USA,United States of America,2021,Male,73.72
AMR,Americas,USA,United States of America,2021,Male,20.58
AMR,Americas,URY,Uruguay,2000,Female,79.07
AMR,Americas,URY,Uruguay,2000,Female,23.48
AMR,Americas,URY,Uruguay,2000,Male,70.69
AMR,Americas,URY,Uruguay,2000,Male,17.56
AMR,Americas,URY,Uruguay,2001,Female,78.87
AMR,Americas,URY,Uruguay,2001,Female,23.28
AMR,Americas,URY,Uruguay,2001,Male,70.94
AMR,Americas,URY,Uruguay,2001,Male,17.43
AMR,Americas,URY,Uruguay,2002,Female,79.16
AMR,Americas,URY,Uruguay,2002,Female,23.51
AMR,Americas,URY,Uruguay,2002,Male,71.01
AMR,Americas,URY,Uruguay,2002,Male,17.62
AMR,Americas,URY,Uruguay,2003,Female,78.77
AMR,Americas,URY,Uruguay,2003,Female,23.33
AMR,Americas,URY,Uruguay,2003,Male,70.81
AMR,Americas,URY,Uruguay,2003,Male,17.33
AMR,Americas,URY,Uruguay,2004,Female,79.1
AMR,Americas,URY,Uruguay,2004,Female,23.47
AMR,Americas,URY,Uruguay,2004,Male,71.32
AMR,Americas,URY,Uruguay,2004,Male,17.59
AMR,Americas,URY,Uruguay,2005,Female,79.38
AMR,Americas,URY,Uruguay,2005,Female,23.65
AMR,Americas,URY,Uruguay,2005,Male,71.77
AMR,Americas,URY,Uruguay,2005,Male,17.92
AMR,Americas,URY,Uruguay,2006,Female,80.28
AMR,Americas,URY,Uruguay,2006,Female,24.16
AMR,Americas,URY,Uruguay,2006,Male,72.23
AMR,Americas,URY,Uruguay,2006,Male,18.16
AMR,Americas,URY,Uruguay,2007,Female,79.31
AMR,Americas,URY,Uruguay,2007,Female,23.43
AMR,Americas,URY,Uruguay,2007,Male,71.38
AMR,Americas,URY,Uruguay,2007,Male,17.59
AMR,Americas,URY,Uruguay,2008,Female,80.07
AMR,Americas,URY,Uruguay,2008,Female,24.1
AMR,Americas,URY,Uruguay,2008,Male,72.5
AMR,Americas,URY,Uruguay,2008,Male,18.51
AMR,Americas,URY,Uruguay,2009,Female,80.54
AMR,Americas,URY,Uruguay,2009,Female,24.41
AMR,Americas,URY,Uruguay,2009,Male,72.62
AMR,Americas,URY,Uruguay,2009,Male,18.55
AMR,Americas,URY,Uruguay,2010,Female,80.26
AMR,Americas,URY,Uruguay,2010,Female,24.01
AMR,Americas,URY,Uruguay,2010,Male,72.54
AMR,Americas,URY,Uruguay,2010,Male,18.37
AMR,Americas,URY,Uruguay,2011,Female,80.37
AMR,Americas,URY,Uruguay,2011,Female,24.17
AMR,Americas,URY,Uruguay,2011,Male,72.65
AMR,Americas,URY,Uruguay,2011,Male,18.53
AMR,Americas,URY,Uruguay,2012,Female,80.32
AMR,Americas,URY,Uruguay,2012,Female,24.09
AMR,Americas,URY,Uruguay,2012,Male,72.36
AMR,Americas,URY,Uruguay,2012,Male,18.48
AMR,Americas,URY,Uruguay,2013,Female,80.42
AMR,Americas,URY,Uruguay,2013,Female,24.27
AMR,Americas,URY,Uruguay,2013,Male,72.8
AMR,Americas,URY,Uruguay,2013,Male,18.82
AMR,Americas,URY,Uruguay,2014,Female,80.92
AMR,Americas,URY,Uruguay,2014,Female,24.52
AMR,Americas,URY,Uruguay,2014,Male,73.18
AMR,Americas,URY,Uruguay,2014,Male,19.02
AMR,Americas,URY,Uruguay,2015,Female,80.68
AMR,Americas,URY,Uruguay,2015,Female,24.32
AMR,Americas,URY,Uruguay,2015,Male,73.31
AMR,Americas,URY,Uruguay,2015,Male,19.04
AMR,Americas,URY,Uruguay,2016,Female,80.46
AMR,Americas,URY,Uruguay,2016,Female,23.96
AMR,Americas,URY,Uruguay,2016,Male,73.07
AMR,Americas,URY,Uruguay,2016,Male,18.62
AMR,Americas,URY,Uruguay,2017,Female,80.8
AMR,Americas,URY,Uruguay,2017,Female,24.46
AMR,Americas,URY,Uruguay,2017,Male,73.66
AMR,Americas,URY,Uruguay,2017,Male,19.06
AMR,Americas,URY,Uruguay,2018,Female,80.68
AMR,Americas,URY,Uruguay,2018,Female,24.24
AMR,Americas,URY,Uruguay,2018,Male,73.23
AMR,Americas,URY,Uruguay,2018,Male,18.95
AMR,Americas,URY,Uruguay,2019,Female,80.5
AMR,Americas,URY,Uruguay,2019,Female,24.04
AMR,Americas,URY,Uruguay,2019,Male,73.36
AMR,Americas,URY,Uruguay,2019,Male,18.95
AMR,Americas,URY,Uruguay,2020,Female,81.17
AMR,Americas,URY,Uruguay,2020,Female,24.65
AMR,Americas,URY,Uruguay,2020,Male,74.19
AMR,Americas,URY,Uruguay,2020,Male,19.57
AMR,Americas,URY,Uruguay,2021,Female,78.74
AMR,Americas,URY,Uruguay,2021,Female,22.62
AMR,Americas,URY,Uruguay,2021,Male,71.25
AMR,Americas,URY,Uruguay,2021,Male,17.44
EUR,Europe,UZB,Uzbekistan,2000,Female,64.58
EUR,Europe,UZB,Uzbekistan,2000,Female,14.28
EUR,Europe,UZB,Uzbekistan,2000,Male,58.91
EUR,Europe,UZB,Uzbekistan,2000,Male,12.27
EUR,Europe,UZB,Uzbekistan,2001,Female,65.0
EUR,Europe,UZB,Uzbekistan,2001,Female,14.46
EUR,Europe,UZB,Uzbekistan,2001,Male,59.46
EUR,Europe,UZB,Uzbekistan,2001,Male,12.45
EUR,Europe,UZB,Uzbekistan,2002,Female,64.88
EUR,Europe,UZB,Uzbekistan,2002,Female,14.13
EUR,Europe,UZB,Uzbekistan,2002,Male,59.62
EUR,Europe,UZB,Uzbekistan,2002,Male,12.05
EUR,Europe,UZB,Uzbekistan,2003,Female,65.34
EUR,Europe,UZB,Uzbekistan,2003,Female,14.15
EUR,Europe,UZB,Uzbekistan,2003,Male,60.24
EUR,Europe,UZB,Uzbekistan,2003,Male,12.13
EUR,Europe,UZB,Uzbekistan,2004,Female,66.02
EUR,Europe,UZB,Uzbekistan,2004,Female,14.55
EUR,Europe,UZB,Uzbekistan,2004,Male,60.92
EUR,Europe,UZB,Uzbekistan,2004,Male,12.47
EUR,Europe,UZB,Uzbekistan,2005,Female,65.87
EUR,Europe,UZB,Uzbekistan,2005,Female,14.12
EUR,Europe,UZB,Uzbekistan,2005,Male,60.64
EUR,Europe,UZB,Uzbekistan,2005,Male,12.01
EUR,Europe,UZB,Uzbekistan,2006,Female,66.75
EUR,Europe,UZB,Uzbekistan,2006,Female,14.57
EUR,Europe,UZB,Uzbekistan,2006,Male,61.72
EUR,Europe,UZB,Uzbekistan,2006,Male,12.43
EUR,Europe,UZB,Uzbekistan,2007,Female,67.31
EUR,Europe,UZB,Uzbekistan,2007,Female,14.76
EUR,Europe,UZB,Uzbekistan,2007,Male,62.36
EUR,Europe,UZB,Uzbekistan,2007,Male,12.6
EUR,Europe,UZB,Uzbekistan,2008,Female,67.9
EUR,Europe,UZB,Uzbekistan,2008,Female,14.99
EUR,Europe,UZB,Uzbekistan,2008,Male,63.04
EUR,Europe,UZB,Uzbekistan,2008,Male,12.82
EUR,Europe,UZB,Uzbekistan,2009,Female,68.7
EUR,Europe,UZB,Uzbekistan,2009,Female,15.48
EUR,Europe,UZB,Uzbekistan,2009,Male,63.9
EUR,Europe,UZB,Uzbekistan,2009,Male,13.31
EUR,Europe,UZB,Uzbekistan,2010,Female,69.08
EUR,Europe,UZB,Uzbekistan,2010,Female,15.46
EUR,Europe,UZB,Uzbekistan,2010,Male,64.39
EUR,Europe,UZB,Uzbekistan,2010,Male,13.29
EUR,Europe,UZB,Uzbekistan,2011,Female,69.52
EUR,Europe,UZB,Uzbekistan,2011,Female,15.63
EUR,Europe,UZB,Uzbekistan,2011,Male,64.87
EUR,Europe,UZB,Uzbekistan,2011,Male,13.44
EUR,Europe,UZB,Uzbekistan,2012,Female,70.03
EUR,Europe,UZB,Uzbekistan,2012,Female,15.98
EUR,Europe,UZB,Uzbekistan,2012,Male,65.28
EUR,Europe,UZB,Uzbekistan,2012,Male,13.62
EUR,Europe,UZB,Uzbekistan,2013,Female,70.67
EUR,Europe,UZB,Uzbekistan,2013,Female,16.4
EUR,Europe,UZB,Uzbekistan,2013,Male,66.08
EUR,Europe,UZB,Uzbekistan,2013,Male,14.11
EUR,Europe,UZB,Uzbekistan,2014,Female,71.12
EUR,Europe,UZB,Uzbekistan,2014,Female,16.63
EUR,Europe,UZB,Uzbekistan,2014,Male,66.5
EUR,Europe,UZB,Uzbekistan,2014,Male,14.27
EUR,Europe,UZB,Uzbekistan,2015,Female,71.72
EUR,Europe,UZB,Uzbekistan,2015,Female,17.14
EUR,Europe,UZB,Uzbekistan,2015,Male,67.11
EUR,Europe,UZB,Uzbekistan,2015,Male,14.79
EUR,Europe,UZB,Uzbekistan,2016,Female,72.19
EUR,Europe,UZB,Uzbekistan,2016,Female,17.49
EUR,Europe,UZB,Uzbekistan,2016,Male,67.69
EUR,Europe,UZB,Uzbekistan,2016,Male,15.13
EUR,Europe,UZB,Uzbekistan,2017,Female,72.58
EUR,Europe,UZB,Uzbekistan,2017,Female,17.71
EUR,Europe,UZB,Uzbekistan,2017,Male,68.17
EUR,Europe,UZB,Uzbekistan,2017,Male,15.38
EUR,Europe,UZB,Uzbekistan,2018,Female,73.57
EUR,Europe,UZB,Uzbekistan,2018,Female,18.43
EUR,Europe,UZB,Uzbekistan,2018,Male,69.28
EUR,Europe,UZB,Uzbekistan,2018,Male,16.07
EUR,Europe,UZB,Uzbekistan,2019,Female,74.28
EUR,Europe,UZB,Uzbekistan,2019,Female,18.89
EUR,Europe,UZB,Uzbekistan,2019,Male,70.15
EUR,Europe,UZB,Uzbekistan,2019,Male,16.51
EUR,Europe,UZB,Uzbekistan,2020,Female,73.41
EUR,Europe,UZB,Uzbekistan,2020,Female,17.91
EUR,Europe,UZB,Uzbekistan,2020,Male,69.23
EUR,Europe,UZB,Uzbekistan,2020,Male,15.28
EUR,Europe,UZB,Uzbekistan,2021,Female,74.11
EUR,Europe,UZB,Uzbekistan,2021,Female,18.56
EUR,Europe,UZB,Uzbekistan,2021,Male,70.16
EUR,Europe,UZB,Uzbekistan,2021,Male,16.26
WPR,Western Pacific,VUT,Vanuatu,2000,Female,68.53
WPR,Western Pacific,VUT,Vanuatu,2000,Female,16.7
WPR,Western Pacific,VUT,Vanuatu,2000,Male,62.03
WPR,Western Pacific,VUT,Vanuatu,2000,Male,14.11
WPR,Western Pacific,VUT,Vanuatu,2001,Female,68.58
WPR,Western Pacific,VUT,Vanuatu,2001,Female,16.71
WPR,Western Pacific,VUT,Vanuatu,2001,Male,62.07
WPR,Western Pacific,VUT,Vanuatu,2001,Male,14.1
WPR,Western Pacific,VUT,Vanuatu,2002,Female,68.65
WPR,Western Pacific,VUT,Vanuatu,2002,Female,16.71
WPR,Western Pacific,VUT,Vanuatu,2002,Male,62.11
WPR,Western Pacific,VUT,Vanuatu,2002,Male,14.1
WPR,Western Pacific,VUT,Vanuatu,2003,Female,68.7
WPR,Western Pacific,VUT,Vanuatu,2003,Female,16.72
WPR,Western Pacific,VUT,Vanuatu,2003,Male,62.14
WPR,Western Pacific,VUT,Vanuatu,2003,Male,14.1
WPR,Western Pacific,VUT,Vanuatu,2004,Female,68.74
WPR,Western Pacific,VUT,Vanuatu,2004,Female,16.72
WPR,Western Pacific,VUT,Vanuatu,2004,Male,62.2
WPR,Western Pacific,VUT,Vanuatu,2004,Male,14.1
WPR,Western Pacific,VUT,Vanuatu,2005,Female,68.84
WPR,Western Pacific,VUT,Vanuatu,2005,Female,16.76
WPR,Western Pacific,VUT,Vanuatu,2005,Male,62.27
WPR,Western Pacific,VUT,Vanuatu,2005,Male,14.13
WPR,Western Pacific,VUT,Vanuatu,2006,Female,68.97
WPR,Western Pacific,VUT,Vanuatu,2006,Female,16.81
WPR,Western Pacific,VUT,Vanuatu,2006,Male,62.39
WPR,Western Pacific,VUT,Vanuatu,2006,Male,14.18
WPR,Western Pacific,VUT,Vanuatu,2007,Female,69.1
WPR,Western Pacific,VUT,Vanuatu,2007,Female,16.87
WPR,Western Pacific,VUT,Vanuatu,2007,Male,62.53
WPR,Western Pacific,VUT,Vanuatu,2007,Male,14.25
WPR,Western Pacific,VUT,Vanuatu,2008,Female,69.26
WPR,Western Pacific,VUT,Vanuatu,2008,Female,16.93
WPR,Western Pacific,VUT,Vanuatu,2008,Male,62.7
WPR,Western Pacific,VUT,Vanuatu,2008,Male,14.32
WPR,Western Pacific,VUT,Vanuatu,2009,Female,69.43
WPR,Western Pacific,VUT,Vanuatu,2009,Female,16.99
WPR,Western Pacific,VUT,Vanuatu,2009,Male,62.91
WPR,Western Pacific,VUT,Vanuatu,2009,Male,14.41
WPR,Western Pacific,VUT,Vanuatu,2010,Female,69.62
WPR,Western Pacific,VUT,Vanuatu,2010,Female,17.09
WPR,Western Pacific,VUT,Vanuatu,2010,Male,63.1
WPR,Western Pacific,VUT,Vanuatu,2010,Male,14.5
WPR,Western Pacific,VUT,Vanuatu,2011,Female,69.82
WPR,Western Pacific,VUT,Vanuatu,2011,Female,17.2
WPR,Western Pacific,VUT,Vanuatu,2011,Male,63.27
WPR,Western Pacific,VUT,Vanuatu,2011,Male,14.59
WPR,Western Pacific,VUT,Vanuatu,2012,Female,69.99
WPR,Western Pacific,VUT,Vanuatu,2012,Female,17.29
WPR,Western Pacific,VUT,Vanuatu,2012,Male,63.44
WPR,Western Pacific,VUT,Vanuatu,2012,Male,14.7
WPR,Western Pacific,VUT,Vanuatu,2013,Female,70.16
WPR,Western Pacific,VUT,Vanuatu,2013,Female,17.4
WPR,Western Pacific,VUT,Vanuatu,2013,Male,63.62
WPR,Western Pacific,VUT,Vanuatu,2013,Male,14.82
WPR,Western Pacific,VUT,Vanuatu,2014,Female,70.25
WPR,Western Pacific,VUT,Vanuatu,2014,Female,17.47
WPR,Western Pacific,VUT,Vanuatu,2014,Male,63.74
WPR,Western Pacific,VUT,Vanuatu,2014,Male,14.91
WPR,Western Pacific,VUT,Vanuatu,2015,Female,70.34
WPR,Western Pacific,VUT,Vanuatu,2015,Female,17.51
WPR,Western Pacific,VUT,Vanuatu,2015,Male,63.81
WPR,Western Pacific,VUT,Vanuatu,2015,Male,14.94
WPR,Western Pacific,VUT,Vanuatu,2016,Female,70.49
WPR,Western Pacific,VUT,Vanuatu,2016,Female,17.58
WPR,Western Pacific,VUT,Vanuatu,2016,Male,63.91
WPR,Western Pacific,VUT,Vanuatu,2016,Male,14.97
WPR,Western Pacific,VUT,Vanuatu,2017,Female,70.52
WPR,Western Pacific,VUT,Vanuatu,2017,Female,17.59
WPR,Western Pacific,VUT,Vanuatu,2017,Male,63.98
WPR,Western Pacific,VUT,Vanuatu,2017,Male,14.99
WPR,Western Pacific,VUT,Vanuatu,2018,Female,70.59
WPR,Western Pacific,VUT,Vanuatu,2018,Female,17.61
WPR,Western Pacific,VUT,Vanuatu,2018,Male,64.03
WPR,Western Pacific,VUT,Vanuatu,2018,Male,15.02
WPR,Western Pacific,VUT,Vanuatu,2019,Female,70.64
WPR,Western Pacific,VUT,Vanuatu,2019,Female,17.63
WPR,Western Pacific,VUT,Vanuatu,2019,Male,64.12
WPR,Western Pacific,VUT,Vanuatu,2019,Male,15.05
WPR,Western Pacific,VUT,Vanuatu,2020,Female,70.94
WPR,Western Pacific,VUT,Vanuatu,2020,Female,17.71
WPR,Western Pacific,VUT,Vanuatu,2020,Male,63.92
WPR,Western Pacific,VUT,Vanuatu,2020,Male,14.36
WPR,Western Pacific,VUT,Vanuatu,2021,Female,69.81
WPR,Western Pacific,VUT,Vanuatu,2021,Female,17.1
WPR,Western Pacific,VUT,Vanuatu,2021,Male,63.36
WPR,Western Pacific,VUT,Vanuatu,2021,Male,14.47
AMR,Americas,VEN,Venezuela (Bolivarian Republic of),2000,Female,77.65
AMR,Americas,VEN,Venezuela (Bolivarian Republic of),2000,Female,22.57
AMR,Americas,VEN,Venezuela (Bolivarian Republic of),2000,Male,70.61
AMR,Americas,VEN,Venezuela (Bolivarian Republic of),2000,Male,19.77
AMR,Americas,VEN,Venezuela (Bolivarian Republic of),2001,Female,77.55
AMR,Americas,VEN,Venezuela (Bolivarian Republic of),2001,Female,22.44
AMR,Americas,VEN,Venezuela (Bolivarian Republic of),2001,Male,70.43
AMR,Americas,VEN,Venezuela (Bolivarian Republic of),2001,Male,19.65
AMR,Americas,VEN,Venezuela (Bolivarian Republic of),2002,Female,77.71
AMR,Americas,VEN,Venezuela (Bolivarian Republic of),2002,Female,22.84
AMR,Americas,VEN,Venezuela (Bolivarian Republic of),2002,Male,70.94
AMR,Americas,VEN,Venezuela (Bolivarian Republic of),2002,Male,20.16
AMR,Americas,VEN,Venezuela (Bolivarian Republic of),2003,Female,77.57
AMR,Americas,VEN,Venezuela (Bolivarian Republic of),2003,Female,22.54
AMR,Americas,VEN,Venezuela (Bolivarian Republic of),2003,Male,69.94
AMR,Americas,VEN,Venezuela (Bolivarian Republic of),2003,Male,19.54
AMR,Americas,VEN,Venezuela (Bolivarian Republic of),2004,Female,78.2
AMR,Americas,VEN,Venezuela (Bolivarian Republic of),2004,Female,22.98
AMR,Americas,VEN,Venezuela (Bolivarian Republic of),2004,Male,70.79
AMR,Americas,VEN,Venezuela (Bolivarian Republic of),2004,Male,19.91
AMR,Americas,VEN,Venezuela (Bolivarian Republic of),2005,Female,78.48
AMR,Americas,VEN,Venezuela (Bolivarian Republic of),2005,Female,23.18
AMR,Americas,VEN,Venezuela (Bolivarian Republic of),2005,Male,71.1
AMR,Americas,VEN,Venezuela (Bolivarian Republic of),2005,Male,20.01
AMR,Americas,VEN,Venezuela (Bolivarian Republic of),2006,Female,78.75
AMR,Americas,VEN,Venezuela (Bolivarian Republic of),2006,Female,23.45
AMR,Americas,VEN,Venezuela (Bolivarian Republic of),2006,Male,70.83
AMR,Americas,VEN,Venezuela (Bolivarian Republic of),2006,Male,20.12
AMR,Americas,VEN,Venezuela (Bolivarian Republic of),2007,Female,78.93
AMR,Americas,VEN,Venezuela (Bolivarian Republic of),2007,Female,23.54
AMR,Americas,VEN,Venezuela (Bolivarian Republic of),2007,Male,70.38
AMR,Americas,VEN,Venezuela (Bolivarian Republic of),2007,Male,20.0
AMR,Americas,VEN,Venezuela (Bolivarian Republic of),2008,Female,78.81
AMR,Americas,VEN,Venezuela (Bolivarian Republic of),2008,Female,23.45
AMR,Americas,VEN,Venezuela (Bolivarian Republic of),2008,Male,70.02
AMR,Americas,VEN,Venezuela (Bolivarian Republic of),2008,Male,19.81
AMR,Americas,VEN,Venezuela (Bolivarian Republic of),2009,Female,79.04
AMR,Americas,VEN,Venezuela (Bolivarian Republic of),2009,Female,23.7
AMR,Americas,VEN,Venezuela (Bolivarian Republic of),2009,Male,70.33
AMR,Americas,VEN,Venezuela (Bolivarian Republic of),2009,Male,20.05
AMR,Americas,VEN,Venezuela (Bolivarian Republic of),2010,Female,78.86
AMR,Americas,VEN,Venezuela (Bolivarian Republic of),2010,Female,23.45
AMR,Americas,VEN,Venezuela (Bolivarian Republic of),2010,Male,70.66
AMR,Americas,VEN,Venezuela (Bolivarian Republic of),2010,Male,19.81
AMR,Americas,VEN,Venezuela (Bolivarian Republic of),2011,Female,78.78
AMR,Americas,VEN,Venezuela (Bolivarian Republic of),2011,Female,23.35
AMR,Americas,VEN,Venezuela (Bolivarian Republic of),2011,Male,70.59
AMR,Americas,VEN,Venezuela (Bolivarian Republic of),2011,Male,19.7
AMR,Americas,VEN,Venezuela (Bolivarian Republic of),2012,Female,78.96
AMR,Americas,VEN,Venezuela (Bolivarian Republic of),2012,Female,23.56
AMR,Americas,VEN,Venezuela (Bolivarian Republic of),2012,Male,70.17
AMR,Americas,VEN,Venezuela (Bolivarian Republic of),2012,Male,19.74
AMR,Americas,VEN,Venezuela (Bolivarian Republic of),2013,Female,78.96
AMR,Americas,VEN,Venezuela (Bolivarian Republic of),2013,Female,23.59
AMR,Americas,VEN,Venezuela (Bolivarian Republic of),2013,Male,70.44
AMR,Americas,VEN,Venezuela (Bolivarian Republic of),2013,Male,19.82
AMR,Americas,VEN,Venezuela (Bolivarian Republic of),2014,Female,78.36
AMR,Americas,VEN,Venezuela (Bolivarian Republic of),2014,Female,22.99
AMR,Americas,VEN,Venezuela (Bolivarian Republic of),2014,Male,69.98
AMR,Americas,VEN,Venezuela (Bolivarian Republic of),2014,Male,19.18
AMR,Americas,VEN,Venezuela (Bolivarian Republic of),2015,Female,78.28
AMR,Americas,VEN,Venezuela (Bolivarian Republic of),2015,Female,22.99
AMR,Americas,VEN,Venezuela (Bolivarian Republic of),2015,Male,69.82
AMR,Americas,VEN,Venezuela (Bolivarian Republic of),2015,Male,19.29
AMR,Americas,VEN,Venezuela (Bolivarian Republic of),2016,Female,77.2
AMR,Americas,VEN,Venezuela (Bolivarian Republic of),2016,Female,22.63
AMR,Americas,VEN,Venezuela (Bolivarian Republic of),2016,Male,67.93
AMR,Americas,VEN,Venezuela (Bolivarian Republic of),2016,Male,18.59
AMR,Americas,VEN,Venezuela (Bolivarian Republic of),2017,Female,77.55
AMR,Americas,VEN,Venezuela (Bolivarian Republic of),2017,Female,22.8
AMR,Americas,VEN,Venezuela (Bolivarian Republic of),2017,Male,68.7
AMR,Americas,VEN,Venezuela (Bolivarian Republic of),2017,Male,18.81
AMR,Americas,VEN,Venezuela (Bolivarian Republic of),2018,Female,77.43
AMR,Americas,VEN,Venezuela (Bolivarian Republic of),2018,Female,22.73
AMR,Americas,VEN,Venezuela (Bolivarian Republic of),2018,Male,68.5
AMR,Americas,VEN,Venezuela (Bolivarian Republic of),2018,Male,18.67
AMR,Americas,VEN,Venezuela (Bolivarian Republic of),2019,Female,77.35
AMR,Americas,VEN,Venezuela (Bolivarian Republic of),2019,Female,22.64
AMR,Americas,VEN,Venezuela (Bolivarian Republic of),2019,Male,68.38
AMR,Americas,VEN,Venezuela (Bolivarian Republic of),2019,Male,18.52
AMR,Americas,VEN,Venezuela (Bolivarian Republic of),2020,Female,77.16
AMR,Americas,VEN,Venezuela (Bolivarian Republic of),2020,Female,22.36
AMR,Americas,VEN,Venezuela (Bolivarian Republic of),2020,Male,68.02
AMR,Americas,VEN,Venezuela (Bolivarian Republic of),2020,Male,17.77
AMR,Americas,VEN,Venezuela (Bolivarian Republic of),2021,Female,75.95
AMR,Americas,VEN,Venezuela (Bolivarian Republic of),2021,Female,21.51
AMR,Americas,VEN,Venezuela (Bolivarian Republic of),2021,Male,66.86
AMR,Americas,VEN,Venezuela (Bolivarian Republic of),2021,Male,17.44
WPR,Western Pacific,VNM,Viet Nam,2000,Female,76.07
WPR,Western Pacific,VNM,Viet Nam,2000,Female,21.2
WPR,Western Pacific,VNM,Viet Nam,2000,Male,67.64
WPR,Western Pacific,VNM,Viet Nam,2000,Male,16.28
WPR,Western Pacific,VNM,Viet Nam,2001,Female,76.19
WPR,Western Pacific,VNM,Viet Nam,2001,Female,21.18
WPR,Western Pacific,VNM,Viet Nam,2001,Male,67.74
WPR,Western Pacific,VNM,Viet Nam,2001,Male,16.25
WPR,Western Pacific,VNM,Viet Nam,2002,Female,76.29
WPR,Western Pacific,VNM,Viet Nam,2002,Female,21.15
WPR,Western Pacific,VNM,Viet Nam,2002,Male,67.81
WPR,Western Pacific,VNM,Viet Nam,2002,Male,16.22
WPR,Western Pacific,VNM,Viet Nam,2003,Female,76.37
WPR,Western Pacific,VNM,Viet Nam,2003,Female,21.13
WPR,Western Pacific,VNM,Viet Nam,2003,Male,67.85
WPR,Western Pacific,VNM,Viet Nam,2003,Male,16.18
WPR,Western Pacific,VNM,Viet Nam,2004,Female,76.44
WPR,Western Pacific,VNM,Viet Nam,2004,Female,21.11
WPR,Western Pacific,VNM,Viet Nam,2004,Male,67.88
WPR,Western Pacific,VNM,Viet Nam,2004,Male,16.14
WPR,Western Pacific,VNM,Viet Nam,2005,Female,76.5
WPR,Western Pacific,VNM,Viet Nam,2005,Female,21.09
WPR,Western Pacific,VNM,Viet Nam,2005,Male,67.89
WPR,Western Pacific,VNM,Viet Nam,2005,Male,16.1
WPR,Western Pacific,VNM,Viet Nam,2006,Female,76.57
WPR,Western Pacific,VNM,Viet Nam,2006,Female,21.09
WPR,Western Pacific,VNM,Viet Nam,2006,Male,67.95
WPR,Western Pacific,VNM,Viet Nam,2006,Male,16.09
WPR,Western Pacific,VNM,Viet Nam,2007,Female,76.67
WPR,Western Pacific,VNM,Viet Nam,2007,Female,21.12
WPR,Western Pacific,VNM,Viet Nam,2007,Male,67.99
WPR,Western Pacific,VNM,Viet Nam,2007,Male,16.09
WPR,Western Pacific,VNM,Viet Nam,2008,Female,76.76
WPR,Western Pacific,VNM,Viet Nam,2008,Female,21.15
WPR,Western Pacific,VNM,Viet Nam,2008,Male,68.03
WPR,Western Pacific,VNM,Viet Nam,2008,Male,16.1
WPR,Western Pacific,VNM,Viet Nam,2009,Female,76.86
WPR,Western Pacific,VNM,Viet Nam,2009,Female,21.2
WPR,Western Pacific,VNM,Viet Nam,2009,Male,68.06
WPR,Western Pacific,VNM,Viet Nam,2009,Male,16.1
WPR,Western Pacific,VNM,Viet Nam,2010,Female,76.95
WPR,Western Pacific,VNM,Viet Nam,2010,Female,21.25
WPR,Western Pacific,VNM,Viet Nam,2010,Male,68.13
WPR,Western Pacific,VNM,Viet Nam,2010,Male,16.12
WPR,Western Pacific,VNM,Viet Nam,2011,Female,77.09
WPR,Western Pacific,VNM,Viet Nam,2011,Female,21.34
WPR,Western Pacific,VNM,Viet Nam,2011,Male,68.25
WPR,Western Pacific,VNM,Viet Nam,2011,Male,16.19
WPR,Western Pacific,VNM,Viet Nam,2012,Female,77.21
WPR,Western Pacific,VNM,Viet Nam,2012,Female,21.42
WPR,Western Pacific,VNM,Viet Nam,2012,Male,68.38
WPR,Western Pacific,VNM,Viet Nam,2012,Male,16.26
WPR,Western Pacific,VNM,Viet Nam,2013,Female,77.31
WPR,Western Pacific,VNM,Viet Nam,2013,Female,21.49
WPR,Western Pacific,VNM,Viet Nam,2013,Male,68.48
WPR,Western Pacific,VNM,Viet Nam,2013,Male,16.32
WPR,Western Pacific,VNM,Viet Nam,2014,Female,77.4
WPR,Western Pacific,VNM,Viet Nam,2014,Female,21.54
WPR,Western Pacific,VNM,Viet Nam,2014,Male,68.61
WPR,Western Pacific,VNM,Viet Nam,2014,Male,16.39
WPR,Western Pacific,VNM,Viet Nam,2015,Female,77.47
WPR,Western Pacific,VNM,Viet Nam,2015,Female,21.57
WPR,Western Pacific,VNM,Viet Nam,2015,Male,68.71
WPR,Western Pacific,VNM,Viet Nam,2015,Male,16.41
WPR,Western Pacific,VNM,Viet Nam,2016,Female,77.6
WPR,Western Pacific,VNM,Viet Nam,2016,Female,21.67
WPR,Western Pacific,VNM,Viet Nam,2016,Male,68.93
WPR,Western Pacific,VNM,Viet Nam,2016,Male,16.53
WPR,Western Pacific,VNM,Viet Nam,2017,Female,77.74
WPR,Western Pacific,VNM,Viet Nam,2017,Female,21.78
WPR,Western Pacific,VNM,Viet Nam,2017,Male,69.15
WPR,Western Pacific,VNM,Viet Nam,2017,Male,16.63
WPR,Western Pacific,VNM,Viet Nam,2018,Female,77.87
WPR,Western Pacific,VNM,Viet Nam,2018,Female,21.87
WPR,Western Pacific,VNM,Viet Nam,2018,Male,69.34
WPR,Western Pacific,VNM,Viet Nam,2018,Male,16.73
WPR,Western Pacific,VNM,Viet Nam,2019,Female,78.0
WPR,Western Pacific,VNM,Viet Nam,2019,Female,21.96
WPR,Western Pacific,VNM,Viet Nam,2019,Male,69.51
WPR,Western Pacific,VNM,Viet Nam,2019,Male,16.82
WPR,Western Pacific,VNM,Viet Nam,2020,Female,79.2
WPR,Western Pacific,VNM,Viet Nam,2020,Female,22.91
WPR,Western Pacific,VNM,Viet Nam,2020,Male,70.41
WPR,Western Pacific,VNM,Viet Nam,2020,Male,17.47
WPR,Western Pacific,VNM,Viet Nam,2021,Female,77.96
WPR,Western Pacific,VNM,Viet Nam,2021,Female,21.94
WPR,Western Pacific,VNM,Viet Nam,2021,Male,69.73
WPR,Western Pacific,VNM,Viet Nam,2021,Male,16.99
EMR,Eastern Mediterranean,YEM,Yemen,2000,Female,64.67
EMR,Eastern Mediterranean,YEM,Yemen,2000,Female,17.6
EMR,Eastern Mediterranean,YEM,Yemen,2000,Male,61.45
EMR,Eastern Mediterranean,YEM,Yemen,2000,Male,15.98
EMR,Eastern Mediterranean,YEM,Yemen,2001,Female,65.21
EMR,Eastern Mediterranean,YEM,Yemen,2001,Female,17.71
EMR,Eastern Mediterranean,YEM,Yemen,2001,Male,62.0
EMR,Eastern Mediterranean,YEM,Yemen,2001,Male,16.11
EMR,Eastern Mediterranean,YEM,Yemen,2002,Female,65.74
EMR,Eastern Mediterranean,YEM,Yemen,2002,Female,17.81
EMR,Eastern Mediterranean,YEM,Yemen,2002,Male,62.54
EMR,Eastern Mediterranean,YEM,Yemen,2002,Male,16.23
EMR,Eastern Mediterranean,YEM,Yemen,2003,Female,66.26
EMR,Eastern Mediterranean,YEM,Yemen,2003,Female,17.92
EMR,Eastern Mediterranean,YEM,Yemen,2003,Male,63.04
EMR,Eastern Mediterranean,YEM,Yemen,2003,Male,16.35
EMR,Eastern Mediterranean,YEM,Yemen,2004,Female,66.81
EMR,Eastern Mediterranean,YEM,Yemen,2004,Female,18.03
EMR,Eastern Mediterranean,YEM,Yemen,2004,Male,63.56
EMR,Eastern Mediterranean,YEM,Yemen,2004,Male,16.47
EMR,Eastern Mediterranean,YEM,Yemen,2005,Female,67.35
EMR,Eastern Mediterranean,YEM,Yemen,2005,Female,18.17
EMR,Eastern Mediterranean,YEM,Yemen,2005,Male,64.1
EMR,Eastern Mediterranean,YEM,Yemen,2005,Male,16.6
EMR,Eastern Mediterranean,YEM,Yemen,2006,Female,67.91
EMR,Eastern Mediterranean,YEM,Yemen,2006,Female,18.31
EMR,Eastern Mediterranean,YEM,Yemen,2006,Male,64.6
EMR,Eastern Mediterranean,YEM,Yemen,2006,Male,16.74
EMR,Eastern Mediterranean,YEM,Yemen,2007,Female,68.39
EMR,Eastern Mediterranean,YEM,Yemen,2007,Female,18.43
EMR,Eastern Mediterranean,YEM,Yemen,2007,Male,65.04
EMR,Eastern Mediterranean,YEM,Yemen,2007,Male,16.86
EMR,Eastern Mediterranean,YEM,Yemen,2008,Female,68.84
EMR,Eastern Mediterranean,YEM,Yemen,2008,Female,18.55
EMR,Eastern Mediterranean,YEM,Yemen,2008,Male,65.5
EMR,Eastern Mediterranean,YEM,Yemen,2008,Male,16.99
EMR,Eastern Mediterranean,YEM,Yemen,2009,Female,69.26
EMR,Eastern Mediterranean,YEM,Yemen,2009,Female,18.66
EMR,Eastern Mediterranean,YEM,Yemen,2009,Male,65.87
EMR,Eastern Mediterranean,YEM,Yemen,2009,Male,17.09
EMR,Eastern Mediterranean,YEM,Yemen,2010,Female,69.64
EMR,Eastern Mediterranean,YEM,Yemen,2010,Female,18.76
EMR,Eastern Mediterranean,YEM,Yemen,2010,Male,66.24
EMR,Eastern Mediterranean,YEM,Yemen,2010,Male,17.21
EMR,Eastern Mediterranean,YEM,Yemen,2011,Female,69.9
EMR,Eastern Mediterranean,YEM,Yemen,2011,Female,18.84
EMR,Eastern Mediterranean,YEM,Yemen,2011,Male,66.33
EMR,Eastern Mediterranean,YEM,Yemen,2011,Male,17.27
EMR,Eastern Mediterranean,YEM,Yemen,2012,Female,70.13
EMR,Eastern Mediterranean,YEM,Yemen,2012,Female,18.91
EMR,Eastern Mediterranean,YEM,Yemen,2012,Male,66.39
EMR,Eastern Mediterranean,YEM,Yemen,2012,Male,17.33
EMR,Eastern Mediterranean,YEM,Yemen,2013,Female,70.49
EMR,Eastern Mediterranean,YEM,Yemen,2013,Female,19.0
EMR,Eastern Mediterranean,YEM,Yemen,2013,Male,66.99
EMR,Eastern Mediterranean,YEM,Yemen,2013,Male,17.41
EMR,Eastern Mediterranean,YEM,Yemen,2014,Female,70.61
EMR,Eastern Mediterranean,YEM,Yemen,2014,Female,19.04
EMR,Eastern Mediterranean,YEM,Yemen,2014,Male,66.82
EMR,Eastern Mediterranean,YEM,Yemen,2014,Male,17.41
EMR,Eastern Mediterranean,YEM,Yemen,2015,Female,70.38
EMR,Eastern Mediterranean,YEM,Yemen,2015,Female,19.0
EMR,Eastern Mediterranean,YEM,Yemen,2015,Male,66.15
EMR,Eastern Mediterranean,YEM,Yemen,2015,Male,17.38
EMR,Eastern Mediterranean,YEM,Yemen,2016,Female,70.28
EMR,Eastern Mediterranean,YEM,Yemen,2016,Female,18.96
EMR,Eastern Mediterranean,YEM,Yemen,2016,Male,65.18
EMR,Eastern Mediterranean,YEM,Yemen,2016,Male,17.3
EMR,Eastern Mediterranean,YEM,Yemen,2017,Female,70.32
EMR,Eastern Mediterranean,YEM,Yemen,2017,Female,18.94
EMR,Eastern Mediterranean,YEM,Yemen,2017,Male,65.12
EMR,Eastern Mediterranean,YEM,Yemen,2017,Male,17.24
EMR,Eastern Mediterranean,YEM,Yemen,2018,Female,69.83
EMR,Eastern Mediterranean,YEM,Yemen,2018,Female,18.85
EMR,Eastern Mediterranean,YEM,Yemen,2018,Male,63.16
EMR,Eastern Mediterranean,YEM,Yemen,2018,Male,17.08
EMR,Eastern Mediterranean,YEM,Yemen,2019,Female,70.01
EMR,Eastern Mediterranean,YEM,Yemen,2019,Female,18.81
EMR,Eastern Mediterranean,YEM,Yemen,2019,Male,63.95
EMR,Eastern Mediterranean,YEM,Yemen,2019,Male,17.01
EMR,Eastern Mediterranean,YEM,Yemen,2020,Female,69.44
EMR,Eastern Mediterranean,YEM,Yemen,2020,Female,17.89
EMR,Eastern Mediterranean,YEM,Yemen,2020,Male,63.72
EMR,Eastern Mediterranean,YEM,Yemen,2020,Male,15.52
EMR,Eastern Mediterranean,YEM,Yemen,2021,Female,68.57
EMR,Eastern Mediterranean,YEM,Yemen,2021,Female,17.48
EMR,Eastern Mediterranean,YEM,Yemen,2021,Male,63.09
EMR,Eastern Mediterranean,YEM,Yemen,2021,Male,15.59
AFR,Africa,ZMB,Zambia,2000,Female,45.14
AFR,Africa,ZMB,Zambia,2000,Female,13.92
AFR,Africa,ZMB,Zambia,2000,Male,43.78
AFR,Africa,ZMB,Zambia,2000,Male,11.27
AFR,Africa,ZMB,Zambia,2001,Female,45.63
AFR,Africa,ZMB,Zambia,2001,Female,14.08
AFR,Africa,ZMB,Zambia,2001,Male,44.21
AFR,Africa,ZMB,Zambia,2001,Male,11.28
AFR,Africa,ZMB,Zambia,2002,Female,46.52
AFR,Africa,ZMB,Zambia,2002,Female,14.35
AFR,Africa,ZMB,Zambia,2002,Male,44.93
AFR,Africa,ZMB,Zambia,2002,Male,11.35
AFR,Africa,ZMB,Zambia,2003,Female,48.04
AFR,Africa,ZMB,Zambia,2003,Female,14.7
AFR,Africa,ZMB,Zambia,2003,Male,46.0
AFR,Africa,ZMB,Zambia,2003,Male,11.48
AFR,Africa,ZMB,Zambia,2004,Female,49.98
AFR,Africa,ZMB,Zambia,2004,Female,15.15
AFR,Africa,ZMB,Zambia,2004,Male,47.39
AFR,Africa,ZMB,Zambia,2004,Male,11.73
AFR,Africa,ZMB,Zambia,2005,Female,51.68
AFR,Africa,ZMB,Zambia,2005,Female,15.5
AFR,Africa,ZMB,Zambia,2005,Male,48.66
AFR,Africa,ZMB,Zambia,2005,Male,11.98
AFR,Africa,ZMB,Zambia,2006,Female,53.34
AFR,Africa,ZMB,Zambia,2006,Female,15.72
AFR,Africa,ZMB,Zambia,2006,Male,50.0
AFR,Africa,ZMB,Zambia,2006,Male,12.25
AFR,Africa,ZMB,Zambia,2007,Female,55.41
AFR,Africa,ZMB,Zambia,2007,Female,16.01
AFR,Africa,ZMB,Zambia,2007,Male,51.55
AFR,Africa,ZMB,Zambia,2007,Male,12.59
AFR,Africa,ZMB,Zambia,2008,Female,57.4
AFR,Africa,ZMB,Zambia,2008,Female,16.27
AFR,Africa,ZMB,Zambia,2008,Male,53.12
AFR,Africa,ZMB,Zambia,2008,Male,12.91
AFR,Africa,ZMB,Zambia,2009,Female,58.73
AFR,Africa,ZMB,Zambia,2009,Female,16.42
AFR,Africa,ZMB,Zambia,2009,Male,54.31
AFR,Africa,ZMB,Zambia,2009,Male,13.17
AFR,Africa,ZMB,Zambia,2010,Female,59.56
AFR,Africa,ZMB,Zambia,2010,Female,16.42
AFR,Africa,ZMB,Zambia,2010,Male,55.11
AFR,Africa,ZMB,Zambia,2010,Male,13.27
AFR,Africa,ZMB,Zambia,2011,Female,60.19
AFR,Africa,ZMB,Zambia,2011,Female,16.49
AFR,Africa,ZMB,Zambia,2011,Male,55.67
AFR,Africa,ZMB,Zambia,2011,Male,13.41
AFR,Africa,ZMB,Zambia,2012,Female,60.83
AFR,Africa,ZMB,Zambia,2012,Female,16.6
AFR,Africa,ZMB,Zambia,2012,Male,56.35
AFR,Africa,ZMB,Zambia,2012,Male,13.6
AFR,Africa,ZMB,Zambia,2013,Female,61.37
AFR,Africa,ZMB,Zambia,2013,Female,16.7
AFR,Africa,ZMB,Zambia,2013,Male,57.14
AFR,Africa,ZMB,Zambia,2013,Male,13.8
AFR,Africa,ZMB,Zambia,2014,Female,61.92
AFR,Africa,ZMB,Zambia,2014,Female,16.79
AFR,Africa,ZMB,Zambia,2014,Male,57.84
AFR,Africa,ZMB,Zambia,2014,Male,13.97
AFR,Africa,ZMB,Zambia,2015,Female,62.45
AFR,Africa,ZMB,Zambia,2015,Female,16.88
AFR,Africa,ZMB,Zambia,2015,Male,58.19
AFR,Africa,ZMB,Zambia,2015,Male,14.07
AFR,Africa,ZMB,Zambia,2016,Female,63.07
AFR,Africa,ZMB,Zambia,2016,Female,17.0
AFR,Africa,ZMB,Zambia,2016,Male,58.68
AFR,Africa,ZMB,Zambia,2016,Male,14.2
AFR,Africa,ZMB,Zambia,2017,Female,63.42
AFR,Africa,ZMB,Zambia,2017,Female,17.08
AFR,Africa,ZMB,Zambia,2017,Male,58.98
AFR,Africa,ZMB,Zambia,2017,Male,14.3
AFR,Africa,ZMB,Zambia,2018,Female,63.6
AFR,Africa,ZMB,Zambia,2018,Female,17.14
AFR,Africa,ZMB,Zambia,2018,Male,59.07
AFR,Africa,ZMB,Zambia,2018,Male,14.35
AFR,Africa,ZMB,Zambia,2019,Female,63.95
AFR,Africa,ZMB,Zambia,2019,Female,17.22
AFR,Africa,ZMB,Zambia,2019,Male,59.43
AFR,Africa,ZMB,Zambia,2019,Male,14.43
AFR,Africa,ZMB,Zambia,2020,Female,64.07
AFR,Africa,ZMB,Zambia,2020,Female,16.83
AFR,Africa,ZMB,Zambia,2020,Male,59.46
AFR,Africa,ZMB,Zambia,2020,Male,13.66
AFR,Africa,ZMB,Zambia,2021,Female,63.11
AFR,Africa,ZMB,Zambia,2021,Female,16.08
AFR,Africa,ZMB,Zambia,2021,Male,58.72
AFR,Africa,ZMB,Zambia,2021,Male,13.52
AFR,Africa,ZWE,Zimbabwe,2000,Female,46.66
AFR,Africa,ZWE,Zimbabwe,2000,Female,15.25
AFR,Africa,ZWE,Zimbabwe,2000,Male,45.07
AFR,Africa,ZWE,Zimbabwe,2000,Male,11.94
AFR,Africa,ZWE,Zimbabwe,2001,Female,46.16
AFR,Africa,ZWE,Zimbabwe,2001,Female,14.8
AFR,Africa,ZWE,Zimbabwe,2001,Male,44.91
AFR,Africa,ZWE,Zimbabwe,2001,Male,11.87
AFR,Africa,ZWE,Zimbabwe,2002,Female,45.7
AFR,Africa,ZWE,Zimbabwe,2002,Female,14.29
AFR,Africa,ZWE,Zimbabwe,2002,Male,44.71
AFR,Africa,ZWE,Zimbabwe,2002,Male,11.71
AFR,Africa,ZWE,Zimbabwe,2003,Female,45.47
AFR,Africa,ZWE,Zimbabwe,2003,Female,13.9
AFR,Africa,ZWE,Zimbabwe,2003,Male,44.73
AFR,Africa,ZWE,Zimbabwe,2003,Male,11.6
AFR,Africa,ZWE,Zimbabwe,2004,Female,45.55
AFR,Africa,ZWE,Zimbabwe,2004,Female,13.6
AFR,Africa,ZWE,Zimbabwe,2004,Male,44.9
AFR,Africa,ZWE,Zimbabwe,2004,Male,11.51
AFR,Africa,ZWE,Zimbabwe,2005,Female,46.22
AFR,Africa,ZWE,Zimbabwe,2005,Female,13.6
AFR,Africa,ZWE,Zimbabwe,2005,Male,45.31
AFR,Africa,ZWE,Zimbabwe,2005,Male,11.51
AFR,Africa,ZWE,Zimbabwe,2006,Female,46.98
AFR,Africa,ZWE,Zimbabwe,2006,Female,13.59
AFR,Africa,ZWE,Zimbabwe,2006,Male,45.92
AFR,Africa,ZWE,Zimbabwe,2006,Male,11.62
AFR,Africa,ZWE,Zimbabwe,2007,Female,48.03
AFR,Africa,ZWE,Zimbabwe,2007,Female,13.62
AFR,Africa,ZWE,Zimbabwe,2007,Male,46.73
AFR,Africa,ZWE,Zimbabwe,2007,Male,11.69
AFR,Africa,ZWE,Zimbabwe,2008,Female,49.09
AFR,Africa,ZWE,Zimbabwe,2008,Female,13.58
AFR,Africa,ZWE,Zimbabwe,2008,Male,47.59
AFR,Africa,ZWE,Zimbabwe,2008,Male,11.76
AFR,Africa,ZWE,Zimbabwe,2009,Female,50.56
AFR,Africa,ZWE,Zimbabwe,2009,Female,13.63
AFR,Africa,ZWE,Zimbabwe,2009,Male,48.75
AFR,Africa,ZWE,Zimbabwe,2009,Male,11.91
AFR,Africa,ZWE,Zimbabwe,2010,Female,52.8
AFR,Africa,ZWE,Zimbabwe,2010,Female,13.93
AFR,Africa,ZWE,Zimbabwe,2010,Male,49.97
AFR,Africa,ZWE,Zimbabwe,2010,Male,12.07
AFR,Africa,ZWE,Zimbabwe,2011,Female,55.19
AFR,Africa,ZWE,Zimbabwe,2011,Female,14.34
AFR,Africa,ZWE,Zimbabwe,2011,Male,51.27
AFR,Africa,ZWE,Zimbabwe,2011,Male,12.29
AFR,Africa,ZWE,Zimbabwe,2012,Female,57.12
AFR,Africa,ZWE,Zimbabwe,2012,Female,14.66
AFR,Africa,ZWE,Zimbabwe,2012,Male,52.57
AFR,Africa,ZWE,Zimbabwe,2012,Male,12.49
AFR,Africa,ZWE,Zimbabwe,2013,Female,58.34
AFR,Africa,ZWE,Zimbabwe,2013,Female,14.86
AFR,Africa,ZWE,Zimbabwe,2013,Male,53.68
AFR,Africa,ZWE,Zimbabwe,2013,Male,12.66
AFR,Africa,ZWE,Zimbabwe,2014,Female,58.89
AFR,Africa,ZWE,Zimbabwe,2014,Female,14.9
AFR,Africa,ZWE,Zimbabwe,2014,Male,54.86
AFR,Africa,ZWE,Zimbabwe,2014,Male,12.87
AFR,Africa,ZWE,Zimbabwe,2015,Female,59.36
AFR,Africa,ZWE,Zimbabwe,2015,Female,14.96
AFR,Africa,ZWE,Zimbabwe,2015,Male,55.45
AFR,Africa,ZWE,Zimbabwe,2015,Male,12.94
AFR,Africa,ZWE,Zimbabwe,2016,Female,59.85
AFR,Africa,ZWE,Zimbabwe,2016,Female,15.05
AFR,Africa,ZWE,Zimbabwe,2016,Male,55.8
AFR,Africa,ZWE,Zimbabwe,2016,Male,12.98
AFR,Africa,ZWE,Zimbabwe,2017,Female,60.18
AFR,Africa,ZWE,Zimbabwe,2017,Female,15.12
AFR,Africa,ZWE,Zimbabwe,2017,Male,56.09
AFR,Africa,ZWE,Zimbabwe,2017,Male,13.02
AFR,Africa,ZWE,Zimbabwe,2018,Female,60.67
AFR,Africa,ZWE,Zimbabwe,2018,Female,15.21
AFR,Africa,ZWE,Zimbabwe,2018,Male,56.51
AFR,Africa,ZWE,Zimbabwe,2018,Male,13.08
AFR,Africa,ZWE,Zimbabwe,2019,Female,61.02
AFR,Africa,ZWE,Zimbabwe,2019,Female,15.27
AFR,Africa,ZWE,Zimbabwe,2019,Male,56.9
AFR,Africa,ZWE,Zimbabwe,2019,Male,13.12
AFR,Africa,ZWE,Zimbabwe,2020,Female,61.48
AFR,Africa,ZWE,Zimbabwe,2020,Female,15.11
AFR,Africa,ZWE,Zimbabwe,2020,Male,57.11
AFR,Africa,ZWE,Zimbabwe,2020,Male,12.55
AFR,Africa,ZWE,Zimbabwe,2021,Female,60.53
AFR,Africa,ZWE,Zimbabwe,2021,Female,14.63
AFR,Africa,ZWE,Zimbabwe,2021,Male,56.19
AFR,Africa,ZWE,Zimbabwe,2021,Male,12.38
EMR,Eastern Mediterranean,PSE,"occupied Palestinian territory, including east Jerusalem",2000,Female,73.25
EMR,Eastern Mediterranean,PSE,"occupied Palestinian territory, including east Jerusalem",2000,Female,18.57
EMR,Eastern Mediterranean,PSE,"occupied Palestinian territory, including east Jerusalem",2000,Male,66.74
EMR,Eastern Mediterranean,PSE,"occupied Palestinian territory, including east Jerusalem",2000,Male,16.03
EMR,Eastern Mediterranean,PSE,"occupied Palestinian territory, including east Jerusalem",2001,Female,73.22
EMR,Eastern Mediterranean,PSE,"occupied Palestinian territory, including east Jerusalem",2001,Female,18.63
EMR,Eastern Mediterranean,PSE,"occupied Palestinian territory, including east Jerusalem",2001,Male,65.75
EMR,Eastern Mediterranean,PSE,"occupied Palestinian territory, including east Jerusalem",2001,Male,15.93
EMR,Eastern Mediterranean,PSE,"occupied Palestinian territory, including east Jerusalem",2002,Female,73.09
EMR,Eastern Mediterranean,PSE,"occupied Palestinian territory, including east Jerusalem",2002,Female,18.64
EMR,Eastern Mediterranean,PSE,"occupied Palestinian territory, including east Jerusalem",2002,Male,64.59
EMR,Eastern Mediterranean,PSE,"occupied Palestinian territory, including east Jerusalem",2002,Male,15.78
EMR,Eastern Mediterranean,PSE,"occupied Palestinian territory, including east Jerusalem",2003,Female,73.55
EMR,Eastern Mediterranean,PSE,"occupied Palestinian territory, including east Jerusalem",2003,Female,18.73
EMR,Eastern Mediterranean,PSE,"occupied Palestinian territory, including east Jerusalem",2003,Male,66.03
EMR,Eastern Mediterranean,PSE,"occupied Palestinian territory, including east Jerusalem",2003,Male,15.86
EMR,Eastern Mediterranean,PSE,"occupied Palestinian territory, including east Jerusalem",2004,Female,73.47
EMR,Eastern Mediterranean,PSE,"occupied Palestinian territory, including east Jerusalem",2004,Female,18.61
EMR,Eastern Mediterranean,PSE,"occupied Palestinian territory, including east Jerusalem",2004,Male,65.84
EMR,Eastern Mediterranean,PSE,"occupied Palestinian territory, including east Jerusalem",2004,Male,15.89
EMR,Eastern Mediterranean,PSE,"occupied Palestinian territory, including east Jerusalem",2005,Female,73.93
EMR,Eastern Mediterranean,PSE,"occupied Palestinian territory, including east Jerusalem",2005,Female,18.72
EMR,Eastern Mediterranean,PSE,"occupied Palestinian territory, including east Jerusalem",2005,Male,67.44
EMR,Eastern Mediterranean,PSE,"occupied Palestinian territory, including east Jerusalem",2005,Male,15.99
EMR,Eastern Mediterranean,PSE,"occupied Palestinian territory, including east Jerusalem",2006,Female,73.5
EMR,Eastern Mediterranean,PSE,"occupied Palestinian territory, including east Jerusalem",2006,Female,18.64
EMR,Eastern Mediterranean,PSE,"occupied Palestinian territory, including east Jerusalem",2006,Male,65.33
EMR,Eastern Mediterranean,PSE,"occupied Palestinian territory, including east Jerusalem",2006,Male,15.92
EMR,Eastern Mediterranean,PSE,"occupied Palestinian territory, including east Jerusalem",2007,Female,74.03
EMR,Eastern Mediterranean,PSE,"occupied Palestinian territory, including east Jerusalem",2007,Female,18.64
EMR,Eastern Mediterranean,PSE,"occupied Palestinian territory, including east Jerusalem",2007,Male,67.8
EMR,Eastern Mediterranean,PSE,"occupied Palestinian territory, including east Jerusalem",2007,Male,16.23
EMR,Eastern Mediterranean,PSE,"occupied Palestinian territory, including east Jerusalem",2008,Female,73.48
EMR,Eastern Mediterranean,PSE,"occupied Palestinian territory, including east Jerusalem",2008,Female,18.65
EMR,Eastern Mediterranean,PSE,"occupied Palestinian territory, including east Jerusalem",2008,Male,64.9
EMR,Eastern Mediterranean,PSE,"occupied Palestinian territory, including east Jerusalem",2008,Male,16.25
EMR,Eastern Mediterranean,PSE,"occupied Palestinian territory, including east Jerusalem",2009,Female,73.76
EMR,Eastern Mediterranean,PSE,"occupied Palestinian territory, including east Jerusalem",2009,Female,18.78
EMR,Eastern Mediterranean,PSE,"occupied Palestinian territory, including east Jerusalem",2009,Male,65.5
EMR,Eastern Mediterranean,PSE,"occupied Palestinian territory, including east Jerusalem",2009,Male,16.26
EMR,Eastern Mediterranean,PSE,"occupied Palestinian territory, including east Jerusalem",2010,Female,74.81
EMR,Eastern Mediterranean,PSE,"occupied Palestinian territory, including east Jerusalem",2010,Female,18.79
EMR,Eastern Mediterranean,PSE,"occupied Palestinian territory, including east Jerusalem",2010,Male,70.56
EMR,Eastern Mediterranean,PSE,"occupied Palestinian territory, including east Jerusalem",2010,Male,16.49
EMR,Eastern Mediterranean,PSE,"occupied Palestinian territory, including east Jerusalem",2011,Female,74.92
EMR,Eastern Mediterranean,PSE,"occupied Palestinian territory, including east Jerusalem",2011,Female,18.83
EMR,Eastern Mediterranean,PSE,"occupied Palestinian territory, including east Jerusalem",2011,Male,70.71
EMR,Eastern Mediterranean,PSE,"occupied Palestinian territory, including east Jerusalem",2011,Male,16.61
EMR,Eastern Mediterranean,PSE,"occupied Palestinian territory, including east Jerusalem",2012,Female,75.45
EMR,Eastern Mediterranean,PSE,"occupied Palestinian territory, including east Jerusalem",2012,Female,19.4
EMR,Eastern Mediterranean,PSE,"occupied Palestinian territory, including east Jerusalem",2012,Male,70.8
EMR,Eastern Mediterranean,PSE,"occupied Palestinian territory, including east Jerusalem",2012,Male,17.05
EMR,Eastern Mediterranean,PSE,"occupied Palestinian territory, including east Jerusalem",2013,Female,76.02
EMR,Eastern Mediterranean,PSE,"occupied Palestinian territory, including east Jerusalem",2013,Female,19.72
EMR,Eastern Mediterranean,PSE,"occupied Palestinian territory, including east Jerusalem",2013,Male,72.36
EMR,Eastern Mediterranean,PSE,"occupied Palestinian territory, including east Jerusalem",2013,Male,17.78
EMR,Eastern Mediterranean,PSE,"occupied Palestinian territory, including east Jerusalem",2014,Female,75.95
EMR,Eastern Mediterranean,PSE,"occupied Palestinian territory, including east Jerusalem",2014,Female,19.81
EMR,Eastern Mediterranean,PSE,"occupied Palestinian territory, including east Jerusalem",2014,Male,72.41
EMR,Eastern Mediterranean,PSE,"occupied Palestinian territory, including east Jerusalem",2014,Male,18.15
EMR,Eastern Mediterranean,PSE,"occupied Palestinian territory, including east Jerusalem",2015,Female,76.37
EMR,Eastern Mediterranean,PSE,"occupied Palestinian territory, including east Jerusalem",2015,Female,19.92
EMR,Eastern Mediterranean,PSE,"occupied Palestinian territory, including east Jerusalem",2015,Male,72.73
EMR,Eastern Mediterranean,PSE,"occupied Palestinian territory, including east Jerusalem",2015,Male,17.99
EMR,Eastern Mediterranean,PSE,"occupied Palestinian territory, including east Jerusalem",2016,Female,76.68
EMR,Eastern Mediterranean,PSE,"occupied Palestinian territory, including east Jerusalem",2016,Female,20.16
EMR,Eastern Mediterranean,PSE,"occupied Palestinian territory, including east Jerusalem",2016,Male,73.25
EMR,Eastern Mediterranean,PSE,"occupied Palestinian territory, including east Jerusalem",2016,Male,18.32
EMR,Eastern Mediterranean,PSE,"occupied Palestinian territory, including east Jerusalem",2017,Female,77.17
EMR,Eastern Mediterranean,PSE,"occupied Palestinian territory, including east Jerusalem",2017,Female,20.59
EMR,Eastern Mediterranean,PSE,"occupied Palestinian territory, including east Jerusalem",2017,Male,73.68
EMR,Eastern Mediterranean,PSE,"occupied Palestinian territory, including east Jerusalem",2017,Male,18.63
EMR,Eastern Mediterranean,PSE,"occupied Palestinian territory, including east Jerusalem",2018,Female,77.46
EMR,Eastern Mediterranean,PSE,"occupied Palestinian territory, including east Jerusalem",2018,Female,20.85
EMR,Eastern Mediterranean,PSE,"occupied Palestinian territory, including east Jerusalem",2018,Male,73.9
EMR,Eastern Mediterranean,PSE,"occupied Palestinian territory, including east Jerusalem",2018,Male,18.83
EMR,Eastern Mediterranean,PSE,"occupied Palestinian territory, including east Jerusalem",2019,Female,77.6
EMR,Eastern Mediterranean,PSE,"occupied Palestinian territory, including east Jerusalem",2019,Female,20.9
EMR,Eastern Mediterranean,PSE,"occupied Palestinian territory, including east Jerusalem",2019,Male,74.0
EMR,Eastern Mediterranean,PSE,"occupied Palestinian territory, including east Jerusalem",2019,Male,18.78
EMR,Eastern Mediterranean,PSE,"occupied Palestinian territory, including east Jerusalem",2020,Female,77.08
EMR,Eastern Mediterranean,PSE,"occupied Palestinian territory, including east Jerusalem",2020,Female,20.47
EMR,Eastern Mediterranean,PSE,"occupied Palestinian territory, including east Jerusalem",2020,Male,73.14
EMR,Eastern Mediterranean,PSE,"occupied Palestinian territory, including east Jerusalem",2020,Male,18.05
EMR,Eastern Mediterranean,PSE,"occupied Palestinian territory, including east Jerusalem",2021,Female,75.88
EMR,Eastern Mediterranean,PSE,"occupied Palestinian territory, including east Jerusalem",2021,Female,19.57
EMR,Eastern Mediterranean,PSE,"occupied Palestinian territory, including east Jerusalem",2021,Male,71.14
EMR,Eastern Mediterranean,PSE,"occupied Palestinian territory, including east Jerusalem",2021,Male,16.81
